# Blender 4.3.2
# www.blender.org
mtllib ToteA.L.mtl
o ToteA.L_mesh_id5
v 0.007818 0.184189 0.000637
v 0.007818 0.178495 0.000637
v -0.007818 -0.178495 0.000637
v -0.007818 0.178495 0.000637
v 0.007818 -0.189778 0.000637
v -0.007818 -0.189778 0.000637
v -0.007818 -0.184189 0.000637
v 0.007818 -0.178495 0.000637
v 0.000000 -0.189778 0.000637
v -0.007818 0.189778 0.000637
v 0.007818 0.189778 0.000637
v 0.000000 0.178495 0.000637
v 0.000000 0.184189 0.000637
v -0.007818 0.184189 0.000637
v 0.000000 0.189778 0.000637
v 0.000000 -0.184189 0.000637
v 0.007818 -0.184189 0.000637
v 0.000000 -0.178495 0.000637
v -0.081209 -0.184188 0.000637
v -0.081209 -0.178495 0.000637
v 0.081209 0.184188 0.000637
v 0.081209 -0.178495 0.000637
v 0.082406 -0.188434 0.000637
v 0.082406 0.188434 0.000637
v -0.081209 0.184188 0.000637
v 0.081209 0.178495 0.000637
v 0.081209 -0.184188 0.000637
v -0.082406 -0.188434 0.000637
v -0.081209 0.178495 0.000637
v -0.082406 0.188434 0.000637
v -0.088170 0.189777 0.000637
v -0.088170 0.178495 0.000637
v -0.088170 0.184188 0.000637
v 0.088170 -0.189777 0.000637
v 0.088170 0.178495 0.000637
v -0.088170 -0.184188 0.000637
v -0.088170 -0.178495 0.000637
v 0.088170 0.189777 0.000637
v 0.088170 -0.178495 0.000637
v -0.088170 -0.189777 0.000637
v 0.088170 0.184188 0.000637
v 0.088170 -0.184188 0.000637
v -0.100719 -0.184188 0.000637
v -0.100719 -0.178495 0.000637
v -0.100719 0.178495 0.000637
v -0.100719 0.189777 0.000637
v 0.100719 -0.189777 0.000637
v 0.100719 -0.184188 0.000637
v 0.100719 -0.178495 0.000637
v 0.100719 0.178495 0.000637
v -0.100719 -0.189777 0.000637
v -0.100719 0.184188 0.000637
v 0.100719 0.189777 0.000637
v 0.100719 0.184188 0.000637
v -0.024066 -0.178495 0.000637
v 0.113269 -0.178495 0.000637
v -0.113269 -0.189777 0.000637
v 0.024066 0.184188 0.000637
v -0.113269 0.189777 0.000637
v -0.113269 0.184188 0.000637
v 0.024066 -0.189778 0.000637
v 0.113269 0.184188 0.000637
v -0.024066 -0.184188 0.000637
v 0.024066 0.178495 0.000637
v -0.024066 0.178495 0.000637
v 0.024066 -0.184188 0.000637
v -0.024066 0.184188 0.000637
v 0.024066 -0.178495 0.000637
v -0.113269 -0.178495 0.000637
v 0.113269 -0.189777 0.000637
v 0.113269 -0.184188 0.000637
v 0.113269 0.178495 0.000637
v -0.113269 0.178495 0.000637
v -0.024066 0.189778 0.000637
v 0.024066 0.189778 0.000637
v -0.024066 -0.189778 0.000637
v 0.113269 0.189777 0.000637
v -0.113269 -0.184188 0.000637
v -0.134866 0.184188 0.000638
v 0.031248 -0.178495 0.000638
v -0.134866 -0.189777 0.000638
v 0.134866 -0.178494 0.000638
v -0.134866 -0.178494 0.000638
v 0.030010 0.188434 0.000638
v 0.134866 0.184188 0.000638
v 0.031248 0.184188 0.000638
v -0.134866 0.189777 0.000638
v -0.134866 -0.184188 0.000638
v -0.031248 -0.178495 0.000638
v 0.031248 0.178495 0.000638
v -0.031248 -0.184188 0.000638
v -0.030010 0.188434 0.000638
v 0.030010 -0.188434 0.000638
v 0.134866 -0.184188 0.000638
v 0.134866 -0.189777 0.000638
v 0.134866 0.189777 0.000638
v 0.134866 0.178494 0.000638
v -0.031248 0.184188 0.000638
v 0.031248 -0.184188 0.000638
v -0.134866 0.178494 0.000638
v -0.030010 -0.188434 0.000638
v -0.031248 0.178495 0.000638
v -0.140492 0.188433 0.000638
v 0.141689 -0.184187 0.000638
v 0.140492 -0.188433 0.000638
v -0.140492 -0.188433 0.000638
v 0.141689 0.184187 0.000638
v 0.140492 0.188433 0.000638
v -0.141689 0.178494 0.000638
v 0.141689 -0.178494 0.000638
v -0.141689 -0.184187 0.000638
v 0.141689 0.178494 0.000638
v -0.141689 -0.178494 0.000638
v -0.141689 0.184187 0.000638
v 0.083134 0.182361 0.001660
v -0.083134 -0.176731 0.001660
v 0.083700 -0.186479 0.001660
v -0.083978 -0.186479 0.001660
v 0.083134 -0.182361 0.001660
v -0.083134 -0.182361 0.001660
v -0.083134 0.176731 0.001660
v 0.083134 0.176731 0.001660
v -0.083978 0.186479 0.001660
v -0.083134 0.182361 0.001660
v 0.083700 0.186479 0.001660
v 0.083134 -0.176731 0.001660
v 0.088168 0.176731 0.001660
v -0.088168 0.182361 0.001660
v -0.088168 -0.187806 0.001660
v -0.088168 -0.176731 0.001660
v -0.088168 0.176731 0.001660
v -0.088168 -0.182361 0.001660
v 0.088168 -0.182361 0.001660
v -0.088168 0.187806 0.001660
v 0.088168 0.187806 0.001660
v 0.088168 -0.176731 0.001660
v 0.088168 -0.187806 0.001660
v 0.088168 0.182361 0.001660
v 0.093358 0.182360 0.001661
v -0.093146 -0.187806 0.001661
v -0.093146 -0.176731 0.001661
v -0.093146 0.182360 0.001661
v -0.093146 0.176731 0.001661
v 0.093357 -0.187806 0.001661
v 0.093357 0.187806 0.001661
v -0.093146 -0.182360 0.001661
v 0.093357 -0.182360 0.001661
v -0.093146 0.187806 0.001661
v 0.093357 -0.176731 0.001661
v 0.093358 0.176731 0.001661
v 0.018796 0.187807 0.001661
v -0.018796 -0.182361 0.001661
v -0.018796 0.187807 0.001661
v 0.018796 0.176732 0.001661
v -0.130141 -0.182360 0.001661
v 0.129640 0.187806 0.001661
v -0.018796 0.176732 0.001661
v -0.130141 0.182360 0.001661
v -0.130141 0.187806 0.001661
v -0.018796 -0.187807 0.001661
v 0.018796 0.182361 0.001661
v 0.129640 0.182360 0.001661
v -0.130141 -0.187806 0.001661
v 0.129640 0.176731 0.001661
v 0.129640 -0.182360 0.001661
v 0.018796 -0.176732 0.001661
v 0.018796 -0.182361 0.001661
v 0.018796 -0.187807 0.001661
v 0.129640 -0.187806 0.001661
v -0.018796 -0.176732 0.001661
v 0.129640 -0.176731 0.001661
v -0.018796 0.182361 0.001661
v -0.130141 0.176731 0.001661
v -0.130141 -0.176731 0.001661
v 0.134864 -0.176731 0.001661
v -0.134864 -0.182360 0.001661
v 0.134864 -0.187806 0.001661
v 0.134864 -0.182360 0.001661
v 0.134864 0.187806 0.001661
v -0.134864 0.187806 0.001661
v -0.134864 0.182360 0.001661
v -0.134864 -0.187806 0.001661
v 0.134864 0.182360 0.001661
v -0.134864 0.176731 0.001661
v -0.134864 -0.176731 0.001661
v 0.134864 0.176731 0.001661
v -0.139761 0.176731 0.001661
v -0.138917 -0.186478 0.001661
v 0.139761 0.176731 0.001661
v -0.138917 0.186478 0.001661
v -0.139761 -0.182360 0.001661
v 0.139195 0.186478 0.001661
v 0.139761 -0.176731 0.001661
v -0.139761 -0.176731 0.001661
v 0.139195 -0.186478 0.001661
v 0.139761 -0.182360 0.001661
v 0.139761 0.182360 0.001661
v -0.139761 0.182360 0.001661
v -0.024064 -0.176732 0.001661
v -0.024064 0.182361 0.001661
v -0.024064 0.187807 0.001661
v 0.024064 -0.176732 0.001661
v 0.024064 0.182361 0.001661
v 0.024064 0.187807 0.001661
v -0.024064 0.176732 0.001661
v 0.024064 0.176732 0.001661
v -0.024064 -0.182361 0.001661
v 0.024064 -0.187807 0.001661
v -0.024064 -0.187807 0.001661
v 0.024064 -0.182361 0.001661
v 0.029319 -0.182361 0.001661
v -0.029319 0.176732 0.001661
v -0.029319 -0.176732 0.001661
v -0.028733 0.186700 0.001661
v 0.029319 -0.176732 0.001661
v 0.029319 0.176732 0.001661
v -0.029319 -0.182361 0.001661
v -0.028392 -0.186745 0.001661
v 0.029319 0.182361 0.001661
v -0.029319 0.182361 0.001661
v 0.028733 -0.186259 0.001661
v 0.028733 0.186700 0.001661
v -0.007756 -0.191900 0.002661
v -0.007756 0.191900 0.002661
v 0.000000 -0.191900 0.002661
v 0.007756 -0.191900 0.002661
v 0.007756 0.191900 0.002661
v 0.000000 0.191900 0.002661
v 0.023871 0.191900 0.002668
v -0.023871 -0.191900 0.002668
v -0.023871 0.191900 0.002668
v 0.023871 -0.191900 0.002668
v -0.033385 0.178181 0.002673
v -0.032049 -0.190196 0.002673
v 0.033385 -0.183863 0.002673
v -0.033385 -0.183863 0.002673
v -0.032049 0.190196 0.002673
v -0.033385 0.183863 0.002673
v 0.032049 -0.190196 0.002673
v 0.033385 0.183863 0.002673
v 0.032049 0.190196 0.002673
v 0.033385 -0.178181 0.002673
v 0.033385 0.178181 0.002673
v -0.033385 -0.178181 0.002673
v -0.079061 0.178181 0.002687
v -0.080357 0.190195 0.002687
v -0.080357 -0.190195 0.002687
v 0.080293 -0.190195 0.002687
v 0.078995 -0.183863 0.002687
v 0.078995 0.178181 0.002687
v -0.079061 -0.183863 0.002687
v 0.078995 0.183863 0.002687
v 0.080293 0.190195 0.002687
v 0.078995 -0.178181 0.002687
v -0.079061 -0.178181 0.002687
v -0.079061 0.183863 0.002687
v -0.088356 -0.191899 0.002693
v -0.088356 0.191899 0.002693
v 0.088309 0.191899 0.002693
v 0.088309 -0.191899 0.002693
v -0.100805 -0.191899 0.002699
v -0.100805 0.191899 0.002699
v 0.100783 -0.191899 0.002699
v 0.100783 0.191899 0.002699
v -0.113254 0.191899 0.002704
v 0.113257 0.191899 0.002704
v -0.113254 -0.191899 0.002704
v 0.113257 -0.191899 0.002704
v 0.134725 0.191899 0.002714
v 0.134725 -0.191899 0.002714
v -0.134679 -0.191899 0.002714
v -0.134678 0.191899 0.002714
v -0.142541 0.190195 0.002720
v 0.142603 -0.190195 0.002720
v 0.143901 0.183862 0.002720
v 0.143901 0.178180 0.002720
v -0.142541 -0.190195 0.002720
v -0.143837 0.183862 0.002720
v -0.143837 0.178180 0.002720
v -0.143837 -0.178180 0.002720
v 0.142603 0.190195 0.002720
v -0.143837 -0.183862 0.002720
v 0.143901 -0.178180 0.002720
v 0.143901 -0.183862 0.002720
v 0.007818 -0.203829 0.004427
v -0.007818 0.203829 0.004427
v -0.007818 -0.192241 0.004427
v -0.007818 0.192241 0.004427
v 0.000000 -0.203829 0.004427
v 0.007818 0.203829 0.004427
v 0.000000 0.203829 0.004427
v 0.007818 0.192241 0.004427
v 0.000000 -0.192241 0.004427
v 0.000000 0.192241 0.004427
v 0.007818 -0.192241 0.004427
v -0.007818 -0.203829 0.004427
v 0.024061 0.203829 0.004442
v -0.024061 0.192241 0.004442
v 0.024061 0.192241 0.004442
v -0.024061 -0.192241 0.004442
v 0.024061 -0.203829 0.004442
v 0.024061 -0.192241 0.004442
v -0.024061 0.203829 0.004442
v -0.024061 -0.203829 0.004442
v 0.033651 -0.178495 0.004451
v -0.033651 0.184188 0.004451
v 0.033651 -0.184188 0.004451
v -0.033651 0.178495 0.004451
v 0.033651 0.203830 0.004451
v -0.032305 -0.190534 0.004451
v -0.033651 -0.203830 0.004451
v -0.033651 0.203830 0.004451
v -0.032305 0.190534 0.004451
v 0.033651 0.184188 0.004451
v -0.033651 -0.184188 0.004451
v -0.033651 -0.178495 0.004451
v 0.032305 -0.190534 0.004451
v 0.033651 -0.203830 0.004451
v 0.033651 0.178495 0.004451
v 0.032305 0.190534 0.004451
v -0.043574 -0.192241 0.004461
v -0.043574 0.203830 0.004461
v -0.043574 -0.184188 0.004461
v -0.043574 -0.203830 0.004461
v -0.043574 0.192241 0.004461
v 0.043574 -0.203830 0.004461
v -0.043574 -0.178495 0.004461
v -0.043574 0.178495 0.004461
v 0.043574 -0.192241 0.004461
v 0.043574 0.192241 0.004461
v 0.043574 0.203830 0.004461
v 0.043574 0.184188 0.004461
v 0.043574 -0.184188 0.004461
v -0.043574 0.184188 0.004461
v 0.043574 0.178495 0.004461
v 0.043574 -0.178495 0.004461
v 0.068872 0.203830 0.004470
v -0.068872 -0.184188 0.004470
v 0.068872 -0.178495 0.004470
v -0.068872 -0.203830 0.004470
v -0.068872 0.184188 0.004470
v -0.068872 0.192241 0.004470
v 0.068872 0.178495 0.004470
v 0.068872 -0.203830 0.004470
v 0.068872 -0.184188 0.004470
v -0.068872 -0.178495 0.004470
v -0.068872 0.178495 0.004470
v 0.068872 -0.192241 0.004470
v -0.068872 -0.192241 0.004470
v -0.068872 0.203830 0.004470
v 0.068872 0.192241 0.004470
v 0.068872 0.184188 0.004470
v -0.080101 -0.190533 0.004480
v -0.078795 -0.178495 0.004480
v 0.080101 -0.190533 0.004480
v 0.078795 0.178495 0.004480
v 0.078795 -0.203830 0.004480
v -0.078795 0.178495 0.004480
v -0.078795 0.203830 0.004480
v 0.078795 -0.184188 0.004480
v 0.078795 0.203830 0.004480
v -0.078795 -0.184188 0.004480
v 0.078795 0.184188 0.004480
v 0.080101 0.190533 0.004480
v -0.080101 0.190533 0.004480
v 0.078795 -0.178495 0.004480
v -0.078795 0.184188 0.004480
v -0.078795 -0.203830 0.004480
v 0.088165 0.192240 0.004491
v -0.088165 0.203830 0.004491
v -0.088165 -0.192240 0.004491
v 0.088165 -0.192240 0.004491
v -0.088165 -0.203830 0.004491
v -0.088165 0.192240 0.004491
v 0.088165 -0.203830 0.004491
v 0.088165 0.203830 0.004491
v -0.100714 -0.192240 0.004502
v 0.100714 -0.192240 0.004502
v 0.100714 0.192240 0.004502
v 0.100714 -0.203830 0.004502
v -0.100714 -0.203830 0.004502
v -0.100714 0.192240 0.004502
v 0.100714 0.203830 0.004502
v -0.100714 0.203830 0.004502
v 0.113264 -0.192240 0.004513
v -0.113264 0.192240 0.004513
v 0.113264 -0.203830 0.004513
v -0.113264 -0.203830 0.004513
v 0.113264 0.203830 0.004513
v -0.113264 -0.192240 0.004513
v 0.113264 0.192240 0.004513
v -0.113264 0.203830 0.004513
v -0.134861 -0.203830 0.004532
v 0.134861 0.203830 0.004532
v -0.134861 0.192240 0.004532
v 0.134861 -0.192240 0.004532
v -0.134861 0.203830 0.004532
v 0.134861 0.192240 0.004532
v 0.134861 -0.203830 0.004532
v -0.134861 -0.192240 0.004532
v -0.144093 -0.203830 0.004544
v 0.144093 -0.184187 0.004544
v -0.144093 -0.178494 0.004544
v -0.142787 -0.190533 0.004544
v 0.142787 0.190533 0.004544
v -0.144093 0.203830 0.004544
v -0.144093 -0.184187 0.004544
v -0.144093 0.178494 0.004544
v 0.144093 -0.203830 0.004544
v 0.144093 -0.178494 0.004544
v -0.142787 0.190533 0.004544
v 0.144093 0.178494 0.004544
v 0.144093 0.184187 0.004544
v 0.142787 -0.190533 0.004544
v -0.144093 0.184187 0.004544
v 0.144093 0.203830 0.004544
v 0.152697 0.180864 0.004667
v -0.158848 0.192239 0.004667
v -0.158848 -0.180864 0.004667
v -0.158848 -0.175287 0.004667
v 0.152697 0.175287 0.004667
v -0.158848 0.205629 0.004667
v -0.158848 -0.192239 0.004667
v -0.158848 -0.205629 0.004667
v 0.152697 -0.205629 0.004667
v -0.158848 0.175287 0.004667
v 0.152697 -0.175287 0.004667
v 0.152697 0.205629 0.004667
v 0.152697 -0.180864 0.004667
v 0.152697 -0.192239 0.004667
v 0.152697 0.192239 0.004667
v -0.158848 0.180864 0.004667
v 0.018051 0.188923 0.004669
v 0.018051 -0.188923 0.004669
v -0.018051 0.188923 0.004669
v -0.018051 -0.188923 0.004669
v 0.007818 0.221146 0.004675
v 0.000000 -0.221146 0.004675
v 0.007818 -0.221146 0.004675
v 0.000000 0.221146 0.004675
v -0.007818 0.221146 0.004675
v -0.007818 -0.221146 0.004675
v -0.023109 0.188923 0.004677
v 0.023109 0.188923 0.004677
v 0.023109 -0.188923 0.004677
v -0.023109 -0.188923 0.004677
v -0.030469 0.175493 0.004681
v -0.029250 -0.187249 0.004681
v -0.029250 0.187249 0.004681
v 0.029250 0.187249 0.004681
v 0.030469 -0.181077 0.004681
v 0.029250 -0.187249 0.004681
v -0.030469 0.181077 0.004681
v -0.030469 -0.181077 0.004681
v 0.030469 0.175493 0.004681
v 0.030469 -0.175492 0.004681
v -0.030469 -0.175492 0.004681
v 0.030469 0.181077 0.004681
v 0.024060 -0.221142 0.004690
v -0.024060 -0.221142 0.004690
v -0.024060 0.221142 0.004690
v 0.024060 0.221142 0.004690
v 0.081940 0.175492 0.004697
v 0.081940 -0.175492 0.004697
v -0.081941 0.181077 0.004697
v -0.081941 -0.181077 0.004697
v -0.081941 0.175492 0.004697
v 0.081940 -0.181077 0.004697
v 0.081940 0.181077 0.004697
v -0.081941 -0.175492 0.004697
v 0.083120 0.187249 0.004697
v -0.083122 -0.187249 0.004697
v -0.083121 0.187249 0.004697
v 0.083120 -0.187249 0.004697
v 0.033651 -0.221140 0.004699
v 0.033651 0.221140 0.004699
v -0.033651 -0.221140 0.004699
v -0.033651 0.221140 0.004699
v 0.089088 0.188923 0.004702
v -0.089089 -0.188923 0.004702
v 0.089088 -0.188923 0.004702
v -0.089089 0.188923 0.004702
v 0.043574 -0.221138 0.004708
v -0.043574 0.221138 0.004708
v 0.043574 0.221138 0.004708
v -0.043574 -0.221138 0.004708
v 0.094070 -0.188922 0.004710
v -0.093870 -0.188922 0.004710
v -0.093870 0.188922 0.004710
v 0.094070 0.188922 0.004710
v -0.140952 0.175492 0.004714
v 0.140951 -0.175492 0.004714
v 0.140951 -0.181076 0.004714
v -0.139772 -0.187248 0.004714
v 0.140951 0.175492 0.004714
v -0.139772 0.187248 0.004714
v 0.139771 0.187248 0.004714
v -0.140952 0.181076 0.004714
v 0.140951 0.181076 0.004714
v -0.140952 -0.175492 0.004714
v 0.139771 -0.187248 0.004714
v -0.140952 -0.181076 0.004714
v -0.129400 -0.188922 0.004717
v 0.128916 -0.188922 0.004717
v 0.128916 0.188922 0.004717
v -0.129400 0.188922 0.004717
v -0.068872 0.221135 0.004718
v -0.068872 -0.221135 0.004718
v 0.068872 0.221135 0.004718
v 0.068872 -0.221135 0.004718
v 0.133935 -0.188922 0.004722
v -0.133936 -0.188922 0.004722
v -0.133936 0.188922 0.004722
v 0.133935 0.188922 0.004722
v -0.078794 -0.221133 0.004727
v 0.078794 -0.221133 0.004727
v -0.078794 0.221133 0.004727
v 0.078794 0.221133 0.004727
v 0.088164 0.221130 0.004738
v -0.088164 -0.221130 0.004738
v -0.088164 0.221130 0.004738
v 0.088164 -0.221130 0.004738
v 0.100714 0.221128 0.004749
v -0.100714 -0.221128 0.004749
v -0.100714 0.221128 0.004749
v 0.100714 -0.221128 0.004749
v 0.113263 -0.221125 0.004760
v -0.113263 -0.221125 0.004760
v -0.113263 0.221125 0.004760
v 0.113263 0.221125 0.004760
v -0.134860 0.221121 0.004778
v -0.134860 -0.221121 0.004778
v 0.134860 0.221121 0.004778
v 0.134860 -0.221121 0.004778
v -0.144092 0.221118 0.004789
v -0.144092 -0.221118 0.004789
v 0.144092 0.221118 0.004789
v 0.144092 -0.221118 0.004789
v -0.158792 0.221089 0.004908
v 0.152641 0.221089 0.004908
v -0.158792 -0.221089 0.004908
v 0.152641 -0.221089 0.004908
v -0.168163 0.179654 0.005412
v 0.168163 0.174120 0.005412
v 0.168163 0.179654 0.005412
v -0.168163 0.174120 0.005412
v -0.168163 0.190815 0.005412
v 0.168163 -0.208702 0.005412
v 0.168163 -0.179654 0.005412
v -0.168163 -0.179654 0.005412
v -0.168163 0.208702 0.005412
v 0.168163 0.208702 0.005412
v -0.168163 -0.208702 0.005412
v 0.168163 -0.174120 0.005412
v -0.168163 -0.190815 0.005412
v 0.168163 -0.190815 0.005412
v 0.168163 0.190815 0.005412
v -0.168163 -0.174120 0.005412
v 0.000000 -0.230577 0.005420
v -0.007818 -0.230577 0.005420
v 0.000000 0.230577 0.005420
v 0.007818 -0.230577 0.005420
v -0.007818 0.230577 0.005420
v 0.007818 0.230577 0.005420
v -0.024060 0.230562 0.005434
v -0.024060 -0.230562 0.005434
v 0.024060 0.230562 0.005434
v 0.024060 -0.230562 0.005434
v -0.033651 0.230553 0.005442
v 0.033651 0.230553 0.005442
v -0.033651 -0.230553 0.005442
v 0.033651 -0.230553 0.005442
v 0.043573 -0.230543 0.005451
v 0.043573 0.230543 0.005451
v -0.043573 0.230543 0.005451
v -0.043573 -0.230543 0.005451
v -0.068871 -0.230533 0.005459
v -0.068871 0.230533 0.005459
v 0.068871 0.230533 0.005459
v 0.068871 -0.230533 0.005459
v -0.078794 -0.230523 0.005468
v -0.078794 0.230523 0.005468
v 0.078794 0.230523 0.005468
v 0.078794 -0.230523 0.005468
v -0.088164 0.230512 0.005479
v 0.088164 -0.230512 0.005479
v -0.088164 -0.230512 0.005479
v 0.088164 0.230512 0.005479
v -0.100713 -0.230501 0.005488
v -0.100713 0.230501 0.005488
v 0.100713 -0.230501 0.005488
v 0.100713 0.230501 0.005488
v -0.113262 0.230489 0.005498
v -0.113262 -0.230489 0.005498
v 0.113262 0.230489 0.005498
v 0.113262 -0.230489 0.005498
v 0.134859 -0.230471 0.005515
v -0.134859 -0.230471 0.005515
v 0.134859 0.230471 0.005515
v -0.134859 0.230471 0.005515
v 0.144091 0.230459 0.005526
v 0.144091 -0.230459 0.005526
v -0.144091 -0.230459 0.005526
v -0.144091 0.230459 0.005526
v -0.167931 -0.220912 0.005633
v 0.152474 0.230338 0.005633
v -0.167931 0.220912 0.005633
v 0.167931 -0.220912 0.005633
v -0.158624 0.230338 0.005633
v -0.158624 -0.230338 0.005633
v 0.152474 -0.230338 0.005633
v 0.167931 0.220912 0.005633
v -0.167233 0.229597 0.006296
v -0.167233 -0.229597 0.006296
v 0.167233 0.229597 0.006296
v 0.167233 -0.229597 0.006296
v -0.018796 -0.203815 0.006397
v 0.018796 0.203815 0.006397
v -0.018796 0.203815 0.006397
v 0.018796 -0.203815 0.006397
v -0.018796 0.192979 0.006397
v 0.018796 0.192979 0.006397
v -0.018796 -0.192979 0.006397
v 0.018796 -0.192979 0.006397
v -0.018796 0.190270 0.006397
v -0.018796 -0.190270 0.006397
v 0.018796 0.190270 0.006397
v 0.018796 -0.190270 0.006397
v -0.024059 -0.203815 0.006412
v -0.024059 0.203815 0.006412
v 0.024059 -0.203815 0.006412
v 0.024059 0.203815 0.006412
v -0.024059 0.190270 0.006412
v 0.024059 0.192979 0.006412
v 0.024059 -0.192979 0.006412
v -0.024059 -0.192979 0.006412
v 0.024059 -0.190270 0.006412
v -0.024059 -0.190270 0.006412
v -0.024059 0.192979 0.006412
v 0.024059 0.190270 0.006412
v -0.030454 -0.188583 0.006420
v 0.031723 -0.176732 0.006420
v 0.031723 0.182361 0.006420
v -0.031723 -0.182361 0.006420
v 0.030454 0.188583 0.006420
v -0.031723 0.176732 0.006420
v 0.031723 -0.182361 0.006420
v -0.030454 0.188583 0.006420
v -0.031723 0.182361 0.006420
v -0.031723 -0.176732 0.006420
v 0.030454 -0.188583 0.006420
v 0.031723 0.176732 0.006420
v -0.032416 0.190858 0.006421
v -0.032416 -0.190858 0.006421
v 0.032416 0.190858 0.006421
v 0.032416 -0.190858 0.006421
v 0.033649 -0.203815 0.006422
v -0.033649 -0.203815 0.006422
v -0.033649 0.203815 0.006422
v 0.033649 0.203815 0.006422
v 0.034093 0.177084 0.006422
v 0.034093 -0.182726 0.006422
v 0.034093 -0.177084 0.006422
v -0.034093 0.182726 0.006422
v -0.034093 -0.177084 0.006422
v -0.034093 -0.182726 0.006422
v 0.034093 0.182726 0.006422
v -0.034093 0.177084 0.006422
v 0.043572 0.203815 0.006431
v 0.043572 -0.203815 0.006431
v -0.043572 -0.203815 0.006431
v -0.043572 0.203815 0.006431
v 0.043572 -0.192241 0.006431
v -0.043572 -0.184188 0.006431
v 0.043572 0.178495 0.006431
v -0.043572 0.178495 0.006431
v 0.043572 0.184188 0.006431
v -0.043572 -0.178495 0.006431
v -0.043572 -0.192241 0.006431
v 0.043572 -0.184188 0.006431
v -0.043572 0.184188 0.006431
v -0.043572 0.192241 0.006431
v 0.043572 0.192241 0.006431
v 0.043572 -0.178495 0.006431
v -0.068870 -0.203816 0.006441
v 0.068870 0.203816 0.006441
v -0.068870 0.203816 0.006441
v 0.068870 -0.203816 0.006441
v 0.068870 0.184188 0.006441
v -0.068870 0.184188 0.006441
v -0.068870 -0.178495 0.006441
v 0.068870 0.178495 0.006441
v 0.068870 -0.178495 0.006441
v -0.068870 -0.192241 0.006441
v -0.068870 0.192241 0.006441
v -0.068870 0.178495 0.006441
v 0.068870 -0.192241 0.006441
v 0.068870 -0.184188 0.006441
v -0.068870 -0.184188 0.006441
v 0.068870 0.192241 0.006441
v -0.078350 -0.182726 0.006450
v 0.078350 0.182726 0.006450
v -0.078350 0.182726 0.006450
v 0.078350 0.177084 0.006450
v 0.078350 -0.182726 0.006450
v -0.078350 -0.177084 0.006450
v -0.078350 0.177084 0.006450
v 0.078350 -0.177084 0.006450
v -0.078793 0.203816 0.006451
v 0.078793 0.203816 0.006451
v -0.078793 -0.203816 0.006451
v 0.078793 -0.203816 0.006451
v 0.079995 -0.190857 0.006451
v -0.079995 0.190857 0.006451
v 0.079995 0.190857 0.006451
v -0.079995 -0.190857 0.006451
v -0.080720 0.182361 0.006453
v -0.080720 -0.176731 0.006453
v 0.080720 0.182361 0.006453
v 0.080720 0.176731 0.006453
v 0.080720 -0.182361 0.006453
v -0.080720 0.176731 0.006453
v -0.080720 -0.182361 0.006453
v 0.080720 -0.176731 0.006453
v 0.081949 -0.188582 0.006453
v 0.081949 0.188582 0.006453
v -0.081949 0.188582 0.006453
v -0.081949 -0.188582 0.006453
v -0.088163 -0.203816 0.006462
v 0.088163 0.203816 0.006462
v 0.088163 -0.203816 0.006462
v -0.088163 0.203816 0.006462
v 0.088163 -0.192979 0.006462
v -0.088163 0.190270 0.006462
v -0.088163 -0.192979 0.006462
v 0.088163 -0.190270 0.006462
v 0.088163 0.192979 0.006462
v -0.088163 0.192979 0.006462
v -0.088163 -0.190270 0.006462
v 0.088163 0.190270 0.006462
v -0.093141 0.203816 0.006478
v 0.093349 -0.203816 0.006478
v 0.093349 0.203816 0.006478
v -0.093141 -0.203816 0.006478
v -0.093141 0.192979 0.006478
v 0.093349 0.190270 0.006478
v 0.093349 -0.192979 0.006478
v -0.093141 -0.192979 0.006478
v -0.093141 0.190270 0.006478
v -0.093141 -0.190270 0.006478
v 0.093349 -0.190270 0.006478
v 0.093349 0.192979 0.006478
v -0.142165 -0.176731 0.006487
v -0.142165 -0.182360 0.006487
v -0.140936 0.188582 0.006487
v 0.140936 0.188582 0.006487
v -0.142165 0.182360 0.006487
v -0.140936 -0.188582 0.006487
v 0.142165 0.182360 0.006487
v 0.142165 -0.182360 0.006487
v 0.142165 -0.176731 0.006487
v 0.142165 0.176731 0.006487
v -0.142165 0.176731 0.006487
v 0.140936 -0.188582 0.006487
v 0.129632 -0.203816 0.006493
v 0.129632 0.203816 0.006493
v -0.130136 0.203816 0.006493
v -0.130136 -0.203816 0.006493
v 0.129632 -0.190269 0.006493
v -0.130136 0.190269 0.006493
v 0.129632 0.190269 0.006493
v 0.129632 0.192979 0.006493
v 0.129632 -0.192979 0.006493
v -0.130136 0.192979 0.006493
v -0.130136 -0.192979 0.006493
v -0.130136 -0.190269 0.006493
v 0.134859 -0.203816 0.006503
v -0.134859 0.203816 0.006503
v 0.134859 0.203816 0.006503
v -0.134859 -0.203816 0.006503
v 0.134859 -0.190269 0.006503
v 0.134859 0.190269 0.006503
v -0.134859 0.190269 0.006503
v -0.134859 0.192978 0.006503
v 0.134859 0.192978 0.006503
v -0.134859 -0.190269 0.006503
v 0.134859 -0.192978 0.006503
v -0.134859 -0.192978 0.006503
v 0.142702 0.190977 0.006508
v -0.142702 0.190977 0.006508
v -0.142702 -0.190977 0.006508
v 0.142702 -0.190977 0.006508
v -0.144079 -0.203817 0.006514
v 0.144079 -0.203817 0.006514
v 0.144079 0.203817 0.006514
v -0.144079 0.203817 0.006514
v 0.144253 -0.176442 0.006516
v 0.144253 0.176442 0.006516
v -0.144253 -0.176442 0.006516
v 0.144253 0.182061 0.006516
v -0.144253 0.182061 0.006516
v -0.144253 0.176442 0.006516
v -0.144253 -0.182061 0.006516
v 0.144253 -0.182061 0.006516
v -0.158759 -0.180864 0.006635
v -0.158759 0.180864 0.006635
v 0.152609 0.192239 0.006635
v -0.158759 -0.175287 0.006635
v -0.158759 0.192239 0.006635
v 0.152609 0.180864 0.006635
v 0.152609 -0.180864 0.006635
v 0.152609 -0.192239 0.006635
v -0.158759 -0.192239 0.006635
v -0.158759 0.175287 0.006635
v 0.152609 0.175287 0.006635
v 0.152609 -0.175287 0.006635
v 0.152612 0.205615 0.006635
v -0.158762 -0.205615 0.006635
v -0.158762 0.205615 0.006635
v 0.152612 -0.205615 0.006635
v 0.007818 -0.221054 0.006643
v 0.007818 0.221054 0.006643
v -0.007818 -0.221054 0.006643
v -0.007818 0.221054 0.006643
v -0.024059 -0.221050 0.006658
v -0.024059 0.221050 0.006658
v 0.024059 0.221050 0.006658
v 0.024059 -0.221050 0.006658
v -0.033649 0.221048 0.006667
v 0.033649 0.221048 0.006667
v -0.033649 -0.221048 0.006667
v 0.033649 -0.221048 0.006667
v -0.043572 -0.221046 0.006677
v 0.043572 0.221046 0.006677
v -0.043572 0.221046 0.006677
v 0.043572 -0.221046 0.006677
v 0.068870 0.221044 0.006686
v -0.068870 -0.221044 0.006686
v -0.068870 0.221044 0.006686
v 0.068870 -0.221044 0.006686
v -0.078792 -0.221041 0.006696
v 0.078792 0.221041 0.006696
v 0.078792 -0.221041 0.006696
v -0.078792 0.221041 0.006696
v 0.088162 0.221039 0.006707
v -0.088162 0.221039 0.006707
v 0.088162 -0.221039 0.006707
v -0.088162 -0.221039 0.006707
v 0.106111 -0.221035 0.006722
v 0.106111 0.221035 0.006722
v -0.106111 0.221035 0.006722
v -0.106111 -0.221035 0.006722
v -0.124060 0.221031 0.006737
v -0.124060 -0.221031 0.006737
v 0.124060 -0.221031 0.006737
v 0.124060 0.221031 0.006737
v 0.134858 -0.221029 0.006746
v 0.134858 0.221029 0.006746
v -0.134858 -0.221029 0.006746
v -0.134858 0.221029 0.006746
v 0.144078 -0.221026 0.006758
v 0.144078 0.221026 0.006758
v -0.144078 -0.221026 0.006758
v -0.144078 0.221026 0.006758
v 0.152554 0.220994 0.006875
v 0.152553 -0.220994 0.006875
v -0.158704 0.220994 0.006875
v -0.158704 -0.220994 0.006875
v 0.174441 -0.208706 0.006903
v -0.174441 -0.178613 0.006903
v 0.174441 -0.189591 0.006903
v -0.174441 -0.173115 0.006903
v -0.174441 0.189591 0.006903
v -0.174441 0.173115 0.006903
v -0.174441 0.208706 0.006903
v 0.174441 -0.173115 0.006903
v -0.174441 -0.189591 0.006903
v 0.174441 0.173115 0.006903
v 0.174441 0.208706 0.006903
v 0.174441 0.189591 0.006903
v -0.174441 0.178613 0.006903
v -0.174441 -0.208706 0.006903
v 0.174441 0.178613 0.006903
v 0.174441 -0.178613 0.006903
v 0.000000 -0.237236 0.006909
v 0.007818 0.237235 0.006909
v 0.000000 0.237235 0.006909
v -0.007818 -0.237236 0.006909
v 0.007818 -0.237236 0.006909
v -0.007818 0.237235 0.006909
v -0.024060 0.237207 0.006920
v 0.024060 0.237207 0.006920
v -0.024060 -0.237207 0.006920
v 0.024060 -0.237207 0.006920
v 0.033650 -0.237189 0.006927
v 0.033650 0.237189 0.006927
v -0.033650 0.237189 0.006927
v -0.033650 -0.237189 0.006927
v 0.043572 -0.237171 0.006934
v -0.043572 0.237171 0.006934
v -0.043572 -0.237171 0.006934
v 0.043572 0.237171 0.006934
v -0.068870 -0.237153 0.006941
v 0.068870 0.237153 0.006941
v 0.068870 -0.237153 0.006941
v -0.068870 0.237153 0.006941
v 0.078793 -0.237135 0.006948
v -0.078793 -0.237135 0.006948
v 0.078793 0.237135 0.006948
v -0.078793 0.237135 0.006948
v 0.088162 0.237113 0.006957
v -0.088162 -0.237113 0.006957
v -0.088162 0.237113 0.006957
v 0.088162 -0.237113 0.006957
v -0.100711 -0.237092 0.006964
v -0.100711 0.237092 0.006964
v 0.100711 -0.237092 0.006964
v 0.100711 0.237092 0.006964
v 0.113260 -0.237072 0.006972
v -0.113260 0.237072 0.006972
v -0.113260 -0.237072 0.006972
v 0.113260 0.237072 0.006972
v 0.134857 0.237036 0.006986
v -0.134857 0.237036 0.006986
v -0.134857 -0.237036 0.006986
v 0.134857 -0.237036 0.006986
v -0.144089 -0.237015 0.006994
v 0.144089 -0.237015 0.006994
v -0.144089 0.237015 0.006994
v 0.144089 0.237015 0.006994
v -0.174011 -0.220813 0.007079
v 0.174011 0.220813 0.007079
v -0.174011 0.220813 0.007079
v 0.152378 -0.236793 0.007079
v -0.158529 -0.236793 0.007079
v 0.174011 -0.220813 0.007079
v 0.152379 0.236793 0.007079
v -0.158529 0.236793 0.007079
v -0.167869 -0.190815 0.007365
v -0.167869 -0.179654 0.007365
v -0.167869 0.174120 0.007365
v -0.167869 0.179654 0.007365
v 0.167869 -0.174120 0.007365
v -0.167869 -0.174120 0.007365
v 0.167869 -0.190815 0.007365
v 0.167869 0.179654 0.007365
v 0.167869 0.190815 0.007365
v 0.167869 -0.179654 0.007365
v -0.167869 0.190815 0.007365
v 0.167869 0.174120 0.007365
v 0.167870 -0.208681 0.007366
v 0.167870 0.208681 0.007366
v -0.167870 0.208681 0.007366
v -0.167870 -0.208681 0.007366
v -0.007818 -0.230283 0.007373
v -0.007818 0.230283 0.007373
v 0.007818 0.230283 0.007373
v 0.007818 -0.230283 0.007373
v 0.024058 0.230268 0.007387
v 0.024058 -0.230268 0.007387
v -0.024058 0.230268 0.007387
v -0.024058 -0.230268 0.007387
v -0.033649 0.230258 0.007395
v 0.033649 -0.230258 0.007395
v -0.033649 -0.230258 0.007395
v 0.033649 0.230258 0.007395
v 0.043571 0.230249 0.007404
v 0.043571 -0.230249 0.007404
v -0.043571 -0.230249 0.007404
v -0.043571 0.230249 0.007404
v 0.068869 -0.230239 0.007413
v -0.068869 0.230239 0.007413
v 0.068869 0.230239 0.007413
v -0.068869 -0.230239 0.007413
v 0.078792 -0.230229 0.007422
v -0.078792 -0.230229 0.007422
v 0.078792 0.230229 0.007422
v -0.078792 0.230229 0.007422
v -0.088161 0.230217 0.007432
v 0.088161 0.230217 0.007432
v 0.088161 -0.230217 0.007432
v -0.088161 -0.230217 0.007432
v -0.106110 0.230201 0.007446
v 0.106110 -0.230201 0.007446
v -0.106110 -0.230201 0.007446
v 0.106110 0.230201 0.007446
v 0.124059 -0.230186 0.007460
v -0.124059 -0.230186 0.007460
v -0.124059 0.230186 0.007460
v 0.124059 0.230186 0.007460
v 0.134857 0.230176 0.007469
v 0.134857 -0.230176 0.007469
v -0.134857 -0.230176 0.007469
v -0.134857 0.230176 0.007469
v 0.144076 0.230164 0.007479
v -0.144076 0.230164 0.007479
v -0.144076 -0.230164 0.007479
v 0.144076 -0.230164 0.007479
v 0.167632 0.220805 0.007584
v -0.167632 0.220805 0.007584
v -0.167632 -0.220805 0.007584
v 0.167632 -0.220805 0.007584
v -0.158526 -0.230040 0.007585
v 0.152376 -0.230040 0.007585
v 0.152376 0.230040 0.007585
v -0.158526 0.230040 0.007585
v -0.166799 0.235420 0.007607
v 0.172718 0.229136 0.007607
v 0.166799 0.235420 0.007607
v 0.166799 -0.235420 0.007607
v -0.166799 -0.235420 0.007607
v 0.172718 -0.229136 0.007607
v -0.172718 0.229136 0.007607
v -0.172718 -0.229136 0.007607
v -0.166919 0.229283 0.008227
v 0.166919 -0.229283 0.008227
v -0.166919 -0.229283 0.008227
v 0.166919 0.229283 0.008227
v 0.170966 -0.233560 0.008321
v -0.170966 0.233560 0.008321
v 0.170966 0.233560 0.008321
v -0.170966 -0.233560 0.008321
v 0.173409 0.208673 0.008678
v -0.173409 -0.208673 0.008678
v 0.173409 -0.208673 0.008678
v -0.173409 0.208673 0.008678
v 0.173412 0.178613 0.008682
v -0.173412 -0.189591 0.008682
v -0.173412 0.189591 0.008682
v -0.173412 0.173115 0.008682
v 0.173412 0.173115 0.008682
v 0.173412 -0.173115 0.008682
v 0.173412 -0.178613 0.008682
v 0.173412 -0.189591 0.008682
v -0.173412 -0.173115 0.008682
v 0.173412 0.189591 0.008682
v -0.173412 -0.178613 0.008682
v -0.173412 0.178613 0.008682
v 0.007818 -0.236207 0.008699
v -0.007818 0.236207 0.008699
v 0.007818 0.236207 0.008699
v -0.007818 -0.236207 0.008699
v -0.024057 -0.236178 0.008709
v 0.024057 0.236178 0.008709
v 0.024057 -0.236178 0.008709
v -0.024057 0.236178 0.008709
v 0.033647 0.236161 0.008716
v 0.033647 -0.236161 0.008716
v -0.033647 0.236161 0.008716
v -0.033647 -0.236161 0.008716
v 0.043569 -0.236142 0.008723
v -0.043569 0.236142 0.008723
v -0.043569 -0.236142 0.008723
v 0.043569 0.236142 0.008723
v -0.068867 0.236124 0.008730
v 0.068867 0.236124 0.008730
v 0.068867 -0.236124 0.008730
v -0.068867 -0.236124 0.008730
v -0.078789 0.236105 0.008737
v -0.078789 -0.236105 0.008737
v 0.078789 0.236105 0.008737
v 0.078789 -0.236105 0.008737
v 0.088159 -0.236084 0.008746
v 0.088159 0.236084 0.008746
v -0.088159 0.236084 0.008746
v -0.088159 -0.236084 0.008746
v 0.106107 0.236054 0.008757
v -0.106107 0.236054 0.008757
v -0.106107 -0.236054 0.008757
v 0.106107 -0.236054 0.008757
v -0.124056 0.236024 0.008768
v 0.124056 -0.236024 0.008768
v -0.124056 -0.236024 0.008768
v 0.124056 0.236024 0.008768
v 0.134853 0.236006 0.008775
v 0.134853 -0.236006 0.008775
v -0.134853 -0.236006 0.008775
v -0.134853 0.236006 0.008775
v -0.144064 -0.235981 0.008782
v -0.144064 0.235981 0.008782
v 0.144064 -0.235981 0.008782
v 0.144064 0.235981 0.008782
v 0.172972 -0.220648 0.008843
v 0.172972 0.220647 0.008843
v -0.172972 0.220648 0.008843
v -0.172972 -0.220647 0.008843
v 0.152225 -0.235747 0.008862
v -0.158375 0.235747 0.008862
v -0.158375 -0.235747 0.008862
v 0.152225 0.235747 0.008862
v -0.166344 -0.234422 0.009319
v 0.166344 0.234422 0.009319
v -0.166344 0.234422 0.009319
v 0.166344 -0.234422 0.009319
v 0.171710 -0.228681 0.009328
v 0.171710 0.228681 0.009328
v -0.171710 0.228681 0.009328
v -0.171710 -0.228681 0.009328
v -0.170068 0.232677 0.009916
v 0.170068 -0.232677 0.009916
v -0.170068 -0.232677 0.009916
v 0.170068 0.232677 0.009916
v -0.180546 0.208611 0.013874
v 0.180547 0.208611 0.013874
v 0.180547 0.189826 0.013874
v 0.180547 0.178813 0.013874
v -0.180547 -0.189826 0.013874
v 0.180546 -0.173308 0.013874
v 0.180546 -0.178813 0.013874
v -0.180546 0.189826 0.013874
v 0.180547 0.173308 0.013874
v -0.180546 0.178813 0.013874
v -0.180546 0.173308 0.013874
v -0.180547 -0.208611 0.013874
v 0.180546 -0.208611 0.013874
v 0.180546 -0.189826 0.013874
v -0.180547 -0.173308 0.013874
v -0.180547 -0.178813 0.013874
v 0.007818 -0.243694 0.013874
v 0.007818 0.243694 0.013874
v 0.000000 0.243694 0.013874
v 0.000000 -0.243694 0.013874
v -0.007818 0.243694 0.013874
v -0.007818 -0.243694 0.013874
v -0.024036 0.243654 0.013876
v 0.024036 -0.243654 0.013876
v -0.024036 -0.243654 0.013876
v 0.024036 0.243654 0.013876
v -0.033617 0.243630 0.013877
v -0.033617 -0.243630 0.013877
v 0.033617 -0.243630 0.013877
v 0.033617 0.243630 0.013877
v -0.043528 -0.243605 0.013878
v 0.043528 -0.243605 0.013878
v 0.043528 0.243604 0.013878
v -0.043528 0.243604 0.013878
v 0.068815 0.243579 0.013879
v -0.068815 0.243579 0.013879
v -0.068815 -0.243579 0.013879
v 0.068815 -0.243579 0.013879
v -0.078726 -0.243554 0.013880
v -0.078726 0.243554 0.013880
v 0.078726 0.243554 0.013880
v 0.078726 -0.243554 0.013880
v 0.088083 -0.243524 0.013881
v 0.088083 0.243524 0.013881
v -0.088083 -0.243524 0.013881
v -0.088083 0.243524 0.013881
v 0.100621 0.243496 0.013882
v 0.100621 -0.243496 0.013882
v -0.100621 -0.243496 0.013882
v -0.100621 0.243496 0.013882
v -0.113159 -0.243467 0.013883
v -0.113159 0.243467 0.013883
v 0.113159 -0.243467 0.013883
v 0.113159 0.243467 0.013883
v -0.134735 -0.243418 0.013885
v 0.134735 -0.243418 0.013885
v 0.134735 0.243418 0.013885
v -0.134735 0.243418 0.013885
v -0.143955 0.243389 0.013886
v 0.143955 0.243389 0.013886
v 0.143955 -0.243389 0.013886
v -0.143955 -0.243389 0.013886
v 0.179928 0.221189 0.013898
v 0.152709 -0.243060 0.013898
v -0.158860 -0.243060 0.013898
v 0.152709 0.243060 0.013898
v -0.158859 0.243060 0.013898
v 0.179928 -0.221189 0.013898
v -0.179928 0.221189 0.013898
v -0.179928 -0.221189 0.013898
v 0.168187 -0.241094 0.013970
v -0.168187 0.241094 0.013970
v 0.168187 0.241094 0.013970
v -0.178073 0.230618 0.013970
v 0.178073 0.230618 0.013970
v -0.178073 -0.230618 0.013970
v 0.178073 -0.230618 0.013970
v -0.168187 -0.241094 0.013970
v 0.174365 0.237164 0.014019
v -0.174365 -0.237164 0.014019
v -0.174365 0.237164 0.014019
v 0.174365 -0.237164 0.014019
v 0.178699 0.208562 0.014717
v -0.178699 -0.208562 0.014717
v 0.178699 -0.208562 0.014717
v -0.178699 0.208562 0.014717
v -0.178703 0.189826 0.014722
v -0.178703 -0.178813 0.014722
v 0.178703 0.189826 0.014722
v 0.178703 -0.178813 0.014722
v 0.178703 -0.173308 0.014722
v -0.178703 0.178813 0.014722
v -0.178703 -0.189826 0.014722
v -0.178703 0.173308 0.014722
v 0.178703 0.178813 0.014722
v 0.178703 0.173308 0.014722
v 0.178703 -0.189826 0.014722
v -0.178703 -0.173308 0.014722
v -0.178080 -0.220948 0.014729
v 0.178080 -0.220948 0.014729
v 0.178080 0.220948 0.014729
v -0.178080 0.220948 0.014729
v -0.007818 -0.241811 0.014742
v -0.007818 0.241811 0.014742
v 0.007818 0.241811 0.014742
v 0.007818 -0.241811 0.014742
v -0.024031 -0.241771 0.014744
v 0.024031 -0.241771 0.014744
v -0.024031 0.241771 0.014744
v 0.024031 0.241771 0.014744
v 0.033612 0.241747 0.014744
v -0.033612 0.241747 0.014744
v 0.033612 -0.241747 0.014744
v -0.033612 -0.241747 0.014744
v -0.158633 -0.241175 0.014745
v -0.158633 0.241175 0.014745
v 0.152483 0.241175 0.014745
v 0.152483 -0.241175 0.014745
v -0.043523 -0.241722 0.014745
v 0.043523 0.241722 0.014745
v 0.043523 -0.241722 0.014745
v -0.043523 0.241722 0.014745
v 0.068810 0.241696 0.014746
v -0.068810 0.241696 0.014746
v -0.068810 -0.241696 0.014746
v 0.068810 -0.241696 0.014746
v 0.078721 0.241671 0.014747
v -0.078721 -0.241671 0.014747
v -0.078721 0.241671 0.014747
v 0.078721 -0.241671 0.014747
v 0.088078 -0.241641 0.014748
v 0.088078 0.241641 0.014748
v -0.088078 -0.241641 0.014748
v -0.088078 0.241641 0.014748
v 0.143917 0.241502 0.014748
v -0.143917 -0.241502 0.014748
v -0.143917 0.241502 0.014748
v 0.143917 -0.241502 0.014748
v 0.106011 0.241600 0.014749
v 0.106011 -0.241600 0.014749
v -0.106011 0.241600 0.014749
v -0.106011 -0.241600 0.014749
v -0.123943 -0.241560 0.014750
v 0.123943 -0.241560 0.014750
v -0.123943 0.241560 0.014750
v 0.123943 0.241560 0.014750
v -0.134730 0.241535 0.014750
v -0.134730 -0.241535 0.014750
v 0.134730 0.241535 0.014750
v 0.134730 -0.241535 0.014750
v -0.176314 0.229934 0.014786
v -0.176314 -0.229934 0.014786
v 0.176314 -0.229934 0.014786
v 0.176314 0.229934 0.014786
v -0.167488 -0.239304 0.014800
v -0.167488 0.239304 0.014800
v 0.167488 -0.239304 0.014800
v 0.167488 0.239304 0.014800
v 0.172989 0.235803 0.014829
v -0.172989 -0.235803 0.014829
v -0.172989 0.235803 0.014829
v 0.172989 -0.235803 0.014829
v -0.175685 -0.238569 0.043112
v 0.175685 -0.238569 0.043112
v 0.175685 0.238569 0.043112
v -0.175685 0.238569 0.043112
v -0.179892 -0.231198 0.043141
v 0.179892 -0.231198 0.043141
v 0.179892 0.231198 0.043141
v -0.179892 0.231198 0.043141
v -0.168673 0.242991 0.043142
v -0.168673 -0.242991 0.043142
v 0.168673 0.242991 0.043142
v 0.168673 -0.242991 0.043142
v -0.174268 0.237155 0.043166
v 0.174268 0.237155 0.043166
v 0.174268 -0.237155 0.043166
v -0.174268 -0.237155 0.043166
v 0.167951 -0.241144 0.043198
v -0.167951 0.241144 0.043198
v -0.167951 -0.241144 0.043198
v 0.167951 0.241144 0.043198
v 0.178077 -0.230484 0.043207
v 0.178077 0.230484 0.043207
v -0.178077 -0.230484 0.043207
v -0.178077 0.230484 0.043207
v 0.181996 -0.220888 0.043218
v -0.181996 0.220888 0.043218
v 0.181996 0.220888 0.043218
v -0.181996 -0.220888 0.043218
v 0.152291 0.245202 0.043225
v -0.158442 -0.245202 0.043225
v 0.152291 -0.245202 0.043225
v -0.158441 0.245202 0.043225
v -0.182697 -0.173490 0.043241
v -0.182697 0.173490 0.043241
v 0.182697 -0.173490 0.043241
v 0.182697 0.173490 0.043241
v 0.182697 -0.179002 0.043241
v -0.182697 0.179002 0.043241
v 0.182697 0.179002 0.043241
v -0.182697 -0.179002 0.043241
v -0.182697 -0.190048 0.043241
v -0.182697 0.190048 0.043241
v 0.182697 0.190048 0.043241
v 0.182697 -0.190048 0.043241
v -0.033335 0.245848 0.043241
v 0.033335 0.245848 0.043241
v -0.033335 -0.245848 0.043241
v 0.033335 -0.245848 0.043241
v 0.023835 -0.245874 0.043241
v -0.023835 0.245874 0.043241
v -0.023835 -0.245874 0.043241
v 0.023835 0.245874 0.043241
v -0.043153 0.245821 0.043242
v 0.043153 0.245821 0.043242
v -0.043153 -0.245821 0.043242
v 0.043153 -0.245821 0.043242
v 0.007818 0.245916 0.043242
v -0.007818 0.245916 0.043242
v 0.007818 -0.245916 0.043242
v -0.007818 -0.245916 0.043242
v -0.068346 0.245794 0.043243
v 0.068346 -0.245794 0.043243
v 0.068346 0.245794 0.043243
v -0.068346 -0.245794 0.043243
v -0.078163 -0.245767 0.043244
v 0.078163 -0.245767 0.043244
v -0.078163 0.245767 0.043244
v 0.078163 0.245767 0.043244
v 0.087419 -0.245735 0.043246
v -0.087419 -0.245735 0.043246
v 0.087419 0.245735 0.043246
v -0.087419 0.245735 0.043246
v -0.133712 0.245623 0.043256
v 0.133712 0.245623 0.043256
v 0.133712 -0.245623 0.043256
v -0.133712 -0.245623 0.043256
v 0.142830 -0.245591 0.043262
v 0.142830 0.245591 0.043262
v -0.142830 -0.245591 0.043262
v -0.142830 0.245591 0.043262
v -0.182697 0.207645 0.043266
v -0.182697 -0.207645 0.043266
v 0.182697 -0.207645 0.043266
v 0.182697 0.207645 0.043266
v 0.152052 0.243246 0.043296
v -0.158202 0.243246 0.043296
v 0.152052 -0.243246 0.043296
v -0.158202 -0.243246 0.043296
v 0.180088 0.220632 0.043301
v 0.180088 -0.220632 0.043301
v -0.180088 0.220632 0.043301
v -0.180088 -0.220632 0.043301
v 0.033330 -0.243887 0.043332
v 0.033330 0.243887 0.043332
v -0.033330 0.243887 0.043332
v -0.033330 -0.243887 0.043332
v 0.023830 0.243913 0.043332
v -0.023830 0.243913 0.043332
v 0.023830 -0.243913 0.043332
v -0.023830 -0.243913 0.043332
v 0.043148 -0.243860 0.043332
v -0.043148 -0.243860 0.043332
v 0.043148 0.243860 0.043332
v -0.043148 0.243860 0.043332
v 0.007818 0.243955 0.043333
v 0.007818 -0.243955 0.043333
v -0.007818 0.243955 0.043333
v -0.007818 -0.243955 0.043333
v -0.068341 -0.243833 0.043333
v -0.068341 0.243833 0.043333
v 0.068341 -0.243833 0.043333
v 0.068341 0.243833 0.043333
v -0.078157 0.243807 0.043334
v 0.078157 -0.243807 0.043334
v -0.078157 -0.243807 0.043334
v 0.078157 0.243807 0.043334
v -0.087413 0.243775 0.043336
v 0.087413 0.243775 0.043336
v -0.087413 -0.243775 0.043336
v 0.087413 -0.243775 0.043336
v -0.105208 -0.243731 0.043339
v 0.105208 0.243731 0.043339
v -0.105208 0.243731 0.043339
v 0.105208 -0.243731 0.043339
v -0.123002 0.243688 0.043343
v -0.123002 -0.243688 0.043343
v 0.123002 -0.243688 0.043343
v 0.123002 0.243688 0.043343
v -0.180780 -0.173490 0.043345
v -0.180780 0.173490 0.043345
v 0.180780 0.173490 0.043345
v 0.180780 -0.173490 0.043345
v 0.180780 0.179002 0.043346
v -0.180780 -0.179002 0.043346
v 0.180780 -0.179002 0.043346
v -0.180780 0.179002 0.043346
v 0.180780 -0.190048 0.043346
v -0.180780 -0.190048 0.043346
v -0.180780 0.190048 0.043346
v 0.180780 0.190048 0.043346
v -0.133706 -0.243662 0.043346
v 0.133706 0.243662 0.043346
v 0.133706 -0.243662 0.043346
v -0.133706 0.243662 0.043346
v 0.142787 -0.243630 0.043347
v -0.142787 0.243630 0.043347
v -0.142788 -0.243630 0.043347
v 0.142788 0.243630 0.043347
v -0.180780 -0.207591 0.043364
v 0.180780 0.207591 0.043364
v -0.180780 0.207591 0.043364
v 0.180780 -0.207591 0.043364
v 0.000000 0.245916 0.043802
v 0.000000 -0.245916 0.043802
v -0.099860 -0.245705 0.043807
v -0.099860 0.245705 0.043807
v 0.099860 -0.245705 0.043807
v 0.099860 0.245705 0.043807
v 0.112301 -0.245675 0.043810
v -0.112301 -0.245675 0.043810
v 0.112301 0.245675 0.043810
v -0.112301 0.245675 0.043810
v -0.177086 0.240081 0.103848
v -0.177086 -0.240081 0.103848
v 0.177086 -0.240081 0.103848
v 0.177086 0.240081 0.103848
v -0.182099 0.231488 0.104708
v 0.182099 -0.231488 0.104708
v -0.182099 -0.231488 0.104708
v 0.182099 0.231488 0.104708
v -0.168799 -0.245280 0.104710
v 0.168799 0.245280 0.104710
v 0.168799 -0.245280 0.104710
v -0.168799 0.245280 0.104710
v 0.007818 0.246723 0.104785
v -0.007818 -0.246723 0.104785
v -0.007818 0.246723 0.104785
v 0.007818 -0.246723 0.104785
v -0.023338 0.246679 0.104786
v 0.023338 -0.246679 0.104786
v -0.023338 -0.246679 0.104786
v 0.023338 0.246679 0.104786
v 0.032643 -0.246651 0.104787
v -0.032643 0.246651 0.104787
v 0.032643 0.246651 0.104787
v -0.032643 -0.246651 0.104787
v -0.077301 0.246565 0.104789
v 0.077301 -0.246565 0.104789
v 0.077301 0.246565 0.104789
v -0.077301 -0.246565 0.104789
v -0.042232 0.246622 0.104790
v -0.042232 -0.246622 0.104790
v 0.042232 -0.246622 0.104790
v 0.042232 0.246622 0.104790
v -0.070314 0.246594 0.104810
v 0.070314 -0.246594 0.104810
v 0.070314 0.246594 0.104810
v -0.070314 -0.246594 0.104810
v 0.175755 -0.238745 0.106686
v -0.175755 0.238745 0.106686
v 0.175755 0.238745 0.106686
v -0.175755 -0.238745 0.106686
v 0.180372 -0.230773 0.106693
v -0.180372 0.230773 0.106693
v -0.180372 -0.230773 0.106693
v 0.180372 0.230773 0.106693
v 0.168082 -0.243519 0.106693
v -0.168082 0.243519 0.106693
v 0.168082 0.243519 0.106693
v -0.168082 -0.243519 0.106693
v 0.182785 0.219465 0.106727
v -0.182785 0.219465 0.106727
v 0.182785 -0.219465 0.106727
v -0.182785 -0.219465 0.106727
v 0.150645 0.246013 0.106733
v -0.156795 -0.246013 0.106733
v -0.156795 0.246013 0.106733
v 0.150645 -0.246013 0.106733
v 0.183610 -0.173415 0.106740
v -0.183610 0.173415 0.106740
v 0.183610 -0.178924 0.106740
v 0.183610 0.173415 0.106740
v -0.183610 0.178924 0.106740
v -0.183610 -0.173415 0.106740
v -0.183610 -0.178924 0.106740
v 0.183610 0.178924 0.106740
v -0.183610 0.189956 0.106740
v 0.183610 -0.189956 0.106740
v 0.183610 0.189956 0.106740
v -0.183610 -0.189956 0.106740
v 0.183611 0.205178 0.106773
v -0.183611 0.205178 0.106773
v -0.183611 -0.205178 0.106773
v 0.183611 -0.205178 0.106773
v 0.131207 -0.246536 0.106781
v -0.131207 0.246536 0.106781
v -0.131207 -0.246536 0.106781
v 0.131207 0.246536 0.106781
v 0.113225 -0.246563 0.106783
v 0.113225 0.246563 0.106783
v -0.113225 -0.246563 0.106783
v -0.113225 0.246563 0.106783
v 0.098876 0.246608 0.106785
v 0.098876 -0.246608 0.106785
v -0.098876 0.246608 0.106785
v -0.098876 -0.246608 0.106785
v -0.140036 0.246503 0.106785
v 0.140036 -0.246503 0.106785
v 0.140036 0.246503 0.106785
v -0.140036 -0.246503 0.106785
v 0.084528 -0.246653 0.106795
v 0.084528 0.246653 0.106795
v -0.084528 -0.246653 0.106795
v 0.007818 -0.248814 0.106841
v -0.007818 -0.248814 0.106841
v -0.007818 0.248814 0.106841
v 0.007818 0.248814 0.106841
v 0.000000 -0.248814 0.106841
v 0.000000 0.248814 0.106841
v -0.023321 0.248770 0.106843
v -0.023321 -0.248770 0.106843
v 0.023321 0.248770 0.106843
v 0.023321 -0.248770 0.106843
v -0.032616 -0.248742 0.106845
v 0.032616 0.248742 0.106845
v -0.032616 0.248742 0.106845
v 0.032616 -0.248742 0.106845
v -0.077270 -0.248656 0.106846
v -0.077270 0.248656 0.106846
v 0.077270 -0.248656 0.106846
v 0.077270 0.248656 0.106846
v 0.042194 -0.248713 0.106847
v -0.042194 0.248713 0.106847
v -0.042194 -0.248713 0.106847
v 0.042194 0.248713 0.106847
v -0.084525 0.246656 0.106847
v 0.070413 -0.248685 0.106869
v -0.070413 -0.248685 0.106869
v 0.070413 0.248685 0.106869
v -0.070413 0.248685 0.106869
v 0.185661 -0.173412 0.108893
v -0.185661 0.173412 0.108893
v -0.185661 -0.173412 0.108893
v 0.185661 0.173412 0.108893
v 0.185661 -0.178920 0.108893
v -0.185661 0.178920 0.108893
v -0.185661 -0.178920 0.108893
v 0.185661 0.178920 0.108893
v 0.185661 -0.189952 0.108893
v 0.185661 0.189952 0.108893
v -0.185661 0.189952 0.108893
v -0.185661 -0.189952 0.108893
v 0.112775 -0.248660 0.108895
v -0.112775 0.248660 0.108895
v 0.112775 0.248660 0.108895
v -0.112775 -0.248660 0.108895
v 0.184818 0.219679 0.108897
v -0.184818 0.219679 0.108897
v 0.184818 -0.219679 0.108897
v -0.184818 -0.219679 0.108897
v 0.105296 -0.248687 0.108903
v -0.105296 -0.248687 0.108903
v 0.105296 0.248687 0.108903
v -0.105296 0.248687 0.108903
v -0.156977 -0.248097 0.108903
v -0.156977 0.248097 0.108903
v 0.150827 0.248097 0.108903
v 0.150827 -0.248097 0.108903
v -0.185661 0.205124 0.108932
v -0.185661 -0.205124 0.108932
v 0.185661 -0.205124 0.108932
v 0.185661 0.205124 0.108932
v -0.131096 0.248633 0.108937
v 0.131096 -0.248633 0.108937
v -0.131096 -0.248633 0.108937
v 0.131096 0.248633 0.108937
v -0.139954 -0.248599 0.108946
v -0.139954 0.248598 0.108946
v 0.139954 0.248598 0.108946
v 0.139954 -0.248599 0.108946
v 0.084400 0.248749 0.108951
v -0.084400 0.248749 0.108951
v 0.084400 -0.248749 0.108951
v -0.084400 -0.248749 0.108951
v -0.094848 0.248718 0.109050
v 0.094848 0.248718 0.109050
v 0.094848 -0.248718 0.109050
v -0.094848 -0.248718 0.109050
v -0.076314 0.250063 0.136845
v -0.074644 0.250064 0.136876
v 0.178085 -0.241158 0.137047
v -0.178085 0.241158 0.137047
v -0.178085 -0.241158 0.137047
v 0.178085 0.241158 0.137047
v 0.076624 -0.250462 0.137637
v -0.076314 -0.250462 0.137641
v 0.076314 0.250462 0.137641
v -0.074644 -0.250463 0.137671
v 0.074644 0.250463 0.137671
v 0.074120 -0.250463 0.137683
v -0.076560 0.250169 0.138312
v -0.074465 0.250170 0.138349
v -0.183672 0.231695 0.138426
v 0.183672 0.231695 0.138426
v -0.183672 -0.231695 0.138426
v 0.183672 -0.231695 0.138426
v 0.168888 -0.246912 0.138430
v 0.168888 0.246912 0.138430
v -0.168888 0.246912 0.138430
v -0.168888 -0.246912 0.138430
v 0.076222 0.251603 0.139108
v -0.076222 -0.251603 0.139108
v 0.076222 -0.251603 0.139108
v -0.075244 0.251608 0.139123
v 0.076556 0.250557 0.139170
v -0.076556 -0.250557 0.139170
v 0.076548 -0.250557 0.139170
v 0.074665 -0.250557 0.139201
v -0.074461 -0.250557 0.139205
v 0.074461 0.250557 0.139205
v -0.076410 -0.260072 0.139579
v 0.076410 -0.260072 0.139579
v 0.076410 0.260072 0.139579
v -0.076410 0.260072 0.139579
v -0.075379 0.260086 0.139592
v -0.075379 -0.260086 0.139592
v -0.081461 -0.250573 0.139812
v 0.081461 -0.250573 0.139812
v -0.081461 0.250573 0.139812
v 0.081461 0.250573 0.139812
v 0.074888 -0.251653 0.139934
v 0.074888 0.251653 0.140074
v 0.076565 -0.267159 0.140250
v -0.076565 0.267159 0.140250
v 0.076565 0.267159 0.140250
v -0.076565 -0.267159 0.140250
v -0.075488 -0.267170 0.140262
v 0.075489 0.267170 0.140262
v -0.075488 0.267170 0.140262
v 0.075488 -0.267170 0.140262
v 0.075080 -0.260086 0.140389
v 0.075080 0.260086 0.140527
v -0.076562 0.250645 0.140595
v 0.076558 0.250645 0.140596
v -0.076558 -0.250645 0.140596
v 0.076550 -0.250645 0.140596
v -0.074467 0.250654 0.140739
v -0.074463 -0.250654 0.140739
v 0.074463 0.250654 0.140739
v 0.074456 -0.250654 0.140739
v -0.075218 -0.266278 0.140927
v 0.075218 -0.266278 0.140927
v 0.070587 0.250682 0.140956
v -0.070587 -0.250682 0.140956
v 0.070587 -0.250682 0.140956
v -0.070587 0.250682 0.140956
v 0.076721 0.274246 0.141045
v 0.076720 -0.274246 0.141045
v -0.076720 0.274246 0.141045
v 0.075598 -0.274253 0.141054
v -0.075598 -0.274253 0.141054
v -0.075598 0.274253 0.141054
v 0.075598 0.274253 0.141054
v 0.075218 0.266278 0.141062
v -0.075218 0.266278 0.141062
v -0.076970 0.273292 0.141456
v 0.076970 0.273292 0.141456
v 0.075356 0.272555 0.141529
v -0.075356 0.272555 0.141529
v -0.076970 -0.273953 0.141628
v -0.075356 -0.273216 0.141701
v 0.075356 -0.273216 0.141701
v 0.007818 0.250879 0.141789
v -0.007818 0.250879 0.141789
v 0.007818 -0.250879 0.141789
v 0.000000 0.250879 0.141789
v -0.007818 -0.250879 0.141789
v 0.000000 -0.250879 0.141789
v -0.022954 0.250833 0.141791
v 0.022954 -0.250833 0.141791
v 0.022954 0.250833 0.141791
v -0.022954 -0.250833 0.141791
v 0.032104 -0.250804 0.141793
v -0.032104 0.250804 0.141793
v 0.032104 0.250804 0.141793
v -0.032104 -0.250804 0.141793
v 0.076770 0.276069 0.142254
v -0.075632 0.276069 0.142261
v 0.076770 -0.276145 0.142368
v -0.075632 -0.276144 0.142375
v -0.077040 -0.275633 0.142684
v -0.077040 0.275628 0.142692
v 0.075423 -0.275628 0.142696
v 0.075423 0.275623 0.142704
v 0.076984 0.273553 0.144592
v -0.076984 0.273553 0.144592
v 0.076984 -0.273553 0.144592
v -0.076984 -0.273553 0.144592
v 0.075373 -0.273105 0.144684
v -0.075374 -0.273105 0.144684
v -0.075373 0.273106 0.144684
v 0.075374 0.273106 0.144684
v 0.076774 0.276764 0.144769
v -0.075636 0.276764 0.144776
v -0.075636 -0.276764 0.144776
v -0.077049 0.276153 0.144804
v 0.075430 0.276149 0.144813
v 0.077049 -0.276236 0.144878
v -0.077050 -0.276236 0.144878
v 0.075430 -0.276231 0.144887
v -0.187773 -0.173355 0.144938
v -0.187773 0.173355 0.144938
v 0.187773 0.173355 0.144938
v 0.187773 -0.178862 0.144938
v -0.187773 -0.178862 0.144938
v -0.187773 0.178862 0.144938
v 0.187773 -0.173355 0.144938
v 0.187773 0.178862 0.144938
v -0.187773 -0.189883 0.144938
v 0.187773 0.189883 0.144938
v 0.187773 -0.189884 0.144938
v -0.187773 0.189884 0.144938
v -0.105483 -0.250805 0.144941
v -0.105483 0.250805 0.144941
v 0.105483 0.250805 0.144941
v 0.105483 -0.250805 0.144941
v -0.100303 0.250833 0.144942
v 0.100303 -0.250833 0.144942
v 0.100303 0.250833 0.144942
v -0.100303 -0.250833 0.144942
v -0.186830 -0.218817 0.144942
v 0.186830 0.218817 0.144942
v -0.186830 0.218817 0.144942
v 0.186830 -0.218817 0.144942
v -0.155933 0.250160 0.144952
v 0.149783 -0.250160 0.144952
v -0.155933 -0.250160 0.144952
v 0.149783 0.250160 0.144952
v -0.091275 0.250865 0.144975
v 0.091275 -0.250865 0.144975
v -0.091275 -0.250865 0.144975
v 0.091275 0.250865 0.144975
v -0.187773 0.203327 0.144981
v 0.187773 0.203327 0.144981
v -0.187773 -0.203327 0.144981
v 0.187773 -0.203327 0.144981
v 0.137905 0.250742 0.144981
v 0.137905 -0.250742 0.144981
v -0.137905 -0.250742 0.144981
v -0.137905 0.250742 0.144981
v -0.129232 -0.250778 0.144988
v 0.129232 -0.250778 0.144988
v -0.129232 0.250778 0.144988
v 0.129232 0.250778 0.144988
v -0.076768 0.266811 0.145336
v 0.076768 -0.266811 0.145336
v 0.076768 0.266811 0.145336
v -0.076768 -0.266811 0.145336
v 0.075226 0.266595 0.145393
v -0.075226 0.266595 0.145393
v -0.075226 -0.266595 0.145393
v 0.075226 -0.266595 0.145393
v 0.076286 -0.251815 0.145882
v 0.076286 0.251815 0.145882
v -0.074889 -0.251825 0.145898
v -0.074889 0.251825 0.145898
v -0.076569 0.250985 0.145931
v -0.076565 -0.250985 0.145931
v 0.074470 0.250996 0.146009
v 0.074463 -0.250996 0.146010
v -0.076552 -0.260069 0.146222
v 0.076552 -0.260069 0.146222
v -0.076552 0.260069 0.146222
v 0.076552 0.260069 0.146222
v 0.075079 0.260084 0.146236
v -0.075079 -0.260084 0.146236
v 0.075079 -0.260084 0.146236
v -0.075079 0.260084 0.146236
v -0.070408 -0.251265 0.149811
v -0.070408 0.251265 0.149811
v 0.070408 -0.251265 0.149811
v 0.070408 0.251265 0.149811
v -0.007818 -0.249490 0.150666
v 0.007818 0.249490 0.150666
v 0.007818 -0.249490 0.150666
v -0.007818 0.249490 0.150666
v -0.022847 0.249444 0.150668
v 0.022847 -0.249444 0.150668
v -0.022847 -0.249444 0.150668
v 0.022847 0.249444 0.150668
v -0.031956 -0.249415 0.150669
v 0.031956 0.249415 0.150669
v 0.031955 -0.249415 0.150669
v -0.031955 0.249415 0.150669
v -0.076445 -0.249324 0.150671
v 0.076445 -0.249324 0.150671
v 0.076445 0.249324 0.150671
v -0.076445 0.249324 0.150671
v 0.041316 0.249385 0.150671
v 0.041316 -0.249385 0.150671
v -0.041316 0.249385 0.150671
v -0.041316 -0.249385 0.150671
v -0.072286 0.249355 0.150691
v 0.072286 0.249355 0.150691
v -0.072286 -0.249355 0.150691
v 0.072286 -0.249355 0.150691
v -0.076287 -0.251983 0.150970
v 0.076287 0.251983 0.150970
v 0.076287 -0.251983 0.150970
v -0.076287 0.251983 0.150970
v -0.074890 0.251997 0.150981
v -0.074890 -0.251997 0.150981
v 0.074478 0.251338 0.151033
v 0.074471 -0.251338 0.151033
v -0.076551 -0.260067 0.151206
v 0.076551 -0.260067 0.151206
v -0.076551 0.260067 0.151206
v 0.076551 0.260067 0.151206
v 0.075078 -0.260081 0.151216
v -0.075078 0.260081 0.151216
v 0.075078 0.260081 0.151216
v -0.075078 -0.260081 0.151216
v 0.076682 -0.263979 0.151370
v -0.076682 0.263979 0.151370
v 0.076682 0.263979 0.151370
v -0.076682 -0.263979 0.151370
v -0.075170 0.263989 0.151379
v 0.075171 0.263989 0.151379
v -0.075171 -0.263989 0.151379
v 0.075170 -0.263989 0.151379
v -0.076812 -0.267890 0.151549
v 0.076812 -0.267890 0.151549
v -0.076812 0.267890 0.151549
v 0.076813 0.267890 0.151549
v 0.075263 -0.267897 0.151556
v -0.075263 0.267897 0.151556
v 0.075263 0.267897 0.151556
v -0.075263 -0.267897 0.151556
v -0.177243 0.240336 0.153833
v -0.177243 -0.240335 0.153833
v 0.177243 -0.240336 0.153833
v 0.177243 0.240335 0.153833
v -0.168213 0.245894 0.153839
v 0.168213 -0.245894 0.153839
v 0.168213 0.245894 0.153839
v -0.168213 -0.245894 0.153839
v -0.182667 0.231062 0.153840
v 0.182667 -0.231062 0.153840
v -0.182667 -0.231062 0.153840
v 0.182667 0.231062 0.153840
v 0.185482 -0.218299 0.153869
v -0.185482 0.218299 0.153869
v 0.185482 0.218299 0.153869
v -0.185482 -0.218299 0.153869
v -0.155388 -0.248780 0.153873
v 0.149238 0.248780 0.153873
v 0.149238 -0.248780 0.153873
v -0.155388 0.248780 0.153873
v -0.186441 0.173340 0.153884
v 0.186441 -0.173340 0.153884
v -0.186441 0.189864 0.153884
v -0.186441 0.178846 0.153884
v -0.186441 -0.178846 0.153884
v -0.186441 -0.173340 0.153884
v 0.186441 0.178846 0.153884
v 0.186441 -0.178846 0.153884
v -0.186441 -0.189864 0.153884
v 0.186441 0.189864 0.153884
v 0.186441 -0.189864 0.153884
v 0.186441 0.173340 0.153884
v 0.103447 0.249439 0.153885
v -0.103447 -0.249439 0.153885
v 0.103447 -0.249439 0.153885
v -0.103447 0.249439 0.153885
v 0.137284 0.249376 0.153894
v 0.137284 -0.249376 0.153894
v -0.137284 0.249376 0.153894
v -0.137284 -0.249376 0.153894
v 0.081643 0.249531 0.153898
v -0.081643 -0.249531 0.153898
v 0.081643 -0.249531 0.153898
v 0.186442 0.202765 0.153907
v -0.186442 0.202765 0.153907
v -0.186442 -0.202765 0.153907
v 0.186442 -0.202765 0.153907
v -0.128708 0.249411 0.153913
v 0.128708 0.249411 0.153913
v -0.128708 -0.249411 0.153913
v 0.128708 -0.249411 0.153913
v -0.092545 0.249485 0.153913
v -0.092545 -0.249485 0.153913
v 0.092545 0.249485 0.153913
v 0.092545 -0.249485 0.153913
v -0.081637 0.249537 0.153983
v -0.178764 -0.241892 0.156806
v -0.178764 0.241892 0.156806
v 0.178764 -0.241892 0.156806
v 0.178764 0.241892 0.156806
v -0.007818 -0.249939 0.156921
v 0.007818 0.249939 0.156921
v 0.007818 -0.249939 0.156921
v -0.007818 0.249939 0.156921
v -0.022767 -0.249893 0.156921
v 0.022767 0.249893 0.156921
v 0.022767 -0.249893 0.156921
v -0.022767 0.249893 0.156921
v 0.031844 -0.249863 0.156922
v -0.031844 0.249863 0.156922
v 0.031844 0.249863 0.156922
v -0.031844 -0.249863 0.156922
v 0.076306 -0.249772 0.156923
v -0.076306 -0.249772 0.156923
v 0.076306 0.249772 0.156923
v -0.076306 0.249772 0.156923
v 0.041168 -0.249833 0.156923
v -0.041168 -0.249833 0.156923
v 0.041168 0.249833 0.156923
v -0.041168 0.249833 0.156923
v -0.072606 0.249802 0.156935
v 0.072606 -0.249802 0.156935
v -0.072606 -0.249802 0.156935
v 0.072606 0.249802 0.156935
v 0.075447 -0.275574 0.157665
v -0.075447 -0.275574 0.157665
v -0.077074 -0.275575 0.157666
v -0.077074 0.275525 0.157685
v 0.076774 0.276138 0.157732
v 0.076774 -0.276138 0.157732
v 0.075636 0.276138 0.157732
v -0.212385 -0.179638 0.158184
v 0.212385 0.174104 0.158184
v -0.212385 0.174104 0.158184
v -0.212385 0.179638 0.158184
v -0.212385 -0.174104 0.158184
v 0.212385 -0.174104 0.158184
v -0.093670 -0.276300 0.158184
v 0.212385 0.190796 0.158184
v 0.093670 0.276300 0.158184
v -0.129377 -0.276300 0.158184
v 0.129377 0.276300 0.158184
v -0.212385 -0.190796 0.158184
v 0.129377 -0.276300 0.158184
v -0.093670 0.276300 0.158184
v 0.093670 -0.276300 0.158184
v -0.129377 0.276300 0.158184
v -0.138070 -0.276300 0.158184
v -0.138070 0.276300 0.158184
v 0.138070 0.276300 0.158184
v -0.212385 0.208340 0.158184
v -0.212385 -0.208340 0.158184
v 0.138070 -0.276300 0.158184
v 0.212385 0.208340 0.158184
v 0.091031 0.276300 0.158184
v -0.091031 0.276300 0.158184
v -0.091031 -0.276300 0.158184
v 0.091031 -0.276300 0.158184
v 0.159643 0.274868 0.158184
v 0.210982 0.229135 0.158184
v -0.210982 -0.229135 0.158184
v -0.165793 0.274868 0.158184
v -0.210982 0.229135 0.158184
v -0.206767 0.247555 0.158184
v -0.184234 0.270564 0.158184
v 0.184234 -0.270564 0.158184
v -0.087971 0.276300 0.158184
v -0.184234 -0.270564 0.158184
v 0.184234 0.270564 0.158184
v 0.087971 -0.276300 0.158184
v -0.206767 -0.247555 0.158184
v -0.087972 -0.276300 0.158184
v 0.206767 0.247555 0.158184
v 0.206767 -0.247555 0.158184
v 0.198317 -0.261935 0.158184
v 0.198317 0.261935 0.158184
v -0.198317 0.261935 0.158184
v -0.198317 -0.261935 0.158184
v -0.080256 0.276300 0.158185
v 0.080256 -0.276300 0.158185
v -0.080256 -0.276300 0.158185
v 0.080256 0.276300 0.158185
v 0.022983 -0.276300 0.158191
v -0.075447 0.276300 0.158191
v 0.000000 -0.276300 0.158191
v 0.032144 -0.276300 0.158191
v -0.022983 0.276300 0.158191
v -0.032144 -0.276300 0.158191
v -0.007818 -0.276300 0.158191
v 0.000000 0.276300 0.158191
v -0.074052 -0.276300 0.158191
v 0.074052 0.276300 0.158191
v 0.007818 -0.276300 0.158191
v -0.032144 0.276300 0.158191
v -0.007818 0.276300 0.158191
v -0.074052 0.276300 0.158191
v 0.074052 -0.276300 0.158191
v -0.022983 -0.276300 0.158191
v 0.007818 0.276300 0.158191
v 0.032144 0.276300 0.158191
v 0.022983 0.276300 0.158191
v -0.091423 -0.277877 0.158201
v 0.091296 -0.277877 0.158201
v -0.091259 0.277877 0.158201
v 0.091208 0.277877 0.158202
v 0.093670 -0.277877 0.158205
v 0.213926 -0.174104 0.158205
v 0.213926 0.174104 0.158205
v 0.213926 0.179638 0.158205
v -0.129377 -0.277877 0.158205
v -0.093670 0.277877 0.158205
v 0.129377 0.277877 0.158205
v 0.129377 -0.277877 0.158205
v -0.093670 -0.277877 0.158205
v -0.213926 -0.190796 0.158205
v -0.129377 0.277877 0.158205
v 0.213926 -0.190796 0.158205
v 0.093670 0.277877 0.158205
v -0.213925 -0.208394 0.158205
v -0.138120 -0.277876 0.158205
v 0.213925 0.208394 0.158205
v -0.213925 0.208394 0.158205
v -0.138120 0.277876 0.158205
v 0.213925 -0.208394 0.158205
v 0.138120 0.277876 0.158205
v 0.138120 -0.277876 0.158205
v 0.159866 0.276432 0.158206
v 0.159866 -0.276432 0.158206
v -0.166017 0.276432 0.158206
v -0.166017 -0.276432 0.158206
v 0.212511 -0.229371 0.158206
v 0.212511 0.229371 0.158206
v -0.212511 -0.229371 0.158206
v -0.212511 0.229371 0.158206
v -0.208212 0.248155 0.158209
v 0.208212 0.248155 0.158209
v 0.208212 -0.248155 0.158209
v -0.208212 -0.248155 0.158209
v 0.184817 -0.272044 0.158209
v -0.184817 0.272044 0.158209
v 0.184817 0.272044 0.158209
v -0.184817 -0.272044 0.158209
v 0.199440 0.263085 0.158211
v 0.199440 -0.263085 0.158211
v -0.199440 -0.263085 0.158211
v -0.199440 0.263085 0.158211
v -0.087966 -0.278074 0.158212
v 0.087966 -0.278074 0.158212
v 0.087966 0.278074 0.158212
v -0.087966 0.278074 0.158212
v 0.080245 0.278073 0.158217
v 0.080244 -0.278073 0.158217
v -0.080244 0.278073 0.158217
v -0.080244 -0.278073 0.158217
v 0.074959 0.276826 0.158219
v -0.074959 -0.276826 0.158219
v 0.074959 -0.276826 0.158219
v 0.076288 -0.252241 0.158219
v 0.076288 0.252241 0.158219
v -0.076288 0.252241 0.158219
v -0.077007 0.276905 0.158223
v -0.077007 -0.276905 0.158223
v -0.074892 -0.252262 0.158223
v -0.074892 0.252262 0.158223
v -0.073249 -0.276944 0.158225
v 0.073249 0.276944 0.158225
v 0.073249 -0.276944 0.158225
v -0.073249 0.276944 0.158225
v 0.184743 0.231835 0.158241
v -0.184743 0.231835 0.158241
v 0.184743 -0.231835 0.158241
v -0.184743 -0.231835 0.158241
v -0.168949 -0.248022 0.158242
v -0.168949 0.248022 0.158242
v 0.168949 -0.248022 0.158242
v 0.168949 0.248022 0.158242
v -0.076584 -0.251849 0.158251
v 0.074489 0.251870 0.158257
v 0.074324 -0.251870 0.158258
v -0.090733 -0.278788 0.158263
v -0.090732 0.278801 0.158264
v 0.090731 0.278806 0.158264
v 0.007818 -0.278071 0.158283
v -0.032144 -0.278071 0.158283
v 0.007818 0.278071 0.158283
v -0.022983 -0.278071 0.158283
v 0.022983 -0.278071 0.158283
v 0.000000 -0.278071 0.158283
v 0.022983 0.278071 0.158283
v -0.022983 0.278071 0.158283
v -0.032144 0.278071 0.158283
v -0.007818 -0.278071 0.158283
v 0.090617 -0.279603 0.158290
v 0.076550 -0.260064 0.158302
v -0.076550 0.260064 0.158302
v -0.076550 -0.260064 0.158302
v 0.076550 0.260064 0.158302
v -0.075077 0.260078 0.158304
v -0.075077 -0.260078 0.158304
v 0.075077 0.260078 0.158304
v 0.075077 -0.260078 0.158304
v 0.074450 -0.278242 0.158310
v -0.074450 0.278242 0.158310
v -0.074450 -0.278242 0.158310
v 0.074450 0.278242 0.158310
v 0.076947 0.278282 0.158312
v -0.076947 -0.278282 0.158312
v 0.076947 -0.278282 0.158312
v -0.076947 0.278282 0.158312
v 0.065032 -0.278301 0.158313
v 0.065032 0.278301 0.158313
v -0.065032 0.278301 0.158313
v -0.065032 -0.278301 0.158313
v 0.087747 -0.279661 0.158333
v -0.087747 0.279661 0.158333
v 0.087747 0.279661 0.158333
v -0.087747 -0.279661 0.158333
v 0.080049 0.279661 0.158338
v -0.080049 0.279661 0.158338
v -0.080049 -0.279661 0.158338
v 0.080049 -0.279661 0.158338
v -0.007807 0.278865 0.158342
v 0.032095 0.278865 0.158342
v 0.032095 -0.278865 0.158342
v 0.000000 0.278865 0.158342
v -0.076681 -0.263975 0.158346
v 0.076681 0.263975 0.158346
v 0.076681 -0.263976 0.158346
v -0.076681 0.263976 0.158346
v -0.075169 -0.263986 0.158348
v -0.075169 0.263986 0.158348
v 0.075169 0.263986 0.158348
v 0.075169 -0.263986 0.158348
v -0.076812 -0.267887 0.158378
v 0.076812 -0.267887 0.158378
v -0.076812 0.267887 0.158378
v 0.076812 0.267887 0.158378
v -0.075262 -0.267894 0.158379
v -0.075262 0.267894 0.158379
v 0.075262 -0.267894 0.158379
v 0.075262 0.267894 0.158379
v 0.007795 0.279658 0.158402
v -0.007795 -0.279658 0.158402
v -0.041439 -0.279658 0.158402
v -0.073942 -0.279658 0.158402
v 0.000000 -0.279658 0.158402
v -0.076888 -0.279658 0.158402
v -0.032047 -0.279658 0.158402
v -0.022913 0.279658 0.158402
v 0.022913 -0.279658 0.158402
v -0.041439 0.279658 0.158402
v -0.032047 0.279658 0.158402
v 0.073942 -0.279658 0.158402
v -0.076888 0.279658 0.158402
v -0.073942 0.279658 0.158402
v 0.076888 -0.279658 0.158402
v 0.041439 -0.279658 0.158402
v 0.076888 0.279658 0.158402
v 0.007795 -0.279658 0.158402
v 0.073942 0.279658 0.158402
v 0.041439 0.279658 0.158402
v 0.022913 0.279658 0.158402
v -0.022913 -0.279658 0.158402
v 0.210791 -0.229106 0.158409
v 0.087972 0.276103 0.158409
v 0.212192 0.179638 0.158409
v 0.212192 -0.190796 0.158409
v 0.212192 -0.179638 0.158409
v 0.212192 -0.208333 0.158409
v -0.165765 -0.274672 0.158409
v 0.159615 -0.274672 0.158409
v -0.212192 0.190796 0.158409
v 0.214119 -0.179638 0.158436
v -0.214119 -0.174104 0.158436
v -0.214119 0.174104 0.158436
v -0.214119 0.179638 0.158436
v -0.214119 0.190796 0.158436
v 0.214119 0.190796 0.158436
v -0.214119 -0.179638 0.158436
v 0.090364 0.279904 0.158541
v 0.032047 0.279894 0.158612
v -0.178780 -0.241916 0.158649
v 0.178780 -0.241916 0.158649
v -0.178780 0.241916 0.158649
v 0.178780 0.241916 0.158649
v 0.179357 0.241084 0.158671
v 0.177872 -0.242566 0.158689
v 0.177863 0.242571 0.158690
v -0.177844 0.242583 0.158694
v -0.179451 0.240927 0.158699
v -0.179497 -0.240849 0.158713
v -0.177706 -0.242670 0.158719
v 0.179545 -0.240769 0.158727
v 0.081266 -0.251877 0.158853
v -0.081266 -0.251877 0.158853
v -0.081266 0.251877 0.158853
v 0.081266 0.251877 0.158853
v -0.090468 -0.280052 0.158899
v -0.090468 0.280052 0.158899
v 0.032047 -0.280041 0.158972
v 0.000000 0.280041 0.158972
v -0.007795 0.280041 0.158972
v -0.075444 0.275642 0.159698
v 0.077071 -0.275642 0.159698
v -0.075444 -0.275642 0.159698
v 0.077071 0.275642 0.159698
v 0.075320 -0.276035 0.159719
v 0.000000 -0.276035 0.159719
v -0.032142 -0.276035 0.159719
v -0.007818 -0.276035 0.159719
v -0.022982 -0.276035 0.159719
v 0.075327 0.276035 0.159719
v 0.022982 -0.276035 0.159719
v -0.077770 0.276035 0.159719
v 0.032142 0.276035 0.159719
v 0.007818 0.276035 0.159719
v 0.000000 0.276035 0.159719
v 0.074050 -0.276035 0.159719
v 0.074050 0.276035 0.159719
v -0.074050 -0.276035 0.159719
v -0.077766 -0.276035 0.159719
v -0.074050 0.276035 0.159719
v 0.007818 -0.276035 0.159719
v 0.022982 0.276035 0.159719
v -0.022982 0.276035 0.159719
v -0.032142 0.276035 0.159719
v -0.007818 0.276035 0.159719
v 0.032142 -0.276035 0.159719
v 0.179615 0.241756 0.159744
v 0.179615 -0.241756 0.159744
v -0.179615 -0.241756 0.159744
v -0.179615 0.241756 0.159744
v -0.178625 -0.242770 0.159753
v 0.178625 0.242770 0.159753
v 0.178625 -0.242770 0.159753
v -0.178625 0.242770 0.159753
v 0.197471 0.261069 0.159917
v 0.197471 -0.261069 0.159917
v -0.197471 0.261069 0.159917
v -0.197471 -0.261069 0.159917
v -0.198228 0.260165 0.159917
v -0.196651 0.261798 0.159917
v 0.196622 0.261817 0.159917
v -0.198285 -0.260079 0.159917
v -0.138058 0.276083 0.159919
v 0.138058 0.276083 0.159919
v 0.184148 -0.270359 0.159919
v 0.093665 0.276083 0.159919
v 0.159605 -0.274652 0.159919
v 0.138058 -0.276082 0.159919
v 0.080252 0.276083 0.159919
v -0.212172 -0.174103 0.159919
v 0.080252 -0.276082 0.159919
v -0.093665 -0.276082 0.159919
v 0.212172 -0.174103 0.159919
v -0.091026 0.276083 0.159919
v 0.085639 -0.276082 0.159919
v -0.129371 -0.276082 0.159919
v -0.138058 -0.276082 0.159919
v -0.212172 0.179637 0.159919
v 0.212172 -0.179637 0.159919
v -0.212172 -0.190795 0.159919
v 0.093665 -0.276082 0.159919
v 0.129371 -0.276082 0.159919
v -0.080252 -0.276082 0.159919
v 0.129371 0.276083 0.159919
v 0.206567 0.247466 0.159919
v -0.093665 0.276083 0.159919
v 0.212172 -0.190795 0.159919
v 0.212172 -0.208327 0.159919
v 0.210771 -0.229096 0.159919
v 0.206567 -0.247466 0.159919
v -0.212172 0.174103 0.159919
v 0.210771 0.229096 0.159919
v -0.129371 0.276083 0.159919
v 0.212172 0.208327 0.159919
v 0.212172 0.190795 0.159919
v -0.212172 0.190795 0.159919
v -0.212172 0.208327 0.159919
v -0.080252 0.276083 0.159919
v -0.165755 0.274652 0.159919
v 0.212172 0.174103 0.159919
v -0.212172 -0.208327 0.159919
v -0.210771 -0.229096 0.159919
v -0.085639 -0.276082 0.159919
v 0.212172 0.179637 0.159919
v -0.184148 0.270359 0.159919
v 0.184148 0.270359 0.159919
v -0.210771 0.229096 0.159919
v -0.085639 0.276083 0.159919
v -0.206567 0.247466 0.159919
v -0.091026 -0.276082 0.159919
v -0.212172 -0.179637 0.159919
v 0.085639 0.276083 0.159919
v -0.184148 -0.270359 0.159919
v -0.206567 -0.247466 0.159919
v 0.091026 0.276083 0.159919
v -0.165755 -0.274652 0.159919
v 0.159605 0.274652 0.159919
v 0.091026 -0.276082 0.159919
v 0.197317 0.259896 0.159930
v 0.197317 -0.259896 0.159930
v -0.196325 -0.260909 0.159930
v 0.196325 -0.260909 0.159930
v 0.214099 0.174103 0.159946
v 0.214099 -0.174103 0.159946
v -0.214099 0.190795 0.159946
v -0.214099 -0.179637 0.159946
v 0.214099 0.179637 0.159946
v 0.214099 -0.179637 0.159946
v -0.214099 -0.190795 0.159946
v 0.214099 -0.190795 0.159946
v -0.214099 -0.174103 0.159946
v -0.214099 0.174103 0.159946
v 0.214099 0.190795 0.159946
v -0.214099 0.179637 0.159946
v -0.129371 0.278053 0.159946
v -0.129371 -0.278053 0.159946
v 0.093665 0.278053 0.159946
v -0.093665 0.278053 0.159946
v 0.129371 0.278053 0.159946
v 0.093665 -0.278053 0.159946
v 0.129371 -0.278053 0.159946
v -0.093665 -0.278053 0.159946
v -0.138120 0.278052 0.159946
v -0.138120 -0.278052 0.159946
v -0.214098 -0.208394 0.159946
v 0.214098 -0.208394 0.159946
v 0.138120 -0.278052 0.159946
v -0.214098 0.208394 0.159946
v 0.138120 0.278052 0.159946
v 0.214098 0.208394 0.159946
v 0.212682 -0.229390 0.159947
v 0.159884 0.276608 0.159947
v -0.166034 -0.276608 0.159947
v -0.212682 0.229390 0.159947
v -0.166034 0.276608 0.159947
v -0.212682 -0.229390 0.159947
v 0.212682 0.229390 0.159947
v 0.159884 -0.276608 0.159947
v -0.184875 0.272210 0.159950
v 0.184875 0.272210 0.159950
v 0.184875 -0.272210 0.159950
v 0.208374 0.248215 0.159950
v -0.208374 0.248215 0.159950
v 0.208374 -0.248215 0.159950
v -0.184875 -0.272210 0.159950
v -0.208374 -0.248215 0.159950
v -0.199563 -0.263211 0.159952
v 0.199563 0.263211 0.159952
v -0.199563 0.263211 0.159952
v 0.199563 -0.263211 0.159952
v 0.177484 0.240593 0.160044
v -0.177484 -0.240593 0.160044
v 0.177484 -0.240593 0.160044
v -0.177484 0.240593 0.160044
v 0.191999 -0.254447 0.160047
v 0.192000 0.254447 0.160047
v -0.191999 0.254447 0.160047
v -0.191999 -0.254447 0.160047
v 0.191008 0.255460 0.160047
v -0.191008 0.255460 0.160047
v -0.191008 -0.255460 0.160047
v 0.191008 -0.255460 0.160047
v -0.168235 0.246279 0.160047
v 0.168235 -0.246279 0.160047
v -0.168235 -0.246279 0.160047
v 0.168235 0.246279 0.160047
v -0.183039 0.231109 0.160048
v 0.183039 -0.231109 0.160048
v -0.183040 -0.231109 0.160048
v 0.183040 0.231109 0.160048
v -0.185919 0.218110 0.160067
v 0.185919 -0.218110 0.160067
v 0.185919 0.218110 0.160068
v -0.185919 -0.218110 0.160068
v 0.149010 0.249228 0.160068
v -0.155160 -0.249228 0.160068
v 0.149010 -0.249228 0.160068
v -0.155160 0.249228 0.160068
v 0.136838 -0.249841 0.160082
v 0.136838 0.249841 0.160082
v -0.136838 0.249841 0.160082
v -0.136838 -0.249841 0.160082
v 0.190312 -0.252717 0.160084
v 0.190312 0.252717 0.160084
v -0.190312 0.252717 0.160084
v -0.190312 -0.252717 0.160084
v 0.189321 -0.253731 0.160084
v -0.189321 0.253731 0.160084
v -0.189321 -0.253731 0.160084
v 0.189321 0.253731 0.160084
v -0.186900 -0.178833 0.160084
v -0.186900 0.173328 0.160084
v 0.186900 0.189850 0.160084
v 0.186900 -0.189850 0.160084
v 0.186900 0.178833 0.160084
v -0.186900 0.178833 0.160084
v -0.186900 0.189850 0.160084
v 0.186900 -0.178833 0.160084
v -0.186900 -0.189850 0.160084
v 0.186900 -0.173328 0.160084
v 0.186900 0.173328 0.160084
v -0.186900 -0.173328 0.160084
v -0.101861 -0.249905 0.160085
v 0.101861 0.249905 0.160085
v -0.101861 0.249905 0.160085
v 0.101861 -0.249905 0.160085
v 0.081176 0.249998 0.160086
v 0.081176 -0.249998 0.160086
v -0.081176 -0.249998 0.160086
v 0.091518 0.249952 0.160088
v -0.091518 0.249952 0.160088
v 0.091518 -0.249952 0.160088
v -0.091518 -0.249952 0.160088
v -0.186901 -0.202374 0.160089
v 0.186901 -0.202374 0.160089
v -0.186901 0.202374 0.160089
v 0.186901 0.202374 0.160089
v -0.128303 -0.249877 0.160092
v 0.128303 0.249877 0.160092
v -0.128303 0.249877 0.160092
v 0.128303 -0.249877 0.160092
v 0.188625 -0.250988 0.160121
v -0.188625 -0.250988 0.160121
v 0.188625 0.250988 0.160121
v -0.188625 0.250988 0.160121
v 0.187633 0.252002 0.160121
v 0.187633 -0.252002 0.160121
v -0.187633 -0.252002 0.160121
v -0.187633 0.252002 0.160121
v -0.081169 0.250005 0.160169
v -0.179646 -0.242802 0.160267
v 0.179646 0.242802 0.160267
v 0.179646 -0.242802 0.160267
v -0.179646 0.242802 0.160267
v -0.184872 0.231852 0.160308
v 0.184872 0.231852 0.160308
v 0.184872 -0.231852 0.160308
v -0.184872 -0.231852 0.160308
v 0.168957 0.248156 0.160309
v -0.168957 -0.248156 0.160309
v 0.168957 -0.248156 0.160309
v -0.168957 0.248156 0.160309
v -0.076881 0.279994 0.160317
v 0.076881 0.279994 0.160317
v -0.076881 -0.279994 0.160317
v 0.076881 -0.279994 0.160317
v -0.073939 0.279996 0.160322
v -0.022912 0.279996 0.160322
v 0.007795 0.279996 0.160322
v 0.041437 -0.279996 0.160322
v 0.000000 -0.279996 0.160322
v 0.022912 0.279996 0.160322
v -0.041437 -0.279996 0.160322
v 0.041437 0.279996 0.160322
v -0.041437 0.279996 0.160322
v 0.007795 -0.279996 0.160322
v 0.073939 0.279996 0.160322
v 0.032045 0.279996 0.160322
v -0.032045 -0.279996 0.160322
v -0.032045 0.279996 0.160322
v -0.007795 0.279996 0.160322
v 0.022912 -0.279996 0.160322
v -0.007795 -0.279996 0.160322
v -0.022912 -0.279996 0.160322
v 0.032045 -0.279996 0.160322
v -0.073939 -0.279996 0.160322
v 0.000000 0.279996 0.160322
v 0.073939 -0.279996 0.160322
v 0.090465 0.280038 0.160444
v -0.090465 0.280038 0.160444
v -0.090465 -0.280038 0.160444
v 0.090465 -0.280038 0.160444
v 0.087735 -0.280037 0.160450
v -0.087735 0.280037 0.160450
v -0.087735 -0.280037 0.160450
v 0.087735 0.280037 0.160450
v 0.080037 0.280039 0.160457
v -0.080037 -0.280039 0.160457
v -0.080037 0.280039 0.160457
v 0.080037 -0.280039 0.160457
v 0.076967 0.278797 0.160629
v -0.076967 0.278797 0.160629
v 0.076967 -0.278797 0.160629
v -0.074027 0.278797 0.160634
v 0.007807 0.278797 0.160634
v 0.074027 -0.278797 0.160634
v -0.032094 -0.278797 0.160634
v 0.032094 -0.278797 0.160634
v 0.041499 -0.278797 0.160634
v 0.000000 0.278797 0.160634
v -0.022947 -0.278797 0.160634
v 0.022947 -0.278797 0.160634
v -0.007807 -0.278797 0.160634
v -0.041499 -0.278797 0.160634
v 0.041499 0.278797 0.160634
v 0.007807 -0.278797 0.160634
v 0.074027 0.278797 0.160634
v -0.007807 0.278797 0.160634
v -0.032094 0.278797 0.160634
v -0.074027 -0.278797 0.160634
v 0.022947 0.278797 0.160634
v -0.022947 0.278797 0.160634
v 0.032094 0.278797 0.160634
v 0.090912 0.278847 0.160757
v 0.090912 -0.278847 0.160757
v -0.090912 0.278847 0.160757
v -0.090912 -0.278847 0.160757
v -0.087845 0.278846 0.160764
v 0.087845 -0.278846 0.160764
v 0.087845 0.278846 0.160764
v 0.080128 0.278846 0.160771
v 0.080128 -0.278846 0.160771
v -0.041562 0.278003 0.161116
v -0.077060 -0.278003 0.161182
v 0.000000 -0.278003 0.161187
v -0.091365 0.278053 0.161241
v 0.091320 0.278053 0.161241
v -0.080225 0.278053 0.161255
v -0.091513 -0.278053 0.161312
v 0.091398 -0.278053 0.161312
v -0.087954 -0.278053 0.161319
v -0.080225 -0.278053 0.161326
v 0.075177 -0.268027 0.161357
v 0.075177 0.268027 0.161357
v -0.075177 -0.268027 0.161357
v -0.075177 0.268027 0.161357
v 0.076756 0.268017 0.161357
v 0.076756 -0.268017 0.161357
v -0.076756 0.268017 0.161357
v -0.076756 -0.268017 0.161357
v -0.077037 0.277942 0.161596
v 0.077037 0.277942 0.161596
v -0.074114 0.277942 0.161613
v 0.074114 0.277942 0.161613
v 0.022981 0.277942 0.161613
v -0.007818 0.277942 0.161613
v 0.032141 0.277942 0.161613
v 0.007818 0.277942 0.161613
v -0.032141 0.277942 0.161613
v 0.041560 0.277942 0.161613
v 0.000000 0.277942 0.161613
v -0.022981 0.277942 0.161613
v 0.007818 0.252285 0.161618
v 0.007818 -0.252285 0.161618
v -0.007818 0.252285 0.161618
v -0.007818 -0.252285 0.161618
v 0.000000 0.252285 0.161618
v 0.000000 -0.252285 0.161618
v 0.022705 -0.252238 0.161618
v -0.022705 0.252238 0.161618
v -0.022705 -0.252238 0.161618
v 0.022705 0.252238 0.161618
v -0.031755 -0.252208 0.161618
v 0.031755 -0.252208 0.161618
v -0.031755 0.252208 0.161618
v 0.031755 0.252208 0.161618
v -0.031749 -0.250244 0.161781
v -0.031749 0.250244 0.161781
v 0.031749 -0.250244 0.161781
v 0.031749 0.250244 0.161781
v 0.022699 0.250274 0.161781
v -0.022699 -0.250274 0.161781
v 0.022699 -0.250274 0.161781
v -0.022699 0.250274 0.161781
v -0.007818 0.250321 0.161781
v 0.007818 0.250321 0.161781
v 0.041041 -0.250214 0.161781
v -0.007818 -0.250321 0.161781
v 0.041041 0.250214 0.161781
v -0.041041 -0.250214 0.161781
v -0.041041 0.250214 0.161781
v 0.007818 -0.250321 0.161781
v -0.076188 0.250153 0.161782
v -0.076188 -0.250153 0.161782
v 0.076188 0.250153 0.161782
v 0.076188 -0.250153 0.161782
v 0.072879 -0.250183 0.161783
v -0.072879 -0.250183 0.161783
v 0.072879 0.250183 0.161783
v -0.072879 0.250183 0.161783
v 0.087942 0.278034 0.161910
v -0.087942 0.278034 0.161910
v 0.080206 0.278034 0.161917
v -0.214071 -0.174101 0.161981
v 0.214072 0.190793 0.161981
v 0.214072 0.174101 0.161981
v -0.214071 0.190793 0.161981
v -0.214071 0.174101 0.161981
v -0.214071 0.179635 0.161981
v 0.214072 -0.190793 0.161981
v -0.214071 -0.179635 0.161981
v 0.214072 -0.179635 0.161981
v -0.214071 -0.190793 0.161981
v 0.214072 -0.174101 0.161981
v 0.214072 0.179635 0.161981
v -0.129363 -0.278025 0.161981
v 0.129363 0.278025 0.161981
v 0.093658 0.278025 0.161981
v -0.093658 0.278025 0.161981
v 0.129363 -0.278025 0.161981
v -0.129363 0.278025 0.161981
v -0.093658 -0.278025 0.161981
v 0.093658 -0.278025 0.161981
v 0.138112 -0.278024 0.161982
v -0.138112 0.278024 0.161982
v 0.138112 0.278024 0.161982
v -0.138112 -0.278024 0.161982
v -0.214071 -0.208386 0.161982
v 0.214071 -0.208386 0.161982
v 0.214071 0.208386 0.161982
v -0.214071 0.208386 0.161982
v 0.159871 0.276580 0.161984
v -0.166021 0.276580 0.161984
v -0.166021 -0.276580 0.161984
v 0.159871 -0.276580 0.161984
v 0.212655 0.229377 0.161984
v -0.212655 0.229377 0.161984
v 0.212655 -0.229377 0.161984
v -0.212655 -0.229377 0.161984
v -0.184857 0.272184 0.161990
v 0.184857 -0.272184 0.161990
v 0.184857 0.272184 0.161990
v -0.184857 -0.272184 0.161990
v -0.208348 0.248197 0.161990
v -0.208348 -0.248197 0.161990
v 0.208348 -0.248197 0.161990
v 0.208348 0.248197 0.161990
v -0.199540 0.263187 0.161996
v 0.199540 -0.263187 0.161996
v -0.199540 -0.263187 0.161996
v 0.199540 0.263187 0.161996
v 0.077037 -0.277942 0.162146
v 0.074114 -0.277942 0.162162
v -0.032141 -0.277942 0.162162
v 0.041560 -0.277942 0.162162
v -0.007818 -0.277942 0.162162
v 0.007818 -0.277942 0.162162
v 0.032141 -0.277942 0.162162
v -0.041560 -0.277942 0.162162
v 0.022981 -0.277942 0.162162
v -0.074114 -0.277942 0.162162
v -0.022981 -0.277942 0.162162
v -0.075044 -0.264219 0.162187
v -0.075044 0.264219 0.162187
v 0.075044 -0.264219 0.162187
v 0.075044 0.264219 0.162187
v -0.076599 -0.264204 0.162187
v 0.076599 0.264204 0.162187
v 0.076599 -0.264204 0.162187
v -0.076599 0.264204 0.162187
v 0.091022 -0.278035 0.162452
v -0.091022 -0.278035 0.162452
v -0.087942 -0.278034 0.162459
v 0.087942 -0.278034 0.162459
v 0.080206 -0.278034 0.162466
v -0.080206 -0.278034 0.162466
v -0.074910 -0.260412 0.163017
v 0.074910 0.260412 0.163017
v -0.074910 0.260412 0.163017
v 0.074910 -0.260412 0.163017
v 0.076442 0.260391 0.163017
v -0.076442 -0.260391 0.163017
v -0.076442 0.260391 0.163017
v 0.076442 -0.260391 0.163017
v -0.080135 -0.250361 0.164459
v 0.080135 0.250361 0.164459
v 0.080135 -0.250361 0.164459
v -0.080135 0.250361 0.164459
v -0.074643 0.252797 0.164676
v -0.074643 -0.252797 0.164676
v 0.076128 0.252766 0.164676
v 0.076128 -0.252766 0.164676
v -0.031691 -0.252466 0.164709
v 0.007818 0.252543 0.164709
v 0.007818 -0.252543 0.164709
v 0.000000 0.252543 0.164709
v 0.000000 -0.252543 0.164709
v -0.069989 0.252412 0.164709
v -0.007818 -0.252543 0.164709
v -0.069989 -0.252412 0.164709
v -0.007818 0.252543 0.164709
v -0.076384 -0.252374 0.164709
v 0.074106 -0.252404 0.164709
v -0.022659 0.252496 0.164709
v 0.031691 0.252466 0.164709
v -0.031691 0.252466 0.164709
v 0.031691 -0.252466 0.164709
v 0.022659 -0.252496 0.164709
v 0.069989 -0.252412 0.164709
v -0.076344 0.252374 0.164709
v 0.069989 0.252412 0.164709
v 0.022659 0.252496 0.164709
v -0.022659 -0.252496 0.164709
v 0.074113 0.252404 0.164709
v 0.136510 -0.252201 0.164731
v -0.136510 -0.252201 0.164731
v -0.136510 0.252201 0.164731
v 0.136510 0.252201 0.164731
v 0.188199 0.218231 0.164731
v 0.189211 0.202104 0.164731
v 0.088844 -0.252326 0.164731
v -0.188199 0.218231 0.164731
v 0.189211 0.178823 0.164731
v -0.088844 0.252327 0.164731
v -0.096904 -0.252294 0.164731
v 0.189211 0.189837 0.164731
v 0.189211 -0.189837 0.164731
v 0.189211 -0.202104 0.164731
v 0.100519 -0.252266 0.164731
v 0.189211 -0.178823 0.164731
v 0.127963 -0.252238 0.164731
v 0.096904 0.252294 0.164731
v 0.149072 -0.251565 0.164731
v -0.088844 -0.252326 0.164731
v -0.100519 -0.252266 0.164731
v 0.096904 -0.252294 0.164731
v -0.127963 0.252238 0.164731
v 0.188199 -0.218231 0.164731
v 0.127963 0.252238 0.164731
v -0.127963 -0.252238 0.164731
v 0.189211 -0.173317 0.164731
v -0.096904 0.252294 0.164731
v -0.189211 0.202104 0.164731
v 0.149072 0.251565 0.164731
v -0.189211 -0.173317 0.164731
v -0.155223 -0.251565 0.164731
v -0.189211 0.178823 0.164731
v -0.155223 0.251565 0.164731
v -0.189211 0.189837 0.164731
v -0.189211 -0.189837 0.164731
v -0.100519 0.252266 0.164731
v -0.189211 0.173317 0.164731
v 0.088844 0.252327 0.164731
v 0.100519 0.252266 0.164731
v -0.189211 -0.178823 0.164731
v -0.189211 -0.202104 0.164731
v 0.189211 0.173317 0.164731
v -0.188199 -0.218231 0.164731
v 0.177690 0.240813 0.164860
v -0.177690 -0.240813 0.164860
v -0.177690 0.240813 0.164860
v 0.177690 -0.240813 0.164860
v 0.168253 -0.246607 0.164862
v -0.168253 -0.246607 0.164862
v -0.168253 0.246607 0.164862
v 0.168253 0.246607 0.164862
v -0.183356 -0.231149 0.164864
v -0.183356 0.231149 0.164864
v 0.183356 0.231149 0.164864
v 0.183356 -0.231149 0.164864
v 0.148816 0.249610 0.164877
v 0.148816 -0.249610 0.164877
v -0.154966 -0.249610 0.164877
v -0.154966 0.249610 0.164877
v -0.186291 -0.217949 0.164878
v 0.186291 0.217949 0.164878
v 0.186291 -0.217949 0.164878
v -0.186291 0.217949 0.164878
v 0.136458 0.250238 0.164890
v -0.136458 0.250238 0.164890
v 0.136458 -0.250238 0.164890
v -0.136458 -0.250238 0.164890
v 0.187291 0.202041 0.164891
v -0.187291 -0.202041 0.164891
v 0.187291 -0.202041 0.164891
v -0.187291 0.202041 0.164891
v 0.100512 0.250302 0.164892
v 0.100512 -0.250302 0.164892
v -0.100512 0.250302 0.164892
v -0.100512 -0.250302 0.164892
v -0.090645 0.250349 0.164893
v 0.090645 0.250349 0.164893
v -0.090645 -0.250349 0.164893
v 0.090645 -0.250349 0.164893
v -0.127958 -0.250274 0.164894
v 0.127958 -0.250274 0.164894
v -0.127958 0.250274 0.164894
v 0.127958 0.250274 0.164894
v 0.081548 -0.250392 0.164894
v -0.081548 0.250392 0.164894
v 0.081548 0.250392 0.164894
v -0.081548 -0.250392 0.164894
v -0.187291 0.173317 0.164896
v -0.187291 -0.178823 0.164896
v -0.187291 0.189837 0.164896
v -0.187291 -0.173317 0.164896
v 0.187291 0.173317 0.164896
v 0.187291 -0.173317 0.164896
v -0.187291 -0.189837 0.164896
v 0.187291 0.178823 0.164896
v 0.187291 -0.189837 0.164896
v -0.187291 0.178823 0.164896
v 0.187291 0.189837 0.164896
v 0.187291 -0.178823 0.164896
v -0.075432 0.275325 0.165830
v 0.075432 0.275325 0.165830
v -0.075432 -0.275325 0.165830
v 0.075432 -0.275325 0.165830
v 0.077056 -0.275325 0.165831
v -0.077056 -0.275325 0.165831
v -0.077056 0.275325 0.165831
v 0.077056 0.275325 0.165831
v 0.032135 -0.275715 0.165891
v -0.032135 0.275715 0.165891
v 0.022976 -0.275715 0.165891
v 0.007818 0.275715 0.165891
v 0.000000 0.275715 0.165891
v 0.032135 0.275715 0.165891
v -0.007818 0.275715 0.165891
v -0.032135 -0.275715 0.165891
v 0.074040 0.275715 0.165891
v -0.022976 0.275715 0.165891
v 0.000000 -0.275715 0.165891
v -0.074040 -0.275715 0.165891
v -0.007818 -0.275715 0.165891
v 0.022976 0.275715 0.165891
v -0.022976 -0.275715 0.165891
v -0.074040 0.275715 0.165891
v 0.007818 -0.275715 0.165891
v 0.074040 -0.275715 0.165891
v -0.076934 -0.277674 0.166132
v -0.076934 0.277674 0.166132
v 0.076934 -0.277674 0.166132
v 0.076934 0.277674 0.166132
v -0.007818 0.277672 0.166197
v -0.032135 0.277672 0.166197
v -0.022976 0.277672 0.166197
v -0.074103 0.277672 0.166197
v 0.000000 -0.277672 0.166197
v -0.032135 -0.277672 0.166197
v 0.007818 0.277672 0.166197
v -0.041552 0.277672 0.166197
v 0.022976 -0.277672 0.166197
v -0.007818 -0.277672 0.166197
v -0.022976 -0.277672 0.166197
v 0.000000 0.277672 0.166197
v 0.074104 -0.277672 0.166197
v 0.041552 -0.277672 0.166197
v 0.007818 -0.277672 0.166197
v -0.074104 -0.277672 0.166197
v 0.032135 -0.277672 0.166197
v 0.032135 0.277672 0.166197
v 0.022976 0.277672 0.166197
v 0.041552 0.277672 0.166197
v 0.074104 0.277672 0.166197
v -0.041552 -0.277672 0.166197
v -0.075153 0.267899 0.166458
v 0.075153 -0.267899 0.166458
v -0.075153 -0.267899 0.166458
v 0.075153 0.267899 0.166458
v 0.076720 -0.267889 0.166459
v -0.076720 -0.267889 0.166459
v 0.076720 0.267889 0.166459
v -0.076720 0.267889 0.166459
v -0.075013 0.264186 0.166772
v 0.075013 -0.264186 0.166772
v -0.075013 -0.264186 0.166772
v 0.075013 0.264186 0.166772
v -0.076552 -0.264171 0.166773
v -0.076552 0.264171 0.166773
v 0.076552 -0.264171 0.166773
v 0.076552 0.264171 0.166773
v 0.079391 -0.277888 0.166978
v -0.079391 0.277888 0.166978
v 0.079391 0.277888 0.166978
v -0.079391 -0.277888 0.166978
v 0.196951 -0.261904 0.166993
v 0.198358 -0.260426 0.166993
v -0.196834 0.261980 0.166993
v 0.198408 0.260346 0.166993
v -0.198408 0.260346 0.166993
v 0.196760 0.262028 0.166993
v -0.196698 -0.262069 0.166993
v -0.198459 -0.260264 0.166994
v -0.184082 -0.270268 0.167038
v -0.165708 -0.274556 0.167038
v -0.212077 -0.190789 0.167038
v -0.206478 -0.247399 0.167038
v -0.212077 -0.208296 0.167038
v -0.093640 -0.275985 0.167038
v 0.212077 0.179632 0.167038
v 0.212077 -0.208296 0.167038
v 0.212077 -0.190789 0.167038
v 0.210677 -0.229047 0.167038
v 0.206478 -0.247399 0.167038
v 0.212077 -0.179632 0.167038
v 0.085619 0.275985 0.167038
v -0.138028 -0.275985 0.167038
v 0.093640 -0.275985 0.167038
v 0.129344 -0.275985 0.167038
v 0.184082 -0.270268 0.167038
v 0.159557 -0.274556 0.167038
v 0.138028 -0.275985 0.167038
v -0.138028 0.275985 0.167038
v 0.080234 0.275985 0.167038
v -0.085619 -0.275985 0.167038
v 0.206478 0.247399 0.167038
v -0.165708 0.274556 0.167038
v -0.184082 0.270268 0.167038
v -0.129344 0.275985 0.167038
v -0.093640 0.275985 0.167038
v -0.091003 -0.275985 0.167038
v 0.210677 0.229047 0.167038
v -0.212077 0.179632 0.167038
v -0.080234 0.275985 0.167038
v 0.091003 -0.275985 0.167038
v 0.085619 -0.275985 0.167038
v -0.206478 0.247399 0.167038
v -0.210677 0.229047 0.167038
v -0.212077 0.190789 0.167038
v 0.212077 0.174098 0.167038
v -0.212077 0.208296 0.167038
v -0.212077 -0.179632 0.167038
v -0.212077 0.174098 0.167038
v 0.212077 0.190789 0.167038
v -0.085619 0.275985 0.167038
v -0.091003 0.275985 0.167038
v 0.080234 -0.275985 0.167038
v 0.129344 0.275985 0.167038
v 0.093640 0.275985 0.167038
v -0.080234 -0.275985 0.167038
v 0.091003 0.275985 0.167038
v 0.212077 -0.174098 0.167038
v -0.210677 -0.229047 0.167038
v 0.138028 0.275985 0.167038
v -0.212077 -0.174098 0.167038
v -0.129344 -0.275985 0.167038
v 0.184082 0.270268 0.167038
v 0.212077 0.208296 0.167038
v 0.159557 0.274556 0.167038
v 0.074873 0.260473 0.167086
v 0.074873 -0.260473 0.167086
v -0.074873 -0.260473 0.167086
v -0.074873 0.260473 0.167086
v 0.076384 -0.260453 0.167087
v -0.076384 -0.260453 0.167087
v -0.076384 0.260453 0.167087
v 0.076384 0.260453 0.167087
v 0.214001 -0.190789 0.167213
v 0.214001 -0.179632 0.167213
v -0.093640 -0.277954 0.167213
v 0.093640 0.277954 0.167213
v -0.129344 0.277954 0.167213
v -0.214001 0.174098 0.167213
v -0.214002 -0.190789 0.167213
v -0.214002 -0.179632 0.167213
v -0.214002 -0.174098 0.167213
v -0.093640 0.277954 0.167213
v 0.129344 -0.277954 0.167213
v -0.214001 0.179632 0.167213
v 0.214002 0.174098 0.167213
v -0.214001 0.190789 0.167213
v 0.214001 -0.174098 0.167213
v 0.093640 -0.277954 0.167213
v 0.129344 0.277954 0.167213
v 0.214002 0.179632 0.167213
v 0.214002 0.190789 0.167213
v -0.129344 -0.277954 0.167213
v -0.138091 -0.277954 0.167215
v 0.138091 -0.277954 0.167215
v -0.138091 0.277954 0.167215
v 0.138091 0.277954 0.167215
v 0.214001 0.208365 0.167215
v 0.214001 -0.208365 0.167215
v -0.214001 0.208365 0.167215
v -0.214001 -0.208365 0.167215
v -0.086880 -0.277952 0.167221
v 0.086880 -0.277952 0.167221
v -0.086880 0.277952 0.167221
v 0.086880 0.277952 0.167221
v -0.165988 -0.276510 0.167221
v 0.159838 0.276510 0.167221
v -0.165988 0.276510 0.167221
v 0.159838 -0.276510 0.167221
v 0.212585 0.229343 0.167222
v -0.212585 -0.229343 0.167222
v -0.212585 0.229343 0.167222
v 0.212585 -0.229343 0.167222
v -0.080890 0.277951 0.167228
v 0.080890 -0.277951 0.167228
v -0.080890 -0.277951 0.167228
v 0.080890 0.277951 0.167228
v 0.184812 -0.272115 0.167236
v -0.184812 0.272115 0.167236
v -0.184812 -0.272115 0.167236
v 0.184812 0.272115 0.167236
v -0.208281 0.248151 0.167236
v -0.208281 -0.248151 0.167236
v 0.208281 -0.248151 0.167236
v 0.208281 0.248151 0.167236
v 0.199480 0.263126 0.167250
v -0.199480 0.263126 0.167250
v -0.199480 -0.263126 0.167250
v 0.199480 -0.263126 0.167250
v -0.074594 0.253047 0.167714
v 0.074594 0.253047 0.167714
v 0.074594 -0.253047 0.167714
v -0.076048 0.253017 0.167715
v 0.076048 0.253017 0.167715
v -0.076048 -0.253017 0.167715
v 0.076048 -0.253017 0.167715
v -0.007818 -0.252801 0.167797
v -0.031627 0.252724 0.167797
v -0.022613 -0.252754 0.167797
v -0.069762 0.252670 0.167797
v 0.022613 -0.252754 0.167797
v 0.000000 -0.252801 0.167797
v 0.007818 -0.252801 0.167797
v -0.007818 0.252801 0.167797
v -0.031627 -0.252724 0.167797
v -0.069762 -0.252670 0.167797
v 0.000000 0.252801 0.167797
v 0.031627 -0.252724 0.167797
v 0.031627 0.252724 0.167797
v 0.069762 0.252670 0.167797
v -0.022613 0.252754 0.167797
v 0.007818 0.252801 0.167797
v -0.074039 -0.252662 0.167797
v 0.022613 0.252754 0.167797
v 0.069762 -0.252670 0.167797
v -0.136253 0.252469 0.167945
v 0.136253 0.252469 0.167945
v -0.136253 -0.252469 0.167945
v 0.136253 -0.252469 0.167945
v 0.189475 0.173310 0.167945
v 0.127730 -0.252506 0.167945
v -0.080514 0.252628 0.167945
v -0.189475 0.178815 0.167945
v -0.189475 0.189828 0.167945
v -0.189475 0.201880 0.167945
v -0.188450 0.218123 0.167945
v -0.155092 0.251823 0.167945
v 0.148942 -0.251823 0.167945
v -0.080514 -0.252628 0.167945
v -0.127730 -0.252506 0.167945
v -0.098659 -0.252534 0.167945
v 0.095510 -0.252562 0.167945
v 0.088012 -0.252595 0.167945
v -0.155092 -0.251823 0.167945
v 0.189475 -0.201880 0.167945
v 0.189475 -0.189828 0.167945
v 0.095510 0.252562 0.167945
v 0.189475 -0.178815 0.167945
v 0.098659 0.252534 0.167945
v 0.080514 -0.252628 0.167945
v -0.189475 -0.173310 0.167945
v 0.189475 -0.173310 0.167945
v 0.098659 -0.252534 0.167945
v 0.148942 0.251823 0.167945
v 0.127730 0.252506 0.167945
v 0.188450 -0.218123 0.167945
v -0.188450 -0.218123 0.167945
v -0.088012 -0.252595 0.167945
v -0.189475 0.173310 0.167945
v -0.127730 0.252506 0.167945
v 0.188450 0.218123 0.167945
v 0.189475 0.189828 0.167945
v -0.095510 -0.252562 0.167945
v 0.189475 0.201880 0.167945
v 0.189475 0.178815 0.167945
v -0.095510 0.252562 0.167945
v -0.088012 0.252595 0.167945
v -0.189475 -0.189828 0.167945
v -0.189475 -0.178815 0.167945
v -0.189475 -0.201880 0.167945
v 0.080514 0.252628 0.167945
v -0.098659 0.252534 0.167945
v 0.088012 0.252595 0.167945
v -0.075968 0.250660 0.168157
v -0.075968 -0.250660 0.168157
v 0.075968 0.250660 0.168157
v 0.075968 -0.250660 0.168157
v 0.040870 -0.250750 0.168212
v -0.040870 -0.250750 0.168212
v 0.040870 0.250750 0.168212
v -0.040870 0.250750 0.168212
v -0.073246 -0.250719 0.168212
v 0.073246 -0.250719 0.168212
v -0.031621 -0.250781 0.168212
v -0.031621 0.250781 0.168212
v 0.031621 -0.250781 0.168212
v 0.073246 0.250719 0.168212
v 0.031621 0.250781 0.168212
v -0.073246 0.250719 0.168212
v -0.022607 -0.250811 0.168212
v 0.022607 0.250811 0.168212
v 0.022607 -0.250811 0.168212
v -0.022607 0.250811 0.168212
v 0.007818 0.250859 0.168212
v -0.007818 -0.250859 0.168212
v 0.007818 -0.250859 0.168212
v -0.007818 0.250859 0.168212
v 0.191108 0.255571 0.168342
v -0.191108 0.255571 0.168342
v -0.191108 -0.255571 0.168342
v 0.191108 -0.255571 0.168342
v 0.192100 -0.254558 0.168342
v -0.192100 0.254558 0.168342
v -0.192100 -0.254558 0.168342
v 0.192100 0.254558 0.168342
v 0.188101 -0.252495 0.169020
v -0.188101 0.252494 0.169020
v -0.188101 -0.252495 0.169020
v 0.188101 0.252494 0.169020
v -0.189093 0.251481 0.169020
v 0.189093 -0.251481 0.169020
v 0.189093 0.251481 0.169020
v -0.189093 -0.251481 0.169020
v -0.185095 -0.249418 0.169698
v 0.185095 0.249418 0.169698
v 0.185095 -0.249418 0.169698
v -0.185094 0.249418 0.169698
v 0.186086 -0.248404 0.169698
v 0.186086 0.248404 0.169698
v -0.186086 0.248404 0.169698
v -0.186086 -0.248404 0.169698
v -0.075297 -0.274276 0.169870
v 0.075297 -0.274276 0.169870
v -0.075297 0.274277 0.169870
v 0.076893 0.274271 0.169879
v 0.076893 -0.274271 0.169879
v 0.000000 0.274612 0.170077
v 0.032054 -0.274612 0.170077
v -0.077500 -0.274612 0.170077
v 0.070626 -0.274612 0.170077
v -0.032054 -0.274612 0.170077
v -0.007818 -0.274612 0.170077
v -0.022918 -0.274612 0.170077
v 0.000000 -0.274612 0.170077
v -0.070626 -0.274612 0.170077
v 0.075105 0.274612 0.170077
v -0.077504 0.274612 0.170077
v 0.022918 -0.274612 0.170077
v 0.007818 -0.274612 0.170077
v 0.070626 0.274612 0.170077
v 0.032054 0.274612 0.170077
v -0.007818 0.274612 0.170077
v -0.022918 0.274612 0.170077
v -0.032054 0.274612 0.170077
v -0.070626 0.274612 0.170077
v 0.022918 0.274612 0.170077
v 0.007818 0.274612 0.170077
v 0.179081 0.243264 0.171054
v -0.179081 -0.243264 0.171054
v -0.179081 0.243264 0.171054
v 0.179081 -0.243264 0.171054
v -0.180073 0.242251 0.171054
v 0.180073 0.242251 0.171054
v -0.180073 -0.242251 0.171054
v 0.180073 -0.242251 0.171054
v -0.079532 0.250914 0.171110
v 0.079532 -0.250914 0.171110
v -0.079532 -0.250914 0.171110
v 0.079532 0.250914 0.171110
v 0.000000 0.276371 0.171136
v 0.007818 0.276371 0.171136
v -0.032054 -0.276371 0.171136
v -0.041444 -0.276371 0.171136
v 0.007818 -0.276371 0.171136
v 0.041444 0.276371 0.171136
v -0.022918 -0.276371 0.171136
v -0.007818 0.276371 0.171136
v -0.007818 -0.276371 0.171136
v 0.073968 0.276371 0.171136
v 0.022918 0.276371 0.171136
v -0.032054 0.276371 0.171136
v -0.022918 0.276371 0.171136
v -0.073968 0.276371 0.171136
v 0.032054 0.276371 0.171136
v -0.073968 -0.276371 0.171136
v 0.000000 -0.276371 0.171136
v -0.041444 0.276371 0.171136
v 0.032054 -0.276371 0.171136
v 0.022918 -0.276371 0.171136
v 0.041444 -0.276371 0.171136
v 0.073968 -0.276371 0.171136
v -0.168998 -0.248902 0.171159
v -0.185591 -0.231947 0.171159
v -0.185591 0.231947 0.171159
v -0.168998 0.248902 0.171159
v 0.168998 0.248902 0.171159
v 0.168998 -0.248902 0.171159
v 0.185591 0.231947 0.171159
v 0.185591 -0.231947 0.171159
v -0.080245 -0.252896 0.171159
v -0.087180 0.252863 0.171159
v -0.135997 -0.252737 0.171159
v 0.189739 -0.178808 0.171159
v 0.127497 -0.252774 0.171159
v -0.094115 0.252831 0.171159
v 0.189739 -0.173303 0.171159
v 0.096799 -0.252803 0.171159
v 0.096799 0.252803 0.171159
v -0.189739 0.189820 0.171159
v 0.188702 0.218016 0.171159
v 0.188702 -0.218016 0.171159
v 0.189739 -0.201655 0.171159
v 0.189739 0.189820 0.171159
v 0.189739 -0.189820 0.171159
v 0.080245 0.252896 0.171159
v -0.189739 -0.178808 0.171159
v 0.148811 -0.252081 0.171159
v 0.189739 0.201655 0.171159
v 0.135997 -0.252737 0.171159
v -0.189739 -0.201655 0.171159
v -0.154962 -0.252081 0.171159
v 0.094115 0.252831 0.171159
v -0.096799 -0.252803 0.171159
v -0.094115 -0.252831 0.171159
v -0.188702 -0.218016 0.171159
v -0.189739 0.173303 0.171159
v -0.135997 0.252737 0.171159
v -0.154962 0.252081 0.171159
v -0.096799 0.252803 0.171159
v 0.189739 0.173303 0.171159
v -0.127497 0.252774 0.171159
v -0.087180 -0.252863 0.171159
v -0.189739 0.201655 0.171159
v 0.148811 0.252081 0.171159
v 0.135997 0.252737 0.171159
v -0.189739 0.178808 0.171159
v -0.188702 0.218016 0.171159
v -0.189739 -0.189820 0.171159
v -0.080245 0.252896 0.171159
v 0.094115 -0.252831 0.171159
v 0.087180 -0.252863 0.171159
v 0.080245 -0.252896 0.171159
v 0.127497 0.252774 0.171159
v 0.087180 0.252863 0.171159
v -0.127497 -0.252774 0.171159
v -0.189739 -0.173303 0.171159
v 0.189739 0.178808 0.171159
v -0.076045 0.254293 0.171466
v 0.076045 0.254293 0.171466
v -0.074591 0.254332 0.171474
v 0.074591 0.254332 0.171474
v 0.096789 0.250858 0.171568
v -0.096789 0.250858 0.171568
v 0.096789 -0.250858 0.171568
v -0.096789 -0.250858 0.171568
v -0.154711 0.250147 0.171571
v -0.154711 -0.250147 0.171571
v 0.148561 -0.250147 0.171571
v 0.148561 0.250147 0.171571
v 0.135947 -0.250794 0.171572
v 0.135947 0.250794 0.171572
v -0.135947 0.250794 0.171572
v -0.135947 -0.250794 0.171572
v -0.186813 0.217739 0.171572
v 0.186813 -0.217739 0.171572
v -0.186813 -0.217739 0.171572
v 0.186813 0.217739 0.171572
v 0.127492 -0.250831 0.171573
v -0.127492 -0.250831 0.171573
v 0.127492 0.250832 0.171573
v -0.127492 0.250832 0.171573
v -0.187839 -0.201594 0.171574
v 0.187839 -0.201594 0.171574
v -0.187839 0.201594 0.171574
v 0.187839 0.201594 0.171574
v 0.187839 0.189820 0.171575
v 0.187839 0.178808 0.171575
v -0.187839 -0.178808 0.171575
v -0.187839 -0.173303 0.171575
v 0.187839 -0.178808 0.171575
v 0.187839 -0.173303 0.171575
v -0.187839 0.178808 0.171575
v -0.187839 0.173303 0.171575
v 0.187839 0.173303 0.171575
v -0.187839 -0.189820 0.171575
v 0.187839 -0.189820 0.171575
v -0.187839 0.189820 0.171575
v 0.168291 -0.247067 0.171582
v 0.168291 0.247067 0.171582
v -0.168291 -0.247067 0.171582
v -0.168291 0.247067 0.171582
v -0.183800 0.231218 0.171583
v 0.183801 -0.231218 0.171583
v -0.183801 -0.231218 0.171583
v 0.183801 0.231218 0.171583
v -0.088459 -0.250907 0.171587
v 0.088459 -0.250907 0.171587
v -0.088459 0.250907 0.171587
v 0.088459 0.250907 0.171587
v -0.080901 0.250952 0.171604
v 0.080901 -0.250952 0.171604
v 0.080901 0.250952 0.171604
v -0.080901 -0.250952 0.171604
v -0.177989 0.241132 0.171604
v -0.177989 -0.241132 0.171604
v 0.177989 0.241132 0.171604
v 0.177989 -0.241132 0.171604
v 0.007818 0.254190 0.171748
v -0.022613 0.254142 0.171748
v -0.031627 0.254112 0.171748
v -0.007818 -0.254190 0.171748
v -0.022613 -0.254142 0.171748
v -0.007818 0.254190 0.171748
v -0.031627 -0.254112 0.171748
v 0.000000 -0.254190 0.171748
v 0.031627 -0.254112 0.171748
v 0.007818 -0.254190 0.171748
v 0.022613 0.254142 0.171748
v 0.022613 -0.254142 0.171748
v 0.031627 0.254112 0.171748
v 0.000000 0.254190 0.171748
v -0.074038 -0.254049 0.171748
v -0.069761 -0.254057 0.171748
v -0.069761 0.254057 0.171748
v 0.069761 0.254057 0.171748
v 0.069761 -0.254057 0.171748
v 0.074031 -0.254049 0.171748
v -0.076370 -0.254018 0.171748
v 0.076213 -0.254018 0.171748
v -0.075473 -0.276501 0.171829
v 0.075473 0.276501 0.171829
v 0.075473 -0.276501 0.171829
v -0.075473 0.276501 0.171829
v -0.074951 -0.271756 0.172214
v -0.074951 0.271756 0.172214
v 0.074951 0.271756 0.172214
v 0.074951 -0.271756 0.172214
v 0.076479 -0.271746 0.172218
v 0.076479 0.271746 0.172218
v 0.074925 -0.264334 0.172288
v -0.074925 -0.264334 0.172288
v 0.076447 -0.264311 0.172289
v -0.076447 -0.264311 0.172289
v -0.040871 0.252532 0.172301
v -0.040871 -0.252532 0.172301
v 0.040871 -0.252532 0.172301
v 0.040871 0.252532 0.172301
v -0.031622 -0.252564 0.172301
v 0.031622 0.252564 0.172301
v -0.031622 0.252564 0.172301
v 0.031622 -0.252564 0.172301
v -0.022608 -0.252594 0.172302
v -0.022608 0.252594 0.172302
v 0.022608 -0.252594 0.172302
v 0.022608 0.252594 0.172302
v 0.007818 -0.252642 0.172302
v -0.007818 0.252642 0.172302
v 0.007818 0.252642 0.172302
v -0.007818 -0.252642 0.172302
v -0.073247 -0.252502 0.172304
v 0.073247 0.252502 0.172304
v 0.073247 -0.252502 0.172304
v -0.073247 0.252502 0.172304
v 0.076414 0.256876 0.172360
v -0.076414 0.256876 0.172360
v 0.076414 -0.256876 0.172360
v 0.074898 -0.256911 0.172361
v -0.074898 0.256911 0.172361
v 0.074898 0.256911 0.172361
v 0.075185 -0.252657 0.172365
v -0.075185 0.252657 0.172365
v -0.075185 -0.252657 0.172365
v 0.075185 0.252657 0.172365
v -0.007818 0.271897 0.172582
v 0.070054 -0.271897 0.172582
v -0.022770 -0.271897 0.172582
v -0.076882 0.271897 0.172582
v -0.031846 -0.271897 0.172582
v -0.022770 0.271897 0.172582
v -0.070054 -0.271897 0.172582
v -0.031846 0.271897 0.172582
v -0.076878 -0.271897 0.172582
v 0.022770 0.271897 0.172582
v 0.031846 0.271897 0.172582
v 0.000000 -0.271897 0.172582
v 0.000000 0.271897 0.172582
v 0.007818 -0.271897 0.172582
v 0.070054 0.271897 0.172582
v 0.022770 -0.271897 0.172582
v -0.007818 -0.271897 0.172582
v -0.070054 0.271897 0.172582
v 0.031846 -0.271897 0.172582
v 0.007818 0.271897 0.172582
v -0.003054 -0.267790 0.172623
v 0.000000 -0.269143 0.172623
v -0.003054 0.267790 0.172623
v 0.003054 -0.267790 0.172623
v 0.003054 0.267790 0.172623
v 0.000000 0.269143 0.172623
v -0.002190 0.266906 0.172636
v 0.002190 -0.266906 0.172636
v 0.002190 0.266906 0.172636
v -0.002190 -0.266906 0.172636
v 0.000000 -0.267849 0.172637
v -0.070032 0.264375 0.172666
v 0.070032 -0.264375 0.172666
v 0.031830 -0.264403 0.172666
v -0.004361 -0.264667 0.172666
v 0.022758 0.264418 0.172666
v 0.022758 -0.264418 0.172666
v 0.007818 -0.264667 0.172666
v -0.070032 -0.264375 0.172666
v 0.007818 0.264667 0.172666
v 0.004361 0.264667 0.172666
v 0.070032 0.264375 0.172666
v 0.076829 0.264355 0.172666
v -0.031830 -0.264403 0.172666
v -0.007818 0.264667 0.172666
v 0.004361 -0.264667 0.172666
v -0.007818 -0.264667 0.172666
v -0.003097 -0.264667 0.172666
v -0.022758 0.264418 0.172666
v -0.022758 -0.264418 0.172666
v -0.074550 0.264371 0.172666
v -0.004361 0.264667 0.172666
v 0.074546 0.264371 0.172666
v -0.076833 0.264355 0.172666
v 0.003097 -0.264667 0.172666
v -0.031830 0.264403 0.172666
v 0.031830 0.264403 0.172666
v 0.000000 -0.261484 0.172695
v 0.002190 0.262427 0.172695
v -0.002190 -0.262427 0.172695
v 0.002190 -0.262427 0.172695
v 0.000000 -0.260190 0.172709
v 0.000000 0.260190 0.172709
v -0.003054 0.261543 0.172709
v -0.003054 -0.261543 0.172709
v 0.003054 -0.261543 0.172709
v 0.003054 0.261543 0.172709
v 0.000000 0.267721 0.172732
v 0.070010 0.256853 0.172749
v -0.022747 -0.256939 0.172749
v -0.022747 0.256939 0.172749
v -0.007818 -0.256987 0.172749
v 0.007818 0.256987 0.172749
v 0.022747 -0.256939 0.172749
v -0.070010 -0.256853 0.172749
v 0.007818 -0.256987 0.172749
v -0.074505 -0.256845 0.172749
v -0.031814 -0.256908 0.172749
v 0.022747 0.256939 0.172749
v -0.031814 0.256908 0.172749
v -0.076780 -0.256813 0.172749
v -0.070010 0.256853 0.172749
v -0.007818 0.256987 0.172749
v 0.070010 -0.256853 0.172749
v 0.031814 -0.256908 0.172749
v 0.000000 0.256987 0.172749
v 0.031814 0.256908 0.172749
v 0.000000 -0.256987 0.172749
v 0.002972 0.264667 0.172760
v -0.002972 0.264667 0.172760
v 0.000000 0.261612 0.172788
v -0.002101 0.262518 0.172788
v -0.196294 -0.260879 0.173180
v 0.196294 -0.260879 0.173180
v 0.197286 -0.259866 0.173180
v 0.197286 0.259866 0.173180
v 0.080245 0.274923 0.173439
v -0.211038 -0.207964 0.173439
v 0.196248 0.261381 0.173439
v -0.209655 -0.228516 0.173439
v 0.211038 -0.174043 0.173439
v -0.197866 -0.259667 0.173439
v -0.085638 -0.274923 0.173439
v 0.093506 0.274923 0.173439
v 0.091031 0.274923 0.173439
v 0.211038 0.174043 0.173439
v -0.211038 0.174043 0.173439
v -0.205504 -0.246668 0.173439
v 0.080245 -0.274923 0.173439
v 0.129049 0.274923 0.173439
v 0.085638 0.274923 0.173439
v -0.211038 -0.190722 0.173439
v -0.211038 -0.179575 0.173439
v -0.091031 0.274923 0.173439
v -0.183368 -0.269272 0.173439
v -0.165188 -0.273510 0.173439
v -0.129049 -0.274923 0.173439
v -0.093506 -0.274923 0.173439
v 0.085638 -0.274923 0.173439
v 0.211038 0.190722 0.173439
v 0.211038 0.207964 0.173439
v -0.137703 -0.274923 0.173439
v -0.211038 0.207964 0.173439
v 0.091031 -0.274923 0.173439
v -0.093506 0.274923 0.173439
v -0.129049 0.274923 0.173439
v -0.211038 0.190722 0.173439
v 0.209655 0.228516 0.173439
v -0.209655 0.228516 0.173439
v -0.091031 -0.274923 0.173439
v -0.205504 0.246668 0.173439
v 0.093506 -0.274923 0.173439
v 0.129049 -0.274923 0.173439
v -0.085638 0.274923 0.173439
v 0.205504 0.246668 0.173439
v -0.080245 0.274923 0.173439
v -0.211038 0.179575 0.173439
v 0.137703 -0.274923 0.173439
v 0.159038 -0.273510 0.173439
v -0.183368 0.269272 0.173439
v -0.165188 0.273510 0.173439
v -0.080245 -0.274923 0.173439
v 0.211038 0.179575 0.173439
v 0.183368 0.269272 0.173439
v -0.137703 0.274923 0.173439
v 0.183368 -0.269272 0.173439
v 0.211038 -0.179575 0.173439
v 0.205504 -0.246668 0.173439
v 0.209655 -0.228516 0.173439
v 0.137703 0.274923 0.173439
v 0.211038 -0.190722 0.173439
v 0.211038 -0.207964 0.173439
v -0.211038 -0.174043 0.173439
v 0.159038 0.273510 0.173439
v -0.197821 0.259743 0.173439
v -0.196251 0.261379 0.173439
v -0.001909 0.266619 0.173622
v 0.001909 0.266619 0.173622
v 0.001909 -0.266619 0.173622
v 0.000000 -0.267442 0.173622
v 0.002701 -0.264667 0.173650
v -0.002701 -0.264667 0.173650
v -0.001909 -0.262714 0.173678
v 0.000000 -0.261891 0.173678
v 0.001909 0.262714 0.173678
v 0.001909 -0.262714 0.173678
v -0.079350 -0.276718 0.174045
v 0.079350 0.276719 0.174045
v 0.079350 -0.276718 0.174045
v -0.079350 0.276719 0.174045
v 0.137763 0.276754 0.174429
v 0.137763 -0.276754 0.174429
v -0.137763 0.276754 0.174429
v -0.137763 -0.276754 0.174429
v -0.129049 0.276756 0.174429
v 0.083130 0.276756 0.174429
v 0.080793 0.276756 0.174429
v -0.212831 0.174043 0.174429
v -0.212831 -0.179575 0.174429
v 0.129049 0.276756 0.174429
v -0.080793 0.276756 0.174429
v 0.080793 -0.276756 0.174429
v 0.093506 0.276756 0.174429
v -0.093506 -0.276756 0.174429
v 0.093506 -0.276756 0.174429
v 0.129049 -0.276756 0.174429
v -0.212831 -0.190722 0.174429
v -0.093506 0.276756 0.174429
v 0.212831 -0.179575 0.174429
v -0.083130 -0.276756 0.174429
v 0.212831 -0.174043 0.174429
v -0.083130 0.276756 0.174429
v 0.083130 -0.276756 0.174429
v -0.212831 -0.174043 0.174429
v 0.212831 0.179575 0.174429
v -0.129049 -0.276756 0.174429
v -0.080793 -0.276756 0.174429
v 0.212831 0.174043 0.174429
v 0.212831 -0.190722 0.174429
v 0.212831 0.190722 0.174429
v -0.212831 0.179575 0.174429
v -0.212831 0.190722 0.174429
v -0.212831 0.208029 0.174430
v 0.212831 0.208029 0.174430
v -0.212831 -0.208029 0.174430
v 0.212831 -0.208029 0.174430
v -0.165451 0.275319 0.174445
v -0.165451 -0.275319 0.174445
v 0.159300 0.275319 0.174445
v 0.159300 -0.275319 0.174445
v -0.211428 -0.228794 0.174449
v 0.211428 0.228794 0.174449
v -0.211428 0.228794 0.174449
v 0.211428 -0.228794 0.174449
v 0.184040 -0.270966 0.174483
v -0.184040 -0.270966 0.174483
v 0.184040 0.270966 0.174483
v -0.184040 0.270966 0.174483
v 0.207157 0.247361 0.174484
v -0.207157 0.247361 0.174484
v -0.207157 -0.247361 0.174484
v 0.207157 -0.247361 0.174484
v -0.002101 -0.266815 0.174506
v -0.198483 -0.262107 0.174526
v 0.198483 0.262107 0.174526
v 0.198483 -0.262107 0.174526
v -0.198483 0.262107 0.174526
v -0.002972 0.264667 0.174540
v 0.007818 -0.272677 0.174544
v 0.007818 0.272677 0.174544
v -0.007818 -0.272677 0.174544
v 0.000000 0.272677 0.174544
v -0.007818 0.272677 0.174544
v 0.000000 -0.272677 0.174544
v -0.031846 0.272677 0.174544
v -0.022770 0.272677 0.174544
v 0.022770 0.272677 0.174544
v 0.041167 0.272677 0.174544
v -0.031846 -0.272677 0.174544
v -0.041167 -0.272677 0.174544
v -0.041167 0.272677 0.174544
v 0.031846 -0.272677 0.174544
v -0.022770 -0.272677 0.174544
v 0.031846 0.272677 0.174544
v 0.022770 -0.272677 0.174544
v 0.041167 -0.272677 0.174544
v 0.075064 0.272677 0.174544
v -0.075064 -0.272677 0.174544
v 0.073623 0.272677 0.174544
v -0.073623 -0.272677 0.174544
v -0.073623 0.272677 0.174544
v 0.075064 -0.272677 0.174544
v 0.073623 -0.272677 0.174544
v -0.075064 0.272677 0.174544
v -0.003054 -0.267790 0.174584
v 0.003054 -0.267790 0.174584
v 0.000000 -0.269143 0.174584
v 0.003054 0.267790 0.174584
v 0.000000 0.269143 0.174584
v -0.003054 0.267790 0.174584
v 0.002190 -0.266906 0.174598
v -0.002190 0.266906 0.174598
v 0.002190 0.266906 0.174598
v 0.000000 0.267849 0.174599
v 0.000000 -0.267849 0.174599
v 0.004361 -0.264667 0.174634
v -0.004361 0.264667 0.174634
v -0.007818 0.264667 0.174634
v 0.004361 0.264667 0.174634
v 0.007818 -0.264667 0.174634
v -0.004361 -0.264667 0.174634
v -0.007818 -0.264667 0.174634
v 0.003098 0.264667 0.174634
v 0.003097 -0.264667 0.174634
v 0.007818 0.264667 0.174634
v -0.003097 -0.264667 0.174634
v -0.031829 -0.264627 0.174634
v -0.022758 -0.264642 0.174634
v 0.022758 0.264642 0.174634
v -0.074845 0.264380 0.174634
v 0.041145 0.264611 0.174634
v 0.073594 0.264596 0.174634
v 0.074845 0.264380 0.174634
v -0.031829 0.264627 0.174634
v -0.022758 0.264642 0.174634
v 0.031829 -0.264627 0.174634
v 0.041145 -0.264611 0.174634
v -0.041145 0.264611 0.174634
v -0.074845 -0.264380 0.174634
v 0.022758 -0.264642 0.174634
v 0.031829 0.264627 0.174634
v -0.073594 0.264596 0.174634
v -0.041145 -0.264611 0.174634
v -0.073594 -0.264596 0.174634
v 0.073594 -0.264596 0.174634
v 0.074845 -0.264380 0.174634
v 0.000000 -0.261484 0.174670
v 0.000000 0.261484 0.174670
v -0.002190 0.262427 0.174670
v -0.002190 -0.262427 0.174670
v 0.002190 0.262427 0.174670
v 0.002190 -0.262427 0.174670
v -0.003054 0.261543 0.174684
v 0.003054 -0.261543 0.174684
v 0.000000 -0.260190 0.174684
v -0.003054 -0.261543 0.174684
v 0.000000 0.260190 0.174684
v 0.003054 0.261543 0.174684
v 0.074626 -0.256084 0.174724
v -0.073566 0.256514 0.174724
v 0.073566 -0.256514 0.174724
v 0.074626 0.256084 0.174724
v -0.073566 -0.256514 0.174724
v -0.074626 -0.256084 0.174724
v -0.074626 0.256084 0.174724
v 0.073566 0.256514 0.174724
v 0.041123 0.256545 0.174724
v 0.041123 -0.256545 0.174724
v 0.031813 -0.256576 0.174724
v -0.041123 -0.256545 0.174724
v -0.031813 -0.256576 0.174724
v -0.041123 0.256545 0.174724
v 0.031813 0.256576 0.174724
v -0.031813 0.256576 0.174724
v 0.000000 -0.256656 0.174724
v 0.007818 0.256656 0.174724
v -0.007818 -0.256656 0.174724
v 0.000000 0.256656 0.174724
v 0.007818 -0.256656 0.174724
v -0.007818 0.256656 0.174724
v -0.022746 0.256607 0.174724
v 0.022746 0.256607 0.174724
v -0.022746 -0.256607 0.174724
v 0.022746 -0.256607 0.174724
v -0.180020 -0.244234 0.174750
v -0.180020 0.244234 0.174750
v 0.180020 0.244234 0.174750
v 0.180020 -0.244234 0.174750
v 0.181012 -0.243221 0.174750
v -0.181012 0.243221 0.174750
v 0.181012 0.243221 0.174750
v -0.181012 -0.243221 0.174750
v -0.169718 0.250164 0.175110
v -0.186821 -0.232703 0.175110
v -0.186821 0.232703 0.175110
v -0.169718 -0.250164 0.175110
v 0.186821 -0.232703 0.175110
v -0.191097 -0.201701 0.175110
v -0.191097 -0.189548 0.175110
v 0.169718 0.250164 0.175110
v 0.191097 0.173081 0.175110
v 0.191097 -0.189548 0.175110
v -0.191097 0.189548 0.175110
v 0.186821 0.232703 0.175110
v 0.191097 -0.201701 0.175110
v 0.191097 -0.178577 0.175110
v 0.191097 -0.173081 0.175110
v -0.191097 0.178577 0.175110
v -0.191097 0.173081 0.175110
v -0.191097 -0.178577 0.175110
v 0.191097 0.178577 0.175110
v -0.191097 0.201701 0.175110
v 0.191097 0.189548 0.175110
v 0.191097 0.201701 0.175110
v 0.169718 -0.250164 0.175110
v -0.191097 -0.173081 0.175110
v 0.149160 -0.253438 0.175110
v 0.135996 -0.254123 0.175110
v 0.091634 -0.254218 0.175110
v 0.079502 0.254285 0.175110
v -0.190028 -0.218405 0.175110
v -0.094187 -0.254189 0.175110
v -0.127496 -0.254160 0.175110
v -0.155311 -0.253438 0.175110
v 0.079502 -0.254285 0.175110
v -0.135996 -0.254123 0.175110
v -0.091634 -0.254218 0.175110
v -0.085568 -0.254251 0.175110
v 0.190028 0.218405 0.175110
v 0.135996 0.254122 0.175110
v 0.094187 0.254189 0.175110
v 0.149160 0.253438 0.175110
v -0.190028 0.218405 0.175110
v 0.127496 0.254160 0.175110
v 0.190028 -0.218405 0.175110
v 0.094187 -0.254189 0.175110
v 0.091634 0.254218 0.175110
v -0.079502 0.254285 0.175110
v -0.094187 0.254189 0.175110
v -0.135996 0.254122 0.175110
v -0.155311 0.253438 0.175110
v -0.079502 -0.254285 0.175110
v -0.127496 0.254160 0.175110
v -0.091634 0.254218 0.175110
v 0.085568 0.254251 0.175110
v -0.085568 0.254251 0.175110
v 0.085568 -0.254251 0.175110
v 0.127496 -0.254160 0.175110
v -0.078033 -0.252826 0.175161
v 0.078033 -0.252826 0.175161
v 0.078033 0.252826 0.175161
v -0.078033 0.252826 0.175161
v -0.194232 0.258771 0.175479
v 0.194232 0.258771 0.175479
v 0.194232 -0.258771 0.175479
v -0.194232 -0.258771 0.175479
v 0.195224 0.257757 0.175479
v 0.195224 -0.257757 0.175479
v -0.195224 0.257757 0.175479
v 0.188174 -0.252576 0.175551
v -0.188175 -0.252576 0.175551
v 0.188175 0.252576 0.175551
v -0.188175 0.252576 0.175551
v 0.189167 -0.251563 0.175551
v 0.189167 0.251563 0.175551
v -0.189167 0.251563 0.175551
v -0.189167 -0.251563 0.175551
v 0.183109 -0.245368 0.175624
v -0.182117 -0.246381 0.175624
v -0.182117 0.246381 0.175624
v -0.183109 -0.245368 0.175624
v 0.182117 -0.246381 0.175624
v 0.183109 0.245368 0.175624
v -0.183109 0.245368 0.175624
v -0.094176 0.252637 0.175656
v -0.094176 -0.252637 0.175656
v 0.094176 0.252637 0.175656
v 0.094176 -0.252637 0.175656
v -0.189583 0.189548 0.175664
v -0.189583 0.178577 0.175664
v 0.189583 -0.189548 0.175664
v -0.189583 0.173081 0.175664
v 0.189583 0.178577 0.175664
v -0.189583 -0.173081 0.175664
v -0.189583 -0.178577 0.175664
v 0.189583 0.189548 0.175664
v 0.189583 -0.178577 0.175664
v 0.189583 0.173081 0.175664
v 0.189583 -0.173081 0.175664
v -0.189583 -0.189548 0.175664
v -0.127492 0.252611 0.175664
v 0.127492 -0.252611 0.175664
v 0.127492 0.252611 0.175664
v -0.127492 -0.252611 0.175664
v -0.135956 -0.252578 0.175676
v -0.135956 0.252578 0.175676
v 0.135956 -0.252578 0.175676
v 0.135956 0.252578 0.175676
v 0.082748 -0.252748 0.175681
v -0.082748 0.252748 0.175681
v 0.082748 0.252748 0.175681
v -0.082748 -0.252748 0.175681
v 0.189590 0.201652 0.175681
v -0.189590 -0.201652 0.175681
v 0.189590 -0.201652 0.175681
v -0.189590 0.201652 0.175681
v -0.079359 -0.252838 0.175702
v 0.079359 0.252838 0.175702
v 0.079359 -0.252838 0.175702
v -0.079359 0.252838 0.175702
v -0.179330 0.242515 0.175717
v -0.179330 -0.242515 0.175717
v 0.179330 -0.242515 0.175717
v 0.179330 0.242515 0.175717
v 0.188545 -0.218187 0.175719
v 0.188545 0.218187 0.175719
v -0.188545 -0.218187 0.175719
v -0.188545 0.218187 0.175719
v -0.155114 -0.251915 0.175721
v 0.148963 0.251915 0.175721
v 0.148963 -0.251915 0.175721
v -0.155114 0.251915 0.175721
v 0.185457 0.232146 0.175795
v -0.185457 0.232146 0.175795
v -0.185457 -0.232146 0.175795
v 0.185457 -0.232146 0.175795
v 0.169179 0.248766 0.175796
v -0.169179 0.248766 0.175796
v 0.169179 -0.248766 0.175796
v -0.169179 -0.248766 0.175796
v -0.163861 0.270838 0.175944
v -0.077270 0.272208 0.175944
v 0.093129 0.272208 0.175944
v 0.128294 0.272208 0.175944
v 0.203015 -0.244802 0.175944
v -0.163861 -0.270838 0.175944
v -0.207042 -0.227158 0.175944
v -0.195627 -0.257376 0.175944
v -0.136874 0.272208 0.175944
v -0.084150 0.272208 0.175944
v 0.208384 -0.173904 0.175944
v -0.077270 -0.272208 0.175944
v 0.128294 -0.272208 0.175944
v -0.136874 -0.272208 0.175944
v -0.203015 -0.244802 0.175944
v -0.128294 0.272208 0.175944
v 0.093129 -0.272208 0.175944
v -0.128294 -0.272208 0.175944
v -0.093129 -0.272208 0.175944
v -0.208384 -0.207116 0.175944
v 0.181543 0.266727 0.175944
v 0.136874 0.272208 0.175944
v 0.208384 0.190553 0.175944
v 0.157711 -0.270838 0.175944
v 0.181543 -0.266727 0.175944
v -0.208384 -0.179431 0.175944
v 0.203015 0.244802 0.175944
v 0.084150 -0.272208 0.175944
v -0.208383 0.173904 0.175944
v 0.208384 0.179431 0.175944
v 0.091031 -0.272208 0.175944
v 0.207042 -0.227159 0.175944
v 0.208384 -0.207116 0.175944
v -0.208384 -0.173904 0.175944
v 0.208384 -0.190553 0.175944
v 0.208384 0.207116 0.175944
v 0.157711 0.270838 0.175944
v 0.136874 -0.272208 0.175944
v -0.084150 -0.272208 0.175944
v -0.203015 0.244802 0.175944
v -0.091031 -0.272208 0.175944
v 0.077270 0.272208 0.175944
v -0.208383 0.179431 0.175944
v 0.077270 -0.272208 0.175944
v 0.207042 0.227158 0.175944
v -0.181543 0.266727 0.175944
v -0.208384 -0.190553 0.175944
v -0.093129 0.272208 0.175944
v -0.091031 0.272208 0.175944
v -0.207041 0.227158 0.175944
v 0.084150 0.272208 0.175944
v 0.091031 0.272208 0.175944
v -0.208383 0.207116 0.175944
v -0.208383 0.190553 0.175944
v 0.208384 -0.179431 0.175944
v -0.181543 -0.266727 0.175944
v 0.208384 0.173904 0.175944
v 0.077231 0.264647 0.176028
v 0.077231 -0.264647 0.176028
v 0.128235 -0.264581 0.176028
v 0.128235 0.264581 0.176028
v -0.201108 -0.173527 0.176028
v -0.201108 -0.190092 0.176028
v -0.201108 -0.204796 0.176028
v -0.084106 -0.264629 0.176028
v -0.090981 -0.264611 0.176028
v 0.090981 -0.264611 0.176028
v 0.084106 -0.264629 0.176028
v -0.093074 -0.264596 0.176028
v 0.196195 0.239689 0.176028
v 0.093074 -0.264596 0.176028
v -0.128235 -0.264581 0.176028
v 0.176544 0.259752 0.176028
v -0.077231 -0.264647 0.176028
v 0.093074 0.264596 0.176028
v -0.136808 -0.264562 0.176028
v -0.160228 -0.263514 0.176028
v -0.176544 0.259752 0.176028
v 0.199880 0.223442 0.176028
v 0.154078 0.263514 0.176028
v -0.201108 -0.179040 0.176028
v -0.090981 0.264611 0.176028
v 0.136808 0.264562 0.176028
v -0.176544 -0.259752 0.176028
v 0.201108 0.190092 0.176028
v -0.084106 0.264629 0.176028
v 0.176544 -0.259752 0.176028
v 0.201108 -0.173527 0.176028
v -0.201108 0.173527 0.176028
v 0.201108 0.204796 0.176028
v 0.136808 -0.264562 0.176028
v 0.154078 -0.263514 0.176028
v 0.201108 -0.190093 0.176028
v 0.201108 -0.204796 0.176028
v 0.201108 0.179040 0.176028
v 0.199880 -0.223442 0.176028
v 0.196195 -0.239689 0.176028
v -0.201108 0.179040 0.176028
v 0.090981 0.264611 0.176028
v -0.196195 -0.239689 0.176028
v 0.084106 0.264629 0.176028
v -0.136808 0.264562 0.176028
v -0.160228 0.263514 0.176028
v -0.093074 0.264596 0.176028
v -0.201108 0.190093 0.176028
v -0.077231 0.264647 0.176028
v -0.201108 0.204796 0.176028
v -0.199880 -0.223442 0.176028
v -0.128235 0.264581 0.176028
v -0.199880 0.223442 0.176028
v 0.201108 0.173527 0.176028
v -0.196195 0.239689 0.176028
v 0.201108 -0.179040 0.176028
v -0.189375 -0.234577 0.176111
v -0.128175 0.256953 0.176111
v -0.093020 -0.256984 0.176111
v 0.193832 0.173150 0.176111
v -0.077193 0.257087 0.176111
v 0.192718 0.219726 0.176111
v 0.189375 0.234577 0.176111
v -0.128175 -0.256953 0.176111
v 0.093020 -0.256984 0.176111
v 0.181818 0.246485 0.176111
v -0.192718 -0.219726 0.176111
v 0.150445 0.256189 0.176111
v 0.077193 0.257087 0.176111
v -0.084062 -0.257051 0.176111
v -0.090931 -0.257015 0.176111
v 0.193832 -0.173150 0.176111
v 0.077193 -0.257086 0.176111
v 0.136743 0.256915 0.176111
v 0.128175 -0.256953 0.176111
v 0.128175 0.256953 0.176111
v 0.084062 -0.257051 0.176111
v 0.090931 -0.257015 0.176111
v 0.193832 0.202476 0.176111
v 0.193832 0.189632 0.176111
v 0.193832 0.178649 0.176111
v 0.171545 0.252777 0.176111
v -0.171545 -0.252777 0.176111
v -0.193832 -0.178649 0.176111
v 0.093020 0.256984 0.176111
v -0.193832 -0.189632 0.176111
v -0.193832 -0.202476 0.176111
v -0.193832 0.178649 0.176111
v -0.084062 0.257051 0.176111
v -0.077193 -0.257086 0.176111
v -0.090931 0.257015 0.176111
v -0.193832 -0.173150 0.176111
v -0.156595 -0.256189 0.176111
v 0.171545 -0.252777 0.176111
v -0.136743 -0.256915 0.176111
v 0.193832 -0.178649 0.176111
v 0.193832 -0.202476 0.176111
v 0.193832 -0.189633 0.176111
v 0.084062 0.257051 0.176111
v 0.090931 0.257015 0.176111
v 0.136743 -0.256915 0.176111
v 0.150445 -0.256189 0.176111
v -0.193832 0.202476 0.176111
v -0.193832 0.189633 0.176111
v 0.192718 -0.219726 0.176111
v 0.189375 -0.234577 0.176111
v -0.193832 0.173150 0.176111
v -0.136743 0.256915 0.176111
v -0.171545 0.252777 0.176111
v -0.093020 0.256984 0.176111
v -0.156595 0.256189 0.176111
v -0.189375 0.234577 0.176111
v -0.192718 0.219726 0.176111
v -0.076203 0.272902 0.177188
v -0.076203 -0.272902 0.177188
v 0.076203 0.272902 0.177188
v 0.076203 -0.272902 0.177188
v 0.076089 0.264637 0.177290
v -0.076089 -0.264637 0.177290
v -0.076089 0.264637 0.177290
v 0.076089 -0.264637 0.177290
v 0.075976 0.256372 0.177392
v 0.075976 -0.256372 0.177392
v -0.075976 -0.256372 0.177392
v -0.075976 0.256372 0.177392
v 0.209156 0.207139 0.177906
v -0.209156 -0.207139 0.177906
v -0.209156 0.207139 0.177906
v 0.209156 -0.207139 0.177906
v -0.209146 0.173904 0.177906
v -0.209146 0.179431 0.177906
v -0.209146 0.190553 0.177906
v -0.209146 -0.190553 0.177906
v -0.209146 -0.179431 0.177906
v 0.209146 -0.173904 0.177906
v 0.209146 -0.179431 0.177906
v 0.209146 0.179431 0.177906
v 0.209146 0.173904 0.177906
v -0.209146 -0.173904 0.177906
v 0.209146 -0.190553 0.177906
v 0.209146 0.190553 0.177906
v -0.163963 0.271625 0.177907
v 0.157812 -0.271625 0.177907
v -0.163963 -0.271625 0.177907
v 0.157812 0.271625 0.177907
v -0.136895 -0.272998 0.177907
v 0.136895 -0.272998 0.177907
v -0.136895 0.272998 0.177907
v 0.136895 0.272998 0.177907
v -0.093129 -0.272988 0.177907
v 0.093129 0.272988 0.177907
v 0.093129 -0.272988 0.177907
v -0.093129 0.272988 0.177907
v 0.128294 -0.272988 0.177907
v -0.128294 -0.272988 0.177907
v -0.128294 0.272988 0.177907
v 0.128294 0.272988 0.177907
v 0.080245 -0.272975 0.177907
v -0.080245 -0.272975 0.177907
v -0.080245 0.272976 0.177907
v 0.080245 0.272976 0.177907
v 0.077284 0.272966 0.177907
v -0.077283 0.272966 0.177907
v -0.077284 -0.272966 0.177907
v 0.077284 -0.272966 0.177907
v -0.207810 0.227266 0.177907
v -0.207810 -0.227266 0.177907
v 0.207810 -0.227266 0.177907
v 0.207810 0.227266 0.177907
v 0.181814 -0.267462 0.177908
v 0.181814 0.267462 0.177908
v -0.181814 -0.267462 0.177908
v -0.181814 0.267462 0.177908
v 0.203731 -0.245081 0.177908
v -0.203731 0.245081 0.177908
v 0.203731 0.245081 0.177908
v -0.203731 -0.245081 0.177908
v -0.195504 -0.259059 0.177908
v 0.195504 0.259059 0.177908
v 0.195504 -0.259059 0.177908
v -0.195504 0.259059 0.177908
v -0.160257 -0.263759 0.177996
v -0.160257 0.263759 0.177996
v 0.154106 0.263759 0.177996
v 0.154106 -0.263759 0.177996
v -0.201338 0.204802 0.177996
v -0.201338 -0.204802 0.177996
v 0.201338 0.204802 0.177996
v 0.201338 -0.204802 0.177996
v 0.189015 0.252422 0.177996
v 0.189015 -0.252422 0.177996
v -0.189015 0.252422 0.177996
v -0.189015 -0.252422 0.177996
v 0.200119 -0.223472 0.177996
v -0.200119 -0.223472 0.177996
v -0.200119 0.223472 0.177996
v 0.200119 0.223472 0.177996
v 0.136814 -0.264795 0.177996
v -0.136814 -0.264795 0.177996
v 0.136814 0.264795 0.177996
v -0.136814 0.264795 0.177996
v -0.201327 0.190093 0.177996
v 0.201327 0.190092 0.177996
v 0.201327 0.179040 0.177996
v -0.201327 0.179040 0.177996
v -0.201327 0.173527 0.177996
v -0.201327 -0.190092 0.177996
v 0.201327 0.173527 0.177996
v -0.201327 -0.173527 0.177996
v -0.201327 -0.179040 0.177996
v 0.201327 -0.179040 0.177996
v 0.201327 -0.190093 0.177996
v 0.201327 -0.173527 0.177996
v 0.176629 -0.259997 0.177996
v -0.176629 0.259997 0.177996
v 0.196434 -0.239777 0.177996
v -0.196434 -0.239777 0.177996
v 0.176629 0.259997 0.177996
v -0.196434 0.239777 0.177996
v -0.176629 -0.259997 0.177996
v 0.196434 0.239777 0.177996
v -0.128234 0.264805 0.177996
v 0.128234 0.264805 0.177996
v -0.128234 -0.264805 0.177996
v 0.128234 -0.264805 0.177996
v -0.093073 0.264819 0.177996
v -0.093073 -0.264819 0.177996
v 0.093073 0.264819 0.177996
v 0.093073 -0.264819 0.177996
v 0.080171 0.264762 0.177997
v -0.080171 0.264762 0.177997
v 0.080171 -0.264762 0.177997
v -0.080171 -0.264762 0.177997
v -0.077191 0.264717 0.177998
v 0.077191 -0.264717 0.177998
v 0.077191 0.264717 0.177998
v -0.077191 -0.264717 0.177998
v -0.182526 -0.245785 0.178084
v 0.182526 -0.245785 0.178084
v -0.182526 0.245785 0.178084
v 0.182526 0.245785 0.178084
v 0.171444 0.252533 0.178085
v 0.189136 -0.234472 0.178085
v 0.171444 -0.252533 0.178085
v -0.171444 -0.252533 0.178085
v 0.189137 0.234472 0.178085
v -0.189136 0.234472 0.178085
v -0.189136 -0.234472 0.178085
v -0.171444 0.252533 0.178085
v 0.192428 0.219678 0.178085
v 0.192428 -0.219678 0.178085
v -0.192428 0.219678 0.178085
v -0.192428 -0.219678 0.178085
v -0.156551 0.255893 0.178086
v -0.156551 -0.255893 0.178086
v 0.150400 -0.255893 0.178086
v 0.150400 0.255893 0.178086
v -0.136733 0.256591 0.178086
v 0.136733 -0.256591 0.178086
v -0.136733 -0.256591 0.178086
v 0.136733 0.256591 0.178086
v -0.193519 -0.202464 0.178086
v -0.193519 0.202464 0.178086
v 0.193519 0.202464 0.178086
v 0.193519 -0.202464 0.178086
v 0.128174 -0.256622 0.178086
v 0.128174 0.256622 0.178086
v -0.128174 -0.256622 0.178086
v -0.128174 0.256622 0.178086
v 0.093017 0.256650 0.178086
v -0.093017 0.256650 0.178086
v 0.093017 -0.256650 0.178086
v -0.093017 -0.256650 0.178086
v -0.193508 -0.189632 0.178086
v -0.193508 0.189633 0.178086
v -0.193508 -0.173150 0.178086
v 0.193508 -0.189633 0.178086
v 0.193508 0.173150 0.178086
v 0.193508 -0.173150 0.178086
v 0.193508 0.178649 0.178086
v 0.193508 -0.178649 0.178086
v -0.193508 -0.178649 0.178086
v -0.193508 0.178649 0.178086
v -0.193508 0.173150 0.178086
v 0.193508 0.189632 0.178086
v 0.080096 0.256549 0.178088
v -0.080096 -0.256549 0.178088
v 0.080096 -0.256549 0.178088
v -0.080096 0.256549 0.178088
v -0.077099 -0.256468 0.178089
v -0.077099 0.256468 0.178089
v 0.077099 0.256468 0.178089
v 0.077099 -0.256468 0.178089
vn -0.0000 -0.0000 -1.0000
vn -0.0000 -0.3717 -0.9283
vn -0.0001 -0.3718 -0.9283
vn 0.0001 -0.3718 -0.9283
vn -0.0000 0.3717 -0.9283
vn -0.0001 0.3718 -0.9283
vn -0.3649 -0.0000 -0.9311
vn -0.2793 -0.3066 -0.9099
vn -0.0500 -0.3991 -0.9155
vn 0.3719 -0.0000 -0.9283
vn 0.4031 -0.0639 -0.9129
vn 0.2846 -0.3073 -0.9081
vn -0.3957 -0.0628 -0.9162
vn -0.2793 0.3066 -0.9099
vn -0.3957 0.0628 -0.9162
vn 0.2846 0.3073 -0.9081
vn 0.0506 0.3998 -0.9152
vn 0.4031 0.0639 -0.9129
vn -0.0001 -0.0000 -1.0000
vn 0.0001 -0.0000 -1.0000
vn 0.0488 -0.3964 -0.9168
vn -0.0488 -0.3964 -0.9168
vn 0.0488 0.3964 -0.9168
vn 0.0001 0.3718 -0.9283
vn -0.0488 0.3964 -0.9168
vn 0.0001 0.3760 -0.9266
vn -0.0500 0.3991 -0.9155
vn 0.0001 -0.3760 -0.9266
vn -0.0001 0.3760 -0.9266
vn -0.0001 -0.3760 -0.9266
vn 0.0506 -0.3998 -0.9152
vn 0.0002 0.3766 -0.9264
vn 0.0002 -0.3766 -0.9264
vn -0.0002 0.3766 -0.9264
vn -0.0002 -0.3766 -0.9264
vn 0.3714 -0.0000 -0.9285
vn -0.4036 0.0663 -0.9125
vn -0.3714 -0.0000 -0.9285
vn 0.0517 0.4020 -0.9142
vn 0.0517 -0.4020 -0.9142
vn -0.2817 0.3080 -0.9087
vn -0.4036 -0.0663 -0.9125
vn 0.2817 -0.3080 -0.9087
vn 0.4036 -0.0663 -0.9125
vn 0.4036 0.0663 -0.9125
vn -0.0523 -0.4027 -0.9139
vn -0.2817 -0.3080 -0.9087
vn 0.2817 0.3080 -0.9087
vn -0.0523 0.4027 -0.9138
vn 0.3996 -0.0633 -0.9145
vn -0.2884 0.3087 -0.9064
vn -0.4068 0.0645 -0.9113
vn -0.3755 -0.0000 -0.9268
vn -0.2884 -0.3087 -0.9064
vn -0.4068 -0.0645 -0.9113
vn 0.3996 0.0633 -0.9145
vn 0.2833 0.3080 -0.9082
vn 0.2833 -0.3080 -0.9082
vn 0.3687 -0.0000 -0.9296
vn -0.0001 -0.8776 -0.4794
vn 0.0001 -0.8776 -0.4794
vn -0.0000 -0.8776 -0.4793
vn 0.0001 0.8776 -0.4794
vn -0.0001 0.8776 -0.4794
vn -0.0000 0.8776 -0.4793
vn -0.0863 0.8770 -0.4726
vn 0.0863 -0.8770 -0.4726
vn 0.0863 0.8770 -0.4726
vn -0.0863 -0.8770 -0.4726
vn 0.6203 0.6065 -0.4974
vn -0.6203 -0.6065 -0.4974
vn 0.8832 -0.0890 -0.4604
vn 0.8832 0.0890 -0.4604
vn 0.8874 -0.0000 -0.4610
vn -0.8832 0.0890 -0.4604
vn -0.8874 -0.0000 -0.4610
vn -0.8832 -0.0890 -0.4604
vn 0.0001 -0.0000 1.0000
vn -0.5632 -0.0000 0.8263
vn 0.5439 0.4426 0.7129
vn -0.0001 -0.0000 1.0000
vn 0.6004 0.0663 0.7970
vn 0.5631 -0.0000 0.8264
vn 0.5439 -0.4426 0.7129
vn 0.1045 -0.6152 0.7814
vn -0.4989 0.4494 0.7410
vn -0.1065 0.6150 0.7813
vn 0.6004 -0.0663 0.7970
vn -0.4988 -0.4494 0.7411
vn -0.6003 -0.0737 0.7964
vn -0.6004 0.0737 0.7963
vn -0.0002 -0.5727 0.8197
vn -0.0002 0.5727 0.8197
vn 0.1045 0.6152 0.7814
vn 0.0003 -0.5727 0.8197
vn -0.1065 -0.6150 0.7813
vn 0.0003 0.5727 0.8197
vn -0.0001 0.5732 0.8194
vn -0.0000 -0.0000 1.0000
vn -0.0001 -0.5732 0.8194
vn 0.0001 0.5732 0.8194
vn 0.0001 -0.5732 0.8194
vn 0.0001 0.5711 0.8209
vn -0.0001 -0.5711 0.8209
vn -0.1075 0.6168 0.7797
vn 0.1097 -0.6165 0.7796
vn -0.1075 -0.6168 0.7797
vn 0.5015 -0.4466 0.7410
vn -0.5464 0.4402 0.7125
vn -0.5643 -0.0000 0.8256
vn -0.1064 0.6137 0.7824
vn -0.5464 -0.4402 0.7125
vn -0.6015 -0.0663 0.7961
vn -0.6015 0.0663 0.7961
vn 0.5015 0.4466 0.7410
vn 0.6012 0.0737 0.7957
vn 0.0979 0.6147 0.7827
vn 0.6012 -0.0737 0.7957
vn 0.5642 -0.0000 0.8257
vn -0.0970 -0.6147 0.7827
vn 0.0970 -0.6147 0.7827
vn 0.0001 -0.5711 0.8209
vn -0.6060 -0.0685 0.7925
vn -0.6060 0.0702 0.7923
vn -0.5675 -0.0000 0.8234
vn 0.6060 -0.0685 0.7925
vn 0.5675 -0.0000 0.8234
vn -0.5408 -0.4822 0.6893
vn 0.6058 0.0768 0.7919
vn -0.5500 0.4161 0.7242
vn 0.5408 -0.4822 0.6893
vn 0.4858 0.4990 0.7176
vn -0.8890 0.0869 -0.4496
vn -0.6318 0.6025 -0.4876
vn 0.8840 0.0865 -0.4593
vn 0.8879 -0.0000 -0.4600
vn -0.8890 -0.0869 -0.4496
vn -0.8927 -0.0000 -0.4506
vn 0.8840 -0.0865 -0.4593
vn 0.6240 -0.6041 -0.4957
vn -0.0895 0.8790 -0.4683
vn 0.0884 0.8788 -0.4689
vn 0.6240 0.6041 -0.4957
vn -0.0895 -0.8790 -0.4683
vn -0.6319 -0.6028 -0.4871
vn 0.0884 -0.8788 -0.4689
vn 0.0003 -0.8806 -0.4738
vn 0.0002 0.8808 -0.4735
vn -0.0002 -0.8808 -0.4735
vn -0.0002 0.8808 -0.4735
vn 0.0002 -0.8812 -0.4728
vn -0.0002 0.8812 -0.4728
vn 0.0918 0.8804 -0.4652
vn 0.0002 0.8812 -0.4728
vn -0.0907 -0.8803 -0.4657
vn -0.0002 -0.8812 -0.4728
vn 0.0918 -0.8804 -0.4652
vn -0.0906 0.8803 -0.4658
vn 0.6357 0.6033 -0.4817
vn -0.6282 -0.6045 -0.4898
vn -0.8875 -0.0870 -0.4525
vn -0.8915 -0.0000 -0.4531
vn 0.8921 -0.0873 -0.4433
vn 0.8921 0.0873 -0.4433
vn -0.8875 0.0870 -0.4525
vn 0.8959 -0.0000 -0.4442
vn 0.8961 -0.0000 -0.4439
vn 0.0003 0.8734 0.4870
vn -0.0001 0.5711 0.8209
vn -0.0003 -0.8734 0.4870
vn 0.0003 -0.8734 0.4870
vn -0.0917 0.8652 0.4930
vn -0.0003 0.8734 0.4870
vn 0.0917 0.8652 0.4930
vn -0.0917 -0.8652 0.4930
vn 0.0917 -0.8652 0.4930
vn -0.6166 -0.5585 0.5548
vn -0.6044 0.5523 0.5741
vn 0.6166 -0.5585 0.5548
vn 0.6118 0.5499 0.5687
vn -0.8754 0.0610 0.4795
vn 0.8803 -0.0000 0.4744
vn 0.8754 -0.0610 0.4795
vn -0.8754 -0.0610 0.4795
vn -0.8803 -0.0000 0.4744
vn 0.8754 0.0610 0.4795
vn 0.8819 -0.0000 0.4714
vn -0.8819 -0.0000 0.4715
vn -0.8772 0.0592 0.4764
vn 0.8773 -0.0592 0.4763
vn -0.8773 -0.0592 0.4764
vn 0.8773 0.0592 0.4763
vn -0.6138 -0.5430 0.5731
vn 0.6187 -0.5500 0.5610
vn -0.6139 0.5426 0.5733
vn 0.6187 0.5500 0.5610
vn 0.0939 -0.8676 0.4883
vn -0.0939 0.8676 0.4883
vn -0.0005 -0.8770 0.4804
vn -0.0939 -0.8676 0.4883
vn 0.0939 0.8676 0.4883
vn 0.0005 0.8770 0.4804
vn -0.0002 0.8778 0.4790
vn -0.0005 0.8770 0.4804
vn 0.0003 -0.8778 0.4790
vn 0.0003 -0.8772 0.4802
vn -0.0002 -0.8778 0.4790
vn 0.0003 0.8778 0.4790
vn 0.6184 -0.5430 0.5681
vn 0.8798 -0.0593 0.4715
vn -0.8796 -0.0594 0.4720
vn -0.8842 -0.0000 0.4671
vn -0.6231 0.5501 0.5560
vn -0.8796 0.0594 0.4720
vn -0.6231 -0.5501 0.5560
vn 0.8842 -0.0000 0.4671
vn 0.6184 0.5430 0.5681
vn 0.8796 0.0594 0.4720
vn 0.1097 0.6165 0.7796
vn -0.0971 0.8689 0.4854
vn 0.0972 -0.8689 0.4854
vn 0.0972 0.8689 0.4854
vn -0.0971 -0.8689 0.4854
vn -0.0000 -0.6365 -0.7712
vn -0.0000 0.6365 -0.7712
vn -0.0003 0.6367 -0.7711
vn -0.0003 -0.6367 -0.7711
vn -0.0662 0.6033 -0.7947
vn 0.0003 0.6367 -0.7711
vn 0.0003 -0.6367 -0.7711
vn -0.0662 -0.6033 -0.7947
vn -0.3071 -0.3137 -0.8985
vn -0.6203 0.6065 -0.4974
vn 0.0662 0.6033 -0.7947
vn 0.3071 0.3137 -0.8985
vn 0.6203 -0.6065 -0.4974
vn 0.0662 -0.6033 -0.7947
vn -0.6154 0.0708 -0.7851
vn -0.6154 -0.0708 -0.7851
vn 0.6154 -0.0708 -0.7851
vn -0.6527 -0.0000 -0.7576
vn 0.6527 -0.0000 -0.7576
vn 0.6154 0.0708 -0.7851
vn 0.6163 0.0689 -0.7845
vn 0.6528 -0.0000 -0.7575
vn -0.6664 -0.0000 -0.7456
vn -0.6299 -0.0707 -0.7735
vn 0.6163 -0.0689 -0.7845
vn 0.3074 -0.3130 -0.8986
vn -0.6299 0.0707 -0.7735
vn -0.3107 0.3214 -0.8945
vn -0.0650 0.6048 -0.7937
vn 0.0660 0.6035 -0.7946
vn 0.3074 0.3130 -0.8986
vn -0.0650 -0.6048 -0.7937
vn -0.3107 -0.3214 -0.8945
vn 0.0660 -0.6035 -0.7946
vn 0.0007 -0.6380 -0.7700
vn 0.0007 0.6380 -0.7700
vn -0.0007 -0.6380 -0.7700
vn -0.0007 0.6380 -0.7700
vn 0.0006 0.6383 -0.7698
vn -0.0006 0.6383 -0.7698
vn 0.0006 -0.6383 -0.7698
vn -0.0006 -0.6383 -0.7698
vn 0.6357 -0.6033 -0.4817
vn 0.0678 -0.6052 -0.7932
vn -0.6282 0.6045 -0.4898
vn -0.0688 0.6039 -0.7941
vn 0.0678 0.6052 -0.7932
vn 0.3201 0.3223 -0.8909
vn -0.0687 -0.6040 -0.7941
vn -0.3147 -0.3144 -0.8956
vn 0.6744 -0.0000 -0.7384
vn 0.6384 -0.0710 -0.7664
vn -0.6232 0.0693 -0.7790
vn -0.6593 -0.0000 -0.7519
vn -0.6232 -0.0693 -0.7790
vn 0.6384 0.0710 -0.7664
vn -0.0000 -0.0072 -1.0000
vn -0.0005 0.0072 -1.0000
vn -0.0000 0.0072 -1.0000
vn 0.0005 0.0072 -1.0000
vn -0.0009 0.0072 -1.0000
vn 0.0009 0.0072 -1.0000
vn -0.0009 -0.0072 -1.0000
vn -0.0005 -0.0072 -1.0000
vn 0.0009 -0.0072 -1.0000
vn -0.0010 -0.0071 -1.0000
vn 0.0010 -0.0071 -1.0000
vn 0.0010 0.0071 -1.0000
vn -0.0010 0.0071 -1.0000
vn 0.0007 -0.0000 -1.0000
vn -0.0007 -0.0000 -1.0000
vn -0.0007 -0.0071 -1.0000
vn 0.0007 -0.0071 -1.0000
vn 0.0007 0.0071 -1.0000
vn -0.0007 0.0071 -1.0000
vn 0.0007 0.0072 -1.0000
vn -0.0007 -0.0072 -1.0000
vn -0.0007 0.0072 -1.0000
vn 0.0007 -0.0072 -1.0000
vn -0.0011 -0.0072 -1.0000
vn -0.0011 0.0072 -1.0000
vn 0.0011 -0.0072 -1.0000
vn 0.0011 0.0072 -1.0000
vn 0.0009 -0.0071 -1.0000
vn -0.0009 -0.0071 -1.0000
vn 0.0009 0.0071 -1.0000
vn -0.0009 0.0071 -1.0000
vn 0.0011 -0.0071 -1.0000
vn -0.0011 -0.0071 -1.0000
vn 0.0011 0.0071 -1.0000
vn -0.0011 0.0071 -1.0000
vn -0.0045 0.0067 -1.0000
vn 0.0072 -0.0065 -1.0000
vn -0.0045 -0.0067 -1.0000
vn 0.0072 0.0065 -1.0000
vn -0.0000 -0.0466 -0.9989
vn -0.0005 -0.0466 -0.9989
vn 0.0005 -0.0466 -0.9989
vn -0.0005 0.0466 -0.9989
vn -0.0000 0.0466 -0.9989
vn -0.0009 0.0465 -0.9989
vn 0.0009 -0.0465 -0.9989
vn 0.0005 -0.0072 -1.0000
vn -0.0009 -0.0465 -0.9989
vn 0.0009 0.0465 -0.9989
vn -0.0007 0.0465 -0.9989
vn 0.0007 -0.0465 -0.9989
vn -0.0007 -0.0465 -0.9989
vn 0.0007 0.0465 -0.9989
vn -0.0011 0.0465 -0.9989
vn 0.0011 0.0465 -0.9989
vn -0.0011 -0.0465 -0.9989
vn 0.0011 -0.0465 -0.9989
vn -0.0439 -0.0000 -0.9990
vn -0.3147 0.3144 -0.8956
vn -0.0441 -0.0000 -0.9990
vn 0.0307 -0.0000 -0.9995
vn 0.0299 0.0076 -0.9995
vn 0.0312 -0.0000 -0.9995
vn 0.3201 -0.3223 -0.8909
vn -0.0428 -0.0071 -0.9991
vn 0.0010 -0.0465 -0.9989
vn 0.0010 0.0465 -0.9989
vn -0.0010 -0.0465 -0.9989
vn -0.0010 0.0465 -0.9989
vn -0.0009 -0.0464 -0.9989
vn -0.0009 0.0464 -0.9989
vn 0.0009 -0.0464 -0.9989
vn 0.0009 0.0464 -0.9989
vn 0.0010 -0.0464 -0.9989
vn 0.0010 0.0464 -0.9989
vn -0.0010 0.0464 -0.9989
vn -0.0010 -0.0464 -0.9989
vn 0.0074 -0.0467 -0.9989
vn -0.0045 0.0466 -0.9989
vn 0.0074 0.0467 -0.9989
vn -0.0045 -0.0466 -0.9989
vn 0.0299 -0.0076 -0.9995
vn -0.0428 0.0071 -0.9991
vn -0.0441 -0.0484 -0.9979
vn 0.0308 0.0477 -0.9984
vn 0.1402 -0.0000 -0.9901
vn -0.1559 -0.0000 -0.9878
vn -0.1552 -0.0107 -0.9878
vn 0.1402 0.0105 -0.9901
vn -0.0005 -0.1489 -0.9889
vn 0.0005 0.0466 -0.9989
vn -0.0000 0.1489 -0.9889
vn 0.0005 0.1489 -0.9889
vn -0.0005 0.1489 -0.9889
vn 0.0005 -0.1489 -0.9889
vn 0.0010 0.1489 -0.9889
vn -0.0010 0.1489 -0.9889
vn -0.0010 -0.1489 -0.9889
vn 0.0010 -0.1489 -0.9889
vn -0.0007 0.1489 -0.9889
vn 0.0007 0.1489 -0.9889
vn 0.0007 -0.1489 -0.9889
vn -0.0007 -0.1489 -0.9889
vn 0.0007 -0.1489 -0.9888
vn -0.0007 0.1489 -0.9888
vn 0.0007 0.1489 -0.9888
vn -0.0007 -0.1489 -0.9888
vn -0.0012 0.1489 -0.9888
vn -0.0012 -0.1489 -0.9888
vn 0.0012 0.1489 -0.9888
vn 0.0012 -0.1489 -0.9888
vn 0.0011 -0.1490 -0.9888
vn -0.0011 0.1490 -0.9888
vn -0.0011 -0.1490 -0.9888
vn 0.0011 0.1490 -0.9888
vn 0.0009 0.1489 -0.9888
vn -0.0009 0.1489 -0.9888
vn -0.0009 -0.1489 -0.9888
vn 0.0009 -0.1489 -0.9888
vn 0.0081 -0.1492 -0.9888
vn -0.0050 0.1491 -0.9888
vn -0.0050 -0.1491 -0.9888
vn 0.0081 0.1492 -0.9888
vn -0.1583 -0.0551 -0.9858
vn 0.1427 0.0546 -0.9883
vn 0.1402 -0.0105 -0.9901
vn 0.0308 -0.0477 -0.9984
vn -0.1552 0.0107 -0.9878
vn -0.0441 0.0484 -0.9979
vn 0.0337 0.1502 -0.9881
vn 0.0337 -0.1502 -0.9881
vn -0.0495 0.1515 -0.9872
vn -0.0495 -0.1515 -0.9872
vn -0.0012 0.4390 0.8985
vn -0.0012 -0.4390 0.8985
vn 0.0012 -0.4390 0.8985
vn -0.0627 0.3838 0.9213
vn 0.0012 0.4390 0.8985
vn -0.0627 -0.3838 0.9213
vn 0.0627 -0.3838 0.9213
vn 0.1811 -0.1751 0.9677
vn -0.1811 0.1751 0.9677
vn 0.0627 0.3838 0.9213
vn 0.4560 -0.0000 0.8900
vn 0.4058 -0.0516 0.9125
vn -0.4058 -0.0516 0.9125
vn 0.4058 0.0516 0.9125
vn 0.4559 -0.0000 0.8900
vn -0.4559 -0.0000 0.8900
vn -0.4058 0.0516 0.9125
vn -0.4626 -0.0000 0.8865
vn 0.4628 -0.0000 0.8865
vn 0.4135 -0.0511 0.9091
vn -0.4134 -0.0511 0.9091
vn -0.1830 -0.1779 0.9669
vn 0.4135 0.0511 0.9091
vn 0.1830 0.1779 0.9669
vn -0.4133 0.0511 0.9091
vn -0.0606 -0.3867 0.9202
vn 0.0607 0.3867 0.9202
vn -0.0606 0.3866 0.9202
vn -0.1829 0.1778 0.9669
vn 0.0607 -0.3867 0.9202
vn 0.1830 -0.1779 0.9669
vn -0.0015 -0.4435 0.8963
vn 0.0015 0.4435 0.8963
vn -0.0015 0.4435 0.8963
vn 0.0015 -0.4435 0.8963
vn -0.0009 -0.4449 0.8956
vn -0.0009 0.4449 0.8956
vn -0.4725 -0.0000 0.8813
vn -0.4240 0.0519 0.9042
vn 0.4241 0.0519 0.9041
vn 0.4727 -0.0000 0.8812
vn -0.4240 -0.0519 0.9042
vn 0.4242 -0.0519 0.9041
vn -0.0635 0.3874 0.9197
vn -0.1898 0.1819 0.9648
vn 0.0636 -0.3874 0.9197
vn 0.1898 -0.1819 0.9648
vn -0.0635 -0.3874 0.9197
vn 0.0636 0.3874 0.9197
vn 0.0010 -0.4449 0.8956
vn 0.0010 0.4449 0.8956
vn -0.1648 0.1574 -0.9737
vn 0.1468 0.1575 -0.9765
vn 0.1468 -0.1575 -0.9765
vn -0.1648 -0.1574 -0.9737
vn -0.5161 -0.0000 -0.8565
vn 0.5161 -0.0000 -0.8565
vn 0.5162 -0.0000 -0.8565
vn -0.5162 -0.0000 -0.8565
vn 0.5183 -0.0158 -0.8551
vn -0.5183 0.0158 -0.8551
vn -0.5182 -0.0158 -0.8551
vn 0.5182 0.0158 -0.8551
vn -0.0000 -0.1489 -0.9889
vn -0.0008 -0.4984 -0.8670
vn 0.0008 -0.4984 -0.8670
vn 0.0008 0.4983 -0.8670
vn -0.0000 0.4982 -0.8670
vn -0.0008 0.4983 -0.8670
vn 0.0015 -0.4984 -0.8670
vn -0.0015 0.4984 -0.8670
vn -0.0015 -0.4984 -0.8670
vn 0.0015 0.4984 -0.8670
vn -0.0015 -0.4984 -0.8669
vn 0.0015 -0.4984 -0.8669
vn 0.0016 0.4984 -0.8669
vn -0.0016 0.4984 -0.8669
vn -0.0011 -0.4984 -0.8669
vn 0.0011 0.4984 -0.8669
vn 0.0011 -0.4984 -0.8669
vn -0.0011 0.4984 -0.8669
vn -0.0011 -0.4987 -0.8668
vn 0.0011 -0.4987 -0.8668
vn 0.0011 0.4987 -0.8668
vn -0.0011 0.4987 -0.8668
vn -0.0018 0.4987 -0.8668
vn 0.0018 0.4987 -0.8668
vn -0.0018 -0.4987 -0.8668
vn 0.0018 -0.4987 -0.8668
vn 0.0017 -0.4986 -0.8668
vn -0.0017 -0.4986 -0.8668
vn 0.0017 0.4986 -0.8668
vn -0.0017 0.4986 -0.8668
vn -0.0014 -0.4987 -0.8667
vn 0.0014 0.4987 -0.8667
vn 0.0014 -0.4987 -0.8667
vn -0.0014 0.4987 -0.8667
vn -0.0014 0.4988 -0.8667
vn 0.0014 0.4988 -0.8667
vn -0.0014 -0.4988 -0.8667
vn 0.0014 -0.4988 -0.8667
vn 0.0016 -0.4990 -0.8666
vn -0.0016 -0.4990 -0.8666
vn 0.0016 0.4990 -0.8666
vn -0.0016 0.4990 -0.8666
vn -0.0074 0.4997 -0.8662
vn -0.0074 -0.4997 -0.8662
vn 0.0124 -0.5005 -0.8656
vn 0.0124 0.5005 -0.8656
vn 0.5209 -0.0811 -0.8497
vn -0.5209 -0.0811 -0.8497
vn 0.5209 0.0811 -0.8497
vn -0.5209 0.0811 -0.8497
vn -0.0735 0.5048 -0.8601
vn -0.0735 -0.5048 -0.8601
vn 0.0502 0.5025 -0.8631
vn 0.0502 -0.5025 -0.8631
vn 0.0014 0.0072 1.0000
vn -0.0014 -0.0000 1.0000
vn 0.0014 -0.0000 1.0000
vn -0.0014 -0.0072 1.0000
vn 0.0014 -0.0072 1.0000
vn 0.0019 0.0071 1.0000
vn -0.0019 -0.0071 1.0000
vn -0.0020 -0.0000 1.0000
vn 0.0019 -0.0071 1.0000
vn 0.0020 -0.0000 1.0000
vn -0.0019 0.0071 1.0000
vn 0.1811 0.1751 0.9677
vn 0.0009 -0.0001 1.0000
vn -0.1811 -0.1751 0.9677
vn -0.0009 0.0001 1.0000
vn 0.0010 0.0071 1.0000
vn -0.0010 -0.0071 1.0000
vn 0.0010 -0.0071 1.0000
vn -0.0010 0.0071 1.0000
vn -0.0009 -0.0000 1.0000
vn -0.0009 -0.0001 1.0000
vn 0.0009 -0.0000 1.0000
vn 0.0009 0.0001 1.0000
vn -0.0006 -0.0000 1.0000
vn -0.0006 -0.0071 1.0000
vn 0.0006 -0.0000 1.0000
vn 0.0006 0.0071 1.0000
vn 0.0006 -0.0071 1.0000
vn -0.0006 0.0071 1.0000
vn 0.0007 -0.0000 1.0000
vn -0.0007 -0.0000 1.0000
vn 0.0007 -0.0071 1.0000
vn -0.0007 0.0071 1.0000
vn -0.0007 -0.0071 1.0000
vn 0.0007 0.0071 1.0000
vn 0.0011 -0.0001 1.0000
vn 0.0011 -0.0000 1.0000
vn -0.0011 -0.0000 1.0000
vn -0.0011 -0.0001 1.0000
vn -0.0011 0.0001 1.0000
vn 0.0011 0.0001 1.0000
vn -0.0011 -0.0071 1.0000
vn -0.0011 0.0071 1.0000
vn 0.0011 0.0071 1.0000
vn 0.0011 -0.0071 1.0000
vn 0.0023 -0.0000 1.0000
vn 0.0022 -0.0071 1.0000
vn -0.0022 -0.0000 1.0000
vn -0.0021 0.0071 1.0000
vn 0.0017 -0.0070 1.0000
vn 0.0018 -0.0000 1.0000
vn -0.0017 0.0070 1.0000
vn -0.0017 -0.0000 1.0000
vn -0.0017 -0.0070 1.0000
vn -0.0021 -0.0071 1.0000
vn 0.0017 0.0070 1.0000
vn 0.0022 0.0071 1.0000
vn 0.0013 -0.0000 1.0000
vn -0.0012 -0.0000 1.0000
vn -0.0012 0.0071 1.0000
vn 0.0013 -0.0071 1.0000
vn -0.0078 0.0018 1.0000
vn 0.0056 0.0017 1.0000
vn 0.1898 0.1819 0.9648
vn 0.0056 -0.0017 1.0000
vn -0.0078 -0.0018 1.0000
vn -0.1898 -0.1819 0.9648
vn 0.0017 -0.0071 1.0000
vn 0.0011 -0.0005 1.0000
vn -0.0016 -0.0071 1.0000
vn -0.0012 -0.0071 1.0000
vn -0.0016 0.0071 1.0000
vn -0.0010 0.0005 1.0000
vn 0.0017 0.0071 1.0000
vn 0.0013 0.0071 1.0000
vn 0.0011 0.0005 1.0000
vn -0.0010 -0.0005 1.0000
vn -0.0141 -0.0000 0.9999
vn 0.0114 -0.0000 0.9999
vn 0.0109 -0.0004 0.9999
vn -0.0139 0.0005 0.9999
vn 0.0109 0.0004 0.9999
vn -0.0139 -0.0005 0.9999
vn 0.0043 0.0068 1.0000
vn -0.0071 -0.0065 1.0000
vn 0.0043 -0.0068 1.0000
vn -0.0071 0.0065 1.0000
vn -0.0004 0.0467 0.9989
vn 0.0004 0.0467 0.9989
vn -0.0004 -0.0467 0.9989
vn 0.0004 -0.0467 0.9989
vn -0.0010 -0.0467 0.9989
vn 0.0010 -0.0467 0.9989
vn -0.0010 0.0467 0.9989
vn -0.0014 0.0072 1.0000
vn 0.0010 0.0467 0.9989
vn 0.0010 -0.0465 0.9989
vn -0.0010 0.0465 0.9989
vn 0.0010 0.0465 0.9989
vn -0.0010 -0.0465 0.9989
vn 0.0007 0.0465 0.9989
vn -0.0007 -0.0465 0.9989
vn 0.0007 -0.0465 0.9989
vn -0.0007 0.0465 0.9989
vn 0.0011 -0.0465 0.9989
vn 0.0011 0.0465 0.9989
vn -0.0011 -0.0465 0.9989
vn -0.0011 0.0465 0.9989
vn 0.0440 -0.0000 0.9990
vn -0.0306 -0.0000 0.9995
vn -0.0297 -0.0076 0.9995
vn 0.0428 0.0072 0.9991
vn -0.0310 -0.0000 0.9995
vn 0.0441 -0.0000 0.9990
vn 0.0011 0.0464 0.9989
vn 0.0011 -0.0464 0.9989
vn -0.0011 0.0464 0.9989
vn -0.0011 -0.0464 0.9989
vn -0.0007 -0.0463 0.9989
vn 0.0007 0.0463 0.9989
vn 0.0007 -0.0463 0.9989
vn 0.0009 0.0466 0.9989
vn -0.0007 0.0463 0.9989
vn -0.0009 -0.0466 0.9989
vn -0.0074 0.0467 0.9989
vn 0.0045 0.0466 0.9989
vn -0.0074 -0.0467 0.9989
vn 0.0045 -0.0466 0.9989
vn -0.5075 -0.2158 -0.8342
vn 0.1427 -0.0546 -0.9883
vn 0.5075 -0.2158 -0.8342
vn 0.2013 0.4979 -0.8436
vn -0.2307 0.4883 -0.8416
vn 0.2013 -0.4979 -0.8436
vn 0.5075 0.2158 -0.8342
vn -0.1583 0.0551 -0.9858
vn -0.5075 0.2158 -0.8342
vn -0.2307 -0.4883 -0.8416
vn -0.0297 0.0076 0.9995
vn -0.0305 -0.0477 0.9984
vn 0.0428 -0.0072 0.9991
vn 0.0441 0.0484 0.9979
vn -0.1401 -0.0000 0.9901
vn 0.1560 -0.0000 0.9878
vn -0.1400 -0.0000 0.9901
vn 0.1559 -0.0000 0.9878
vn 0.1550 0.0107 0.9879
vn -0.1397 -0.0104 0.9901
vn -0.0005 0.1490 0.9888
vn 0.0005 0.1490 0.9888
vn 0.0005 -0.1490 0.9888
vn -0.0005 -0.1490 0.9888
vn -0.0010 -0.1489 0.9888
vn -0.0010 0.1489 0.9888
vn 0.0010 -0.1489 0.9888
vn 0.0010 0.1489 0.9888
vn -0.0010 -0.1490 0.9888
vn -0.0010 0.1490 0.9888
vn 0.0010 0.1490 0.9888
vn 0.0010 -0.1490 0.9888
vn 0.0007 0.1490 0.9888
vn 0.0007 -0.1490 0.9888
vn -0.0007 -0.1490 0.9888
vn -0.0007 0.1490 0.9888
vn 0.0012 0.1490 0.9888
vn 0.0012 -0.1490 0.9888
vn -0.0012 0.1490 0.9888
vn -0.0012 -0.1490 0.9888
vn 0.0011 -0.1490 0.9888
vn 0.0011 0.1490 0.9888
vn -0.0011 0.1490 0.9888
vn -0.0011 -0.1490 0.9888
vn 0.0009 0.1490 0.9888
vn 0.0009 -0.1490 0.9888
vn -0.0009 -0.1490 0.9888
vn -0.0009 0.1490 0.9888
vn -0.0009 0.1491 0.9888
vn 0.0009 -0.1491 0.9888
vn -0.0009 -0.1491 0.9888
vn 0.0009 0.1491 0.9888
vn -0.0011 -0.1491 0.9888
vn -0.0011 0.1491 0.9888
vn -0.0009 0.0466 0.9989
vn 0.0011 0.1491 0.9888
vn 0.0011 -0.1491 0.9888
vn 0.0009 -0.0466 0.9989
vn -0.0081 0.1493 0.9888
vn 0.0049 -0.1492 0.9888
vn -0.0081 -0.1493 0.9888
vn 0.0049 0.1492 0.9888
vn -0.0305 0.0477 0.9984
vn -0.1397 0.0104 0.9901
vn 0.1575 0.0548 0.9860
vn -0.1416 -0.0542 0.9884
vn 0.0441 -0.0484 0.9979
vn 0.1550 -0.0107 0.9879
vn 0.0486 -0.1509 0.9874
vn -0.0327 -0.1497 0.9882
vn -0.0327 0.1497 0.9882
vn 0.0486 0.1509 0.9874
vn 0.1647 0.1556 0.9740
vn 0.1647 -0.1556 0.9740
vn 0.1574 -0.0548 0.9860
vn -0.1467 0.1554 0.9769
vn -0.1416 0.0542 0.9884
vn -0.1467 -0.1554 0.9769
vn 0.4552 -0.4279 -0.7808
vn 0.4552 0.4279 -0.7808
vn -0.4552 0.4279 -0.7808
vn -0.4552 -0.4279 -0.7808
vn -0.5181 0.0157 0.8552
vn -0.5181 -0.0157 0.8552
vn 0.5181 -0.0157 0.8552
vn 0.5181 0.0157 0.8552
vn 0.5161 -0.0000 0.8565
vn -0.5162 -0.0000 0.8565
vn -0.5161 -0.0000 0.8565
vn 0.5162 -0.0000 0.8565
vn 0.0007 -0.4984 0.8669
vn 0.0007 0.4984 0.8669
vn -0.0007 0.4984 0.8669
vn -0.0015 -0.4984 0.8669
vn -0.0007 -0.4984 0.8669
vn -0.0015 0.4984 0.8669
vn 0.0015 -0.4984 0.8669
vn 0.0015 0.4984 0.8669
vn -0.0015 0.4985 0.8669
vn 0.0015 0.4985 0.8669
vn 0.0015 -0.4985 0.8669
vn -0.0015 -0.4985 0.8669
vn -0.0011 -0.4984 0.8669
vn 0.0011 -0.4984 0.8669
vn 0.0011 0.4984 0.8669
vn -0.0011 0.4984 0.8669
vn -0.0011 -0.4986 0.8668
vn 0.0011 0.4986 0.8668
vn 0.0011 -0.4986 0.8668
vn -0.0011 0.4986 0.8668
vn 0.0018 0.4986 0.8668
vn -0.0018 0.4986 0.8668
vn 0.0018 -0.4986 0.8668
vn -0.0018 -0.4986 0.8668
vn 0.0017 -0.4987 0.8668
vn 0.0017 0.4987 0.8668
vn -0.0017 0.4987 0.8668
vn -0.0017 -0.4987 0.8668
vn -0.0014 0.4988 0.8667
vn 0.0014 -0.4988 0.8667
vn 0.0014 0.4988 0.8667
vn -0.0014 -0.4988 0.8667
vn -0.0014 0.4989 0.8667
vn -0.0014 -0.4989 0.8667
vn 0.0014 -0.4989 0.8667
vn 0.0014 0.4989 0.8667
vn -0.5208 -0.0803 0.8499
vn -0.5208 0.0803 0.8499
vn 0.5208 0.0803 0.8499
vn 0.5208 -0.0803 0.8499
vn -0.0017 -0.4989 0.8666
vn 0.0017 -0.4989 0.8666
vn -0.0017 0.4989 0.8666
vn 0.0017 0.4989 0.8666
vn 0.0076 -0.4997 0.8662
vn -0.0125 -0.5004 0.8657
vn -0.0125 0.5004 0.8657
vn 0.0076 0.4997 0.8662
vn 0.0712 -0.5051 0.8601
vn 0.0712 0.5051 0.8601
vn -0.0483 0.5018 0.8636
vn -0.0483 -0.5018 0.8636
vn -0.5071 -0.2138 0.8349
vn 0.5071 0.2138 0.8349
vn 0.5071 -0.2138 0.8349
vn -0.5071 0.2138 0.8349
vn -0.2012 -0.4967 0.8443
vn -0.2012 0.4967 0.8443
vn 0.2301 -0.4880 0.8420
vn 0.2301 0.4880 0.8420
vn -0.4520 -0.4225 0.7856
vn 0.4520 -0.4225 0.7856
vn 0.4520 0.4225 0.7856
vn -0.4520 0.4225 0.7856
vn 0.9225 -0.0000 -0.3859
vn -0.9225 -0.0000 -0.3859
vn -0.0012 0.9165 -0.4000
vn -0.0000 -0.4982 -0.8670
vn -0.0012 -0.9165 -0.4000
vn 0.0012 -0.9165 -0.4000
vn -0.0000 0.9165 -0.4000
vn 0.0023 -0.9165 -0.3999
vn -0.0023 0.9165 -0.3999
vn 0.0023 0.9165 -0.3999
vn -0.0023 -0.9165 -0.3999
vn 0.0024 0.9166 -0.3999
vn -0.0024 0.9166 -0.3999
vn 0.0024 -0.9166 -0.3999
vn -0.0024 -0.9166 -0.3999
vn 0.0017 0.9166 -0.3998
vn -0.0017 0.9166 -0.3998
vn -0.0016 -0.9166 -0.3999
vn 0.0016 -0.9166 -0.3999
vn -0.0016 0.9167 -0.3996
vn 0.0017 -0.9167 -0.3996
vn 0.0016 0.9167 -0.3996
vn -0.0017 -0.9167 -0.3996
vn 0.0027 -0.9167 -0.3996
vn -0.0027 -0.9167 -0.3996
vn -0.0027 0.9167 -0.3996
vn 0.0027 0.9167 -0.3996
vn -0.0028 -0.9168 -0.3993
vn 0.0028 -0.9168 -0.3993
vn 0.0028 0.9168 -0.3993
vn -0.0028 0.9168 -0.3993
vn -0.0021 0.9170 -0.3988
vn 0.0021 0.9170 -0.3988
vn 0.0021 -0.9170 -0.3988
vn -0.0021 -0.9170 -0.3988
vn 0.0019 -0.9170 -0.3989
vn 0.0019 0.9170 -0.3989
vn -0.0019 0.9170 -0.3989
vn -0.0019 -0.9170 -0.3989
vn 0.0025 0.9169 -0.3992
vn -0.0025 -0.9169 -0.3992
vn 0.0025 -0.9169 -0.3992
vn -0.0025 0.9169 -0.3992
vn 0.0192 0.9175 -0.3973
vn -0.0118 -0.9174 -0.3978
vn -0.0118 0.9174 -0.3978
vn 0.0192 -0.9175 -0.3973
vn 0.9188 -0.1146 -0.3776
vn 0.9233 -0.0234 -0.3835
vn -0.9188 0.1146 -0.3776
vn -0.9233 0.0234 -0.3835
vn 0.9188 0.1146 -0.3776
vn -0.9188 -0.1146 -0.3776
vn 0.0767 0.9165 -0.3927
vn 0.0767 -0.9165 -0.3927
vn -0.1072 0.9149 -0.3891
vn -0.1072 -0.9149 -0.3891
vn 0.3127 -0.8721 -0.3764
vn 0.8718 -0.3226 -0.3687
vn 0.8718 0.3226 -0.3687
vn -0.3485 0.8581 -0.3770
vn -0.8718 0.3226 -0.3687
vn 0.3127 0.8721 -0.3764
vn -0.3485 -0.8581 -0.3770
vn -0.8718 -0.3226 -0.3687
vn 0.6743 -0.6428 -0.3635
vn -0.6743 0.6428 -0.3635
vn -0.6743 -0.6428 -0.3635
vn 0.6743 0.6428 -0.3635
vn -0.9227 -0.0000 0.3856
vn -0.9234 -0.0236 0.3832
vn -0.9234 0.0236 0.3832
vn 0.9227 -0.0000 0.3856
vn 0.9234 -0.0236 0.3832
vn 0.9234 0.0236 0.3832
vn 0.9226 -0.0000 0.3857
vn -0.9226 -0.0000 0.3857
vn 0.0012 0.9166 0.3997
vn -0.0012 0.9166 0.3997
vn -0.0012 -0.9166 0.3997
vn 0.0023 0.9167 0.3996
vn -0.0023 -0.9167 0.3996
vn -0.0023 0.9167 0.3996
vn 0.0023 -0.9167 0.3996
vn -0.0017 0.9167 0.3995
vn -0.0017 -0.9167 0.3995
vn 0.0017 0.9167 0.3995
vn 0.0017 -0.9167 0.3995
vn -0.0017 -0.9168 0.3993
vn 0.0017 -0.9168 0.3993
vn 0.0017 0.9168 0.3993
vn -0.0017 0.9168 0.3993
vn -0.0027 0.9168 0.3993
vn -0.0027 -0.9168 0.3993
vn 0.0027 0.9168 0.3993
vn 0.0027 -0.9168 0.3993
vn 0.9189 -0.1146 0.3774
vn 0.9189 0.1146 0.3774
vn -0.9189 0.1146 0.3774
vn -0.9189 -0.1146 0.3774
vn 0.0025 -0.9168 0.3993
vn -0.0025 0.9168 0.3993
vn -0.0025 -0.9168 0.3993
vn 0.0025 0.9168 0.3993
vn -0.0021 -0.9169 0.3991
vn -0.0021 0.9169 0.3991
vn 0.0021 -0.9169 0.3991
vn 0.0021 0.9169 0.3991
vn 0.0021 -0.9169 0.3990
vn -0.0021 0.9169 0.3990
vn -0.0021 -0.9169 0.3990
vn 0.0021 0.9169 0.3990
vn -0.0027 0.9170 0.3989
vn 0.0027 0.9170 0.3989
vn -0.0027 -0.9170 0.3989
vn 0.0027 -0.9170 0.3989
vn -0.0193 -0.9176 0.3970
vn 0.0120 -0.9174 0.3978
vn -0.0193 0.9176 0.3970
vn 0.0120 0.9174 0.3978
vn 0.1068 0.9147 0.3897
vn -0.0752 -0.9164 0.3931
vn -0.0752 0.9164 0.3931
vn 0.1068 -0.9147 0.3897
vn 0.3482 -0.8584 0.3767
vn 0.3482 0.8584 0.3767
vn -0.8719 -0.3222 0.3688
vn -0.8719 0.3222 0.3688
vn 0.8719 0.3222 0.3688
vn 0.8719 -0.3222 0.3688
vn -0.3117 -0.8728 0.3756
vn -0.3117 0.8728 0.3756
vn 0.9348 -0.3516 -0.0502
vn -0.9348 0.3516 -0.0502
vn -0.9348 -0.3516 -0.0502
vn -0.9905 -0.1266 -0.0541
vn 0.9348 0.3516 -0.0502
vn 0.9905 0.1266 -0.0541
vn -0.9983 -0.0000 -0.0591
vn 0.9983 -0.0000 -0.0591
vn -0.0027 0.9982 -0.0604
vn 0.0006 0.9982 -0.0605
vn 0.0012 0.9165 -0.4000
vn 0.0027 0.9982 -0.0604
vn -0.0027 -0.9982 -0.0604
vn 0.0027 -0.9982 -0.0604
vn -0.0006 -0.9982 -0.0605
vn 0.3404 -0.9389 -0.0519
vn 0.0876 -0.9946 -0.0560
vn -0.3772 0.9247 -0.0512
vn -0.1183 0.9914 -0.0557
vn 0.3404 0.9389 -0.0519
vn -0.3772 -0.9247 -0.0512
vn 0.0019 0.9982 -0.0603
vn -0.0019 0.9982 -0.0603
vn -0.0019 -0.9982 -0.0603
vn 0.0019 -0.9982 -0.0603
vn 0.7216 0.6905 -0.0496
vn -0.7216 -0.6905 -0.0496
vn -0.7216 0.6905 -0.0496
vn 0.7216 -0.6905 -0.0496
vn -0.0031 -0.9982 -0.0603
vn 0.0031 -0.9982 -0.0603
vn 0.0031 0.9982 -0.0603
vn -0.0031 0.9982 -0.0603
vn 0.0042 -0.9982 -0.0605
vn 0.0042 0.9982 -0.0605
vn -0.0042 0.9982 -0.0605
vn -0.0042 -0.9982 -0.0605
vn -0.9980 0.0265 -0.0578
vn -0.9980 -0.0265 -0.0578
vn 0.9980 0.0265 -0.0578
vn 0.9980 -0.0265 -0.0578
vn -0.9905 0.1266 -0.0541
vn -0.9232 -0.0234 -0.3835
vn 0.9232 0.0234 -0.3835
vn 0.9905 -0.1266 -0.0541
vn -0.1183 -0.9914 -0.0557
vn 0.0223 -0.9980 -0.0591
vn -0.0143 0.9981 -0.0594
vn 0.0876 0.9946 -0.0560
vn 0.0223 0.9980 -0.0591
vn -0.0024 0.9982 -0.0601
vn 0.0024 -0.9982 -0.0601
vn -0.0143 -0.9981 -0.0594
vn -0.0006 0.9982 -0.0605
vn -0.0000 0.9982 -0.0592
vn -0.0000 -0.9165 -0.4000
vn 0.0006 -0.9982 -0.0605
vn -0.0035 -0.9982 -0.0598
vn 0.0035 -0.9982 -0.0598
vn 0.0035 0.9982 -0.0598
vn -0.0035 0.9982 -0.0598
vn -0.0017 0.9982 -0.0596
vn -0.0024 -0.9982 -0.0601
vn 0.0017 -0.9982 -0.0596
vn 0.0024 0.9982 -0.0601
vn -0.0017 -0.9982 -0.0596
vn 0.0017 0.9982 -0.0596
vn 0.6739 0.6431 0.3637
vn 0.9348 0.3516 0.0501
vn 0.7218 0.6903 0.0496
vn -0.9348 0.3516 0.0501
vn -0.6739 0.6431 0.3637
vn -0.7218 0.6903 0.0496
vn -0.6739 -0.6431 0.3637
vn -0.9348 -0.3516 0.0501
vn -0.7218 -0.6903 0.0496
vn 0.9348 -0.3516 0.0501
vn 0.6739 -0.6431 0.3637
vn 0.7218 -0.6903 0.0496
vn -0.3394 0.9392 0.0518
vn 0.3772 -0.9247 0.0511
vn 0.9905 0.1265 0.0538
vn -0.9905 -0.1265 0.0538
vn 0.1179 -0.9915 0.0553
vn 0.3772 0.9247 0.0511
vn -0.3394 -0.9392 0.0518
vn -0.0863 0.9947 0.0557
vn 0.9980 0.0266 0.0573
vn -0.9905 0.1265 0.0538
vn 0.9905 -0.1265 0.0538
vn -0.9980 -0.0266 0.0573
vn 0.9983 -0.0000 0.0585
vn -0.9983 -0.0000 0.0585
vn 0.1179 0.9915 0.0553
vn -0.0224 0.9980 0.0586
vn -0.0863 -0.9947 0.0557
vn 0.0143 -0.9982 0.0589
vn -0.9980 0.0266 0.0573
vn 0.9980 -0.0266 0.0573
vn 0.0012 -0.9166 0.3997
vn -0.0013 -0.9982 0.0599
vn 0.0013 -0.9982 0.0599
vn 0.0013 0.9982 0.0599
vn -0.0027 0.9982 0.0598
vn -0.0013 0.9982 0.0599
vn -0.0027 -0.9982 0.0598
vn 0.0027 -0.9982 0.0598
vn 0.0027 0.9982 0.0598
vn -0.0019 0.9982 0.0597
vn 0.0019 0.9982 0.0597
vn 0.0019 -0.9982 0.0597
vn -0.0019 -0.9982 0.0597
vn 0.0018 -0.9982 0.0597
vn -0.0018 0.9982 0.0597
vn 0.0018 0.9982 0.0597
vn -0.0018 -0.9982 0.0597
vn -0.0031 0.9982 0.0597
vn 0.0031 0.9982 0.0597
vn -0.0031 -0.9982 0.0597
vn 0.0031 -0.9982 0.0597
vn 0.0029 -0.9982 0.0597
vn 0.0029 0.9982 0.0597
vn -0.0029 -0.9982 0.0597
vn -0.0029 0.9982 0.0597
vn 0.0025 0.9982 0.0596
vn 0.0025 -0.9982 0.0596
vn -0.0025 0.9982 0.0596
vn -0.0025 -0.9982 0.0596
vn -0.0024 -0.9982 0.0596
vn 0.0024 0.9982 0.0596
vn 0.0024 -0.9982 0.0596
vn -0.0024 0.9982 0.0596
vn -0.0030 -0.9982 0.0596
vn 0.0030 -0.9982 0.0596
vn 0.0030 0.9982 0.0596
vn -0.0030 0.9982 0.0596
vn 0.0143 0.9982 0.0589
vn -0.0224 -0.9980 0.0586
vn -0.7180 -0.6949 -0.0388
vn 0.7180 -0.6949 -0.0388
vn 0.9322 -0.3598 -0.0403
vn 0.7180 0.6949 -0.0388
vn -0.7180 0.6949 -0.0388
vn -0.9322 0.3598 -0.0403
vn -0.3781 -0.9249 -0.0406
vn 0.3433 0.9383 -0.0417
vn -0.0014 -0.9986 0.0526
vn 0.0014 0.9986 0.0526
vn 0.0029 -0.9986 0.0525
vn -0.0029 0.9986 0.0525
vn -0.0014 0.9986 0.0526
vn -0.0029 -0.9986 0.0525
vn 0.0029 0.9986 0.0525
vn -0.0030 -0.9986 0.0525
vn -0.0030 0.9986 0.0525
vn 0.0030 0.9986 0.0525
vn 0.0030 -0.9986 0.0525
vn -0.0020 0.9986 0.0525
vn 0.0020 -0.9986 0.0525
vn -0.0020 -0.9986 0.0525
vn 0.0020 0.9986 0.0525
vn 0.0025 0.9986 0.0525
vn -0.0025 -0.9986 0.0525
vn 0.0025 -0.9986 0.0525
vn -0.0025 0.9986 0.0525
vn -0.0032 0.9986 0.0519
vn 0.0031 -0.9986 0.0519
vn -0.0028 0.9986 0.0534
vn 0.0032 0.9986 0.0519
vn -0.0032 -0.9986 0.0519
vn 0.0028 -0.9986 0.0534
vn 0.7178 -0.6951 0.0402
vn 0.7178 0.6951 0.0402
vn -0.7178 -0.6951 0.0402
vn -0.7178 0.6951 0.0402
vn 0.3770 -0.9253 0.0420
vn 0.1230 -0.9913 0.0475
vn -0.3416 0.9389 0.0429
vn -0.0943 0.9944 0.0479
vn 0.3770 0.9253 0.0420
vn 0.1230 0.9913 0.0475
vn -0.3416 -0.9389 0.0429
vn -0.0943 -0.9944 0.0479
vn 0.9324 0.3591 0.0416
vn -0.9324 -0.3591 0.0416
vn -0.9324 0.3591 0.0416
vn -0.9899 0.1337 0.0463
vn 0.9324 -0.3591 0.0416
vn 0.9899 -0.1337 0.0463
vn 0.9899 -0.1344 -0.0462
vn -0.9899 0.1344 -0.0462
vn -0.9322 -0.3598 -0.0403
vn 0.9322 0.3598 -0.0403
vn -0.1239 -0.9912 -0.0474
vn 0.0958 0.9943 -0.0477
vn 0.3433 -0.9383 -0.0417
vn -0.3781 0.9249 -0.0406
vn -0.0251 -0.9984 0.0516
vn 0.0167 0.9985 0.0519
vn 0.9983 -0.0291 0.0507
vn 0.9899 0.1337 0.0463
vn -0.9899 -0.1337 0.0463
vn -0.9983 0.0291 0.0507
vn 0.0029 0.9986 -0.0522
vn -0.0029 -0.9986 -0.0522
vn -0.0029 0.9986 -0.0522
vn -0.0014 0.9986 -0.0523
vn 0.0029 -0.9986 -0.0522
vn 0.0014 -0.9986 -0.0523
vn 0.0030 0.9986 -0.0521
vn 0.0030 -0.9986 -0.0521
vn -0.0030 0.9986 -0.0521
vn -0.0030 -0.9986 -0.0521
vn 0.9986 -0.0000 0.0523
vn -0.9986 -0.0000 0.0523
vn -0.0021 -0.9986 -0.0521
vn 0.0021 0.9986 -0.0521
vn 0.0021 -0.9986 -0.0521
vn -0.0021 0.9986 -0.0521
vn 0.0026 -0.9987 -0.0519
vn -0.0044 0.9988 -0.0492
vn -0.0024 0.9989 -0.0461
vn -0.0026 -0.9987 -0.0519
vn 0.0026 0.9987 -0.0519
vn 0.0031 -0.9987 -0.0513
vn -0.9983 -0.0291 0.0507
vn 0.9983 0.0291 0.0507
vn -0.0022 -0.9986 0.0528
vn -0.0031 -0.9986 0.0527
vn -0.0022 0.9986 0.0528
vn 0.0022 0.9986 0.0528
vn 0.0031 0.9986 0.0527
vn 0.0022 -0.9986 0.0528
vn 0.0027 0.9986 0.0529
vn -0.0027 -0.9986 0.0529
vn 0.0027 -0.9986 0.0529
vn -0.0027 0.9986 0.0529
vn -0.0031 0.9986 0.0527
vn -0.0028 -0.9986 0.0534
vn 0.0028 0.9986 0.0534
vn 0.0167 -0.9985 0.0519
vn -0.0251 0.9984 0.0516
vn 0.0031 -0.9986 0.0527
vn -0.0000 0.9986 -0.0525
vn 0.0014 0.9986 -0.0523
vn -0.0000 -0.9982 -0.0592
vn -0.0000 -0.9986 -0.0525
vn -0.0014 -0.9986 -0.0523
vn -0.0031 -0.9987 -0.0513
vn -0.0002 0.9987 -0.0500
vn 0.0030 -0.9986 -0.0527
vn 0.0031 0.9987 -0.0513
vn 0.9987 -0.0000 -0.0518
vn -0.9987 -0.0000 -0.0518
vn 0.9987 -0.0001 -0.0518
vn -0.9987 0.0001 -0.0518
vn -0.9987 -0.0001 -0.0518
vn 0.9987 0.0001 -0.0518
vn -0.9899 -0.1344 -0.0462
vn 0.9983 -0.0292 -0.0503
vn 0.9899 0.1344 -0.0462
vn -0.9983 0.0292 -0.0503
vn -0.9983 -0.0292 -0.0503
vn 0.9983 0.0292 -0.0503
vn 0.0959 -0.9943 -0.0477
vn 0.0251 -0.9984 -0.0511
vn -0.1239 0.9912 -0.0474
vn -0.0169 0.9985 -0.0515
vn 0.0027 -0.9986 -0.0525
vn -0.0169 -0.9985 -0.0515
vn 0.0251 0.9984 -0.0511
vn -0.0028 0.9986 -0.0525
vn 0.0028 0.9986 -0.0525
vn 0.0025 0.9986 -0.0524
vn -0.0027 -0.9986 -0.0525
vn -0.0025 -0.9986 -0.0524
vn -0.0028 -0.9986 -0.0525
vn -0.0030 -0.9986 -0.0527
vn 0.0030 0.9986 -0.0527
vn 0.0028 -0.9986 -0.0525
vn 0.0029 -0.9986 -0.0524
vn 0.0025 -0.9986 -0.0524
vn -0.0029 0.9986 -0.0524
vn -0.0025 0.9986 -0.0524
vn 0.0029 0.9986 -0.0524
vn -0.0029 -0.9986 -0.0524
vn -0.0032 0.9978 -0.0659
vn 0.0032 -0.9978 -0.0659
vn -0.0032 -0.9978 -0.0659
vn 0.0032 0.9978 -0.0659
vn -0.7155 -0.6970 -0.0471
vn -0.7155 0.6970 -0.0471
vn -0.9307 0.3625 -0.0492
vn 0.7155 0.6970 -0.0471
vn 0.7155 -0.6970 -0.0471
vn 0.9307 -0.3625 -0.0492
vn -0.3766 -0.9250 -0.0495
vn 0.3437 0.9377 -0.0506
vn -0.0422 0.9974 -0.0590
vn 0.0269 0.9978 -0.0609
vn 0.0030 0.9982 -0.0592
vn -0.0030 -0.9982 -0.0592
vn 0.0032 -0.9982 -0.0600
vn 0.0016 -0.9982 -0.0599
vn 0.0074 0.9952 -0.0979
vn 0.0201 -0.9961 -0.0859
vn 0.0032 0.9980 -0.0624
vn 0.0033 -0.9980 -0.0625
vn 0.0109 0.9968 -0.0786
vn 0.0174 -0.9968 -0.0777
vn -0.0015 -0.9982 -0.0601
vn 0.0015 0.9982 -0.0601
vn -0.0028 -0.9979 -0.0647
vn -0.0028 0.9979 -0.0647
vn 0.0028 0.9979 -0.0647
vn 0.0028 -0.9979 -0.0647
vn -0.9888 0.1379 -0.0578
vn 0.9307 0.3625 -0.0492
vn 0.9888 -0.1379 -0.0578
vn -0.9307 -0.3625 -0.0492
vn -0.3766 0.9250 -0.0495
vn 0.1001 0.9932 -0.0599
vn -0.1262 -0.9902 -0.0593
vn 0.3437 -0.9377 -0.0506
vn 0.0015 -0.9979 -0.0648
vn -0.0000 0.9979 -0.0649
vn 0.0015 0.9979 -0.0648
vn -0.0015 0.9979 -0.0648
vn -0.0015 -0.9979 -0.0648
vn 0.0031 -0.9979 -0.0648
vn -0.0031 -0.9979 -0.0648
vn 0.0031 0.9979 -0.0648
vn -0.0031 0.9979 -0.0648
vn 0.0033 -0.9978 -0.0663
vn -0.0033 0.9978 -0.0663
vn -0.0047 -0.9978 -0.0657
vn -0.0033 -0.9978 -0.0663
vn 0.0173 0.9968 -0.0777
vn 0.0033 0.9978 -0.0663
vn -0.9979 -0.0000 -0.0655
vn 0.9979 -0.0000 -0.0655
vn 0.9979 0.0001 -0.0655
vn -0.9979 0.0001 -0.0655
vn 0.9979 -0.0001 -0.0655
vn -0.9979 -0.0001 -0.0655
vn 0.9975 -0.0307 -0.0636
vn -0.9975 -0.0307 -0.0636
vn -0.9975 0.0307 -0.0636
vn 0.9975 0.0307 -0.0636
vn 0.9888 0.1379 -0.0578
vn -0.9888 -0.1379 -0.0578
vn -0.0027 0.9978 -0.0664
vn -0.0027 -0.9978 -0.0664
vn 0.0027 -0.9978 -0.0664
vn 0.0027 0.9978 -0.0664
vn -0.1262 0.9902 -0.0593
vn -0.0184 0.9977 -0.0651
vn 0.1001 -0.9932 -0.0599
vn 0.0267 -0.9976 -0.0646
vn -0.0044 -0.9978 -0.0658
vn 0.0044 0.9978 -0.0658
vn -0.0044 0.9978 -0.0658
vn 0.0044 -0.9978 -0.0658
vn 0.0267 0.9976 -0.0646
vn -0.0184 -0.9977 -0.0651
vn 0.0015 0.9978 0.0659
vn -0.0015 0.9978 0.0659
vn 0.0014 -0.9986 0.0526
vn -0.0015 -0.9978 0.0659
vn 0.0015 -0.9978 0.0659
vn 0.0031 0.9978 0.0659
vn -0.0031 -0.9978 0.0659
vn 0.0031 -0.9978 0.0659
vn -0.0031 0.9978 0.0659
vn 0.0032 0.9978 0.0658
vn -0.0032 -0.9978 0.0658
vn -0.0032 0.9978 0.0658
vn 0.0032 -0.9978 0.0658
vn -0.0021 0.9978 0.0658
vn 0.0021 -0.9978 0.0658
vn 0.0021 0.9978 0.0658
vn -0.0021 -0.9978 0.0658
vn -0.0040 0.9978 0.0658
vn -0.0040 -0.9978 0.0658
vn 0.0040 -0.9978 0.0658
vn 0.0040 0.9978 0.0658
vn -0.0039 0.9979 0.0650
vn 0.0039 0.9979 0.0650
vn -0.0039 -0.9979 0.0650
vn 0.0039 -0.9979 0.0650
vn -0.7143 0.6980 0.0514
vn -0.7143 -0.6979 0.0514
vn -0.9299 -0.3640 0.0533
vn 0.7143 -0.6980 0.0514
vn 0.7143 0.6979 0.0514
vn 0.9299 0.3640 0.0533
vn -0.3433 0.9377 0.0545
vn 0.3764 -0.9249 0.0535
vn 0.9299 -0.3640 0.0533
vn -0.9299 0.3640 0.0533
vn 0.1266 -0.9901 0.0608
vn -0.1002 0.9931 0.0617
vn 0.3764 0.9249 0.0535
vn -0.3433 -0.9376 0.0546
vn 0.9978 -0.0000 0.0669
vn -0.9978 -0.0000 0.0669
vn 0.9885 -0.1388 0.0594
vn -0.9885 0.1388 0.0594
vn 0.9885 0.1387 0.0594
vn -0.9885 -0.1387 0.0594
vn 0.1266 0.9901 0.0608
vn -0.1002 -0.9931 0.0617
vn 0.9974 -0.0310 0.0651
vn 0.9974 0.0310 0.0651
vn -0.9974 0.0310 0.0651
vn -0.9974 -0.0310 0.0651
vn -0.0026 0.9977 0.0678
vn 0.0026 0.9977 0.0678
vn 0.0026 -0.9977 0.0678
vn -0.0026 -0.9977 0.0678
vn -0.0025 -0.9977 0.0674
vn 0.0025 0.9977 0.0674
vn -0.0025 0.9977 0.0674
vn 0.0025 -0.9977 0.0674
vn 0.0185 -0.9976 0.0666
vn 0.0185 0.9976 0.0666
vn -0.0270 0.9975 0.0661
vn -0.0270 -0.9975 0.0661
vn -0.0042 -0.9977 0.0676
vn 0.0042 0.9977 0.0676
vn -0.0042 0.9977 0.0676
vn -0.0030 0.9976 0.0685
vn 0.0042 -0.9977 0.0675
vn 0.0031 -0.9976 0.0687
vn 0.1056 0.9605 -0.2575
vn -0.0895 0.9679 -0.2349
vn 0.1316 -0.9802 -0.1482
vn -0.2032 0.9491 -0.2404
vn -0.2291 -0.9272 -0.2963
vn 0.2686 -0.9196 -0.2866
vn 0.1430 0.8174 -0.5581
vn -0.2679 -0.9202 -0.2854
vn 0.2679 0.9202 -0.2854
vn -0.2996 -0.5432 -0.7844
vn -0.3458 0.9318 -0.1100
vn 0.4814 -0.2323 -0.8451
vn -0.8487 -0.2787 -0.4495
vn 0.4646 0.2603 -0.8464
vn -0.8620 0.3228 -0.3908
vn 0.4615 0.8723 -0.1615
vn 0.6882 -0.0381 -0.7245
vn -0.6902 -0.0362 -0.7228
vn 0.6861 0.0562 -0.7253
vn -0.6891 0.0241 -0.7243
vn 0.5659 0.8176 -0.1068
vn -0.5922 -0.8041 -0.0516
vn 0.5689 -0.8155 -0.1068
vn 0.2772 -0.9516 -0.1330
vn 0.4867 -0.0131 -0.8735
vn -0.8746 -0.0341 -0.4837
vn 0.4563 0.0081 -0.8898
vn -0.8923 0.0301 -0.4504
vn 0.6017 0.0901 -0.7936
vn -0.6827 0.0476 -0.7291
vn 0.5750 -0.1194 -0.8094
vn -0.6756 -0.0856 -0.7323
vn -0.5476 -0.8333 -0.0759
vn -0.5556 0.8298 -0.0525
vn -0.5864 -0.0921 -0.8047
vn 0.6855 -0.0555 -0.7260
vn -0.6012 0.0870 -0.7943
vn 0.6827 0.0476 -0.7291
vn 0.9861 -0.0286 -0.1635
vn 0.9899 0.0259 -0.1396
vn -0.9862 -0.0364 -0.1616
vn -0.9898 0.0335 -0.1382
vn 0.5992 0.2943 -0.7446
vn -0.5320 0.3143 -0.7863
vn -0.5842 0.3151 -0.7480
vn 0.5422 0.2937 -0.7872
vn -0.5450 -0.3907 -0.7418
vn 0.6056 -0.3273 -0.7254
vn -0.8124 -0.1608 -0.5604
vn -0.9713 0.0144 -0.2372
vn 0.9738 0.0317 -0.2252
vn -0.9871 0.0412 -0.1546
vn 0.9876 0.0519 -0.1482
vn 0.9897 -0.0612 -0.1297
vn -0.9891 -0.0458 -0.1401
vn 0.4049 -0.3341 -0.8511
vn 0.4634 0.7530 -0.4672
vn 0.4683 0.7502 -0.4667
vn 0.4461 -0.7464 -0.4939
vn -0.8031 0.5175 -0.2953
vn -0.7996 0.5318 -0.2790
vn -0.7596 -0.5779 -0.2983
vn 0.7853 0.6171 -0.0506
vn 0.7853 -0.6171 -0.0507
vn -0.6285 -0.7662 -0.1340
vn -0.6201 0.7675 -0.1627
vn 0.7519 -0.6505 -0.1071
vn 0.7594 0.6463 -0.0749
vn -0.7869 -0.4936 -0.3704
vn -0.6728 -0.7369 -0.0667
vn -0.6730 0.7366 -0.0668
vn 0.4223 -0.7852 -0.4528
vn 0.9991 0.0182 -0.0394
vn 0.9994 0.0328 -0.0101
vn -0.9997 0.0249 -0.0083
vn 0.9997 0.0181 -0.0173
vn -0.9998 -0.0216 -0.0052
vn 0.9993 -0.0344 -0.0164
vn 0.9993 0.0315 -0.0190
vn -0.9993 0.0315 -0.0190
vn -0.9993 -0.0344 -0.0164
vn 0.9994 0.0285 0.0212
vn -0.9996 -0.0284 0.0004
vn -0.9994 0.0340 -0.0064
vn 0.9997 -0.0181 -0.0172
vn 0.9998 -0.0223 0.0010
vn -0.9992 -0.0390 -0.0064
vn 0.9997 0.0226 0.0007
vn -0.9997 0.0225 0.0004
vn -0.9998 -0.0223 0.0010
vn -0.9992 0.0387 -0.0063
vn 0.9985 0.0545 0.0097
vn 0.4912 0.8665 -0.0884
vn 0.9984 -0.0546 0.0146
vn -0.8202 0.5686 -0.0628
vn -0.9998 0.0206 -0.0000
vn -0.9998 -0.0212 0.0019
vn -0.6676 -0.7403 -0.0795
vn 0.4895 0.8687 -0.0756
vn -0.8143 0.5779 -0.0550
vn 0.5022 -0.8617 -0.0721
vn 0.6931 -0.7168 -0.0758
vn -0.7998 -0.5981 -0.0505
vn 0.0734 -0.9954 -0.0610
vn 0.0031 0.9975 -0.0705
vn 0.0031 -0.9975 -0.0704
vn 0.0734 0.9954 -0.0610
vn 0.7822 0.6226 -0.0222
vn 0.7822 -0.6226 -0.0222
vn -0.7857 0.6182 -0.0210
vn -0.8155 -0.5786 -0.0114
vn 0.9999 -0.0163 0.0024
vn -0.9995 -0.0326 -0.0011
vn 0.9996 -0.0276 -0.0005
vn 0.9996 0.0271 -0.0008
vn -0.9995 0.0325 -0.0011
vn 0.9997 0.0226 0.0042
vn -0.9996 0.0285 0.0036
vn -0.9997 -0.0231 0.0008
vn 0.7141 0.6985 -0.0470
vn 0.9292 0.3651 -0.0577
vn 0.7145 -0.6982 -0.0459
vn -0.7142 -0.6984 -0.0459
vn -0.9292 -0.3651 -0.0577
vn -0.7142 0.6984 -0.0465
vn 0.3450 0.9367 -0.0588
vn -0.3771 -0.9244 -0.0579
vn -0.9995 -0.0331 -0.0003
vn 0.9995 0.0331 -0.0003
vn 0.9994 -0.0332 -0.0003
vn 0.9994 -0.0328 -0.0101
vn -0.9995 0.0331 -0.0003
vn -0.9997 0.0235 0.0002
vn -0.9989 0.0466 -0.0005
vn 0.9997 -0.0235 0.0002
vn 0.9997 -0.0236 -0.0002
vn -0.9997 -0.0235 0.0002
vn -0.9988 -0.0495 -0.0031
vn 0.9997 0.0235 0.0002
vn 0.9997 0.0235 -0.0002
vn 0.9994 0.0332 0.0003
vn -0.9994 -0.0332 0.0003
vn 0.7511 0.6598 -0.0232
vn 0.7511 -0.6598 -0.0232
vn -0.6808 0.7307 -0.0507
vn -0.6827 -0.7285 -0.0576
vn 0.7430 -0.6681 -0.0397
vn -0.7493 0.6616 -0.0283
vn 0.7430 0.6681 -0.0397
vn -0.7012 -0.7114 -0.0466
vn 0.8142 -0.3166 -0.4867
vn 0.6313 0.2660 -0.7285
vn -0.6856 0.4430 -0.5776
vn -0.8912 -0.2505 -0.3782
vn 0.4972 -0.2476 -0.8316
vn -0.9929 -0.0056 -0.1191
vn -0.7385 -0.3085 -0.5996
vn 0.7234 0.0473 -0.6888
vn -0.3227 0.1951 -0.9262
vn 0.0039 -0.9970 -0.0770
vn 0.0039 0.9970 -0.0770
vn -0.0039 -0.9970 -0.0770
vn -0.0039 0.9970 -0.0770
vn 0.9877 0.1403 -0.0687
vn -0.9877 -0.1403 -0.0687
vn -0.9292 0.3651 -0.0578
vn 0.9292 -0.3651 -0.0577
vn 0.1027 0.9922 -0.0712
vn 0.3450 -0.9367 -0.0588
vn -0.1279 -0.9893 -0.0705
vn -0.3771 0.9244 -0.0579
vn 0.0016 -0.9970 -0.0769
vn -0.0000 -0.9979 -0.0649
vn 0.0016 0.9970 -0.0769
vn -0.0000 0.9970 -0.0770
vn -0.0016 -0.9970 -0.0769
vn -0.0016 0.9970 -0.0769
vn 0.0032 -0.9970 -0.0769
vn 0.0032 0.9970 -0.0769
vn -0.0032 0.9970 -0.0769
vn -0.0032 -0.9970 -0.0769
vn 0.0026 0.9970 -0.0771
vn 0.0026 -0.9970 -0.0771
vn -0.0026 -0.9970 -0.0771
vn -0.0026 0.9970 -0.0771
vn -0.0025 -0.9972 -0.0753
vn -0.0033 -0.9969 -0.0787
vn 0.0414 -0.9964 -0.0740
vn 0.0033 -0.9969 -0.0787
vn 0.0414 0.9964 -0.0740
vn 0.0033 0.9969 -0.0786
vn -0.0320 0.9973 -0.0656
vn -0.0033 0.9969 -0.0786
vn 0.7276 -0.6832 -0.0619
vn 0.7276 0.6832 -0.0619
vn -0.6822 0.7277 -0.0715
vn -0.6731 -0.7361 -0.0710
vn -0.0016 -0.9972 0.0750
vn 0.0016 -0.9972 0.0750
vn 0.0016 0.9972 0.0750
vn -0.0016 0.9972 0.0750
vn 0.0032 0.9972 0.0748
vn -0.0032 -0.9972 0.0748
vn -0.0032 0.9972 0.0748
vn 0.0032 -0.9972 0.0748
vn -0.0021 0.9972 0.0748
vn -0.0021 -0.9972 0.0748
vn 0.0021 0.9972 0.0748
vn 0.0021 -0.9972 0.0748
vn 0.0043 0.9972 0.0750
vn 0.0062 0.9972 0.0744
vn -0.0043 -0.9972 0.0750
vn -0.0062 -0.9972 0.0744
vn -0.0043 0.9972 0.0750
vn -0.0061 0.9972 0.0745
vn 0.0043 -0.9972 0.0750
vn 0.0062 -0.9972 0.0744
vn 0.0023 -0.9967 -0.0809
vn 0.0399 0.9958 -0.0825
vn 0.9993 0.0338 0.0125
vn -0.9994 -0.0338 0.0125
vn 0.9994 -0.0332 0.0003
vn 0.9995 -0.0242 -0.0183
vn -0.9996 0.0279 -0.0047
vn -0.9986 0.0486 -0.0191
vn 0.9994 0.0339 0.0114
vn 0.9993 -0.0338 0.0125
vn -0.9998 0.0146 0.0118
vn -0.9994 -0.0339 0.0114
vn 0.9995 0.0242 -0.0183
vn 0.9996 0.0243 -0.0167
vn -0.9981 -0.0587 -0.0195
vn -0.9996 -0.0243 -0.0167
vn -0.9970 -0.0000 -0.0772
vn 0.9970 -0.0000 -0.0772
vn 0.0061 -0.9971 -0.0763
vn -0.0061 -0.9971 -0.0763
vn 0.0061 0.9971 -0.0763
vn -0.0061 0.9971 -0.0763
vn 0.9967 -0.0314 -0.0751
vn 0.9967 0.0314 -0.0751
vn -0.9967 0.0314 -0.0751
vn -0.9967 -0.0314 -0.0751
vn -0.9877 0.1403 -0.0687
vn 0.9877 -0.1403 -0.0687
vn -0.0027 -0.9969 -0.0782
vn -0.0027 0.9969 -0.0782
vn 0.0027 0.9969 -0.0782
vn 0.0027 -0.9969 -0.0782
vn -0.1279 0.9893 -0.0705
vn -0.0192 0.9969 -0.0769
vn 0.1027 -0.9922 -0.0712
vn 0.0275 -0.9967 -0.0763
vn -0.0192 -0.9969 -0.0769
vn 0.0275 0.9967 -0.0763
vn 0.9994 -0.0339 0.0115
vn -0.9994 0.0339 0.0114
vn -0.9996 -0.0211 -0.0167
vn 0.9996 -0.0243 -0.0167
vn -0.9996 0.0243 -0.0167
vn 0.9996 0.0244 -0.0139
vn -0.0030 -0.9976 0.0685
vn -0.0039 -0.9969 0.0785
vn -0.0039 0.9969 0.0785
vn 0.0030 0.9976 0.0685
vn 0.0039 0.9969 0.0785
vn -0.9985 0.0538 -0.0026
vn 0.9996 -0.0249 -0.0142
vn -0.9994 -0.0334 0.0104
vn 0.9997 0.0242 0.0036
vn 0.9997 -0.0242 0.0037
vn -0.9994 0.0269 -0.0199
vn -0.0026 -0.9969 0.0786
vn 0.0026 -0.9969 0.0786
vn -0.0026 0.9969 0.0786
vn 0.0026 0.9969 0.0786
vn -0.7135 -0.6981 0.0596
vn -0.7135 0.6981 0.0595
vn 0.7135 0.6981 0.0596
vn 0.7135 -0.6981 0.0595
vn -0.9292 0.3645 0.0614
vn 0.9292 -0.3645 0.0614
vn -0.9879 0.1394 0.0685
vn 0.9879 -0.1394 0.0685
vn 0.9292 0.3645 0.0614
vn 0.9879 0.1394 0.0685
vn -0.9292 -0.3645 0.0614
vn -0.9879 -0.1394 0.0685
vn -0.3436 -0.9370 0.0625
vn 0.3761 0.9245 0.0617
vn 0.3761 -0.9245 0.0617
vn -0.3436 0.9370 0.0625
vn -0.1010 -0.9923 0.0713
vn -0.0272 -0.9967 0.0765
vn 0.1270 0.9894 0.0702
vn 0.0188 0.9968 0.0771
vn 0.1270 -0.9894 0.0702
vn 0.0188 -0.9968 0.0771
vn -0.1010 0.9923 0.0713
vn -0.0272 0.9967 0.0765
vn 0.9967 -0.0312 0.0753
vn -0.9967 0.0312 0.0753
vn 0.9967 0.0312 0.0753
vn -0.9967 -0.0312 0.0753
vn -0.9970 -0.0000 0.0774
vn 0.9970 -0.0000 0.0774
vn 0.0027 -0.9969 0.0780
vn 0.0045 -0.9969 0.0781
vn -0.0027 0.9969 0.0780
vn -0.0045 0.9969 0.0781
vn 0.0027 0.9969 0.0780
vn 0.0045 0.9969 0.0781
vn -0.0027 -0.9969 0.0780
vn -0.0045 -0.9969 0.0781
vn 0.0272 -0.9972 -0.0700
vn 0.0023 0.9967 -0.0809
vn -0.0069 -0.2447 -0.9696
vn -0.0315 -0.2509 -0.9675
vn -0.0111 0.3480 -0.9374
vn 0.4834 -0.8634 -0.1447
vn 0.4830 0.8637 -0.1442
vn -0.4825 0.8641 -0.1435
vn -0.8749 0.4639 -0.1392
vn -0.8762 -0.4624 -0.1359
vn -0.4800 -0.8664 -0.1377
vn 0.8771 -0.4616 -0.1327
vn -0.0396 0.6467 -0.7617
vn -0.0042 -0.2136 -0.9769
vn -0.0163 -0.0664 -0.9977
vn -0.3356 0.8543 -0.3970
vn 0.3661 0.8287 -0.4232
vn 0.0162 -0.0666 -0.9976
vn 0.6890 0.6809 -0.2481
vn 0.8713 0.4687 -0.1454
vn 0.6967 -0.6728 -0.2490
vn -0.1621 -0.7607 -0.6285
vn -0.0159 0.0648 -0.9978
vn -0.6927 0.6770 -0.2487
vn -0.6912 -0.6783 -0.2493
vn -0.0090 -0.1242 -0.9922
vn 0.0517 0.6346 -0.7711
vn -0.0129 -0.0457 -0.9989
vn -0.0090 0.1242 -0.9922
vn 0.0517 -0.6346 -0.7711
vn 0.0001 -0.0647 -0.9979
vn 0.0001 0.0647 -0.9979
vn -0.2267 -0.4947 -0.8390
vn -0.0004 0.6567 -0.7541
vn 0.0007 0.6571 -0.7538
vn 0.2573 -0.4292 -0.8658
vn 0.0004 0.6567 -0.7541
vn 0.0006 -0.6757 -0.7372
vn -0.2431 0.4579 -0.8551
vn -0.0004 -0.6569 -0.7539
vn -0.0006 0.6757 -0.7372
vn 0.2479 0.4453 -0.8604
vn 0.0003 -0.6565 -0.7543
vn -0.0054 -0.6562 -0.7546
vn 0.6679 -0.0041 -0.7443
vn -0.6538 -0.0073 -0.7566
vn 0.6763 -0.0000 -0.7367
vn -0.0000 -0.6755 -0.7373
vn -0.0007 -0.6757 -0.7372
vn -0.0000 0.6755 -0.7373
vn 0.0004 0.6757 -0.7372
vn -0.6745 -0.0044 -0.7383
vn 0.6488 0.0219 -0.7606
vn -0.6835 -0.0231 -0.7296
vn 0.0168 -0.6502 -0.7596
vn -0.0177 0.6812 -0.7319
vn -0.0215 -0.6480 -0.7614
vn -0.0000 -0.6568 -0.7541
vn -0.0203 0.6458 -0.7632
vn 0.0259 -0.6813 -0.7315
vn 0.0159 0.6483 -0.7612
vn -0.0000 0.6566 -0.7543
vn 0.6810 0.0220 -0.7320
vn -0.6303 -0.0929 -0.7708
vn 0.6866 0.1012 -0.7199
vn 0.6303 0.0929 -0.7708
vn -0.6866 -0.1012 -0.7199
vn 0.0227 0.6826 -0.7304
vn -0.0769 -0.6382 -0.7660
vn 0.0888 -0.6273 -0.7737
vn -0.0975 0.6882 -0.7189
vn 0.6301 -0.0929 -0.7710
vn -0.6810 0.0220 -0.7320
vn -0.6866 0.1012 -0.7199
vn 0.0006 -0.0458 -0.9990
vn -0.0000 0.6556 -0.7551
vn -0.0007 0.6571 -0.7538
vn -0.0030 -0.0436 -0.9990
vn 0.0007 -0.6571 -0.7538
vn 0.0006 0.0458 -0.9990
vn -0.0000 -0.6558 -0.7549
vn 0.0825 0.6826 -0.7261
vn -0.2245 -0.5531 -0.8023
vn 0.2430 -0.5544 -0.7960
vn -0.2700 0.6567 -0.7041
vn 0.5715 0.2273 -0.7885
vn -0.6592 -0.2621 -0.7048
vn 0.5599 -0.2379 -0.7936
vn -0.6592 0.2621 -0.7048
vn -0.5715 -0.2273 -0.7885
vn 0.6592 0.2621 -0.7048
vn 0.2962 -0.2916 -0.9095
vn -0.5178 0.5080 -0.6884
vn -0.2700 -0.6564 -0.7044
vn 0.2420 0.2853 -0.9274
vn 0.2297 0.5664 -0.7915
vn -0.2845 -0.2412 -0.9278
vn 0.5180 0.5082 -0.6880
vn -0.5180 -0.5082 -0.6880
vn 0.2535 0.6688 -0.6989
vn 0.2535 -0.6688 -0.6989
vn -0.2226 0.2199 -0.9498
vn 0.5180 -0.5082 -0.6880
vn 0.6592 -0.2621 -0.7048
vn 0.0184 -0.6525 -0.7576
vn 0.0089 0.0487 -0.9988
vn -0.0006 0.0591 -0.9983
vn -0.0000 -0.6235 -0.7819
vn 0.0039 -0.9969 0.0786
vn 0.0060 -0.9969 0.0790
vn -0.0000 0.6238 -0.7816
vn -0.0000 -0.0633 -0.9980
vn -0.0000 0.0633 -0.9980
vn -0.0000 -0.6238 -0.7816
vn -0.5127 -0.4078 -0.7556
vn -0.5497 0.3800 -0.7439
vn 0.5820 0.3405 -0.7384
vn -0.0061 0.0018 -1.0000
vn 0.0089 -0.0487 -0.9988
vn 0.0120 0.0645 -0.9978
vn 0.4774 -0.6175 -0.6251
vn -0.0001 0.0633 -0.9980
vn 0.0001 -0.2614 -0.9652
vn 0.0004 0.6213 -0.7836
vn 0.0004 -0.6213 -0.7836
vn 0.0002 0.1524 -0.9883
vn -0.0005 0.0638 -0.9980
vn 0.6315 0.0002 -0.7754
vn -0.7487 0.0044 -0.6629
vn -0.0001 -0.0647 -0.9979
vn -0.0202 -0.6801 -0.7328
vn 0.1052 0.7172 -0.6889
vn -0.0901 0.7264 -0.6814
vn 0.0745 -0.6382 -0.7663
vn 0.0252 -0.7829 -0.6217
vn -0.0004 -0.6213 -0.7836
vn -0.0103 0.2654 -0.9641
vn 0.0003 -0.6212 -0.7837
vn 0.0055 0.2687 -0.9632
vn -0.0882 -0.6460 -0.7582
vn -0.2340 0.5385 -0.8095
vn -0.5455 0.2468 -0.8010
vn 0.6429 -0.0914 -0.7604
vn 0.6092 0.0059 -0.7930
vn 0.6575 -0.0000 -0.7534
vn 0.7624 0.0054 -0.6470
vn -0.6471 -0.0261 -0.7620
vn 0.0177 0.6581 -0.7527
vn -0.0194 0.6613 -0.7499
vn -0.0129 0.0457 -0.9989
vn -0.0019 -0.6724 -0.7402
vn 0.0176 -0.6581 -0.7527
vn 0.0116 -0.0650 -0.9978
vn -0.0002 0.0664 -0.9978
vn -0.0002 -0.0664 -0.9978
vn 0.0001 0.0659 -0.9978
vn 0.0001 -0.0659 -0.9978
vn 0.0098 -0.6681 -0.7440
vn -0.0098 -0.6681 -0.7440
vn 0.0098 0.6681 -0.7440
vn -0.0098 0.6681 -0.7440
vn -0.7359 0.0248 -0.6766
vn 0.6248 -0.0045 -0.7808
vn 0.6355 -0.0215 -0.7718
vn -0.7195 0.1097 -0.6857
vn -0.7046 -0.0056 -0.7096
vn -0.6490 -0.0044 -0.7607
vn -0.6073 0.0104 -0.7944
vn 0.6460 -0.0233 -0.7630
vn -0.7204 0.0022 -0.6936
vn -0.7624 0.0054 -0.6470
vn 0.6069 -0.0000 -0.7948
vn -0.7606 -0.0000 -0.6493
vn -0.0077 -0.6695 -0.7428
vn 0.0077 0.6695 -0.7428
vn -0.0000 -0.6711 -0.7414
vn -0.0082 -0.6674 -0.7446
vn -0.0000 0.6711 -0.7414
vn -0.0002 -0.6702 -0.7422
vn -0.0002 0.6702 -0.7422
vn -0.0001 0.6675 -0.7446
vn 0.0001 0.6675 -0.7446
vn 0.0001 -0.6675 -0.7446
vn -0.0001 -0.6675 -0.7446
vn -0.0063 0.6685 -0.7437
vn -0.0053 0.6689 -0.7433
vn 0.0093 0.6668 -0.7452
vn 0.0082 -0.6663 -0.7457
vn 0.0063 0.6673 -0.7447
vn -0.0077 0.6695 -0.7428
vn 0.0077 -0.6695 -0.7428
vn 0.7236 -0.0054 -0.6901
vn 0.6050 -0.0044 -0.7962
vn 0.4591 0.7158 -0.5261
vn 0.0003 0.7764 -0.6302
vn -0.5397 -0.7518 -0.3790
vn -0.5395 0.7526 -0.3774
vn 0.9307 0.3594 -0.0680
vn -0.6105 -0.7407 -0.2805
vn 0.0006 -0.8719 -0.4896
vn 0.0056 0.8679 -0.4967
vn -0.0098 0.8695 -0.4938
vn -0.0000 0.9976 -0.0693
vn -0.0000 -0.9976 -0.0691
vn 0.9216 0.3802 -0.0787
vn 0.3899 0.9177 -0.0756
vn -0.9215 -0.3810 -0.0757
vn 0.8131 0.5807 -0.0404
vn 0.1376 0.9842 -0.1110
vn -0.7052 0.7067 -0.0564
vn -0.0100 0.9921 -0.1252
vn -0.0056 -0.9994 -0.0333
vn -0.6963 -0.7054 -0.1323
vn -0.0100 -0.9921 -0.1252
vn -0.6232 0.7801 -0.0566
vn -0.0286 0.9959 -0.0860
vn 0.7410 0.6567 -0.1398
vn 0.7411 -0.6567 -0.1398
vn 0.0772 -0.9942 -0.0744
vn 0.1053 -0.9839 -0.1446
vn -0.0000 -0.9938 -0.1115
vn -0.0000 0.9938 -0.1115
vn 0.0428 0.8964 -0.4411
vn -0.0539 0.8955 -0.4417
vn -0.8938 -0.1048 -0.4360
vn 0.8882 -0.1333 -0.4397
vn 0.6683 -0.4646 -0.5810
vn 0.4023 -0.9127 -0.0718
vn 0.4748 -0.6542 -0.5887
vn 0.9175 -0.3913 -0.0707
vn -0.6718 -0.4622 -0.5789
vn -0.3725 -0.9255 -0.0682
vn 0.9977 -0.0000 -0.0677
vn -0.9980 -0.0062 -0.0631
vn 0.9979 -0.0034 -0.0654
vn -0.0000 -0.9976 -0.0690
vn -0.9971 -0.0336 -0.0679
vn 0.9971 0.0336 -0.0679
vn 0.0272 0.9973 -0.0685
vn 0.0257 -0.9973 -0.0692
vn -0.0000 0.6565 -0.7543
vn -0.0349 0.9971 -0.0682
vn -0.0331 -0.9970 -0.0693
vn -0.0000 0.9976 -0.0692
vn 0.9870 0.1453 -0.0686
vn 0.1397 -0.9877 -0.0701
vn -0.1191 -0.9904 -0.0699
vn 0.9870 -0.1453 -0.0686
vn 0.9973 -0.0314 -0.0664
vn -0.9870 -0.1453 -0.0686
vn -0.5491 0.3584 -0.7550
vn -0.3890 0.9194 -0.0580
vn -0.3630 0.5373 -0.7613
vn -0.9134 0.4031 -0.0568
vn -0.0001 -0.9991 -0.0435
vn 0.0001 0.9991 -0.0435
vn -0.0001 0.9991 -0.0435
vn 0.0001 -0.9991 -0.0435
vn 0.9993 0.0064 -0.0381
vn 0.9991 -0.0000 -0.0429
vn 0.9992 -0.0033 -0.0400
vn 0.9985 -0.0337 -0.0427
vn 0.9992 -0.0035 -0.0405
vn 0.0332 -0.9985 -0.0433
vn -0.9985 -0.0337 -0.0427
vn -0.0259 -0.9987 -0.0434
vn -0.0259 0.9987 -0.0434
vn 0.0332 0.9985 -0.0433
vn -0.9885 -0.1455 -0.0421
vn -0.1399 0.9892 -0.0432
vn 0.9885 -0.1455 -0.0421
vn -0.9885 0.1455 -0.0421
vn -0.9985 0.0359 -0.0412
vn 0.1199 0.9918 -0.0433
vn 0.9885 0.1455 -0.0421
vn -0.1399 -0.9892 -0.0432
vn 0.1199 -0.9918 -0.0433
vn -0.3793 0.9243 -0.0424
vn -0.3793 -0.9243 -0.0424
vn 0.9285 0.3689 -0.0416
vn -0.9285 -0.3689 -0.0416
vn 0.3539 -0.9343 -0.0425
vn -0.9285 0.3689 -0.0416
vn 0.9285 -0.3689 -0.0416
vn 0.3390 -0.9382 -0.0696
vn 0.3539 0.9343 -0.0425
vn 0.7128 0.7001 -0.0419
vn -0.7128 -0.7001 -0.0419
vn 0.7128 -0.7001 -0.0419
vn -0.7128 0.7001 -0.0419
vn 0.3391 0.9382 -0.0696
vn -0.3706 0.9263 -0.0688
vn -0.9307 0.3594 -0.0680
vn 0.4776 0.7454 0.4651
vn -0.9307 -0.3594 -0.0680
vn -0.3705 -0.9263 -0.0688
vn 0.9307 -0.3594 -0.0680
vn 0.7012 0.0023 -0.7129
vn 0.9999 -0.0000 -0.0133
vn -0.9980 0.0062 -0.0631
vn -0.9999 -0.0000 -0.0133
vn -0.9979 0.0034 -0.0654
vn -0.1194 0.9927 -0.0140
vn -0.9892 0.1456 -0.0141
vn -0.9992 -0.0035 -0.0402
vn -0.9999 -0.0000 0.0135
vn 0.9999 -0.0000 0.0133
vn 0.9985 0.0359 -0.0412
vn -0.7429 -0.0000 -0.6694
vn -0.9993 0.0337 -0.0134
vn -0.4978 -0.7344 0.4613
vn -0.4835 0.7232 0.4932
vn 0.9032 -0.0226 -0.4286
vn 0.0378 -0.8968 -0.4409
vn -0.8986 0.0705 -0.4330
vn -0.1190 -0.8867 -0.4468
vn -0.9996 -0.0259 -0.0143
vn -0.9986 -0.0515 0.0126
vn 0.9992 0.0387 0.0129
vn 0.3485 -0.3378 -0.8743
vn -0.5737 -0.1589 -0.8035
vn 0.4570 0.6573 -0.5993
vn 0.1682 0.5706 -0.8038
vn 0.0770 0.9942 -0.0747
vn -0.0288 -0.9959 -0.0857
vn -0.4411 0.4408 -0.7818
vn 0.5499 0.3250 -0.7694
vn -0.3297 -0.5418 -0.7732
vn -0.0016 -0.9967 0.0808
vn -0.0016 0.9967 0.0808
vn 0.0016 0.9967 0.0808
vn -0.0032 -0.9967 0.0807
vn 0.0032 -0.9967 0.0807
vn 0.0032 0.9967 0.0807
vn -0.0032 0.9967 0.0807
vn 0.0033 0.9967 0.0806
vn -0.0033 -0.9967 0.0806
vn 0.0033 -0.9967 0.0806
vn -0.0033 0.9967 0.0806
vn 0.0021 -0.9967 0.0806
vn -0.0021 -0.9967 0.0806
vn 0.0021 0.9967 0.0806
vn -0.0021 0.9967 0.0806
vn 0.0055 -0.9968 0.0801
vn -0.0055 0.9968 0.0801
vn -0.0060 0.9969 0.0790
vn -0.0055 -0.9968 0.0801
vn -0.0060 -0.9969 0.0790
vn 0.0055 0.9968 0.0801
vn 0.0060 0.9969 0.0790
vn -0.0160 -0.8445 0.5354
vn 0.0007 -0.8413 0.5406
vn 0.0160 0.8445 0.5354
vn -0.0035 0.8421 0.5394
vn 0.0314 -0.8780 0.4776
vn -0.0007 -0.8413 0.5406
vn -0.0162 0.8446 0.5351
vn 0.0007 0.8413 0.5406
vn -0.0000 0.8412 0.5408
vn 0.0050 0.8720 0.4895
vn -0.0094 -0.8387 0.5445
vn -0.0064 0.8395 0.5433
vn -0.0000 -0.8411 0.5409
vn -0.0000 -0.8414 0.5405
vn -0.0000 -0.8412 0.5408
vn -0.0000 -0.8770 0.4805
vn 0.0177 -0.8781 0.4781
vn -0.0186 0.8386 0.5444
vn 0.4430 -0.7762 0.4486
vn 0.0007 -0.8425 0.5387
vn -0.0147 0.8366 0.5476
vn 0.0227 0.8339 0.5515
vn 0.0214 -0.8742 0.4852
vn 0.0045 0.9990 -0.0448
vn -0.1674 0.9747 0.1478
vn -0.0043 0.9990 -0.0448
vn 0.8386 -0.5298 -0.1264
vn 0.9994 0.0312 -0.0169
vn 0.0063 0.8396 0.5432
vn -0.0000 0.8090 0.5878
vn 0.0055 -0.9990 -0.0449
vn -0.0049 -0.9990 -0.0448
vn 0.1985 -0.9727 0.1204
vn 0.0091 -0.8388 0.5444
vn -0.0059 0.8398 0.5429
vn -0.0000 0.7808 0.6247
vn 0.0108 0.8382 0.5452
vn -0.6216 0.5644 0.5433
vn 0.6369 0.5490 0.5412
vn -0.6000 -0.6065 0.5217
vn 0.6113 -0.5782 0.5403
vn -0.0027 -0.9966 0.0826
vn 0.0026 0.9966 0.0825
vn -0.1190 -0.1257 -0.9849
vn 0.1187 0.1256 -0.9850
vn 0.1187 -0.1256 -0.9850
vn -0.1190 0.1257 -0.9849
vn -0.4805 -0.5108 -0.7129
vn -0.4767 0.5127 -0.7141
vn -0.5219 0.4684 -0.7129
vn -0.5136 -0.4860 -0.7071
vn 0.5208 0.4711 -0.7119
vn 0.4986 0.5016 -0.7070
vn 0.4986 -0.5017 -0.7069
vn -0.5002 0.5009 -0.7064
vn 0.5002 0.5009 -0.7064
vn 0.5124 0.4875 -0.7069
vn -0.5125 0.4875 -0.7069
vn 0.5002 -0.5009 -0.7064
vn -0.5002 -0.5009 -0.7064
vn -0.5125 -0.4875 -0.7069
vn 0.5125 -0.4875 -0.7069
vn 0.5134 -0.4860 -0.7073
vn -0.4987 0.5017 -0.7068
vn 0.5134 0.4860 -0.7072
vn -0.5134 0.4860 -0.7072
vn 0.4986 -0.5017 -0.7068
vn -0.5134 -0.4860 -0.7073
vn 0.4987 0.5017 -0.7068
vn 0.9992 -0.0387 0.0129
vn -0.9975 0.0650 0.0260
vn 0.9994 -0.0312 -0.0169
vn -0.9996 0.0261 -0.0144
vn -0.4987 -0.5017 -0.7068
vn -0.0065 0.5220 0.8529
vn -0.0000 -0.6112 0.7915
vn -0.9991 0.0379 0.0163
vn -0.9991 -0.0379 0.0163
vn -0.9995 -0.0285 0.0152
vn 0.9991 0.0379 0.0163
vn 0.9991 0.0373 0.0196
vn 0.9991 -0.0379 0.0163
vn 0.9993 0.0306 -0.0204
vn 0.9993 -0.0306 -0.0204
vn -0.9993 -0.0306 -0.0204
vn -0.9993 0.0306 -0.0204
vn -0.0005 0.5237 0.8519
vn 0.0008 0.5260 0.8505
vn 0.0007 -0.6114 0.7913
vn -0.0125 -0.6042 0.7967
vn -0.0000 0.5259 0.8506
vn -0.0000 -0.7808 0.6247
vn 0.0125 -0.6042 0.7967
vn -0.0229 -0.5946 0.8037
vn -0.0218 0.5218 0.8528
vn -0.0187 -0.8386 0.5444
vn -0.0216 -0.6079 0.7937
vn -0.0124 0.5503 0.8349
vn 0.0129 -0.6350 0.7724
vn 0.0253 0.8654 0.5005
vn 0.0042 0.8100 0.5864
vn 0.0240 0.5570 0.8302
vn -0.0317 0.5631 0.8257
vn -0.0000 -0.8221 0.5694
vn -0.0289 -0.6332 0.7735
vn 0.0097 0.5114 0.8593
vn -0.0085 -0.8339 0.5518
vn -0.0022 0.9967 0.0816
vn 0.0022 0.9967 0.0816
vn -0.0022 -0.9967 0.0816
vn 0.0227 -0.8210 0.5705
vn 0.0284 0.8265 0.5622
vn 0.0180 -0.8346 0.5505
vn 0.1706 0.9733 0.1539
vn -0.0000 0.9255 0.3787
vn -0.9999 -0.0000 0.0136
vn 0.9999 0.0001 0.0129
vn 0.9999 -0.0000 0.0134
vn -0.0000 -0.9999 0.0137
vn 0.0036 -0.9999 0.0140
vn -0.0000 0.9999 0.0137
vn -0.0039 0.9999 0.0137
vn 0.0038 0.9999 0.0137
vn -0.0037 -0.9999 0.0141
vn 0.9993 0.0337 0.0135
vn 0.0332 0.9994 0.0137
vn -0.0259 -0.9996 0.0137
vn -0.9993 0.0337 0.0135
vn -0.9993 -0.0337 0.0135
vn 0.9993 -0.0337 0.0135
vn -0.0259 0.9996 0.0137
vn 0.0332 -0.9994 0.0137
vn -0.1400 -0.9900 0.0143
vn 0.1199 0.9927 0.0142
vn 0.1199 -0.9927 0.0142
vn -0.1400 0.9900 0.0143
vn 0.9892 0.1456 0.0141
vn -0.9892 -0.1456 0.0141
vn -0.9892 0.1456 0.0141
vn 0.9892 -0.1456 0.0141
vn -0.3797 0.9250 0.0153
vn 0.3540 -0.9351 0.0152
vn -0.3797 -0.9250 0.0153
vn 0.3540 0.9351 0.0152
vn 0.9293 0.3691 0.0151
vn 0.9293 -0.3691 0.0151
vn -0.9293 -0.3691 0.0151
vn -0.9293 0.3691 0.0151
vn -0.7135 0.7004 0.0163
vn -0.7135 -0.7004 0.0163
vn 0.7135 0.7004 0.0163
vn 0.7135 -0.7004 0.0163
vn 0.9991 -0.0373 0.0196
vn 0.7503 0.6602 -0.0352
vn 0.9993 0.0300 -0.0233
vn 0.9993 -0.0300 -0.0233
vn 0.7416 -0.6652 -0.0868
vn -0.9996 0.0200 0.0194
vn -0.7016 -0.7111 -0.0458
vn -0.9979 0.0583 -0.0268
vn -0.6511 0.7554 -0.0735
vn -0.9978 -0.0624 -0.0243
vn -0.1438 -0.9813 0.1282
vn 0.0015 0.9261 0.3774
vn 0.0006 0.9256 0.3785
vn -0.0076 0.9274 0.3740
vn 0.0005 -0.9587 0.2844
vn -0.0000 -0.9587 0.2845
vn -0.0043 0.9288 0.3706
vn -0.0225 0.9233 0.3835
vn -0.0148 0.9581 0.2861
vn 0.0262 0.9560 0.2921
vn -0.0308 -0.9647 0.2614
vn 0.0128 -0.9610 0.2763
vn -0.0128 -0.9610 0.2763
vn -0.0352 0.9500 0.3103
vn -0.0209 -0.9577 0.2869
vn -0.0324 -0.9722 0.2317
vn 0.0002 -0.9732 0.2298
vn 0.0207 -0.9994 0.0266
vn 0.0483 -0.9966 0.0669
vn -0.0023 -0.9999 0.0163
vn 0.0001 -0.9999 0.0169
vn 0.0022 -0.9967 0.0816
vn 0.7503 -0.6602 -0.0352
vn 0.0470 -0.9958 -0.0792
vn -0.6995 0.7126 -0.0526
vn -0.0342 0.9951 -0.0922
vn 0.7130 0.6983 0.0635
vn 0.3757 0.9244 0.0652
vn -0.7130 0.6983 0.0635
vn -0.7130 -0.6983 0.0635
vn -0.3435 -0.9368 0.0660
vn 0.7130 -0.6983 0.0635
vn -0.9288 0.3649 0.0648
vn 0.9288 -0.3648 0.0648
vn 0.3757 -0.9244 0.0652
vn 0.1274 0.9891 0.0739
vn -0.1017 -0.9920 0.0750
vn -0.3435 0.9368 0.0660
vn 0.9288 0.3648 0.0647
vn 0.9875 0.1400 0.0721
vn 0.9875 -0.1400 0.0720
vn -0.9875 0.1400 0.0720
vn -0.9288 -0.3648 0.0647
vn -0.9875 -0.1400 0.0721
vn -0.1017 0.9920 0.0750
vn -0.0274 0.9964 0.0804
vn -0.0274 -0.9964 0.0804
vn 0.0191 0.9965 0.0810
vn 0.1274 -0.9891 0.0739
vn 0.0191 -0.9965 0.0810
vn -0.9964 -0.0314 0.0791
vn -0.9964 0.0314 0.0791
vn 0.9964 0.0314 0.0791
vn 0.9964 -0.0314 0.0791
vn -0.0026 -0.9967 0.0817
vn -0.0048 -0.9967 0.0814
vn -0.0027 0.9967 0.0817
vn -0.0048 0.9967 0.0814
vn 0.0026 -0.9967 0.0817
vn 0.0048 -0.9967 0.0814
vn 0.0027 0.9967 0.0817
vn 0.0048 0.9967 0.0814
vn 0.0027 -0.9966 0.0826
vn -0.0026 0.9966 0.0825
vn -0.9967 -0.0000 0.0814
vn 0.9967 -0.0000 0.0814
vn -0.0042 -0.9966 0.0822
vn 0.0042 0.9966 0.0822
vn 0.0042 -0.9966 0.0822
vn 0.7221 0.6878 -0.0749
vn -0.6531 -0.7544 -0.0655
vn 0.7913 -0.6023 -0.1052
vn 0.1356 -0.9771 -0.1638
vn 0.7913 0.6024 -0.1053
vn 0.1361 0.9771 -0.1637
vn -0.8019 -0.5906 -0.0905
vn -0.1261 -0.9822 -0.1392
vn -0.7924 0.6013 -0.1029
vn -0.1358 0.9771 -0.1637
vn -0.0000 0.9881 -0.1541
vn -0.0000 -0.9881 -0.1541
vn 0.7250 -0.6888 0.0014
vn 0.5136 -0.4860 -0.7071
vn 0.7299 0.6836 0.0025
vn 0.7039 -0.7103 0.0001
vn -0.7322 0.6811 0.0040
vn 0.7062 0.7080 0.0002
vn -0.7000 -0.7141 0.0066
vn -0.7197 -0.6943 0.0003
vn -0.6876 0.7260 -0.0112
vn 0.7531 -0.6561 -0.0488
vn 0.1199 -0.9881 -0.0960
vn 0.7531 0.6561 -0.0487
vn -0.7687 0.6369 -0.0584
vn -0.1199 0.9881 -0.0960
vn -0.7688 -0.6368 -0.0585
vn -0.0042 0.9966 0.0822
vn 0.9846 -0.1080 -0.1376
vn 0.0016 0.9965 -0.0832
vn -0.0000 0.9965 -0.0832
vn -0.0000 -0.9970 -0.0770
vn -0.0016 -0.9965 -0.0832
vn 0.0016 -0.9965 -0.0832
vn -0.0016 0.9965 -0.0832
vn -0.0032 -0.9965 -0.0832
vn 0.0032 0.9965 -0.0832
vn -0.0032 0.9965 -0.0832
vn 0.0032 -0.9965 -0.0832
vn 0.0024 -0.9965 -0.0832
vn -0.0024 -0.9965 -0.0832
vn -0.0024 0.9965 -0.0832
vn 0.0024 0.9965 -0.0832
vn -0.1104 -0.9837 -0.1422
vn -0.9846 -0.1080 -0.1374
vn -0.1181 0.9815 -0.1506
vn 0.1104 0.9837 -0.1422
vn -0.9846 0.1080 -0.1374
vn 0.9846 0.1080 -0.1373
vn 0.1103 -0.9837 -0.1421
vn -0.7153 -0.6988 0.0011
vn 0.7153 0.6988 0.0011
vn -0.7153 0.6988 0.0011
vn 0.7153 -0.6988 0.0011
vn -0.7154 -0.6987 -0.0012
vn 0.7153 0.6988 -0.0011
vn 0.7154 -0.6988 -0.0011
vn -0.7117 0.7024 -0.0122
vn 0.9986 0.0401 -0.0349
vn 0.9989 0.0388 0.0246
vn -0.9993 -0.0325 -0.0199
vn -0.9988 -0.0479 -0.0118
vn 0.3917 -0.9155 -0.0914
vn 0.9872 -0.1552 -0.0365
vn -0.9867 -0.1575 -0.0397
vn 0.9201 -0.3813 -0.0901
vn 0.9201 0.3813 -0.0901
vn -0.9848 0.1704 -0.0323
vn -0.1775 0.9833 -0.0393
vn -0.9190 0.3819 -0.0982
vn -0.1858 -0.9817 -0.0413
vn 0.9794 0.1994 -0.0333
vn -0.9962 -0.0000 -0.0870
vn -0.0334 -0.9954 -0.0897
vn -0.0000 0.9960 -0.0889
vn -0.0000 -0.9960 -0.0890
vn 0.9851 -0.1463 -0.0908
vn 0.9962 -0.0000 -0.0870
vn -0.9956 0.0339 -0.0877
vn -0.9190 -0.3819 -0.0982
vn -0.3623 -0.9273 -0.0941
vn -0.3671 0.9249 -0.0988
vn 0.9956 -0.0340 -0.0877
vn -0.9851 0.1463 -0.0908
vn 0.1407 -0.9857 -0.0924
vn 0.1407 0.9857 -0.0924
vn 0.1400 0.9901 -0.0141
vn -0.1197 0.9886 -0.0918
vn 0.9851 0.1463 -0.0908
vn 0.0260 0.9957 -0.0894
vn 0.3920 0.9146 -0.0992
vn 0.0260 -0.9956 -0.0895
vn -0.1197 -0.9886 -0.0918
vn -0.9956 -0.0339 -0.0877
vn 0.9956 0.0339 -0.0877
vn -0.9851 -0.1463 -0.0908
vn -0.0334 0.9954 -0.0896
vn 0.0002 0.9960 0.0894
vn -0.0002 0.9960 0.0894
vn 0.0003 0.9871 0.1600
vn 0.1616 -0.9864 -0.0288
vn 0.1601 0.9862 -0.0426
vn -0.0004 -0.9960 0.0895
vn 0.0004 -0.9960 0.0895
vn 0.0618 0.9918 0.1121
vn -0.0018 0.9874 0.1583
vn -0.0617 0.9918 0.1123
vn -0.0000 0.9875 0.1575
vn 0.0018 0.9874 0.1583
vn 0.0612 -0.9914 0.1159
vn -0.0000 -0.9869 0.1612
vn 0.0910 0.9913 0.0949
vn -0.0906 0.9914 0.0944
vn -0.0612 -0.9914 0.1160
vn 0.0015 -0.9868 0.1622
vn -0.0000 -0.9869 0.1615
vn -0.0015 -0.9868 0.1622
vn 0.0910 -0.9913 0.0954
vn 0.9985 0.0332 -0.0433
vn -0.9987 0.0362 -0.0370
vn -0.9985 0.0335 -0.0437
vn 0.9993 -0.0325 -0.0199
vn 0.9993 -0.0362 -0.0121
vn -0.9993 -0.0362 -0.0121
vn -0.9984 0.0559 0.0044
vn -0.9989 0.0431 0.0157
vn 0.9995 -0.0307 0.0082
vn 0.9988 -0.0459 -0.0170
vn -0.7153 -0.6988 -0.0009
vn 0.7152 0.6989 -0.0008
vn 0.7153 0.6988 0.0008
vn -0.7153 0.6988 0.0008
vn -0.7153 0.6988 -0.0008
vn 0.7153 -0.6988 0.0008
vn 0.7153 -0.6988 -0.0008
vn -0.7153 -0.6988 0.0008
vn -0.0001 0.9959 0.0900
vn -0.0910 -0.9913 0.0954
vn -0.0001 0.9960 0.0898
vn -0.9962 -0.0000 0.0869
vn 0.9962 -0.0000 0.0870
vn -0.0000 0.9960 0.0890
vn -0.0000 -0.9960 0.0890
vn 0.0334 -0.9954 0.0896
vn 0.0334 0.9954 0.0896
vn -0.0260 0.9956 0.0895
vn -0.0260 -0.9956 0.0895
vn 0.9956 0.0340 0.0876
vn -0.9956 0.0339 0.0876
vn 0.9956 -0.0339 0.0876
vn -0.9956 -0.0339 0.0876
vn -0.1407 -0.9857 0.0926
vn 0.1202 0.9885 0.0921
vn -0.1407 0.9857 0.0926
vn 0.1202 -0.9885 0.0921
vn 0.9851 0.1463 0.0907
vn -0.9851 -0.1463 0.0907
vn 0.9851 -0.1463 0.0907
vn -0.9851 0.1463 0.0907
vn -0.3794 -0.9199 0.0993
vn 0.3544 0.9299 0.0986
vn 0.3544 -0.9299 0.0986
vn -0.3794 0.9199 0.0993
vn -0.9242 0.3691 0.0979
vn 0.9242 -0.3691 0.0979
vn 0.9242 0.3691 0.0979
vn -0.9242 -0.3691 0.0979
vn 0.7096 -0.6970 0.1033
vn -0.7096 -0.6970 0.1033
vn 0.7096 0.6970 0.1033
vn -0.7096 0.6970 0.1033
vn -0.9994 0.0334 -0.0095
vn 0.9981 -0.0551 -0.0257
vn -0.9990 -0.0439 0.0077
vn 0.9996 0.0197 -0.0191
vn 0.9989 -0.0460 -0.0127
vn -0.9998 0.0203 -0.0068
vn 0.9989 0.0431 0.0157
vn 0.9994 0.0355 0.0044
vn -0.9988 -0.0459 -0.0174
vn -0.9992 -0.0399 -0.0085
vn -0.0001 -0.9959 0.0907
vn 0.0001 -0.9959 0.0907
vn 0.0470 0.9958 -0.0792
vn 0.0044 0.9966 -0.0819
vn 0.0044 -0.9966 -0.0821
vn -0.0044 0.9966 -0.0819
vn -0.0343 -0.9951 -0.0922
vn -0.0044 -0.9966 -0.0821
vn -0.0501 -0.9760 0.2118
vn -0.0038 -0.9678 0.2517
vn -0.0501 0.9760 0.2118
vn -0.0038 0.9678 0.2517
vn 0.0501 0.9760 0.2118
vn 0.0038 0.9678 0.2517
vn 0.0501 -0.9760 0.2118
vn 0.0038 -0.9678 0.2517
vn -0.0021 -0.9696 0.2445
vn 0.0021 0.9696 0.2445
vn -0.0021 0.9696 0.2445
vn -0.0033 0.9696 0.2447
vn 0.0021 -0.9696 0.2445
vn 0.0033 -0.9696 0.2447
vn -0.0033 -0.9696 0.2447
vn -0.0032 -0.9696 0.2447
vn 0.0033 0.9696 0.2447
vn 0.0032 0.9696 0.2447
vn -0.0016 -0.9696 0.2448
vn 0.0016 -0.9967 0.0808
vn 0.0032 -0.9696 0.2447
vn -0.0032 0.9696 0.2447
vn -0.0016 0.9696 0.2448
vn 0.0016 0.9696 0.2448
vn 0.0016 -0.9696 0.2448
vn 0.0282 0.9951 0.0952
vn 0.9188 0.3366 -0.2061
vn 0.3145 0.9260 -0.2089
vn -0.9188 -0.3366 -0.2061
vn -0.3463 -0.9146 -0.2087
vn 0.0026 0.9697 0.2442
vn -0.0026 -0.9697 0.2442
vn -0.0281 0.9951 0.0946
vn 0.0281 -0.9950 0.0956
vn -0.0281 -0.9950 0.0956
vn 0.7546 0.6495 -0.0936
vn -0.7238 0.6801 -0.1167
vn -0.7828 -0.6124 -0.1108
vn 0.6126 -0.7678 -0.1876
vn 0.0067 0.9968 -0.0802
vn 0.0027 -0.9966 -0.0829
vn 0.0067 -0.9968 -0.0802
vn -0.0027 0.9966 -0.0829
vn -0.0067 0.9968 -0.0802
vn -0.0027 -0.9966 -0.0829
vn 0.0027 0.9966 -0.0829
vn -0.0067 -0.9968 -0.0802
vn 0.9874 0.1404 -0.0726
vn -0.9874 -0.1404 -0.0726
vn -0.9188 0.3366 -0.2061
vn 0.9188 -0.3366 -0.2061
vn 0.1030 0.9918 -0.0755
vn 0.3145 -0.9260 -0.2089
vn -0.3463 0.9146 -0.2087
vn -0.1277 -0.9890 -0.0743
vn 0.6913 0.7078 -0.1454
vn -0.0258 0.9754 -0.2188
vn -0.0165 -0.9776 -0.2098
vn -0.0032 -0.9779 -0.2090
vn -0.0016 -0.9779 -0.2092
vn -0.0000 0.9779 -0.2092
vn -0.0032 0.9779 -0.2090
vn 0.0023 0.9779 -0.2090
vn -0.0000 -0.9965 -0.0832
vn 0.0016 -0.9779 -0.2092
vn -0.0000 -0.9779 -0.2092
vn 0.0032 -0.9779 -0.2090
vn 0.0023 -0.9779 -0.2090
vn -0.0023 0.9779 -0.2090
vn 0.0371 0.9772 -0.2092
vn -0.0016 -0.9779 -0.2089
vn -0.0023 -0.9779 -0.2090
vn -0.0016 0.9779 -0.2092
vn 0.0032 0.9779 -0.2090
vn -0.9966 -0.0000 -0.0819
vn 0.0047 0.9967 -0.0808
vn -0.9963 0.0315 -0.0796
vn 0.9966 -0.0000 -0.0819
vn -0.0047 -0.9967 -0.0808
vn 0.0276 0.9963 -0.0808
vn 0.9874 -0.1404 -0.0726
vn 0.9963 -0.0315 -0.0796
vn -0.0193 -0.9965 -0.0815
vn -0.9874 0.1404 -0.0726
vn -0.0193 0.9965 -0.0815
vn 0.1030 -0.9918 -0.0755
vn 0.0276 -0.9963 -0.0808
vn -0.1277 0.9890 -0.0743
vn 0.9963 0.0315 -0.0796
vn -0.0047 0.9967 -0.0808
vn -0.9963 -0.0315 -0.0796
vn 0.0047 -0.9967 -0.0808
vn 0.1093 -0.9630 0.2464
vn -0.1093 0.9630 0.2464
vn 0.6971 0.5840 -0.4159
vn 0.6970 -0.5841 -0.4159
vn -0.6971 0.5840 -0.4159
vn 0.8178 -0.5616 -0.1260
vn 0.8178 0.5616 -0.1260
vn -0.6322 -0.6290 -0.4524
vn -0.7620 0.6292 -0.1533
vn -0.7621 -0.6289 -0.1536
vn 0.1009 0.9709 -0.2173
vn 0.7553 -0.6490 -0.0911
vn -0.1009 -0.9709 -0.2173
vn -0.7757 0.6228 -0.1024
vn 0.0339 -0.8504 -0.5250
vn -0.0340 0.8504 -0.5250
vn 0.0075 -0.9787 -0.2052
vn -0.0075 0.9787 -0.2052
vn -0.0026 0.9780 -0.2087
vn 0.0026 -0.9780 -0.2087
vn 0.0026 0.9780 -0.2087
vn -0.0026 -0.9780 -0.2087
vn -0.0000 0.8569 -0.5155
vn -0.0000 -0.8569 -0.5155
vn -0.0129 -0.8500 -0.5267
vn 0.0340 0.8504 -0.5250
vn -0.1093 -0.9630 0.2464
vn 0.1093 0.9630 0.2464
vn 0.3620 -0.8988 0.2472
vn 0.1223 -0.9624 0.2427
vn 0.3620 0.8988 0.2472
vn -0.3300 -0.9108 0.2481
vn -0.3300 0.9108 0.2481
vn -0.0985 0.9654 0.2416
vn 0.9035 0.3521 0.2444
vn 0.9035 -0.3520 0.2444
vn 0.9617 -0.1351 0.2387
vn -0.9035 0.3521 0.2444
vn -0.9617 0.1351 0.2387
vn -0.9035 -0.3521 0.2444
vn -0.6906 0.6766 0.2557
vn 0.6906 -0.6766 0.2557
vn 0.6906 0.6766 0.2557
vn -0.6906 -0.6766 0.2557
vn 0.1223 0.9624 0.2427
vn 0.0185 -0.9697 0.2437
vn -0.0264 0.9695 0.2436
vn -0.0985 -0.9654 0.2416
vn 0.9703 -0.0301 0.2399
vn -0.9703 0.0301 0.2399
vn 0.9617 0.1351 0.2387
vn -0.9617 -0.1351 0.2387
vn -0.0264 -0.9695 0.2436
vn 0.0184 0.9697 0.2437
vn 0.9707 -0.0000 0.2401
vn -0.9703 -0.0301 0.2399
vn -0.9707 -0.0000 0.2401
vn 0.9703 0.0301 0.2399
vn 0.0029 0.9701 0.2427
vn -0.0029 -0.9701 0.2427
vn -0.0029 0.9701 0.2427
vn -0.0060 0.9696 0.2446
vn 0.0029 -0.9701 0.2427
vn 0.0060 -0.9696 0.2446
vn 0.0060 0.9696 0.2446
vn 0.0358 -0.9647 0.2609
vn -0.0060 -0.9696 0.2446
vn -0.0358 0.9647 0.2609
vn -0.0000 0.8569 0.5155
vn 0.1209 -0.8796 0.4600
vn -0.0000 -0.8569 0.5155
vn -0.1209 0.8796 0.4600
vn -0.1209 -0.8796 0.4600
vn 0.1209 0.8796 0.4600
vn 0.1710 -0.8810 -0.4412
vn -0.1672 -0.8808 -0.4429
vn -0.1199 -0.9881 -0.0960
vn 0.1710 0.8810 -0.4412
vn 0.1199 0.9881 -0.0960
vn -0.1671 0.8808 -0.4430
vn -0.0026 0.9697 0.2442
vn 0.0026 -0.9697 0.2442
vn -0.7283 -0.0042 -0.6853
vn -0.6404 0.2573 -0.7237
vn 0.7352 0.0003 -0.6778
vn 0.6404 0.2573 -0.7237
vn 0.9956 0.0129 -0.0931
vn -0.9100 0.1035 -0.4014
vn 0.9159 0.1017 -0.3882
vn 0.6486 -0.2613 -0.7149
vn 0.9899 -0.1148 -0.0826
vn 0.9883 0.1266 -0.0847
vn -0.9953 0.0212 -0.0940
vn -0.6732 0.0016 -0.7395
vn -0.6577 -0.2503 -0.7105
vn 0.6735 0.0016 -0.7392
vn 0.9967 -0.0041 -0.0815
vn 0.0266 0.9778 -0.2079
vn -0.0187 -0.9779 -0.2082
vn 0.9784 0.0302 -0.2046
vn 0.9788 -0.0000 -0.2050
vn 0.9697 -0.1359 -0.2030
vn 0.0047 0.9782 -0.2074
vn -0.9784 -0.0302 -0.2046
vn -0.9788 -0.0000 -0.2050
vn -0.0053 0.9785 -0.2060
vn -0.9697 0.1359 -0.2030
vn -0.0187 0.9779 -0.2081
vn 0.9697 0.1359 -0.2030
vn -0.1230 -0.9706 -0.2067
vn 0.0047 -0.9782 -0.2074
vn -0.0047 0.9782 -0.2074
vn 0.0053 -0.9785 -0.2060
vn -0.0053 -0.9785 -0.2060
vn -0.0075 -0.9787 -0.2052
vn -0.9784 0.0302 -0.2046
vn 0.0998 -0.9735 -0.2060
vn -0.0047 -0.9782 -0.2074
vn -0.9697 -0.1359 -0.2030
vn -0.1230 0.9707 -0.2067
vn 0.9784 -0.0302 -0.2046
vn 0.0266 -0.9778 -0.2080
vn 0.0998 0.9735 -0.2060
vn 0.0053 0.9785 -0.2060
vn 0.0075 0.9787 -0.2052
vn 0.8897 -0.1589 -0.4280
vn -0.8913 -0.1588 -0.4246
vn -0.9961 -0.0246 -0.0843
vn 0.9689 -0.0945 -0.2288
vn -0.9684 0.0790 -0.2365
vn 0.9684 0.0792 -0.2364
vn 0.8503 0.4199 -0.3172
vn -0.7179 0.1456 -0.6807
vn -0.6002 0.5834 -0.5471
vn 0.7179 0.1457 -0.6807
vn 0.6002 0.5834 -0.5471
vn -0.0381 0.7098 -0.7033
vn -0.9869 0.1534 -0.0490
vn -0.9887 -0.1425 -0.0461
vn -0.9647 -0.1274 -0.2304
vn -0.7231 -0.1305 -0.6783
vn -0.7320 -0.6738 -0.1004
vn 0.2914 -0.8661 0.4062
vn 0.1973 -0.8918 0.4072
vn -0.2914 -0.8661 0.4062
vn -0.1864 -0.8819 0.4331
vn -0.2915 0.8660 0.4062
vn -0.1971 0.8918 0.4072
vn 0.2915 0.8660 0.4062
vn 0.1862 0.8820 0.4330
vn -0.4562 -0.6382 -0.6202
vn -0.0023 -0.7091 -0.7051
vn -0.0011 -0.7089 -0.7053
vn -0.0017 0.7093 -0.7049
vn 0.0017 -0.7093 -0.7049
vn 0.0016 0.9779 -0.2092
vn -0.0000 0.7091 -0.7051
vn 0.0011 0.7089 -0.7053
vn 0.5721 -0.6032 -0.5557
vn -0.0012 -0.7092 -0.7050
vn 0.0017 0.7093 -0.7049
vn 0.0023 0.7091 -0.7051
vn 0.0012 -0.7092 -0.7050
vn 0.0023 -0.7091 -0.7051
vn 0.0011 -0.7089 -0.7053
vn -0.0011 0.7089 -0.7053
vn -0.0017 -0.7093 -0.7049
vn -0.0000 -0.7091 -0.7051
vn -0.0023 0.7091 -0.7051
vn 0.0381 0.7098 -0.7033
vn -0.7889 -0.5074 -0.3466
vn 0.6746 -0.1853 -0.7146
vn -0.0686 0.9205 -0.3848
vn -0.0608 -0.9241 -0.3773
vn 0.3463 0.7959 -0.4965
vn -0.3163 -0.8088 -0.4957
vn 0.1963 -0.8774 -0.4378
vn 0.1246 0.9083 -0.3994
vn -0.8835 -0.0000 -0.4685
vn -0.8014 0.3386 -0.4931
vn -0.8696 -0.1304 -0.4761
vn -0.8828 0.0306 -0.4688
vn 0.0232 0.8796 -0.4751
vn -0.8697 0.1304 -0.4761
vn 0.3376 -0.7977 -0.4997
vn -0.0000 -0.8800 -0.4750
vn -0.8828 -0.0306 -0.4688
vn -0.3257 0.8072 -0.4924
vn 0.8827 -0.0306 -0.4689
vn 0.8834 -0.0000 -0.4686
vn 0.8835 -0.0000 -0.4685
vn -0.1059 -0.8704 -0.4809
vn -0.0299 -0.8794 -0.4751
vn -0.1059 0.8704 -0.4809
vn 0.0232 -0.8796 -0.4751
vn -0.0000 0.8800 -0.4750
vn 0.8696 -0.1304 -0.4762
vn 0.1252 -0.8682 -0.4802
vn 0.8030 -0.3296 -0.4965
vn -0.0299 0.8794 -0.4751
vn 0.8828 0.0306 -0.4688
vn 0.8696 0.1304 -0.4761
vn -0.8014 -0.3386 -0.4931
vn 0.1252 0.8682 -0.4802
vn 0.8084 0.3245 -0.4912
vn 0.0017 -0.7524 0.6588
vn -0.0017 -0.7524 0.6588
vn -0.0026 -0.7522 0.6589
vn 0.0017 0.7524 0.6588
vn 0.0026 0.7522 0.6589
vn -0.0017 0.7524 0.6588
vn -0.0026 0.7522 0.6589
vn 0.0024 0.7521 0.6590
vn 0.0026 -0.7522 0.6589
vn -0.0024 -0.7521 0.6590
vn -0.0024 0.7521 0.6590
vn -0.0012 0.7520 0.6592
vn 0.0012 0.7520 0.6592
vn -0.0012 -0.7520 0.6592
vn 0.0024 -0.7521 0.6590
vn 0.0012 -0.7520 0.6592
vn 0.0117 -0.7636 0.6456
vn -0.0117 0.7636 0.6456
vn -0.0117 -0.7636 0.6456
vn 0.0117 0.7636 0.6456
vn -0.1913 -0.8045 0.5622
vn 0.1913 -0.8045 0.5622
vn 0.1913 0.8045 0.5622
vn -0.1913 0.8045 0.5622
vn 0.2317 0.6516 -0.7223
vn -0.2612 -0.6428 -0.7201
vn 0.2315 -0.6539 -0.7203
vn -0.1971 0.6241 -0.7561
vn -0.8834 -0.0000 0.4685
vn -0.8835 -0.0000 0.4685
vn -0.8835 0.0001 0.4685
vn 0.8835 -0.0000 0.4685
vn 0.8834 -0.0000 0.4686
vn 0.0001 -0.8801 0.4748
vn -0.0000 -0.8800 0.4750
vn -0.0001 -0.8801 0.4748
vn -0.8835 -0.0001 0.4684
vn 0.8835 -0.0001 0.4685
vn 0.0001 0.8801 0.4748
vn 0.8835 0.0001 0.4684
vn 0.8834 -0.0000 0.4685
vn -0.0001 0.8801 0.4748
vn -0.0000 0.8800 0.4750
vn -0.0231 0.8803 0.4739
vn 0.0297 -0.8802 0.4737
vn -0.0231 -0.8803 0.4739
vn 0.0297 0.8802 0.4737
vn -0.8835 0.0303 0.4675
vn -0.8835 -0.0303 0.4675
vn 0.8835 0.0303 0.4675
vn 0.8835 -0.0303 0.4675
vn 0.0002 0.8797 0.4755
vn -0.0002 -0.8797 0.4755
vn 0.0002 -0.8797 0.4755
vn -0.0728 -0.8700 0.4877
vn 0.0726 0.8700 0.4877
vn -0.0002 0.8797 0.4755
vn -0.1248 -0.8697 0.4776
vn 0.1060 -0.8716 0.4787
vn -0.1248 0.8697 0.4776
vn 0.1060 0.8716 0.4787
vn 0.8712 -0.1301 0.4733
vn -0.8712 0.1301 0.4733
vn -0.8712 -0.1301 0.4733
vn 0.8712 0.1301 0.4733
vn -0.3324 0.8053 0.4909
vn 0.3113 -0.8159 0.4873
vn -0.3324 -0.8053 0.4909
vn 0.3113 0.8159 0.4873
vn 0.8107 0.3243 0.4875
vn 0.8107 -0.3243 0.4875
vn -0.8107 -0.3243 0.4875
vn -0.8107 0.3243 0.4875
vn 0.6187 -0.6078 0.4978
vn -0.6187 0.6078 0.4978
vn -0.6187 -0.6078 0.4978
vn 0.6187 0.6078 0.4978
vn 0.0379 0.3664 -0.9297
vn -0.0310 -0.3733 -0.9272
vn 0.1009 -0.9709 -0.2173
vn 0.2538 -0.7040 -0.6633
vn -0.2611 -0.7025 -0.6621
vn -0.1009 0.9709 -0.2173
vn -0.2587 0.7055 -0.6598
vn 0.2587 0.7055 -0.6598
vn -0.0000 0.3693 -0.9293
vn 0.0002 0.3693 -0.9293
vn 0.0002 -0.3693 -0.9293
vn -0.0000 -0.3696 -0.9292
vn -0.0000 -0.3692 -0.9293
vn -0.0000 -0.3693 -0.9293
vn -0.0002 0.3693 -0.9293
vn -0.0000 0.3696 -0.9292
vn -0.0002 -0.3693 -0.9293
vn -0.0000 0.3692 -0.9293
vn -0.0379 0.3664 -0.9297
vn 0.0310 -0.3733 -0.9272
vn -0.0055 -0.7105 -0.7037
vn 0.0055 0.7105 -0.7037
vn -0.5182 -0.4972 -0.6959
vn 0.5182 -0.4973 -0.6958
vn 0.5182 0.4973 -0.6958
vn -0.5282 0.4946 -0.6902
vn -0.5127 0.5119 -0.6893
vn 0.5091 0.5070 -0.6955
vn -0.5091 -0.5070 -0.6955
vn 0.5091 -0.5070 -0.6955
vn -0.8503 0.4199 -0.3172
vn 0.7726 -0.5249 -0.3571
vn -0.0328 0.1739 -0.9842
vn 0.0328 0.1739 -0.9842
vn -0.6468 -0.2278 -0.7278
vn 0.6539 0.2561 -0.7119
vn 0.6469 -0.2277 -0.7278
vn -0.6541 0.2560 -0.7117
vn 0.4424 -0.5473 -0.7105
vn 0.4424 0.5473 -0.7104
vn -0.4424 -0.5473 -0.7105
vn 0.5571 -0.4334 -0.7084
vn 0.5571 0.4334 -0.7084
vn -0.5571 -0.4334 -0.7084
vn -0.5571 0.4334 -0.7084
vn -0.0278 -0.1550 -0.9875
vn 0.0005 0.1655 -0.9862
vn 0.0004 0.1657 -0.9862
vn -0.0004 0.1657 -0.9862
vn 0.0005 -0.1655 -0.9862
vn -0.0000 -0.1657 -0.9862
vn -0.0005 -0.1655 -0.9862
vn -0.0004 -0.1657 -0.9862
vn -0.0003 -0.1656 -0.9862
vn -0.0000 0.1657 -0.9862
vn -0.0005 0.1655 -0.9862
vn -0.0000 -0.1660 -0.9861
vn -0.0000 0.1660 -0.9861
vn 0.0004 -0.1657 -0.9862
vn -0.3849 0.5383 -0.7497
vn -0.0386 0.0106 -0.9992
vn 0.0319 0.0184 -0.9993
vn -0.0000 -0.0111 -0.9999
vn 0.0013 -0.0119 -0.9999
vn -0.0013 0.0119 -0.9999
vn -0.0013 -0.0119 -0.9999
vn 0.0013 0.0119 -0.9999
vn -0.0000 -0.0295 -0.9996
vn -0.0000 0.0131 -0.9999
vn -0.0001 -0.0117 -0.9999
vn 0.0001 -0.0117 -0.9999
vn -0.0001 0.0117 -0.9999
vn 0.0001 0.0117 -0.9999
vn -0.0000 0.0111 -0.9999
vn 0.0001 -0.0111 -0.9999
vn -0.0001 -0.0111 -0.9999
vn 0.0001 0.0111 -0.9999
vn -0.0001 0.0111 -0.9999
vn -0.0000 0.4471 -0.8945
vn -0.3190 0.3227 -0.8911
vn 0.3745 0.3776 -0.8468
vn -0.0000 0.0137 -0.9999
vn 0.4514 0.0130 -0.8922
vn 0.0213 -0.0168 -0.9996
vn -0.0172 -0.0137 -0.9998
vn 0.3120 -0.3161 -0.8960
vn -0.0000 -0.6212 -0.7837
vn -0.3120 -0.3161 -0.8960
vn -0.6246 -0.0126 -0.7808
vn -0.0013 0.0115 -0.9999
vn 0.0013 -0.0115 -0.9999
vn 0.0173 0.0069 -0.9998
vn 0.0013 0.0115 -0.9999
vn 0.5778 0.3745 -0.7252
vn 0.5778 -0.3745 -0.7252
vn -0.3205 -0.3052 -0.8967
vn -0.4510 0.0129 -0.8924
vn 0.3205 -0.3052 -0.8967
vn -0.0000 -0.4344 -0.9007
vn -0.3133 0.2984 -0.9015
vn -0.0000 0.0119 -0.9999
vn -0.0030 0.0085 -1.0000
vn -0.0462 0.6259 -0.7785
vn 0.4717 0.4407 -0.7637
vn 0.6188 -0.0505 -0.7840
vn -0.0000 -0.3692 0.9293
vn -0.0004 -0.3689 0.9295
vn -0.0000 0.3692 0.9293
vn 0.0004 0.3689 0.9295
vn -0.0000 -0.3683 0.9297
vn -0.0000 0.3683 0.9297
vn 0.0204 -0.3474 0.9375
vn -0.0204 0.3474 0.9375
vn -0.0204 -0.3474 0.9375
vn 0.0204 0.3474 0.9375
vn -0.6089 -0.3667 -0.7034
vn -0.6085 0.3667 -0.7037
vn -0.0029 0.7538 0.6571
vn 0.0029 0.7538 0.6571
vn -0.0029 -0.7538 0.6571
vn 0.0029 -0.7538 0.6571
vn -0.0358 -0.9647 0.2609
vn -0.0067 -0.7569 0.6535
vn -0.0067 0.7569 0.6535
vn 0.0067 -0.7569 0.6535
vn 0.0358 0.9647 0.2609
vn 0.0067 0.7569 0.6535
vn -0.7164 0.6977 -0.0002
vn 0.7243 -0.6895 0.0065
vn -0.7167 -0.6972 0.0128
vn 0.2091 0.6348 -0.7438
vn -0.2098 0.8402 -0.5000
vn 0.2091 -0.6348 -0.7438
vn -0.2318 0.6302 -0.7410
vn -0.2318 -0.6302 -0.7410
vn 0.1638 -0.8156 -0.5549
vn 0.6371 -0.2273 -0.7365
vn 0.8188 0.1600 -0.5514
vn -0.6371 0.2273 -0.7365
vn -0.8188 -0.1600 -0.5514
vn 0.6371 0.2273 -0.7365
vn -0.6371 -0.2273 -0.7365
vn -0.7163 0.6976 0.0126
vn -0.0000 0.2637 0.9646
vn -0.0000 -0.2637 0.9646
vn -0.6914 -0.0970 -0.7159
vn 0.7141 -0.0000 -0.7001
vn 0.0717 -0.6958 -0.7146
vn -0.7141 -0.0000 -0.7001
vn -0.7086 -0.0216 -0.7053
vn 0.6914 0.0970 -0.7159
vn 0.7086 0.0216 -0.7053
vn -0.0870 0.6869 -0.7216
vn -0.0870 -0.6869 -0.7216
vn -0.6914 0.0970 -0.7159
vn 0.7086 -0.0216 -0.7053
vn 0.6914 -0.0970 -0.7159
vn -0.7086 0.0216 -0.7053
vn 0.0717 0.6958 -0.7146
vn -0.0134 -0.7069 -0.7072
vn 0.0050 0.7119 -0.7023
vn 0.0190 0.7054 -0.7085
vn -0.0134 0.7069 -0.7072
vn 0.0037 -0.7099 -0.7043
vn 0.0050 -0.7119 -0.7023
vn 0.0055 -0.7105 -0.7037
vn 0.0037 0.7099 -0.7043
vn -0.0037 0.7099 -0.7043
vn 0.0018 -0.7092 -0.7050
vn -0.0050 -0.7119 -0.7023
vn -0.0019 0.7092 -0.7050
vn 0.0190 -0.7054 -0.7085
vn -0.0037 -0.7099 -0.7043
vn 0.0019 0.7092 -0.7050
vn -0.0050 0.7119 -0.7023
vn -0.0055 0.7105 -0.7037
vn -0.0018 -0.7092 -0.7050
vn 0.9999 -0.0098 -0.0065
vn 0.7163 -0.6978 0.0001
vn -1.0000 -0.0001 0.0002
vn -0.0000 -1.0000 -0.0018
vn -0.7163 -0.6978 0.0001
vn -0.0102 0.9999 -0.0049
vn 0.4482 0.4277 0.7850
vn -0.3481 0.7763 0.5256
vn -0.1062 0.7634 0.6371
vn 0.3481 -0.7763 0.5256
vn 0.1062 -0.7634 0.6371
vn -0.3481 -0.7763 0.5256
vn -0.1062 -0.7634 0.6371
vn 0.3481 0.7763 0.5256
vn 0.1062 0.7634 0.6371
vn 0.0009 -0.2629 0.9648
vn 0.0006 -0.2630 0.9648
vn -0.0009 0.2629 0.9648
vn -0.0006 0.2630 0.9648
vn 0.0009 0.2629 0.9648
vn -0.0009 -0.2629 0.9648
vn 0.0009 -0.2628 0.9649
vn 0.0009 0.2628 0.9649
vn -0.0009 0.2628 0.9649
vn -0.0009 -0.2628 0.9649
vn -0.0000 0.2628 0.9648
vn -0.0000 -0.2628 0.9648
vn -0.0006 -0.2630 0.9648
vn -0.0419 -0.2276 0.9728
vn 0.0006 0.2630 0.9648
vn 0.0419 0.2276 0.9728
vn -0.4980 -0.3765 0.7812
vn 0.4980 0.3765 0.7812
vn 0.4980 -0.3765 0.7812
vn 0.0419 -0.2276 0.9728
vn -0.4980 0.3765 0.7812
vn -0.0419 0.2276 0.9728
vn 0.0023 0.7523 0.6588
vn -0.0023 -0.7524 0.6587
vn 0.0023 -0.7524 0.6587
vn -0.0023 0.7523 0.6588
vn -0.7580 -0.0000 0.6522
vn 0.7581 0.0002 0.6521
vn 0.7580 -0.0000 0.6522
vn -0.7581 -0.0002 0.6521
vn 0.7581 -0.0002 0.6521
vn -0.7581 0.0002 0.6521
vn 0.0147 0.7501 0.6612
vn -0.0209 0.7491 0.6621
vn 0.0147 -0.7501 0.6611
vn -0.0210 -0.7491 0.6621
vn 0.7532 0.0235 0.6574
vn -0.7532 -0.0235 0.6574
vn 0.7532 -0.0235 0.6574
vn -0.7532 0.0235 0.6574
vn 0.0936 0.7309 0.6760
vn -0.0763 -0.7380 0.6704
vn 0.7356 -0.1042 0.6694
vn -0.7356 0.1042 0.6693
vn -0.0000 -0.5127 0.8586
vn 0.7356 0.1042 0.6693
vn -0.7356 -0.1042 0.6693
vn 0.6681 -0.2592 0.6975
vn -0.6681 0.2592 0.6974
vn 0.0936 -0.7309 0.6760
vn -0.0763 0.7380 0.6704
vn 0.2643 0.6604 0.7029
vn -0.2405 -0.6672 0.7050
vn -0.5292 0.0160 0.8484
vn 0.2643 -0.6604 0.7029
vn -0.2405 0.6672 0.7050
vn 0.4964 0.4871 0.7186
vn -0.4964 -0.4871 0.7186
vn -0.4964 0.4871 0.7186
vn 0.4964 -0.4871 0.7186
vn 0.6681 0.2592 0.6974
vn -0.6681 -0.2592 0.6975
vn 0.6264 -0.0126 0.7794
vn 0.4062 0.3956 0.8237
vn -0.0269 0.5474 0.8364
vn 0.1638 0.8156 -0.5549
vn -0.1638 -0.8156 -0.5549
vn -0.8188 0.1600 -0.5514
vn 0.8188 -0.1600 -0.5514
vn 0.3187 -0.3238 0.8908
vn -0.3187 -0.3238 0.8908
vn -0.3206 0.3041 0.8971
vn 0.6304 0.0115 -0.7762
vn 0.6242 -0.2897 -0.7256
vn -0.6358 0.0219 -0.7716
vn 0.6582 -0.0004 -0.7529
vn 0.0040 0.4285 0.9035
vn 0.4465 -0.0115 0.8947
vn -0.3208 -0.3038 0.8971
vn 0.6317 0.2810 -0.7226
vn -0.6318 0.2808 -0.7225
vn -0.6425 -0.2963 -0.7067
vn -0.6646 -0.0120 -0.7471
vn -0.4513 -0.0157 0.8922
vn -0.3186 0.3240 0.8908
vn -0.0000 -0.4481 0.8940
vn 0.6958 -0.3555 0.6241
vn -0.6958 0.3555 0.6241
vn 0.1483 0.3376 -0.9295
vn -0.1385 0.3493 -0.9267
vn -0.3417 -0.1446 -0.9286
vn -0.6958 -0.3555 0.6241
vn -0.5815 -0.3011 0.7558
vn 0.6959 0.3555 0.6239
vn 0.5812 0.3011 0.7560
vn 0.5812 -0.3011 0.7560
vn -0.5812 0.3011 0.7560
vn 0.0008 -0.0119 0.9999
vn -0.0008 0.0119 0.9999
vn 0.0119 0.0006 0.9999
vn 0.0004 -0.3689 0.9295
vn 0.0008 0.0119 0.9999
vn -0.0004 0.3689 0.9295
vn -0.0000 0.0114 0.9999
vn -0.0000 -0.0114 0.9999
vn 0.1483 -0.3376 -0.9295
vn -0.1385 -0.3493 -0.9267
vn -0.0000 0.0121 0.9999
vn -0.0000 -0.0121 0.9999
vn 0.3199 -0.2976 0.8995
vn 0.0172 0.0160 0.9997
vn -0.0000 -0.0112 0.9999
vn -0.0000 0.0112 0.9999
vn -0.0009 0.0111 0.9999
vn -0.0009 -0.0111 0.9999
vn 0.0009 -0.0111 0.9999
vn 0.0009 0.0111 0.9999
vn 0.5350 0.0207 0.8446
vn -0.5350 -0.0207 0.8446
vn -0.0000 0.0160 0.9999
vn -0.0000 -0.0160 0.9999
vn 0.0007 0.0119 0.9999
vn -0.0007 0.0119 0.9999
vn -0.0007 -0.0119 0.9999
vn 0.0007 -0.0119 0.9999
vn 0.5350 -0.0207 0.8446
vn -0.5350 0.0207 0.8446
vn 0.0473 0.3745 -0.9260
vn 0.0082 0.3725 -0.9280
vn -0.3790 -0.0110 -0.9253
vn -0.3747 -0.0000 -0.9272
vn -0.0000 0.3691 -0.9294
vn -0.0000 0.3692 -0.9294
vn 0.3790 0.0110 -0.9253
vn 0.3747 -0.0000 -0.9272
vn 0.3764 0.0503 -0.9251
vn -0.0000 -0.3692 -0.9294
vn 0.3439 0.1336 -0.9295
vn -0.3764 -0.0503 -0.9251
vn -0.0107 0.3735 -0.9276
vn -0.0407 -0.3697 -0.9282
vn -0.0107 -0.3735 -0.9276
vn -0.0000 -0.3691 -0.9294
vn 0.0082 -0.3725 -0.9280
vn 0.3746 -0.0000 -0.9272
vn -0.0407 0.3697 -0.9282
vn -0.3417 0.1446 -0.9286
vn 0.0473 -0.3745 -0.9260
vn -0.3764 0.0503 -0.9251
vn -0.3790 0.0110 -0.9253
vn 0.3763 -0.0503 -0.9251
vn 0.3417 -0.1446 -0.9286
vn 0.3789 -0.0110 -0.9254
vn -0.0000 -0.0111 0.9999
vn -0.0000 0.0111 0.9999
vn -0.6830 0.3160 0.6586
vn 0.6830 -0.3160 0.6586
vn 0.2813 0.4004 0.8721
vn -0.2811 -0.4005 0.8721
vn 0.0329 -0.1320 -0.9907
vn -0.0369 -0.1331 -0.9904
vn -0.0369 0.1331 -0.9904
vn -0.1360 0.0371 -0.9900
vn -0.1360 -0.0371 -0.9900
vn 0.1360 -0.0371 -0.9900
vn 0.1360 0.0371 -0.9900
vn 0.0452 0.1309 -0.9904
vn 0.0104 0.3814 0.9244
vn -0.0104 -0.3813 0.9244
vn -0.1638 0.0060 -0.9865
vn 0.1638 -0.0060 -0.9865
vn 0.1689 -0.0000 -0.9856
vn 0.0180 -0.1544 -0.9878
vn -0.1689 -0.0000 -0.9856
vn -0.0220 0.1481 -0.9887
vn -0.0015 -0.1669 -0.9860
vn -0.0016 -0.1655 -0.9862
vn 0.0015 -0.1669 -0.9860
vn -0.0005 -0.1656 -0.9862
vn -0.1517 0.0241 -0.9881
vn 0.0051 0.1620 -0.9868
vn -0.1638 -0.0060 -0.9865
vn -0.1517 -0.0241 -0.9881
vn 0.1638 0.0060 -0.9865
vn 0.1517 0.0241 -0.9881
vn 0.0015 0.1669 -0.9860
vn 0.0016 0.1655 -0.9862
vn 0.0009 0.1659 -0.9861
vn -0.0016 0.1655 -0.9862
vn -0.0009 0.1659 -0.9861
vn 0.0180 0.1544 -0.9878
vn -0.0015 0.1669 -0.9860
vn -0.0036 -0.1633 -0.9866
vn 0.1517 -0.0241 -0.9881
vn -0.0009 -0.1659 -0.9861
vn 0.0051 -0.1620 -0.9868
vn 0.0005 -0.1656 -0.9862
vn 0.0016 -0.1655 -0.9862
vn 0.0009 -0.1659 -0.9861
vn -0.0036 0.1633 -0.9866
vn -0.0220 -0.1481 -0.9887
vn -0.0179 -0.0017 -0.9998
vn 0.0182 0.0019 -0.9998
vn -0.0158 -0.0068 -0.9999
vn 0.0182 -0.0019 -0.9998
vn -0.0020 -0.0179 -0.9998
vn 0.0020 0.0179 -0.9998
vn 0.0020 -0.0179 -0.9998
vn -0.0020 0.0179 -0.9998
vn -0.2882 0.3932 0.8731
vn -0.0520 0.8792 0.4736
vn 0.2882 -0.3932 0.8731
vn 0.0522 -0.8792 0.4736
vn 0.7542 -0.0202 0.6563
vn 0.7542 0.0202 0.6563
vn -0.7542 0.0202 0.6563
vn -0.7542 -0.0202 0.6563
vn -0.0109 0.0016 -0.9999
vn 0.0109 -0.0016 -0.9999
vn -0.0109 -0.0016 -0.9999
vn 0.0109 0.0016 -0.9999
vn -0.0012 -0.0108 -0.9999
vn -0.0003 0.0109 -0.9999
vn -0.0000 -0.0110 -0.9999
vn -0.0114 0.0004 -0.9999
vn -0.0115 -0.0000 -0.9999
vn 0.0115 -0.0000 -0.9999
vn -0.0012 0.0108 -0.9999
vn 0.0014 0.0107 -0.9999
vn -0.0000 0.0110 -0.9999
vn 0.0002 -0.0109 -0.9999
vn -0.0003 -0.0109 -0.9999
vn 0.0002 0.0109 -0.9999
vn 0.0114 -0.0004 -0.9999
vn 0.0014 -0.0107 -0.9999
vn -0.0000 -0.0109 -0.9999
vn 0.0114 0.0004 -0.9999
vn 0.0001 0.0110 -0.9999
vn -0.0001 0.0110 -0.9999
vn -0.0000 0.0109 -0.9999
vn -0.0001 -0.0110 -0.9999
vn -0.0114 -0.0004 -0.9999
vn 0.0001 -0.0110 -0.9999
vn 0.6830 0.3160 0.6586
vn -0.6830 -0.3160 0.6586
vn -0.3745 0.0001 0.9272
vn 0.3746 -0.0000 0.9272
vn -0.3746 -0.0000 0.9272
vn 0.3745 -0.0001 0.9272
vn -0.3745 -0.0001 0.9272
vn 0.3745 0.0001 0.9272
vn -0.8834 -0.0000 0.4686
vn 0.0111 -0.3747 0.9271
vn -0.0002 -0.3691 0.9294
vn -0.0085 0.3736 0.9275
vn 0.0002 0.3691 0.9294
vn 0.0111 0.3747 0.9271
vn -0.0085 -0.3736 0.9275
vn -0.0002 0.3691 0.9294
vn -0.0001 0.3692 0.9293
vn 0.0002 -0.3691 0.9294
vn 0.0001 -0.3692 0.9293
vn -0.0001 -0.3692 0.9293
vn 0.0001 0.3692 0.9293
vn -0.0008 0.3688 0.9295
vn 0.0007 -0.3687 0.9295
vn -0.3799 0.0115 0.9249
vn -0.3799 -0.0115 0.9249
vn 0.3799 -0.0115 0.9249
vn 0.3799 0.0115 0.9249
vn -0.0490 -0.3767 0.9250
vn 0.0418 -0.3718 0.9274
vn 0.0418 0.3718 0.9274
vn -0.0490 0.3767 0.9250
vn -0.3783 0.0518 0.9243
vn 0.3783 -0.0518 0.9243
vn -0.3783 -0.0518 0.9243
vn 0.3783 0.0518 0.9243
vn -0.1376 0.3508 0.9263
vn -0.1376 -0.3508 0.9263
vn 0.1280 0.3616 0.9235
vn 0.1280 -0.3616 0.9235
vn 0.3549 -0.1340 0.9252
vn 0.3549 0.1340 0.9252
vn -0.3549 0.1340 0.9252
vn -0.3549 -0.1340 0.9252
vn -0.2702 -0.2637 0.9260
vn -0.2702 0.2637 0.9260
vn 0.2702 0.2637 0.9260
vn 0.2702 -0.2637 0.9260
vn 0.2639 0.2969 0.9177
vn 0.2639 -0.2969 0.9177
vn -0.2639 -0.2969 0.9177
vn -0.2639 0.2969 0.9177
vn 0.0009 -0.2625 0.9649
vn -0.0009 0.2625 0.9649
vn -0.0009 -0.2625 0.9649
vn 0.0009 0.2625 0.9649
vn 0.2674 -0.0000 0.9636
vn -0.2674 -0.0000 0.9636
vn 0.2673 0.0002 0.9636
vn -0.2673 -0.0002 0.9636
vn 0.0005 0.2642 0.9645
vn -0.0005 -0.2642 0.9645
vn 0.0005 -0.2642 0.9645
vn -0.0032 -0.2738 0.9618
vn -0.0005 0.2642 0.9645
vn 0.0032 0.2738 0.9618
vn 0.0058 0.2581 0.9661
vn -0.0082 -0.2562 0.9666
vn 0.2673 -0.0002 0.9636
vn 0.2585 0.0093 0.9660
vn -0.2673 0.0002 0.9636
vn -0.2585 -0.0093 0.9660
vn -0.0032 0.2738 0.9618
vn 0.0032 -0.2738 0.9618
vn -0.0082 0.2562 0.9666
vn 0.0058 -0.2581 0.9661
vn 0.2586 -0.0093 0.9660
vn -0.2586 0.0093 0.9660
vn 0.2393 0.0372 0.9702
vn -0.2393 -0.0372 0.9702
vn 0.1993 -0.0812 0.9766
vn -0.1993 0.0812 0.9766
vn -0.1993 -0.0812 0.9766
vn -0.1391 -0.1373 0.9807
vn 0.1993 0.0812 0.9766
vn 0.1391 0.1373 0.9807
vn 0.0813 0.1951 0.9774
vn -0.0747 -0.1933 0.9783
vn 0.0813 -0.1951 0.9774
vn -0.0747 0.1933 0.9783
vn 0.2393 -0.0372 0.9702
vn -0.2393 0.0372 0.9702
vn -0.0275 -0.2424 0.9698
vn 0.0336 0.2336 0.9718
vn 0.0336 -0.2336 0.9718
vn -0.0275 0.2424 0.9698
vn -0.2824 0.0144 0.9592
vn -0.2824 -0.0144 0.9592
vn 0.2824 -0.0144 0.9592
vn 0.2824 0.0144 0.9592
vn 0.0108 0.0015 0.9999
vn 0.0108 -0.0015 0.9999
vn -0.0108 -0.0015 0.9999
vn -0.0108 0.0015 0.9999
vn -0.0037 0.0093 1.0000
vn 0.0034 0.0094 0.9999
vn -0.0037 -0.0093 1.0000
vn 0.0034 -0.0094 0.9999
vn -0.0094 -0.0037 0.9999
vn -0.0094 0.0037 0.9999
vn 0.0094 0.0037 0.9999
vn 0.0094 -0.0037 0.9999
vn 0.0114 -0.0004 0.9999
vn -0.0114 0.0004 0.9999
vn -0.0114 -0.0004 0.9999
vn 0.0114 0.0004 0.9999
vn 0.0115 -0.0000 0.9999
vn -0.0115 -0.0000 0.9999
vn 0.0012 -0.0108 0.9999
vn 0.0003 -0.0109 0.9999
vn -0.0014 -0.0107 0.9999
vn -0.0002 -0.0109 0.9999
vn 0.0012 0.0108 0.9999
vn 0.0003 0.0109 0.9999
vn -0.0014 0.0107 0.9999
vn -0.0002 0.0109 0.9999
vn -0.0000 0.0109 0.9999
vn -0.0000 -0.0109 0.9999
vn -0.0000 -0.0110 0.9999
vn -0.0000 0.0110 0.9999
vn 0.0068 -0.0066 1.0000
vn -0.0068 -0.0066 1.0000
vn 0.0068 0.0066 1.0000
vn -0.0068 0.0066 1.0000
vn 0.0001 -0.0110 0.9999
vn 0.0001 0.0110 0.9999
vn -0.0001 0.0110 0.9999
vn -0.0001 -0.0110 0.9999
vn -0.1391 0.1373 0.9807
vn 0.1391 -0.1373 0.9807
vn -0.3071 0.3137 -0.8985
vn 0.3071 -0.3137 -0.8985
vn -0.0000 0.7809 0.6247
vt 0.863158 0.168910
vt 0.868226 0.161562
vt 0.868172 0.169029
vt 0.858058 0.154289
vt 0.566222 0.161691
vt 0.566201 0.154385
vt 0.863179 0.161594
vt 0.868096 0.154095
vt 0.561198 0.169029
vt 0.566233 0.169007
vt 0.561123 0.161702
vt 0.858069 0.161605
vt 0.863104 0.154267
vt 0.858090 0.168921
vt 0.556087 0.161734
vt 0.561144 0.154385
vt 0.556206 0.169201
vt 0.565749 0.090400
vt 0.561090 0.083869
vt 0.565997 0.083890
vt 0.866041 0.088840
vt 0.862620 0.083772
vt 0.867419 0.083944
vt 0.863147 0.239427
vt 0.858499 0.232896
vt 0.863266 0.233122
vt 0.566578 0.239502
vt 0.858241 0.239416
vt 0.866472 0.234284
vt 0.858004 0.090303
vt 0.862824 0.090055
vt 0.557766 0.089012
vt 0.560972 0.090185
vt 0.558271 0.234456
vt 0.561693 0.239534
vt 0.556916 0.239341
vt 0.857681 0.083804
vt 0.566276 0.232993
vt 0.561478 0.233240
vt 0.863126 0.184189
vt 0.863083 0.138967
vt 0.858080 0.138913
vt 0.561176 0.139107
vt 0.566169 0.139021
vt 0.867903 0.138774
vt 0.867957 0.184328
vt 0.556335 0.138967
vt 0.556141 0.154267
vt 0.561230 0.184318
vt 0.566222 0.184382
vt 0.556410 0.184522
vt 0.566029 0.072055
vt 0.556044 0.072421
vt 0.556324 0.084138
vt 0.867537 0.072249
vt 0.862588 0.072055
vt 0.561639 0.251251
vt 0.858198 0.251251
vt 0.863233 0.251144
vt 0.556679 0.251025
vt 0.560993 0.072163
vt 0.868183 0.250886
vt 0.867914 0.239158
vt 0.862555 0.060252
vt 0.857585 0.071969
vt 0.857509 0.060145
vt 0.561004 0.060360
vt 0.566050 0.060231
vt 0.561693 0.263054
vt 0.566674 0.251337
vt 0.566728 0.263162
vt 0.556044 0.060478
vt 0.863212 0.262947
vt 0.858166 0.263076
vt 0.867515 0.060327
vt 0.556733 0.262958
vt 0.868172 0.262828
vt 0.565792 0.132307
vt 0.858338 0.132189
vt 0.561757 0.273157
vt 0.561166 0.190838
vt 0.565964 0.191096
vt 0.561047 0.050235
vt 0.566050 0.050095
vt 0.556098 0.050235
vt 0.862491 0.050149
vt 0.857455 0.050020
vt 0.867462 0.050085
vt 0.557938 0.189601
vt 0.863309 0.190698
vt 0.858123 0.184285
vt 0.858488 0.190988
vt 0.866375 0.133684
vt 0.863136 0.132458
vt 0.560983 0.132608
vt 0.868107 0.273071
vt 0.866536 0.189418
vt 0.557766 0.133878
vt 0.863169 0.273071
vt 0.858155 0.273222
vt 0.566793 0.273286
vt 0.556797 0.273200
vt 0.857402 0.039917
vt 0.862502 0.034042
vt 0.862308 0.040165
vt 0.558551 0.287941
vt 0.561919 0.283142
vt 0.561725 0.289264
vt 0.858155 0.283325
vt 0.566448 0.289716
vt 0.566836 0.283389
vt 0.866536 0.287833
vt 0.863115 0.283067
vt 0.867924 0.283077
vt 0.863352 0.289156
vt 0.560832 0.034150
vt 0.566050 0.039992
vt 0.561080 0.040251
vt 0.557658 0.035473
vt 0.556270 0.040229
vt 0.865686 0.035355
vt 0.857778 0.033591
vt 0.873627 0.169330
vt 0.873551 0.153751
vt 0.873681 0.161540
vt 0.550686 0.153966
vt 0.550761 0.169534
vt 0.550632 0.161755
vt 0.551310 0.185490
vt 0.873003 0.137805
vt 0.551203 0.138031
vt 0.873100 0.185265
vt 0.553828 0.129929
vt 0.870474 0.193366
vt 0.864384 0.127154
vt 0.559702 0.127326
vt 0.565286 0.126798
vt 0.559918 0.196131
vt 0.565512 0.196626
vt 0.858800 0.126659
vt 0.864589 0.195970
vt 0.858994 0.196508
vt 0.198348 0.527550
vt 0.201898 0.257438
vt 0.202017 0.528002
vt 0.306780 0.246679
vt 0.309083 0.251381
vt 0.305909 0.250875
vt 0.305123 0.257298
vt 0.308620 0.257707
vt 0.306285 0.538611
vt 0.308599 0.533888
vt 0.308889 0.539999
vt 0.199617 0.246808
vt 0.197584 0.251574
vt 0.197089 0.245495
vt 0.304865 0.527895
vt 0.305500 0.534383
vt 0.308222 0.527497
vt 0.199865 0.538665
vt 0.197799 0.533888
vt 0.200995 0.534436
vt 0.200801 0.251025
vt 0.311902 0.533877
vt 0.311665 0.527368
vt 0.194518 0.533855
vt 0.194840 0.527411
vt 0.312472 0.251391
vt 0.312181 0.257825
vt 0.194292 0.251617
vt 0.198186 0.257879
vt 0.194647 0.258019
vt 0.312128 0.540397
vt 0.312730 0.244925
vt 0.309427 0.245301
vt 0.194184 0.540343
vt 0.197347 0.539988
vt 0.193915 0.245151
vt 0.343416 0.246851
vt 0.163133 0.258557
vt 0.163326 0.526873
vt 0.342738 0.538482
vt 0.343114 0.252650
vt 0.342964 0.258482
vt 0.342361 0.526776
vt 0.342469 0.532640
vt 0.163186 0.532715
vt 0.162552 0.246937
vt 0.162939 0.252725
vt 0.162842 0.538525
vt 0.268251 0.249863
vt 0.237695 0.257094
vt 0.237759 0.249874
vt 0.237705 0.528325
vt 0.268219 0.535523
vt 0.237781 0.535555
vt 0.237630 0.242644
vt 0.268316 0.257083
vt 0.268294 0.528293
vt 0.268337 0.542764
vt 0.346579 0.252908
vt 0.346482 0.258492
vt 0.159883 0.252962
vt 0.160002 0.258578
vt 0.346773 0.247550
vt 0.345815 0.526754
vt 0.160120 0.532489
vt 0.159905 0.537879
vt 0.346030 0.537804
vt 0.345847 0.532403
vt 0.160174 0.526851
vt 0.271651 0.250100
vt 0.271845 0.257094
vt 0.234187 0.257126
vt 0.234209 0.528304
vt 0.157602 0.536309
vt 0.349247 0.249186
vt 0.234413 0.535308
vt 0.234370 0.250122
vt 0.348967 0.526926
vt 0.271662 0.243419
vt 0.348440 0.536201
vt 0.348989 0.532543
vt 0.349817 0.252811
vt 0.349688 0.258363
vt 0.157333 0.249164
vt 0.156656 0.252833
vt 0.234327 0.243429
vt 0.156881 0.532618
vt 0.156903 0.527023
vt 0.271630 0.541989
vt 0.271608 0.535276
vt 0.271802 0.528261
vt 0.156774 0.258417
vt 0.234381 0.542032
vt 0.237662 0.542807
vt 0.274922 0.535566
vt 0.274976 0.249756
vt 0.275395 0.256792
vt 0.231110 0.535620
vt 0.230680 0.528594
vt 0.274276 0.540365
vt 0.275363 0.528551
vt 0.231067 0.249820
vt 0.274395 0.245269
vt 0.230658 0.256825
vt 0.231734 0.540419
vt 0.231906 0.244957
vt 0.559724 0.095521
vt 0.553860 0.093079
vt 0.560154 0.227957
vt 0.565717 0.227484
vt 0.858983 0.227376
vt 0.864137 0.095349
vt 0.858553 0.095833
vt 0.565276 0.095952
vt 0.864546 0.227807
vt 0.870410 0.230271
vt 0.551213 0.085224
vt 0.551740 0.238329
vt 0.554301 0.230475
vt 0.872562 0.084988
vt 0.869990 0.092853
vt 0.873035 0.238114
vt 0.872960 0.072615
vt 0.550686 0.072830
vt 0.873551 0.250487
vt 0.551299 0.250692
vt 0.872927 0.060392
vt 0.551332 0.262893
vt 0.550708 0.050031
vt 0.550632 0.060596
vt 0.873487 0.273243
vt 0.873584 0.262699
vt 0.872841 0.049837
vt 0.551418 0.273426
vt 0.551999 0.284067
vt 0.557152 0.283196
vt 0.551106 0.039347
vt 0.553656 0.031611
vt 0.873089 0.283917
vt 0.870539 0.291642
vt 0.872239 0.039175
vt 0.867085 0.040100
vt 0.858617 0.289641
vt 0.864761 0.294396
vt 0.859263 0.295182
vt 0.863836 0.028781
vt 0.565878 0.295246
vt 0.559423 0.028900
vt 0.560380 0.294493
vt 0.858338 0.028039
vt 0.565577 0.033687
vt 0.564931 0.028125
vt 0.237738 0.234876
vt 0.268359 0.242633
vt 0.268219 0.550543
vt 0.237770 0.550586
vt 0.272329 0.236242
vt 0.268251 0.234865
vt 0.233681 0.236242
vt 0.272275 0.549177
vt 0.233714 0.549220
vt 0.277106 0.544561
vt 0.277171 0.240815
vt 0.228915 0.544625
vt 0.228883 0.240815
vt 0.277838 0.247518
vt 0.227861 0.529444
vt 0.227936 0.537761
vt 0.277967 0.537363
vt 0.278365 0.529261
vt 0.227430 0.248809
vt 0.227161 0.256975
vt 0.278268 0.255609
vt 0.301519 0.257384
vt 0.302089 0.528949
vt 0.205707 0.527970
vt 0.205632 0.257438
vt 0.204448 0.249767
vt 0.302218 0.536760
vt 0.204642 0.535663
vt 0.302229 0.249734
vt 0.202533 0.543022
vt 0.303660 0.542915
vt 0.202275 0.242440
vt 0.304166 0.242375
vt 0.308620 0.546627
vt 0.197164 0.238857
vt 0.312730 0.547412
vt 0.197455 0.546637
vt 0.309190 0.238706
vt 0.193162 0.238157
vt 0.343480 0.240589
vt 0.313343 0.237953
vt 0.162702 0.544798
vt 0.193463 0.547358
vt 0.342802 0.544787
vt 0.162380 0.240675
vt 0.154332 0.539730
vt 0.152771 0.533005
vt 0.352991 0.532909
vt 0.352540 0.526410
vt 0.352292 0.245721
vt 0.353927 0.252435
vt 0.351507 0.539665
vt 0.153062 0.258944
vt 0.154030 0.245775
vt 0.152556 0.252499
vt 0.159625 0.247593
vt 0.347676 0.241794
vt 0.158915 0.543668
vt 0.158592 0.241826
vt 0.346945 0.543603
vt 0.875068 0.161551
vt 0.549255 0.161745
vt 0.549395 0.169803
vt 0.875004 0.169588
vt 0.550116 0.186104
vt 0.549309 0.153707
vt 0.874929 0.153482
vt 0.874315 0.185878
vt 0.871690 0.194840
vt 0.554021 0.193571
vt 0.549998 0.137429
vt 0.552612 0.128466
vt 0.870291 0.129714
vt 0.874208 0.137192
vt 0.559229 0.197552
vt 0.865288 0.197369
vt 0.865073 0.125744
vt 0.859564 0.197885
vt 0.859338 0.125271
vt 0.564716 0.125411
vt 0.564964 0.198014
vt 0.559003 0.125927
vt 0.559423 0.226559
vt 0.859564 0.225978
vt 0.859166 0.097200
vt 0.864869 0.096737
vt 0.564705 0.097329
vt 0.865267 0.226397
vt 0.871658 0.228786
vt 0.565114 0.226096
vt 0.559003 0.096920
vt 0.552612 0.094521
vt 0.550019 0.085827
vt 0.550514 0.237705
vt 0.553032 0.229033
vt 0.873799 0.085569
vt 0.871270 0.094262
vt 0.874240 0.237479
vt 0.874272 0.072927
vt 0.549406 0.073153
vt 0.874832 0.250143
vt 0.549998 0.250358
vt 0.549287 0.060683
vt 0.550019 0.262850
vt 0.874251 0.060435
vt 0.874929 0.262624
vt 0.869624 0.031471
vt 0.873476 0.038744
vt 0.554592 0.291782
vt 0.550772 0.284541
vt 0.549858 0.038895
vt 0.552408 0.030406
vt 0.874337 0.284401
vt 0.871776 0.292890
vt 0.858865 0.026640
vt 0.564372 0.026737
vt 0.864481 0.027458
vt 0.559735 0.295838
vt 0.859812 0.296591
vt 0.865428 0.295730
vt 0.565351 0.296656
vt 0.558756 0.027576
vt 0.885645 0.161465
vt 0.538797 0.170105
vt 0.538679 0.161820
vt 0.538732 0.153503
vt 0.539475 0.186513
vt 0.539400 0.137009
vt 0.884924 0.186287
vt 0.885591 0.169793
vt 0.884849 0.136772
vt 0.884472 0.196390
vt 0.884268 0.126691
vt 0.539841 0.126917
vt 0.540056 0.196605
vt 0.873100 0.116340
vt 0.865310 0.116114
vt 0.558680 0.116308
vt 0.873369 0.206719
vt 0.884365 0.206708
vt 0.551203 0.206955
vt 0.558981 0.207181
vt 0.564652 0.207353
vt 0.859930 0.207224
vt 0.884106 0.116308
vt 0.550923 0.116588
vt 0.539937 0.116599
vt 0.564350 0.116082
vt 0.859629 0.115932
vt 0.540217 0.206977
vt 0.865600 0.206998
vt 0.564684 0.216779
vt 0.539948 0.106259
vt 0.550934 0.106291
vt 0.559014 0.216972
vt 0.884354 0.217048
vt 0.873358 0.217015
vt 0.558702 0.106517
vt 0.540271 0.217338
vt 0.865579 0.216789
vt 0.865288 0.106323
vt 0.859597 0.106506
vt 0.551246 0.217263
vt 0.884042 0.105947
vt 0.873057 0.106022
vt 0.884429 0.227290
vt 0.540239 0.227602
vt 0.564361 0.106646
vt 0.859909 0.216660
vt 0.884085 0.095683
vt 0.539851 0.096016
vt 0.884838 0.237017
vt 0.539432 0.086290
vt 0.884429 0.085956
vt 0.539884 0.237318
vt 0.884752 0.073153
vt 0.885322 0.249788
vt 0.538915 0.073518
vt 0.539550 0.250122
vt 0.884752 0.060467
vt 0.885419 0.262452
vt 0.538797 0.060844
vt 0.539529 0.262818
vt 0.884623 0.049493
vt 0.885290 0.273383
vt 0.538915 0.049912
vt 0.539658 0.273792
vt 0.540551 0.293987
vt 0.540120 0.284724
vt 0.883697 0.029287
vt 0.884139 0.038551
vt 0.884666 0.293622
vt 0.539518 0.029653
vt 0.901676 0.161465
vt 0.901644 0.169922
vt 0.901622 0.153008
vt 0.522712 0.170277
vt 0.522658 0.161831
vt 0.523282 0.186739
vt 0.901052 0.136546
vt 0.885527 0.153180
vt 0.901084 0.186362
vt 0.523239 0.136934
vt 0.900794 0.196400
vt 0.900633 0.126562
vt 0.523530 0.126906
vt 0.523702 0.196723
vt 0.523949 0.207063
vt 0.900385 0.116211
vt 0.900665 0.206762
vt 0.523648 0.116534
vt 0.523659 0.106237
vt 0.523981 0.217424
vt 0.900353 0.105861
vt 0.900654 0.217069
vt 0.523917 0.227710
vt 0.523551 0.095973
vt 0.900740 0.227323
vt 0.900407 0.095564
vt 0.551590 0.303219
vt 0.553408 0.293019
vt 0.862889 0.304306
vt 0.857445 0.304930
vt 0.550492 0.020249
vt 0.537818 0.021013
vt 0.562360 0.304370
vt 0.567793 0.304973
vt 0.873681 0.303047
vt 0.561284 0.019022
vt 0.856423 0.018323
vt 0.872637 0.020077
vt 0.870829 0.030266
vt 0.861856 0.018926
vt 0.886355 0.302251
vt 0.566728 0.018398
vt 0.900557 0.085849
vt 0.523357 0.086279
vt 0.900923 0.237028
vt 0.523766 0.237436
vt 0.900697 0.073110
vt 0.522916 0.073561
vt 0.523626 0.250165
vt 0.901321 0.249745
vt 0.901386 0.262409
vt 0.523583 0.262850
vt 0.900719 0.060435
vt 0.522841 0.060887
vt 0.900611 0.049536
vt 0.522884 0.049966
vt 0.523669 0.273749
vt 0.901321 0.273329
vt 0.900009 0.029437
vt 0.900288 0.038712
vt 0.524250 0.293837
vt 0.523981 0.284562
vt 0.539195 0.039002
vt 0.523185 0.029911
vt 0.884999 0.284282
vt 0.900988 0.293353
vt 0.885311 0.020744
vt 0.538926 0.302530
vt 0.900934 0.301777
vt 0.523228 0.021486
vt 0.551515 0.010727
vt 0.871518 0.010566
vt 0.860898 0.009683
vt 0.855487 0.009275
vt 0.567567 0.009328
vt 0.856616 0.314021
vt 0.862039 0.313569
vt 0.872669 0.312558
vt 0.889486 0.311417
vt 0.552698 0.312741
vt 0.563307 0.313623
vt 0.534687 0.011824
vt 0.562145 0.009759
vt 0.910445 0.169986
vt 0.522690 0.153374
vt 0.513878 0.161842
vt 0.513900 0.153309
vt 0.513921 0.170374
vt 0.910424 0.152911
vt 0.514363 0.136794
vt 0.514416 0.186921
vt 0.909972 0.186502
vt 0.909929 0.136363
vt 0.909638 0.196530
vt 0.514804 0.196981
vt 0.514696 0.126766
vt 0.909541 0.126293
vt 0.515094 0.207278
vt 0.514858 0.116437
vt 0.909251 0.115996
vt 0.909466 0.206858
vt 0.909165 0.105710
vt 0.515180 0.217575
vt 0.514858 0.106141
vt 0.909466 0.217155
vt 0.515127 0.227850
vt 0.909541 0.227387
vt 0.514772 0.095919
vt 0.909208 0.095424
vt 0.909294 0.085719
vt 0.515040 0.237555
vt 0.909660 0.237049
vt 0.514642 0.086257
vt 0.514212 0.073551
vt 0.514944 0.250283
vt 0.910047 0.249767
vt 0.909391 0.072991
vt 0.910090 0.262441
vt 0.514137 0.060865
vt 0.909423 0.060338
vt 0.514922 0.262958
vt 0.514126 0.049955
vt 0.909305 0.049407
vt 0.910069 0.273340
vt 0.514954 0.273889
vt 0.908756 0.029373
vt 0.909014 0.038561
vt 0.515492 0.293880
vt 0.515266 0.284702
vt 0.901160 0.284153
vt 0.909767 0.293320
vt 0.523024 0.039132
vt 0.514395 0.029943
vt 0.900934 0.310718
vt 0.523239 0.012513
vt 0.888313 0.011534
vt 0.899901 0.020927
vt 0.535914 0.311751
vt 0.524347 0.302337
vt 0.514513 0.021658
vt 0.908594 0.021110
vt 0.515697 0.302143
vt 0.909649 0.301594
vt 0.268993 0.229969
vt 0.268950 0.555449
vt 0.237006 0.555492
vt 0.273308 0.231723
vt 0.236985 0.229969
vt 0.273243 0.553685
vt 0.232735 0.553739
vt 0.227871 0.548284
vt 0.278236 0.237167
vt 0.232692 0.231723
vt 0.227097 0.530111
vt 0.227075 0.539160
vt 0.278978 0.539084
vt 0.227011 0.246270
vt 0.226376 0.255985
vt 0.279032 0.530047
vt 0.279118 0.255286
vt 0.279086 0.246259
vt 0.206159 0.528196
vt 0.300927 0.256620
vt 0.301347 0.529466
vt 0.206396 0.257094
vt 0.301616 0.537944
vt 0.205223 0.536954
vt 0.203362 0.546508
vt 0.301949 0.247313
vt 0.303273 0.238921
vt 0.205029 0.247496
vt 0.198133 0.550618
vt 0.308448 0.234790
vt 0.197831 0.234886
vt 0.203093 0.238975
vt 0.307888 0.550565
vt 0.302778 0.546390
vt 0.312181 0.551565
vt 0.193614 0.233983
vt 0.312795 0.233811
vt 0.193937 0.551544
vt 0.343577 0.547982
vt 0.344244 0.237436
vt 0.353831 0.258880
vt 0.353540 0.527744
vt 0.354896 0.250703
vt 0.151470 0.250767
vt 0.151900 0.257621
vt 0.353949 0.534630
vt 0.152029 0.527841
vt 0.151706 0.534738
vt 0.153503 0.527303
vt 0.355100 0.257567
vt 0.348709 0.238975
vt 0.353465 0.243429
vt 0.157807 0.546541
vt 0.153051 0.542054
vt 0.347988 0.546455
vt 0.157462 0.238986
vt 0.161842 0.547982
vt 0.161497 0.237533
vt 0.516310 0.310557
vt 0.515094 0.013234
vt 0.907949 0.012718
vt 0.909079 0.310008
vt 0.568708 0.314032
vt 0.564178 0.320100
vt 0.562973 0.003282
vt 0.568686 0.002959
vt 0.870582 0.003992
vt 0.860016 0.003217
vt 0.569838 0.320380
vt 0.552375 0.004132
vt 0.854335 0.002927
vt 0.888571 0.005046
vt 0.871808 0.319143
vt 0.553623 0.319336
vt 0.535655 0.318260
vt 0.889787 0.317862
vt 0.861221 0.320068
vt 0.855487 0.320423
vt 0.534386 0.005358
vt 0.910467 0.161454
vt 0.916815 0.170094
vt 0.916793 0.152793
vt 0.507541 0.153202
vt 0.507466 0.161852
vt 0.507574 0.170503
vt 0.916266 0.136148
vt 0.508090 0.187137
vt 0.916330 0.186717
vt 0.508025 0.136579
vt 0.916018 0.196809
vt 0.915922 0.126035
vt 0.508337 0.126486
vt 0.508434 0.197250
vt 0.915782 0.207095
vt 0.508574 0.116201
vt 0.915642 0.115706
vt 0.508725 0.207579
vt 0.915696 0.217295
vt 0.915480 0.105463
vt 0.508649 0.106001
vt 0.508875 0.217822
vt 0.508886 0.228022
vt 0.508542 0.095844
vt 0.915792 0.227463
vt 0.915470 0.095252
vt 0.915556 0.085569
vt 0.915997 0.237114
vt 0.508327 0.086204
vt 0.508800 0.237695
vt 0.916287 0.249842
vt 0.508004 0.073475
vt 0.915685 0.072830
vt 0.508660 0.250434
vt 0.508639 0.263151
vt 0.507810 0.060747
vt 0.916427 0.262581
vt 0.915685 0.060102
vt 0.915534 0.049149
vt 0.916363 0.273534
vt 0.507821 0.049773
vt 0.508768 0.274104
vt 0.509220 0.294052
vt 0.509005 0.284917
vt 0.909918 0.284121
vt 0.916051 0.293460
vt 0.915061 0.029212
vt 0.915276 0.038346
vt 0.514266 0.039153
vt 0.508101 0.029793
vt 0.899890 0.005896
vt 0.901106 0.316905
vt 0.523067 0.006326
vt 0.524358 0.317389
vt 0.509521 0.302164
vt 0.915814 0.301562
vt 0.508348 0.021680
vt 0.914749 0.021099
vt 0.237221 0.209559
vt 0.268875 0.223697
vt 0.237071 0.223697
vt 0.237103 0.561765
vt 0.268595 0.575903
vt 0.237264 0.575924
vt 0.268821 0.561733
vt 0.233273 0.210829
vt 0.272501 0.574601
vt 0.272942 0.560065
vt 0.233369 0.574655
vt 0.233004 0.560130
vt 0.272619 0.210829
vt 0.273028 0.225343
vt 0.232950 0.225343
vt 0.227807 0.237167
vt 0.226839 0.231045
vt 0.278139 0.548208
vt 0.279064 0.554330
vt 0.225612 0.212389
vt 0.280129 0.573019
vt 0.225763 0.573105
vt 0.280312 0.212389
vt 0.279893 0.244516
vt 0.279204 0.231045
vt 0.226268 0.244527
vt 0.226365 0.540924
vt 0.226935 0.554427
vt 0.279731 0.540817
vt 0.279764 0.254393
vt 0.279624 0.530907
vt 0.225913 0.255566
vt 0.226548 0.530993
vt 0.287220 0.555331
vt 0.287725 0.571804
vt 0.218640 0.230023
vt 0.217962 0.213605
vt 0.218801 0.555449
vt 0.218156 0.571900
vt 0.287467 0.230023
vt 0.287994 0.213594
vt 0.219350 0.542463
vt 0.287005 0.242967
vt 0.219221 0.242988
vt 0.286789 0.542345
vt 0.219651 0.532285
vt 0.219533 0.253134
vt 0.286585 0.532188
vt 0.286779 0.253091
vt 0.210700 0.570975
vt 0.295537 0.214519
vt 0.295182 0.570867
vt 0.294342 0.554685
vt 0.210452 0.214541
vt 0.211496 0.230680
vt 0.294321 0.243343
vt 0.294181 0.253253
vt 0.294063 0.541946
vt 0.211700 0.554804
vt 0.293955 0.531994
vt 0.212001 0.243376
vt 0.212249 0.253317
vt 0.212389 0.532112
vt 0.212163 0.542076
vt 0.294676 0.230658
vt 0.206245 0.246022
vt 0.207569 0.256470
vt 0.206826 0.528895
vt 0.300852 0.530391
vt 0.301282 0.245549
vt 0.300981 0.539730
vt 0.205352 0.539848
vt 0.302240 0.552275
vt 0.302681 0.233079
vt 0.203814 0.552372
vt 0.203555 0.233133
vt 0.302681 0.570157
vt 0.303111 0.215251
vt 0.202878 0.215294
vt 0.203179 0.570233
vt 0.300142 0.256050
vt 0.197476 0.556192
vt 0.195938 0.569727
vt 0.308459 0.556138
vt 0.197164 0.229324
vt 0.308997 0.229249
vt 0.310363 0.215756
vt 0.192473 0.569479
vt 0.193625 0.556687
vt 0.314021 0.216047
vt 0.313010 0.228754
vt 0.313451 0.569404
vt 0.309857 0.569662
vt 0.192107 0.216068
vt 0.195604 0.215821
vt 0.193291 0.228851
vt 0.312407 0.556654
vt 0.161400 0.233380
vt 0.343588 0.552157
vt 0.344674 0.221373
vt 0.344233 0.233294
vt 0.161207 0.564121
vt 0.161755 0.552168
vt 0.354627 0.239621
vt 0.151405 0.239631
vt 0.152739 0.243472
vt 0.151728 0.545917
vt 0.353906 0.545831
vt 0.352701 0.541968
vt 0.157721 0.562561
vt 0.157807 0.550726
vt 0.347902 0.562475
vt 0.344061 0.564100
vt 0.348548 0.223019
vt 0.348602 0.234833
vt 0.157333 0.223019
vt 0.160819 0.221448
vt 0.157452 0.234833
vt 0.347913 0.550629
vt 0.355272 0.527733
vt 0.150028 0.257642
vt 0.150221 0.527830
vt 0.150329 0.535017
vt 0.356122 0.250455
vt 0.150082 0.250498
vt 0.355208 0.534921
vt 0.149963 0.225052
vt 0.355197 0.560452
vt 0.150340 0.560538
vt 0.355843 0.225052
vt 0.259654 0.188643
vt 0.246119 0.188632
vt 0.259590 0.596808
vt 0.246184 0.596840
vt 0.273243 0.595302
vt 0.232519 0.595366
vt 0.273383 0.190117
vt 0.268660 0.209538
vt 0.232401 0.190139
vt 0.224870 0.594237
vt 0.281098 0.191257
vt 0.224687 0.191268
vt 0.280893 0.594161
vt 0.216757 0.192473
vt 0.288769 0.592967
vt 0.216983 0.593042
vt 0.289038 0.192452
vt 0.296559 0.591794
vt 0.208903 0.193657
vt 0.296903 0.193625
vt 0.209172 0.591880
vt 0.201425 0.590708
vt 0.201102 0.194840
vt 0.304273 0.590643
vt 0.304704 0.194797
vt 0.143454 0.546713
vt 0.362696 0.238857
vt 0.362008 0.546605
vt 0.361879 0.560657
vt 0.143142 0.238867
vt 0.143196 0.224859
vt 0.362330 0.534243
vt 0.142862 0.251187
vt 0.362481 0.526948
vt 0.356424 0.257599
vt 0.363353 0.258417
vt 0.363137 0.251155
vt 0.143099 0.534350
vt 0.142927 0.527045
vt 0.142722 0.258439
vt 0.193883 0.196067
vt 0.194238 0.589481
vt 0.311912 0.196024
vt 0.311428 0.589427
vt 0.326147 0.586834
vt 0.179089 0.198681
vt 0.179487 0.586899
vt 0.164467 0.202716
vt 0.326685 0.198628
vt 0.340683 0.582778
vt 0.156591 0.580282
vt 0.156161 0.205320
vt 0.349495 0.205331
vt 0.348903 0.580185
vt 0.356338 0.207612
vt 0.149264 0.207601
vt 0.355746 0.577915
vt 0.149684 0.578022
vt 0.908874 0.315441
vt 0.899772 0.011986
vt 0.907669 0.007284
vt 0.509532 0.013621
vt 0.510769 0.310212
vt 0.913501 0.013062
vt 0.515309 0.007790
vt 0.524476 0.311288
vt 0.516601 0.315990
vt 0.914652 0.309610
vt 0.362481 0.224859
vt 0.361986 0.576075
vt 0.143561 0.560764
vt 0.142970 0.209462
vt 0.371089 0.259299
vt 0.370314 0.533522
vt 0.370970 0.251918
vt 0.134782 0.251929
vt 0.369830 0.545422
vt 0.135234 0.240072
vt 0.135019 0.533629
vt 0.370432 0.240072
vt 0.134900 0.526195
vt 0.135513 0.545540
vt 0.135826 0.222825
vt 0.369163 0.562701
vt 0.259654 0.174893
vt 0.246033 0.174903
vt 0.246108 0.610580
vt 0.259601 0.610559
vt 0.273566 0.609353
vt 0.273695 0.176065
vt 0.232132 0.609418
vt 0.231992 0.176098
vt 0.281550 0.608321
vt 0.281743 0.177098
vt 0.223955 0.177131
vt 0.224149 0.608396
vt 0.215746 0.178379
vt 0.215982 0.607159
vt 0.289694 0.607073
vt 0.289963 0.178346
vt 0.207633 0.179777
vt 0.297742 0.605695
vt 0.207924 0.605771
vt 0.298076 0.179734
vt 0.199617 0.181316
vt 0.199951 0.604243
vt 0.306081 0.181273
vt 0.305672 0.604178
vt 0.192549 0.602618
vt 0.192172 0.182951
vt 0.313516 0.182908
vt 0.313053 0.602554
vt 0.177475 0.186609
vt 0.177873 0.598971
vt 0.327686 0.598895
vt 0.328202 0.186588
vt 0.342512 0.191365
vt 0.163531 0.594258
vt 0.341963 0.594151
vt 0.163111 0.191344
vt 0.350022 0.591052
vt 0.350592 0.194475
vt 0.341253 0.202716
vt 0.154977 0.194453
vt 0.155418 0.591170
vt 0.164886 0.582875
vt 0.357155 0.197347
vt 0.148801 0.588330
vt 0.356585 0.588211
vt 0.148360 0.197304
vt 0.362556 0.209484
vt 0.369711 0.222836
vt 0.136234 0.210872
vt 0.368678 0.574676
vt 0.143379 0.576183
vt 0.136170 0.562830
vt 0.143034 0.585801
vt 0.362298 0.585661
vt 0.362858 0.199919
vt 0.142593 0.199865
vt 0.136697 0.202458
vt 0.137117 0.583241
vt 0.136622 0.574816
vt 0.368689 0.202533
vt 0.369216 0.210915
vt 0.368162 0.583090
vt 0.911887 0.008919
vt 0.511103 0.009468
vt 0.512394 0.314355
vt 0.913070 0.313763
vt 0.373972 0.222696
vt 0.373499 0.562884
vt 0.131748 0.563024
vt 0.131425 0.222642
vt 0.134696 0.259299
vt 0.129854 0.525754
vt 0.129660 0.259751
vt 0.375414 0.240697
vt 0.375941 0.252284
vt 0.374930 0.544841
vt 0.129596 0.252263
vt 0.130059 0.240653
vt 0.375876 0.259762
vt 0.370411 0.526109
vt 0.130295 0.544981
vt 0.129811 0.533307
vt 0.375425 0.533188
vt 0.245926 0.621834
vt 0.245839 0.163660
vt 0.259794 0.163628
vt 0.273943 0.620726
vt 0.259741 0.621802
vt 0.274050 0.164682
vt 0.231723 0.620791
vt 0.231573 0.164736
vt 0.282367 0.165693
vt 0.223256 0.165736
vt 0.223460 0.619801
vt 0.282195 0.619725
vt 0.290598 0.618391
vt 0.215036 0.618467
vt 0.214788 0.167071
vt 0.290846 0.167038
vt 0.298883 0.616810
vt 0.206439 0.168674
vt 0.206729 0.616885
vt 0.299195 0.168631
vt 0.198240 0.170524
vt 0.307383 0.170492
vt 0.198574 0.615034
vt 0.307006 0.614959
vt 0.191032 0.613022
vt 0.190676 0.172547
vt 0.314947 0.172526
vt 0.314516 0.612947
vt 0.329579 0.177001
vt 0.176410 0.608568
vt 0.176012 0.177012
vt 0.329106 0.608482
vt 0.343814 0.182575
vt 0.343297 0.602941
vt 0.162164 0.603059
vt 0.161745 0.182532
vt 0.372337 0.574353
vt 0.372810 0.211270
vt 0.132555 0.211194
vt 0.132910 0.574504
vt 0.351324 0.599164
vt 0.154084 0.599304
vt 0.351872 0.186373
vt 0.153643 0.186319
vt 0.147618 0.595721
vt 0.357747 0.595571
vt 0.358296 0.189999
vt 0.147166 0.189923
vt 0.142260 0.592343
vt 0.141808 0.193334
vt 0.363589 0.193420
vt 0.363062 0.592182
vt 0.371218 0.582100
vt 0.133631 0.203448
vt 0.134018 0.582262
vt 0.371691 0.203545
vt 0.368001 0.588362
vt 0.368506 0.197283
vt 0.137257 0.588534
vt 0.136837 0.197175
vt 0.370174 0.586113
vt 0.135051 0.586296
vt 0.134653 0.199424
vt 0.370658 0.199542
vt 0.688470 0.465919
vt 0.697196 0.749115
vt 0.697196 0.466092
vt 0.067439 0.804062
vt 0.062479 0.795326
vt 0.067622 0.795326
vt 0.697196 0.460959
vt 0.688470 0.460787
vt 0.697217 0.432652
vt 0.688470 0.450480
vt 0.697206 0.450674
vt 0.350807 0.804062
vt 0.350624 0.795326
vt 0.052010 0.804062
vt 0.034171 0.795315
vt 0.052193 0.795326
vt 0.688459 0.754420
vt 0.697196 0.764533
vt 0.697196 0.754247
vt 0.355939 0.804062
vt 0.366042 0.795326
vt 0.366236 0.804062
vt 0.688459 0.764716
vt 0.697206 0.782555
vt 0.688459 0.749287
vt 0.355756 0.795326
vt 0.384075 0.795315
vt 0.062307 0.804062
vt 0.529109 0.988982
vt 0.536565 0.997848
vt 0.529098 0.997848
vt 0.704307 0.548949
vt 0.713173 0.556416
vt 0.704307 0.556416
vt 0.713162 0.541493
vt 0.704296 0.541493
vt 0.536565 0.988982
vt 0.544032 0.997848
vt 0.713151 0.526021
vt 0.704307 0.525978
vt 0.513637 0.988982
vt 0.559504 0.988982
vt 0.559537 0.997827
vt 0.713184 0.571888
vt 0.568650 0.988972
vt 0.568693 0.997816
vt 0.513594 0.997837
vt 0.504492 0.988982
vt 0.713140 0.516876
vt 0.704329 0.571921
vt 0.713184 0.581034
vt 0.704350 0.581077
vt 0.578107 0.988972
vt 0.495034 0.988982
vt 0.504449 0.997827
vt 0.494981 0.997816
vt 0.713194 0.590491
vt 0.713140 0.507419
vt 0.704307 0.516833
vt 0.704307 0.507365
vt 0.485577 0.988982
vt 0.713130 0.497961
vt 0.578161 0.997805
vt 0.587565 0.988972
vt 0.587629 0.997794
vt 0.704361 0.590545
vt 0.713205 0.599938
vt 0.704382 0.600013
vt 0.704307 0.497897
vt 0.713119 0.488504
vt 0.713216 0.609395
vt 0.704393 0.609481
vt 0.485512 0.997805
vt 0.476120 0.988982
vt 0.597022 0.988972
vt 0.597097 0.997784
vt 0.713216 0.618326
vt 0.713108 0.479573
vt 0.704307 0.488418
vt 0.704307 0.479487
vt 0.605952 0.988961
vt 0.467200 0.988982
vt 0.476044 0.997805
vt 0.467103 0.997794
vt 0.455236 0.988982
vt 0.455128 0.997773
vt 0.617917 0.988961
vt 0.606038 0.997762
vt 0.713108 0.467609
vt 0.704318 0.467512
vt 0.713227 0.630290
vt 0.704415 0.618412
vt 0.713108 0.455645
vt 0.618013 0.997751
vt 0.629881 0.988950
vt 0.629988 0.997741
vt 0.443271 0.988982
vt 0.704436 0.630387
vt 0.713237 0.642254
vt 0.704447 0.642373
vt 0.640178 0.988950
vt 0.713248 0.652551
vt 0.713108 0.445348
vt 0.704318 0.455537
vt 0.704329 0.445219
vt 0.432964 0.988982
vt 0.443153 0.997762
vt 0.432846 0.997751
vt 0.650636 0.997698
vt 0.659286 0.988918
vt 0.659555 0.997665
vt 0.704490 0.663009
vt 0.713270 0.671659
vt 0.704533 0.671928
vt 0.422506 0.997730
vt 0.413855 0.988950
vt 0.422657 0.988972
vt 0.704350 0.434890
vt 0.713119 0.426240
vt 0.713108 0.435041
vt 0.688394 0.793906
vt 0.688459 0.782232
vt 0.022820 0.804127
vt 0.034483 0.804062
vt 0.688405 0.421301
vt 0.696862 0.420956
vt 0.395415 0.804127
vt 0.395759 0.795670
vt 0.667506 0.988875
vt 0.713162 0.418009
vt 0.704382 0.425971
vt 0.704544 0.417718
vt 0.405345 0.997525
vt 0.405635 0.988907
vt 0.704694 0.680181
vt 0.713313 0.679890
vt 0.705060 0.409283
vt 0.713033 0.409165
vt 0.696313 0.802546
vt 0.688459 0.802761
vt 0.696324 0.412661
vt 0.688470 0.412435
vt 0.396780 0.989036
vt 0.396899 0.997009
vt 0.014180 0.796208
vt 0.013954 0.804062
vt 0.676243 0.996966
vt 0.676361 0.988993
vt 0.713194 0.688745
vt 0.404055 0.796208
vt 0.404281 0.804062
vt 0.705254 0.404699
vt 0.712204 0.402397
vt 0.392315 0.996815
vt 0.390013 0.989865
vt 0.009479 0.796455
vt 0.007004 0.803352
vt 0.705415 0.693210
vt 0.712366 0.695513
vt 0.696077 0.407959
vt 0.689191 0.405484
vt 0.680826 0.996783
vt 0.683129 0.989832
vt 0.696066 0.807237
vt 0.689169 0.809712
vt 0.408757 0.796455
vt 0.411231 0.803352
vt 0.382085 0.546390
vt 0.379814 0.564035
vt 0.382450 0.239169
vt 0.380191 0.221577
vt 0.123033 0.546551
vt 0.125346 0.564207
vt 0.122828 0.239093
vt 0.125077 0.221480
vt 0.122462 0.534673
vt 0.382612 0.258632
vt 0.383042 0.250961
vt 0.122871 0.526905
vt 0.122290 0.250907
vt 0.382246 0.526797
vt 0.375360 0.525657
vt 0.382666 0.534544
vt 0.122710 0.258611
vt 0.245474 0.150383
vt 0.260042 0.150318
vt 0.260042 0.635079
vt 0.230916 0.151405
vt 0.274545 0.634057
vt 0.274610 0.151330
vt 0.231099 0.634132
vt 0.222277 0.152449
vt 0.283271 0.152395
vt 0.222481 0.633089
vt 0.283131 0.633002
vt 0.292104 0.153858
vt 0.291889 0.631561
vt 0.213465 0.153901
vt 0.213701 0.631636
vt 0.300486 0.629764
vt 0.205072 0.629839
vt 0.204803 0.155709
vt 0.300776 0.155666
vt 0.309233 0.157839
vt 0.308889 0.627612
vt 0.196347 0.157861
vt 0.196648 0.627687
vt 0.127358 0.575731
vt 0.127046 0.209989
vt 0.378211 0.210097
vt 0.377813 0.575548
vt 0.188923 0.625234
vt 0.316980 0.160314
vt 0.316582 0.625159
vt 0.188578 0.160324
vt 0.331279 0.619973
vt 0.331720 0.165510
vt 0.174193 0.620081
vt 0.173817 0.165489
vt 0.159840 0.613776
vt 0.346062 0.171880
vt 0.345589 0.613636
vt 0.159431 0.171815
vt 0.354261 0.176593
vt 0.151190 0.176496
vt 0.353766 0.608955
vt 0.151620 0.609117
vt 0.360254 0.604383
vt 0.145089 0.604566
vt 0.360770 0.181198
vt 0.144648 0.181079
vt 0.139075 0.185792
vt 0.365795 0.599692
vt 0.366301 0.185932
vt 0.139505 0.599885
vt 0.134244 0.594355
vt 0.133824 0.191365
vt 0.375887 0.583725
vt 0.376307 0.201952
vt 0.128950 0.201812
vt 0.129305 0.583918
vt 0.371013 0.594140
vt 0.371508 0.191516
vt 0.670835 0.803407
vt 0.013309 0.821686
vt 0.404926 0.821675
vt 0.395135 0.821880
vt 0.670857 0.411789
vt 0.670652 0.421580
vt 0.350958 0.821912
vt 0.670620 0.465769
vt 0.067288 0.821912
vt 0.670609 0.749438
vt 0.356100 0.821912
vt 0.366408 0.821912
vt 0.062145 0.821912
vt 0.670609 0.754592
vt 0.670620 0.460615
vt 0.670620 0.450318
vt 0.513831 0.971144
vt 0.529109 0.971144
vt 0.544022 0.988982
vt 0.559311 0.971144
vt 0.731022 0.571695
vt 0.730990 0.526215
vt 0.731001 0.541493
vt 0.568370 0.971133
vt 0.730979 0.517145
vt 0.504761 0.971144
vt 0.731022 0.580754
vt 0.730657 0.408411
vt 0.730926 0.418364
vt 0.396027 0.971413
vt 0.405980 0.971144
vt 0.677114 0.971380
vt 0.730818 0.689498
vt 0.577741 0.971133
vt 0.495400 0.971144
vt 0.731033 0.590125
vt 0.730969 0.507784
vt 0.587113 0.971133
vt 0.731044 0.599486
vt 0.486029 0.971154
vt 0.730958 0.498413
vt 0.684958 0.971875
vt 0.730323 0.697342
vt 0.388184 0.971907
vt 0.730162 0.400557
vt 0.731044 0.608857
vt 0.730958 0.489042
vt 0.596473 0.971133
vt 0.476668 0.971154
vt 0.730947 0.480219
vt 0.605307 0.971133
vt 0.467835 0.971154
vt 0.731055 0.617680
vt 0.035441 0.821923
vt 0.382805 0.821923
vt 0.670609 0.433911
vt 0.670599 0.781286
vt 0.023100 0.821880
vt 0.383752 0.804062
vt 0.688470 0.432964
vt 0.670642 0.793616
vt 0.731076 0.679546
vt 0.730926 0.427359
vt 0.414985 0.971144
vt 0.667162 0.971111
vt 0.650485 0.988939
vt 0.658156 0.971111
vt 0.423668 0.971154
vt 0.730926 0.436052
vt 0.713259 0.662869
vt 0.731076 0.670540
vt 0.544022 0.971144
vt 0.536565 0.971144
vt 0.713162 0.548949
vt 0.731012 0.556416
vt 0.731055 0.629558
vt 0.730936 0.468341
vt 0.617174 0.971122
vt 0.455967 0.971154
vt 0.433879 0.971154
vt 0.444100 0.971154
vt 0.731066 0.651636
vt 0.730926 0.446263
vt 0.730936 0.456473
vt 0.639263 0.971122
vt 0.731066 0.641426
vt 0.629052 0.971122
vt 0.130952 0.196142
vt 0.116556 0.194227
vt 0.119923 0.186308
vt 0.388669 0.194453
vt 0.374338 0.196293
vt 0.385345 0.186534
vt 0.373875 0.589384
vt 0.388293 0.591278
vt 0.384925 0.599175
vt 0.116878 0.591536
vt 0.131350 0.589589
vt 0.120289 0.599433
vt 0.381062 0.179304
vt 0.124625 0.606631
vt 0.113317 0.204319
vt 0.391531 0.581186
vt 0.131446 0.614518
vt 0.124238 0.179089
vt 0.380621 0.606373
vt 0.374284 0.171353
vt 0.110197 0.217220
vt 0.391854 0.204524
vt 0.113597 0.581433
vt 0.394662 0.568264
vt 0.107539 0.254490
vt 0.107625 0.531015
vt 0.397395 0.530897
vt 0.399063 0.538923
vt 0.105839 0.246496
vt 0.105958 0.539095
vt 0.397578 0.254533
vt 0.399289 0.246614
vt 0.398116 0.551189
vt 0.106754 0.234262
vt 0.131048 0.171148
vt 0.367323 0.164564
vt 0.373832 0.614281
vt 0.138429 0.621243
vt 0.394931 0.217413
vt 0.110412 0.568500
vt 0.245581 0.635133
vt 0.260763 0.657254
vt 0.245043 0.657340
vt 0.244667 0.128176
vt 0.275686 0.129101
vt 0.260558 0.128111
vt 0.275707 0.656275
vt 0.229948 0.656339
vt 0.229700 0.129166
vt 0.285003 0.130263
vt 0.284907 0.655113
vt 0.220673 0.655199
vt 0.220469 0.130328
vt 0.294515 0.131888
vt 0.210990 0.131952
vt 0.211184 0.653574
vt 0.294342 0.653499
vt 0.201888 0.651530
vt 0.303854 0.133953
vt 0.201662 0.133996
vt 0.303617 0.651455
vt 0.312805 0.136363
vt 0.192699 0.136385
vt 0.312526 0.649066
vt 0.192957 0.649141
vt 0.184856 0.646333
vt 0.184576 0.139204
vt 0.320606 0.646236
vt 0.320929 0.139204
vt 0.169448 0.145079
vt 0.169771 0.640448
vt 0.336024 0.145122
vt 0.335669 0.640330
vt 0.350484 0.632992
vt 0.154568 0.152395
vt 0.154913 0.633153
vt 0.350883 0.152481
vt 0.359469 0.626999
vt 0.145885 0.627192
vt 0.145520 0.158388
vt 0.359888 0.158528
vt 0.138042 0.164391
vt 0.366882 0.621017
vt 0.414556 0.851823
vt 0.412867 0.821277
vt 0.640698 0.813047
vt 0.639784 0.803740
vt 0.640709 0.402149
vt 0.671255 0.403849
vt 0.003679 0.851823
vt 0.012975 0.852737
vt 0.760772 0.398954
vt 0.386581 0.941297
vt 0.760933 0.698945
vt 0.761869 0.689692
vt 0.686561 0.941265
vt 0.677308 0.940318
vt 0.261236 0.689048
vt 0.244139 0.096371
vt 0.228011 0.688047
vt 0.277472 0.097372
vt 0.261376 0.096285
vt 0.277343 0.687982
vt 0.228022 0.097436
vt 0.287360 0.686788
vt 0.287500 0.098566
vt 0.217984 0.098641
vt 0.218005 0.686853
vt 0.297764 0.100288
vt 0.207751 0.685131
vt 0.297624 0.685067
vt 0.207698 0.100363
vt 0.194227 0.103246
vt 0.311073 0.682183
vt 0.194313 0.682226
vt 0.311213 0.103203
vt 0.318443 0.105291
vt 0.187094 0.680150
vt 0.326265 0.106668
vt 0.186986 0.105334
vt 0.318282 0.680107
vt 0.179272 0.678837
vt 0.100955 0.621501
vt 0.100761 0.164101
vt 0.404206 0.621253
vt 0.404389 0.164273
vt 0.107604 0.630915
vt 0.116954 0.641093
vt 0.397793 0.154848
vt 0.388486 0.144648
vt 0.107399 0.154665
vt 0.116749 0.144465
vt 0.397600 0.630657
vt 0.388282 0.640846
vt 0.094972 0.174312
vt 0.409983 0.611053
vt 0.410145 0.174484
vt 0.415826 0.187255
vt 0.095134 0.611290
vt 0.089378 0.598497
vt 0.636900 0.792486
vt 0.024230 0.855621
vt 0.405260 0.852737
vt 0.639795 0.411456
vt 0.764796 0.678147
vt 0.665763 0.937392
vt 0.761708 0.408207
vt 0.395834 0.940361
vt 0.378986 0.649507
vt 0.126088 0.135793
vt 0.084106 0.582649
vt 0.089238 0.187104
vt 0.415697 0.598271
vt 0.421001 0.203071
vt 0.558816 0.938693
vt 0.763462 0.571200
vt 0.514326 0.938693
vt 0.529109 0.938693
vt 0.763440 0.526710
vt 0.763451 0.541493
vt 0.567681 0.938693
vt 0.763430 0.517844
vt 0.505449 0.938704
vt 0.763473 0.580065
vt 0.078672 0.242224
vt 0.078715 0.543259
vt 0.426338 0.242224
vt 0.078339 0.552103
vt 0.426703 0.233488
vt 0.078274 0.233423
vt 0.426607 0.551942
vt 0.426252 0.543162
vt 0.424874 0.219910
vt 0.398353 0.234424
vt 0.424778 0.565563
vt 0.080092 0.219802
vt 0.080178 0.565757
vt 0.106926 0.551404
vt 0.763483 0.589200
vt 0.576816 0.938693
vt 0.763419 0.508699
vt 0.496315 0.938704
vt 0.763408 0.496444
vt 0.484071 0.938704
vt 0.477529 0.938704
vt 0.763483 0.601455
vt 0.589071 0.938683
vt 0.763397 0.489902
vt 0.420893 0.582423
vt 0.083998 0.202942
vt 0.353314 0.666023
vt 0.339822 0.673016
vt 0.353497 0.119396
vt 0.151846 0.119299
vt 0.165381 0.112349
vt 0.152029 0.666195
vt 0.134287 0.129026
vt 0.370820 0.656275
vt 0.134481 0.656479
vt 0.371013 0.129176
vt 0.339994 0.112392
vt 0.326093 0.678730
vt 0.179143 0.106689
vt 0.126293 0.649744
vt 0.379180 0.135965
vt 0.165553 0.673135
vt 0.536565 0.938693
vt 0.544022 0.938693
vt 0.731001 0.548949
vt 0.763451 0.548949
vt 0.763451 0.556416
vt 0.763494 0.607997
vt 0.470729 0.937381
vt 0.764710 0.483103
vt 0.595612 0.938683
vt 0.636825 0.749363
vt 0.067374 0.855696
vt 0.350871 0.855696
vt 0.062231 0.855696
vt 0.636825 0.754495
vt 0.636836 0.460712
vt 0.636836 0.465844
vt 0.356014 0.855696
vt 0.636825 0.764781
vt 0.051946 0.855696
vt 0.366300 0.855696
vt 0.636836 0.450426
vt 0.394006 0.855621
vt 0.636825 0.778908
vt 0.636911 0.422710
vt 0.037808 0.855696
vt 0.051838 0.821912
vt 0.380427 0.855696
vt 0.636836 0.436288
vt 0.670609 0.764888
vt 0.764645 0.419752
vt 0.764667 0.430134
vt 0.407378 0.937424
vt 0.417761 0.937402
vt 0.764688 0.438570
vt 0.731076 0.661847
vt 0.764817 0.667765
vt 0.649474 0.971122
vt 0.655380 0.937370
vt 0.426196 0.937392
vt 0.646945 0.937359
vt 0.629483 0.937359
vt 0.764828 0.659329
vt 0.764828 0.641856
vt 0.764828 0.624760
vt 0.764828 0.614796
vt 0.612386 0.937359
vt 0.602412 0.937359
vt 0.764710 0.473139
vt 0.460766 0.937381
vt 0.764699 0.463176
vt 0.764688 0.456043
vt 0.450792 0.937381
vt 0.443669 0.937392
vt 0.622349 0.937359
vt 0.764828 0.634723
vt 0.450642 0.913323
vt 0.788757 0.463015
vt 0.788897 0.634884
vt 0.622511 0.913301
vt 0.415761 0.873546
vt 0.002474 0.873546
vt 0.012749 0.874880
vt 0.618997 0.400955
vt 0.618975 0.814241
vt 0.617641 0.803977
vt 0.385494 0.919563
vt 0.782667 0.700032
vt 0.784012 0.689789
vt 0.782506 0.397867
vt 0.687648 0.919520
vt 0.677405 0.918175
vt 0.480036 0.918487
vt 0.478444 0.918498
vt 0.593106 0.918477
vt 0.783700 0.605490
vt 0.783625 0.492420
vt 0.783614 0.490828
vt 0.483899 0.916174
vt 0.786003 0.601616
vt 0.589232 0.916163
vt 0.785938 0.496283
vt 0.473537 0.917003
vt 0.785099 0.485911
vt 0.783700 0.607071
vt 0.594698 0.918477
vt 0.786594 0.579570
vt 0.505944 0.915572
vt 0.567186 0.915572
vt 0.786551 0.518328
vt 0.025037 0.879689
vt 0.617652 0.411219
vt 0.612832 0.791679
vt 0.405486 0.874880
vt 0.395737 0.918218
vt 0.664752 0.913345
vt 0.788854 0.677136
vt 0.783851 0.408121
vt 0.786573 0.541493
vt 0.536565 0.915572
vt 0.544022 0.915572
vt 0.529109 0.915572
vt 0.786584 0.556416
vt 0.786562 0.527065
vt 0.786584 0.570845
vt 0.558461 0.915572
vt 0.514670 0.915572
vt 0.788768 0.476550
vt 0.464177 0.913312
vt 0.785206 0.611978
vt 0.788897 0.621338
vt 0.599604 0.916981
vt 0.608965 0.913291
vt 0.067428 0.879775
vt 0.612746 0.754441
vt 0.612756 0.460766
vt 0.612756 0.465909
vt 0.355961 0.879775
vt 0.350818 0.879775
vt 0.612746 0.749298
vt 0.062285 0.879775
vt 0.612756 0.450501
vt 0.052021 0.879775
vt 0.612746 0.764705
vt 0.366225 0.879775
vt 0.612756 0.777229
vt 0.378738 0.879765
vt 0.039497 0.879775
vt 0.612767 0.437978
vt 0.612843 0.423517
vt 0.393199 0.879689
vt 0.427993 0.913334
vt 0.788886 0.657532
vt 0.788746 0.440367
vt 0.645148 0.913301
vt 0.408390 0.913377
vt 0.419730 0.913355
vt 0.788703 0.420774
vt 0.788725 0.432114
vt 0.788897 0.629956
vt 0.617572 0.913291
vt 0.455569 0.913323
vt 0.788768 0.467943
vt 0.653412 0.913323
vt 0.788875 0.665785
vt 0.243612 0.064567
vt 0.262194 0.064459
vt 0.244086 0.689134
vt 0.261720 0.720831
vt 0.243139 0.720938
vt 0.226344 0.065696
vt 0.278989 0.719701
vt 0.226075 0.719755
vt 0.279258 0.065643
vt 0.215509 0.066955
vt 0.289813 0.718453
vt 0.289985 0.066869
vt 0.215337 0.718507
vt 0.301013 0.068687
vt 0.204319 0.716688
vt 0.204416 0.068774
vt 0.300906 0.716635
vt 0.318583 0.072442
vt 0.318529 0.712923
vt 0.186739 0.712923
vt 0.186792 0.072507
vt 0.324081 0.074207
vt 0.181262 0.074272
vt 0.324049 0.711137
vt 0.181241 0.711169
vt 0.423433 0.142012
vt 0.423497 0.643321
vt 0.431674 0.630829
vt 0.081620 0.643568
vt 0.081609 0.141883
vt 0.073389 0.154407
vt 0.414524 0.130403
vt 0.090572 0.655199
vt 0.073400 0.631055
vt 0.431620 0.154514
vt 0.102461 0.667669
vt 0.402689 0.117933
vt 0.090561 0.130252
vt 0.414578 0.654941
vt 0.050719 0.565122
vt 0.049805 0.555503
vt 0.454129 0.220361
vt 0.455097 0.229916
vt 0.049805 0.229948
vt 0.454150 0.564971
vt 0.455108 0.555417
vt 0.451396 0.205395
vt 0.050719 0.220340
vt 0.053420 0.580120
vt 0.053420 0.205341
vt 0.451450 0.579938
vt 0.065158 0.615551
vt 0.439808 0.169986
vt 0.065148 0.169900
vt 0.439862 0.615346
vt 0.102439 0.117782
vt 0.402742 0.667421
vt 0.057799 0.596787
vt 0.057788 0.188664
vt 0.447082 0.188740
vt 0.447135 0.596593
vt 0.382138 0.099814
vt 0.123054 0.099663
vt 0.123086 0.685766
vt 0.382181 0.685562
vt 0.356144 0.699054
vt 0.149124 0.086204
vt 0.356112 0.086311
vt 0.149146 0.699237
vt 0.114156 0.678245
vt 0.114135 0.107206
vt 0.391026 0.107367
vt 0.391079 0.677998
vt 0.343975 0.705703
vt 0.161314 0.079619
vt 0.343964 0.079651
vt 0.331602 0.074132
vt 0.161325 0.705821
vt 0.173698 0.711352
vt 0.479821 0.917422
vt 0.478497 0.917433
vt 0.784765 0.605694
vt 0.593321 0.917412
vt 0.784679 0.492205
vt 0.784668 0.490871
vt 0.030252 0.741697
vt 0.030618 0.743257
vt 0.027971 0.743106
vt 0.784765 0.607028
vt 0.594644 0.917412
vt 0.026139 0.003497
vt 0.025741 0.002636
vt 0.028539 0.002152
vt 0.028175 0.741686
vt 0.025819 0.742041
vt 0.028247 0.903559
vt 0.030646 0.904571
vt 0.028623 0.904549
vt 0.031184 0.095656
vt 0.028720 0.096850
vt 0.029193 0.095763
vt 0.032813 0.742084
vt 0.032006 0.741299
vt 0.028582 0.011276
vt 0.027592 0.011362
vt 0.028140 0.003260
vt 0.029703 0.733627
vt 0.028756 0.733649
vt 0.478497 0.916432
vt 0.032787 0.095268
vt 0.033411 0.096086
vt 0.031539 0.096549
vt 0.024654 0.003959
vt 0.023880 0.003206
vt 0.030926 0.903667
vt 0.032873 0.904065
vt 0.030518 0.002453
vt 0.030054 0.912543
vt 0.029086 0.912554
vt 0.030312 0.087672
vt 0.029376 0.087704
vt 0.785766 0.607028
vt 0.594644 0.916411
vt 0.785669 0.490871
vt 0.029402 0.727086
vt 0.029187 0.727107
vt 0.029055 0.016268
vt 0.028237 0.016343
vt 0.026224 0.903947
vt 0.026999 0.904829
vt 0.026794 0.096409
vt 0.479821 0.916346
vt 0.029086 0.918052
vt 0.029699 0.918041
vt 0.029602 0.081335
vt 0.029903 0.081292
vt 0.029604 0.016031
vt 0.785766 0.492205
vt 0.593321 0.916336
vt 0.785830 0.605705
vt 0.029649 0.727494
vt 0.028699 0.917665
vt 0.029247 0.081798
vt 0.029466 0.723363
vt 0.029122 0.723363
vt 0.029322 0.077634
vt 0.029656 0.077601
vt 0.029172 0.921990
vt 0.029602 0.922001
vt 0.028808 0.020174
vt 0.028961 0.723535
vt 0.029839 0.077731
vt 0.029021 0.078053
vt 0.029746 0.723782
vt 0.029711 0.020217
vt 0.028817 0.921936
vt 0.029281 0.020109
vt 0.029720 0.076063
vt 0.029531 0.721867
vt 0.029582 0.022315
vt 0.028982 0.721900
vt 0.029129 0.076084
vt 0.029434 0.721824
vt 0.029602 0.076009
vt 0.029204 0.923798
vt 0.028978 0.923658
vt 0.037962 0.093966
vt 0.037220 0.906841
vt 0.032185 0.904893
vt 0.019479 0.005659
vt 0.021569 0.739405
vt 0.026508 0.741277
vt 0.035048 0.004788
vt 0.029808 0.003389
vt 0.037310 0.740147
vt 0.029130 0.022508
vt 0.594655 0.912570
vt 0.789499 0.490871
vt 0.478497 0.912591
vt 0.789607 0.607028
vt 0.021597 0.905926
vt 0.022469 0.093816
vt 0.027472 0.095505
vt 0.029774 0.923690
vt 0.029839 0.922184
vt 0.030915 0.922969
vt 0.030571 0.912726
vt 0.034724 0.914362
vt 0.030893 0.087468
vt 0.037639 0.093224
vt 0.029152 0.011416
vt 0.023084 0.013610
vt 0.027075 0.011577
vt 0.036944 0.739373
vt 0.030349 0.733401
vt 0.034405 0.731830
vt 0.028154 0.733444
vt 0.024087 0.731873
vt 0.030054 0.917858
vt 0.032173 0.080625
vt 0.030097 0.081464
vt 0.032324 0.919085
vt 0.025515 0.018032
vt 0.027710 0.016397
vt 0.026830 0.726612
vt 0.028993 0.727344
vt 0.030785 0.076924
vt 0.027949 0.722803
vt 0.028022 0.021906
vt 0.028528 0.020539
vt 0.028958 0.022433
vt 0.033434 0.012567
vt 0.032068 0.017279
vt 0.024352 0.914297
vt 0.021952 0.906722
vt 0.031780 0.726677
vt 0.026987 0.081023
vt 0.026450 0.918945
vt 0.024631 0.086144
vt 0.028516 0.912737
vt 0.030736 0.722900
vt 0.029778 0.720727
vt 0.030518 0.021529
vt 0.028746 0.720759
vt 0.027945 0.077171
vt 0.027752 0.922840
vt 0.029032 0.925207
vt 0.029574 0.720124
vt 0.029101 0.721835
vt 0.028971 0.720124
vt 0.029634 0.074223
vt 0.029247 0.076020
vt 0.029010 0.074245
vt 0.029701 0.024187
vt 0.029432 0.022455
vt 0.029635 0.925756
vt 0.029118 0.925756
vt 0.029731 0.925185
vt 0.029001 0.023789
vt 0.792490 0.601444
vt 0.589060 0.909665
vt 0.792447 0.496455
vt 0.484071 0.909676
vt 0.479810 0.912548
vt 0.789628 0.605705
vt 0.593321 0.912538
vt 0.789575 0.492194
vt 0.594655 0.908729
vt 0.793340 0.490871
vt 0.478487 0.908761
vt 0.793448 0.607028
vt 0.034454 0.077010
vt 0.029903 0.074858
vt 0.024184 0.723105
vt 0.029765 0.023724
vt 0.034854 0.022412
vt 0.034416 0.723094
vt 0.023772 0.023595
vt 0.034498 0.923238
vt 0.028806 0.074890
vt 0.024244 0.077397
vt 0.024276 0.923130
vt 0.604214 0.400148
vt 0.602589 0.411069
vt 0.604203 0.815048
vt 0.416568 0.888318
vt 0.405636 0.889943
vt 0.001667 0.888318
vt 0.688401 0.904748
vt 0.677480 0.903112
vt 0.797440 0.700785
vt 0.799075 0.689864
vt 0.797278 0.397114
vt 0.384730 0.904780
vt 0.022247 0.726386
vt 0.036499 0.919956
vt 0.036520 0.080216
vt 0.034885 0.085768
vt 0.021846 0.019345
vt 0.022533 0.080765
vt 0.021145 0.084251
vt 0.035844 0.017882
vt 0.037006 0.014277
vt 0.022437 0.919806
vt 0.020941 0.916331
vt 0.036277 0.726375
vt 0.037816 0.729797
vt 0.041706 0.090674
vt 0.041362 0.909315
vt 0.038070 0.916492
vt 0.017427 0.737006
vt 0.020687 0.729818
vt 0.015982 0.009221
vt 0.019856 0.006380
vt 0.041086 0.736963
vt 0.039449 0.006767
vt 0.018208 0.091589
vt 0.017778 0.909100
vt 0.479810 0.908750
vt 0.793426 0.605716
vt 0.593332 0.908740
vt 0.793373 0.492194
vt 0.799247 0.490860
vt 0.478487 0.902854
vt 0.594655 0.902833
vt 0.799355 0.607039
vt 0.031433 0.031568
vt 0.029173 0.024230
vt 0.030204 0.067348
vt 0.027848 0.067434
vt 0.028096 0.933029
vt 0.030431 0.933051
vt 0.032907 0.030944
vt 0.026465 0.713744
vt 0.031861 0.067714
vt 0.027495 0.031514
vt 0.026224 0.067940
vt 0.026568 0.932545
vt 0.032002 0.932599
vt 0.030467 0.713303
vt 0.028121 0.713303
vt 0.032081 0.713744
vt 0.805133 0.467760
vt 0.617766 0.896915
vt 0.805272 0.630139
vt 0.455376 0.896947
vt 0.596456 0.424066
vt 0.392650 0.896076
vt 0.012599 0.889943
vt 0.602578 0.804128
vt 0.664052 0.896958
vt 0.798924 0.408035
vt 0.805229 0.676437
vt 0.395661 0.903145
vt 0.802314 0.541493
vt 0.786573 0.548949
vt 0.544022 0.899831
vt 0.536565 0.899831
vt 0.802314 0.556406
vt 0.529109 0.899831
vt 0.802303 0.527302
vt 0.558224 0.899831
vt 0.514918 0.899831
vt 0.802324 0.570608
vt 0.566853 0.899831
vt 0.802292 0.518673
vt 0.802335 0.579237
vt 0.506278 0.899831
vt 0.799871 0.611795
vt 0.805272 0.619014
vt 0.799764 0.486104
vt 0.805154 0.478885
vt 0.599411 0.902305
vt 0.606641 0.896915
vt 0.473731 0.902327
vt 0.466501 0.896937
vt 0.799333 0.605716
vt 0.479799 0.902843
vt 0.593332 0.902833
vt 0.799280 0.492183
vt 0.262075 0.726415
vt 0.242945 0.726576
vt 0.243246 0.058983
vt 0.262387 0.058810
vt 0.225935 0.060263
vt 0.279376 0.725134
vt 0.279602 0.060177
vt 0.225720 0.725221
vt 0.214788 0.723865
vt 0.290544 0.061522
vt 0.214928 0.061608
vt 0.290383 0.723790
vt 0.301745 0.063469
vt 0.301637 0.721853
vt 0.203674 0.063555
vt 0.203588 0.721917
vt 0.185361 0.067762
vt 0.180046 0.069441
vt 0.319950 0.717635
vt 0.325265 0.715946
vt 0.320014 0.067719
vt 0.325297 0.069408
vt 0.185318 0.717667
vt 0.180036 0.715989
vt 0.805176 0.496864
vt 0.484469 0.896947
vt 0.046785 0.913383
vt 0.042912 0.920182
vt 0.011961 0.733003
vt 0.015791 0.726182
vt 0.038199 0.083594
vt 0.047032 0.086478
vt 0.046552 0.732960
vt 0.045302 0.010200
vt 0.042246 0.017387
vt 0.019942 0.016042
vt 0.010969 0.013783
vt 0.012570 0.087812
vt 0.016088 0.080829
vt 0.012280 0.913060
vt 0.040803 0.923722
vt 0.042965 0.079786
vt 0.015477 0.020184
vt 0.017868 0.722653
vt 0.042722 0.726149
vt 0.040667 0.722631
vt 0.016003 0.919924
vt 0.018015 0.923486
vt 0.355918 0.896162
vt 0.350785 0.896162
vt 0.596370 0.450544
vt 0.062328 0.896162
vt 0.596359 0.764662
vt 0.067461 0.896162
vt 0.596370 0.460809
vt 0.596370 0.465941
vt 0.366182 0.896162
vt 0.596359 0.754398
vt 0.596359 0.749266
vt 0.052064 0.896162
vt 0.805143 0.471203
vt 0.805272 0.626696
vt 0.614323 0.896915
vt 0.458819 0.896937
vt 0.596370 0.776078
vt 0.596370 0.439118
vt 0.040638 0.896162
vt 0.377598 0.896162
vt 0.025596 0.896076
vt 0.596445 0.791130
vt 0.805262 0.656317
vt 0.429209 0.896958
vt 0.643933 0.896926
vt 0.805122 0.441593
vt 0.409089 0.896990
vt 0.421086 0.896969
vt 0.805079 0.421462
vt 0.805100 0.433470
vt 0.805251 0.664440
vt 0.652056 0.896937
vt 0.040770 0.076332
vt 0.017908 0.023498
vt 0.020457 0.926982
vt 0.040578 0.021120
vt 0.017993 0.077214
vt 0.038192 0.719188
vt 0.331580 0.711212
vt 0.332968 0.716021
vt 0.332979 0.069344
vt 0.173720 0.074164
vt 0.172343 0.069355
vt 0.027280 0.031934
vt 0.020760 0.026683
vt 0.026310 0.932921
vt 0.038480 0.024832
vt 0.033197 0.031288
vt 0.020364 0.719210
vt 0.026292 0.713324
vt 0.038264 0.927154
vt 0.032260 0.932997
vt 0.032012 0.067294
vt 0.038145 0.072975
vt 0.020327 0.073653
vt 0.026041 0.067563
vt 0.383720 0.688402
vt 0.121559 0.688585
vt 0.383677 0.096963
vt 0.121537 0.096845
vt 0.032264 0.713346
vt 0.426445 0.645160
vt 0.426391 0.140172
vt 0.078704 0.140086
vt 0.078715 0.645365
vt 0.434536 0.153223
vt 0.070538 0.632303
vt 0.442552 0.169244
vt 0.062479 0.616272
vt 0.070517 0.153148
vt 0.062469 0.169179
vt 0.434590 0.632109
vt 0.442606 0.616089
vt 0.417224 0.657222
vt 0.087947 0.128014
vt 0.087968 0.657426
vt 0.417171 0.128122
vt 0.405099 0.670165
vt 0.393145 0.681021
vt 0.100105 0.115071
vt 0.112090 0.104225
vt 0.100137 0.670370
vt 0.112112 0.681215
vt 0.405045 0.115178
vt 0.393091 0.104344
vt 0.055131 0.597099
vt 0.449825 0.188417
vt 0.055120 0.188363
vt 0.449890 0.596916
vt 0.456948 0.219942
vt 0.458002 0.229249
vt 0.047976 0.565509
vt 0.046954 0.556170
vt 0.050730 0.580626
vt 0.458013 0.556073
vt 0.454183 0.204857
vt 0.050730 0.204825
vt 0.046954 0.229292
vt 0.454215 0.580465
vt 0.047976 0.219942
vt 0.456969 0.565391
vt 0.148640 0.703756
vt 0.160260 0.710416
vt 0.356628 0.081760
vt 0.345040 0.075057
vt 0.148618 0.081685
vt 0.160249 0.075014
vt 0.356660 0.703605
vt 0.345051 0.710308
vt 0.805229 0.601046
vt 0.588662 0.896937
vt 0.651059 0.878291
vt 0.653555 0.878398
vt 0.653943 0.879001
vt 0.775910 0.878904
vt 0.776298 0.878291
vt 0.778772 0.878119
vt 0.779816 0.342391
vt 0.777320 0.342273
vt 0.776922 0.341670
vt 0.845792 0.812013
vt 0.852861 0.804256
vt 0.853463 0.805956
vt 0.854873 0.414726
vt 0.854313 0.416361
vt 0.847180 0.408754
vt 0.584610 0.407539
vt 0.577573 0.415285
vt 0.576949 0.413618
vt 0.575862 0.414737
vt 0.570117 0.422698
vt 0.569202 0.799823
vt 0.574808 0.807312
vt 0.573162 0.807634
vt 0.574657 0.808850
vt 0.582189 0.813240
vt 0.854733 0.804675
vt 0.860618 0.797069
vt 0.647121 0.878140
vt 0.651231 0.878882
vt 0.773608 0.879463
vt 0.774210 0.878657
vt 0.655664 0.878732
vt 0.656267 0.879539
vt 0.855400 0.415188
vt 0.855863 0.415576
vt 0.853980 0.805364
vt 0.775200 0.341939
vt 0.774608 0.341132
vt 0.576433 0.414177
vt 0.573904 0.808258
vt 0.778568 0.880034
vt 0.782689 0.877903
vt 0.782570 0.879496
vt 0.779579 0.340487
vt 0.783754 0.342531
vt 0.779644 0.341788
vt 0.775480 0.880217
vt 0.776480 0.340357
vt 0.634802 0.879141
vt 0.631725 0.877193
vt 0.635071 0.877645
vt 0.794879 0.878678
vt 0.798010 0.876612
vt 0.798182 0.878075
vt 0.636018 0.341993
vt 0.632854 0.344080
vt 0.632682 0.342617
vt 0.795890 0.341509
vt 0.799150 0.343499
vt 0.795804 0.343026
vt 0.921032 0.756560
vt 0.919278 0.465144
vt 0.920730 0.465079
vt 0.596660 0.871502
vt 0.631574 0.878667
vt 0.833462 0.873169
vt 0.597402 0.347512
vt 0.834226 0.349169
vt 0.799322 0.342025
vt 0.512146 0.772914
vt 0.515998 0.790000
vt 0.514599 0.790226
vt 0.588795 0.351569
vt 0.588408 0.350181
vt 0.842898 0.353000
vt 0.833957 0.350590
vt 0.842080 0.869113
vt 0.842457 0.870501
vt 0.587988 0.867671
vt 0.596929 0.870092
vt 0.916276 0.430467
vt 0.911004 0.410476
vt 0.912403 0.410099
vt 0.519882 0.810217
vt 0.518483 0.810582
vt 0.843253 0.351622
vt 0.863405 0.360477
vt 0.568363 0.359315
vt 0.567879 0.358024
vt 0.521442 0.409884
vt 0.514642 0.429498
vt 0.520118 0.409508
vt 0.639052 0.879399
vt 0.638837 0.877806
vt 0.794685 0.877172
vt 0.790769 0.879033
vt 0.790952 0.877430
vt 0.636190 0.343510
vt 0.640106 0.341649
vt 0.639923 0.343252
vt 0.863889 0.359165
vt 0.880426 0.369397
vt 0.551417 0.368418
vt 0.550750 0.367223
vt 0.527682 0.827302
vt 0.526434 0.827883
vt 0.528909 0.392648
vt 0.527682 0.392067
vt 0.903204 0.393379
vt 0.904441 0.392798
vt 0.538086 0.378618
vt 0.537172 0.377768
vt 0.549782 0.852479
vt 0.536989 0.841257
vt 0.550449 0.851274
vt 0.893875 0.379435
vt 0.894790 0.378585
vt 0.536074 0.842107
vt 0.881104 0.368192
vt 0.879167 0.852393
vt 0.891680 0.841096
vt 0.892584 0.841935
vt 0.902117 0.827873
vt 0.648176 0.342778
vt 0.648305 0.341186
vt 0.657256 0.341218
vt 0.656665 0.342025
vt 0.654577 0.342391
vt 0.172321 0.716161
vt 0.179143 0.720121
vt 0.682089 0.878958
vt 0.681938 0.880550
vt 0.682917 0.340110
vt 0.683079 0.341702
vt 0.636211 0.879926
vt 0.637276 0.341154
vt 0.794631 0.340713
vt 0.791823 0.341261
vt 0.647272 0.879722
vt 0.652253 0.341950
vt 0.652307 0.340637
vt 0.793598 0.879517
vt 0.691450 0.880959
vt 0.691568 0.879313
vt 0.723125 0.881271
vt 0.714948 0.879668
vt 0.723060 0.879614
vt 0.714948 0.881325
vt 0.706835 0.879603
vt 0.724104 0.339411
vt 0.739307 0.341358
vt 0.724040 0.341078
vt 0.692536 0.341337
vt 0.692429 0.339701
vt 0.738446 0.880980
vt 0.706771 0.881260
vt 0.747947 0.880572
vt 0.747796 0.878968
vt 0.748786 0.341724
vt 0.748937 0.340121
vt 0.654954 0.341778
vt 0.655384 0.340465
vt 0.920257 0.459054
vt 0.918848 0.459183
vt 0.654384 0.880313
vt 0.587622 0.869059
vt 0.567470 0.860204
vt 0.861920 0.860559
vt 0.862415 0.861850
vt 0.792038 0.342864
vt 0.739425 0.339712
vt 0.715927 0.341014
vt 0.715927 0.339346
vt 0.707804 0.341068
vt 0.707750 0.339400
vt 0.566997 0.861506
vt 0.878500 0.851209
vt 0.900901 0.827292
vt 0.910003 0.810776
vt 0.512038 0.761498
vt 0.513544 0.772742
vt 0.918740 0.447768
vt 0.914888 0.430682
vt 0.640504 0.340928
vt 0.640827 0.340175
vt 0.791049 0.339809
vt 0.791404 0.340562
vt 0.783345 0.340218
vt 0.790371 0.879743
vt 0.790037 0.880507
vt 0.639805 0.880851
vt 0.639461 0.880109
vt 0.647519 0.880453
vt 0.651296 0.880184
vt 0.636792 0.880647
vt 0.637825 0.340433
vt 0.794061 0.340013
vt 0.665165 0.339486
vt 0.664175 0.881260
vt 0.793050 0.880238
vt 0.766700 0.339421
vt 0.765710 0.881196
vt 0.647724 0.881228
vt 0.782140 0.881024
vt 0.782333 0.880249
vt 0.648735 0.339647
vt 0.648541 0.340433
vt 0.783140 0.339443
vt 0.914834 0.790925
vt 0.919278 0.773936
vt 0.916233 0.791183
vt 0.908712 0.810389
vt 0.919149 0.762477
vt 0.919558 0.756495
vt 0.917331 0.447940
vt 0.516041 0.429757
vt 0.511597 0.446746
vt 0.510618 0.761638
vt 0.511608 0.755538
vt 0.509843 0.464122
vt 0.511306 0.464197
vt 0.510263 0.458075
vt 0.778525 0.881336
vt 0.652350 0.339346
vt 0.681895 0.882046
vt 0.681895 0.881260
vt 0.691417 0.881691
vt 0.738468 0.881712
vt 0.738479 0.882455
vt 0.682885 0.339400
vt 0.682885 0.338614
vt 0.672104 0.882756
vt 0.673094 0.337947
vt 0.655825 0.339163
vt 0.776039 0.339056
vt 0.775049 0.881518
vt 0.654836 0.881615
vt 0.724126 0.338679
vt 0.739458 0.338249
vt 0.739458 0.338991
vt 0.747990 0.882056
vt 0.748969 0.338625
vt 0.692396 0.338970
vt 0.692396 0.338227
vt 0.714948 0.882067
vt 0.706739 0.882745
vt 0.706749 0.882003
vt 0.723146 0.882756
vt 0.723146 0.882013
vt 0.691417 0.882433
vt 0.715927 0.337861
vt 0.724136 0.337926
vt 0.747990 0.881271
vt 0.757781 0.882734
vt 0.758760 0.337915
vt 0.748980 0.339411
vt 0.779515 0.339195
vt 0.651350 0.881475
vt 0.920612 0.762607
vt 0.511726 0.458204
vt 0.790973 0.339507
vt 0.793749 0.339637
vt 0.739468 0.337947
vt 0.748980 0.338292
vt 0.639891 0.881163
vt 0.637115 0.881024
vt 0.638137 0.340045
vt 0.861963 0.423505
vt 0.863362 0.422107
vt 0.027401 0.712862
vt 0.024904 0.712776
vt 0.757781 0.882993
vt 0.748001 0.882401
vt 0.692386 0.337937
vt 0.707718 0.337625
vt 0.707718 0.337915
vt 0.715927 0.337571
vt 0.640849 0.876397
vt 0.638675 0.877624
vt 0.634985 0.877408
vt 0.636104 0.343747
vt 0.639762 0.343445
vt 0.641957 0.344640
vt 0.794760 0.876935
vt 0.791102 0.877236
vt 0.788918 0.876031
vt 0.537129 0.841128
vt 0.527779 0.827399
vt 0.528758 0.827076
vt 0.550847 0.850230
vt 0.550395 0.851188
vt 0.893735 0.379564
vt 0.903107 0.393283
vt 0.902117 0.393605
vt 0.782957 0.877720
vt 0.647917 0.342950
vt 0.646841 0.877989
vt 0.655912 0.878388
vt 0.655029 0.876849
vt 0.656428 0.877096
vt 0.774856 0.876817
vt 0.773973 0.878334
vt 0.773479 0.877075
vt 0.790026 0.344274
vt 0.792200 0.343037
vt 0.795890 0.343262
vt 0.784033 0.342681
vt 0.774953 0.342283
vt 0.775835 0.343833
vt 0.774447 0.343575
vt 0.649209 0.876838
vt 0.646583 0.876677
vt 0.780569 0.876569
vt 0.779138 0.877785
vt 0.781666 0.343833
vt 0.784292 0.343994
vt 0.657396 0.343607
vt 0.654889 0.342714
vt 0.656901 0.342348
vt 0.723986 0.341326
vt 0.739049 0.342789
vt 0.723921 0.342552
vt 0.682283 0.878753
vt 0.682562 0.877570
vt 0.683262 0.341907
vt 0.683531 0.343080
vt 0.714948 0.878194
vt 0.723017 0.879356
vt 0.714948 0.879410
vt 0.748592 0.341928
vt 0.748313 0.343101
vt 0.715916 0.342488
vt 0.707858 0.341315
vt 0.715927 0.341272
vt 0.692795 0.342778
vt 0.692644 0.341573
vt 0.706878 0.879345
vt 0.691826 0.877882
vt 0.706954 0.878129
vt 0.747344 0.877602
vt 0.738220 0.879108
vt 0.738080 0.877903
vt 0.691676 0.879087
vt 0.722953 0.878140
vt 0.739199 0.341595
vt 0.747613 0.878775
vt 0.650284 0.344102
vt 0.651737 0.342897
vt 0.056661 0.779068
vt 0.056650 0.779993
vt 0.056973 0.780294
vt 0.018642 0.977116
vt 0.018255 0.978149
vt 0.017932 0.977837
vt 0.017452 0.675752
vt 0.017774 0.674643
vt 0.018172 0.675031
vt 0.018012 0.755194
vt 0.017980 0.754280
vt 0.018453 0.753817
vt 0.539593 0.378349
vt 0.551342 0.368504
vt 0.551783 0.369451
vt 0.528984 0.392562
vt 0.537817 0.380156
vt 0.529931 0.392906
vt 0.880491 0.369494
vt 0.892294 0.379188
vt 0.880028 0.370451
vt 0.511834 0.755538
vt 0.513566 0.761369
vt 0.512221 0.761498
vt 0.512931 0.464294
vt 0.511554 0.464208
vt 0.919321 0.756474
vt 0.917675 0.465198
vt 0.919041 0.465144
vt 0.513318 0.458387
vt 0.598037 0.350482
vt 0.632854 0.344349
vt 0.633102 0.345694
vt 0.799183 0.343768
vt 0.833698 0.352053
vt 0.799000 0.345156
vt 0.917180 0.447961
vt 0.913705 0.430983
vt 0.914802 0.430703
vt 0.513706 0.772720
vt 0.517181 0.789709
vt 0.516073 0.789978
vt 0.631692 0.876913
vt 0.597187 0.868618
vt 0.631875 0.875526
vt 0.588332 0.866283
vt 0.596908 0.869898
vt 0.587967 0.867499
vt 0.514889 0.772527
vt 0.597704 0.349148
vt 0.589150 0.353000
vt 0.588773 0.351762
vt 0.832838 0.870200
vt 0.798010 0.876332
vt 0.797773 0.874988
vt 0.833171 0.871534
vt 0.841725 0.867682
vt 0.842091 0.868919
vt 0.842543 0.354398
vt 0.833967 0.350783
vt 0.842908 0.353183
vt 0.794685 0.875547
vt 0.636190 0.345135
vt 0.521345 0.809861
vt 0.520086 0.810217
vt 0.568686 0.360488
vt 0.568299 0.359434
vt 0.863061 0.361639
vt 0.863459 0.360585
vt 0.516180 0.429757
vt 0.522571 0.410121
vt 0.517385 0.430036
vt 0.909530 0.410820
vt 0.910800 0.410465
vt 0.521517 0.409820
vt 0.890346 0.841236
vt 0.878597 0.851113
vt 0.878188 0.850144
vt 0.900837 0.827410
vt 0.891906 0.839686
vt 0.899879 0.827098
vt 0.138354 0.026016
vt 0.102891 0.050752
vt 0.102117 0.049439
vt 0.367032 0.759295
vt 0.402517 0.734570
vt 0.403280 0.735894
vt 0.102881 0.734635
vt 0.138375 0.759349
vt 0.102117 0.735958
vt 0.401968 0.050450
vt 0.366430 0.025736
vt 0.402742 0.049138
vt 0.501481 0.227376
vt 0.502965 0.557913
vt 0.501491 0.557849
vt 0.500577 0.567952
vt 0.493282 0.179261
vt 0.499609 0.201199
vt 0.498156 0.201436
vt 0.413276 0.058574
vt 0.011921 0.179390
vt 0.005616 0.201317
vt 0.010512 0.179046
vt 0.091712 0.058810
vt 0.091702 0.726587
vt 0.413685 0.726522
vt 0.019410 0.154256
vt 0.018065 0.153783
vt 0.090873 0.727813
vt 0.070506 0.708780
vt 0.485772 0.154127
vt 0.494702 0.178917
vt 0.019421 0.631195
vt 0.010512 0.606405
vt 0.011932 0.606061
vt 0.434870 0.708705
vt 0.414524 0.727749
vt 0.485890 0.631077
vt 0.494778 0.606298
vt 0.487235 0.631550
vt 0.070506 0.076628
vt 0.090873 0.057584
vt 0.414094 0.057336
vt 0.434558 0.076434
vt 0.069580 0.709888
vt 0.053033 0.691092
vt 0.053033 0.094338
vt 0.069580 0.075520
vt 0.478036 0.654263
vt 0.476810 0.653660
vt 0.027286 0.131070
vt 0.028512 0.131672
vt 0.453075 0.093219
vt 0.452074 0.094165
vt 0.453333 0.691942
vt 0.435795 0.709813
vt 0.027286 0.654370
vt 0.028512 0.653768
vt 0.477864 0.130930
vt 0.476648 0.131543
vt 0.847104 0.813444
vt 0.038303 0.111370
vt 0.052021 0.093391
vt 0.452332 0.691006
vt 0.467040 0.673963
vt 0.465943 0.673210
vt 0.039390 0.112123
vt 0.466825 0.111208
vt 0.465738 0.111983
vt 0.038303 0.674071
vt 0.039390 0.673307
vt 0.848492 0.407323
vt 0.583265 0.406118
vt 0.568664 0.421364
vt 0.350893 0.768527
vt 0.352324 0.765751
vt 0.353777 0.767526
vt 0.567718 0.800651
vt 0.581285 0.814649
vt 0.862017 0.798446
vt 0.918654 0.459183
vt 0.513243 0.446961
vt 0.514556 0.447176
vt 0.917944 0.756398
vt 0.918912 0.762445
vt 0.917556 0.762305
vt 0.915986 0.448166
vt 0.917309 0.459312
vt 0.862017 0.860419
vt 0.861673 0.859333
vt 0.567416 0.860097
vt 0.908626 0.810485
vt 0.907572 0.810238
vt 0.499652 0.584015
vt 0.502051 0.568102
vt 0.003206 0.217230
vt 0.007069 0.201554
vt 0.004680 0.217392
vt 0.502029 0.217112
vt 0.500555 0.217273
vt 0.005616 0.584134
vt 0.007069 0.583897
vt 0.493357 0.605954
vt 0.916319 0.773506
vt 0.917632 0.773721
vt 0.914684 0.790936
vt 0.913479 0.790656
vt 0.002281 0.227430
vt 0.003755 0.557967
vt 0.002281 0.558032
vt 0.003206 0.568221
vt 0.004680 0.568070
vt 0.003755 0.227495
vt 0.154461 0.016838
vt 0.153040 0.019625
vt 0.151588 0.017839
vt 0.154547 0.766848
vt 0.154536 0.768548
vt 0.151642 0.767558
vt 0.055972 0.779261
vt 0.017302 0.755012
vt 0.017233 0.977105
vt 0.017566 0.978160
vt 0.018883 0.675773
vt 0.018162 0.675956
vt 0.034618 0.031697
vt 0.025935 0.032611
vt 0.024933 0.933459
vt 0.018542 0.928553
vt 0.018449 0.717607
vt 0.033378 0.066692
vt 0.033659 0.933545
vt 0.040157 0.928758
vt 0.024642 0.067047
vt 0.538624 0.379242
vt 0.537914 0.378456
vt 0.893219 0.380049
vt 0.536623 0.839708
vt 0.537656 0.840644
vt 0.795836 0.344661
vt 0.635039 0.876010
vt 0.783205 0.876386
vt 0.647670 0.344295
vt 0.891046 0.840482
vt 0.891863 0.841268
vt 0.538678 0.841591
vt 0.894198 0.380920
vt 0.262312 0.731181
vt 0.262516 0.054033
vt 0.243010 0.054205
vt 0.279699 0.729750
vt 0.225472 0.729858
vt 0.225612 0.055636
vt 0.279860 0.055540
vt 0.214465 0.057078
vt 0.290846 0.728319
vt 0.214368 0.728405
vt 0.290964 0.056992
vt 0.203017 0.726350
vt 0.302229 0.726275
vt 0.203082 0.059122
vt 0.302315 0.059047
vt 0.184189 0.721777
vt 0.321144 0.063631
vt 0.326190 0.065298
vt 0.321090 0.721734
vt 0.326158 0.720078
vt 0.184221 0.063663
vt 0.179153 0.065309
vt 0.327244 0.010942
vt 0.332420 0.013589
vt 0.327277 0.012470
vt 0.177970 0.774487
vt 0.172773 0.771841
vt 0.177948 0.772970
vt 0.172676 0.013589
vt 0.177873 0.010942
vt 0.177841 0.012459
vt 0.332656 0.771819
vt 0.327449 0.774477
vt 0.327481 0.772960
vt 0.210721 0.778759
vt 0.222954 0.781513
vt 0.210689 0.780190
vt 0.198326 0.776897
vt 0.198316 0.778350
vt 0.282314 0.005326
vt 0.263549 0.002615
vt 0.282335 0.003906
vt 0.307114 0.778339
vt 0.263678 0.782794
vt 0.282453 0.780082
vt 0.282486 0.781513
vt 0.222825 0.003906
vt 0.210603 0.006671
vt 0.210570 0.005240
vt 0.306931 0.007080
vt 0.222847 0.005326
vt 0.241622 0.002615
vt 0.241633 0.004035
vt 0.198219 0.008532
vt 0.198208 0.007080
vt 0.263539 0.004035
vt 0.252586 0.002550
vt 0.252586 0.003916
vt 0.167759 0.013159
vt 0.167598 0.014934
vt 0.337573 0.772228
vt 0.337735 0.770453
vt 0.337304 0.013137
vt 0.332301 0.012018
vt 0.167845 0.772249
vt 0.172881 0.773401
vt 0.346579 0.015752
vt 0.350549 0.018441
vt 0.346816 0.017667
vt 0.347117 0.767644
vt 0.158302 0.767666
vt 0.158538 0.769581
vt 0.158226 0.017731
vt 0.144347 0.763190
vt 0.139053 0.758004
vt 0.146574 0.761006
vt 0.361039 0.763169
vt 0.366354 0.757961
vt 0.033609 0.712776
vt 0.040075 0.717585
vt 0.294741 0.780179
vt 0.307092 0.776887
vt 0.294708 0.778737
vt 0.144207 0.022229
vt 0.139043 0.027361
vt 0.360544 0.021938
vt 0.365677 0.027027
vt 0.358231 0.024155
vt 0.346880 0.769560
vt 0.306931 0.008543
vt 0.294579 0.005240
vt 0.241751 0.782794
vt 0.222976 0.780093
vt 0.241762 0.781384
vt 0.252715 0.782858
vt 0.263678 0.781373
vt 0.158463 0.015816
vt 0.150598 0.764029
vt 0.148500 0.765654
vt 0.354820 0.764008
vt 0.356908 0.765632
vt 0.150555 0.021357
vt 0.148446 0.019722
vt 0.354379 0.021185
vt 0.356456 0.019528
vt 0.384774 0.690898
vt 0.120494 0.094370
vt 0.153094 0.765772
vt 0.351959 0.019485
vt 0.018151 0.676688
vt 0.019033 0.676634
vt 0.056661 0.778347
vt 0.018012 0.755926
vt 0.017943 0.976191
vt 0.017932 0.976911
vt 0.017071 0.976244
vt 0.057328 0.754396
vt 0.056478 0.754461
vt 0.056467 0.755311
vt 0.017011 0.778983
vt 0.017678 0.778973
vt 0.017625 0.779833
vt 0.017448 0.960245
vt 0.017512 0.953080
vt 0.018223 0.953133
vt 0.017850 0.692633
vt 0.017710 0.699756
vt 0.016989 0.699799
vt 0.057220 0.762423
vt 0.057166 0.755268
vt 0.017786 0.771839
vt 0.018825 0.960267
vt 0.018136 0.960267
vt 0.018441 0.699820
vt 0.018475 0.771861
vt 0.056521 0.762434
vt 0.055757 0.755268
vt 0.055832 0.762434
vt 0.017215 0.688039
vt 0.017269 0.676602
vt 0.017851 0.767277
vt 0.018894 0.755862
vt 0.018825 0.976266
vt 0.018793 0.964840
vt 0.057532 0.778411
vt 0.056564 0.766996
vt 0.055843 0.767006
vt 0.017373 0.964829
vt 0.018083 0.964829
vt 0.017141 0.767266
vt 0.017130 0.755851
vt 0.018646 0.688060
vt 0.018592 0.690352
vt 0.017893 0.690341
vt 0.018804 0.962559
vt 0.056542 0.764715
vt 0.055843 0.764715
vt 0.017818 0.769558
vt 0.018518 0.769569
vt 0.040006 0.071307
vt 0.019027 0.028458
vt 0.040524 0.026220
vt 0.018369 0.072136
vt 0.018561 0.767288
vt 0.018104 0.962548
vt 0.017936 0.688049
vt 0.017119 0.769547
vt 0.198079 0.776273
vt 0.210560 0.778167
vt 0.222750 0.005885
vt 0.210431 0.007263
vt 0.197961 0.009167
vt 0.015638 0.026016
vt 0.015339 0.720372
vt 0.012467 0.723191
vt 0.043299 0.926014
vt 0.046193 0.923206
vt 0.043212 0.073954
vt 0.043185 0.720329
vt 0.043311 0.023132
vt 0.015475 0.925745
vt 0.015378 0.075030
vt 0.172246 0.771055
vt 0.177066 0.771260
vt 0.177582 0.772271
vt 0.328353 0.771227
vt 0.333184 0.771034
vt 0.327847 0.772249
vt 0.332958 0.014385
vt 0.328213 0.014256
vt 0.327664 0.013202
vt 0.263668 0.005337
vt 0.282432 0.005885
vt 0.282593 0.006725
vt 0.307695 0.775337
vt 0.307340 0.776252
vt 0.294741 0.007273
vt 0.307576 0.010114
vt 0.307200 0.009178
vt 0.241514 0.005337
vt 0.241590 0.004573
vt 0.241643 0.780071
vt 0.222879 0.779534
vt 0.222728 0.778705
vt 0.294999 0.008156
vt 0.263721 0.780835
vt 0.252715 0.780308
vt 0.263786 0.780061
vt 0.282550 0.779523
vt 0.282701 0.778694
vt 0.241719 0.780846
vt 0.294870 0.778156
vt 0.295106 0.777285
vt 0.210323 0.777296
vt 0.197595 0.010103
vt 0.176948 0.014213
vt 0.177475 0.013169
vt 0.222589 0.006714
vt 0.333926 0.769925
vt 0.338520 0.769603
vt 0.338240 0.015773
vt 0.333732 0.015526
vt 0.157312 0.766569
vt 0.347773 0.018775
vt 0.167684 0.770474
vt 0.337466 0.014912
vt 0.197735 0.775359
vt 0.349807 0.764955
vt 0.348107 0.766536
vt 0.339639 0.768355
vt 0.172149 0.014374
vt 0.252586 0.004390
vt 0.263592 0.004573
vt 0.252596 0.005143
vt 0.349430 0.020357
vt 0.339359 0.017032
vt 0.166898 0.769624
vt 0.171493 0.769958
vt 0.155580 0.020410
vt 0.157258 0.018829
vt 0.332592 0.064922
vt 0.172741 0.064922
vt 0.332570 0.720443
vt 0.171407 0.015483
vt 0.166823 0.015784
vt 0.155612 0.764987
vt 0.165779 0.768376
vt 0.165726 0.017021
vt 0.351765 0.763319
vt 0.358791 0.760984
vt 0.241568 0.779189
vt 0.252715 0.779447
vt 0.005552 0.557892
vt 0.496424 0.583563
vt 0.498759 0.567823
vt 0.008833 0.201769
vt 0.006488 0.217521
vt 0.496381 0.201651
vt 0.008844 0.583682
vt 0.499684 0.227452
vt 0.499695 0.557773
vt 0.006488 0.567941
vt 0.498737 0.217403
vt 0.401225 0.052290
vt 0.364784 0.028512
vt 0.103709 0.732838
vt 0.139559 0.756197
vt 0.401677 0.732774
vt 0.365849 0.756154
vt 0.103730 0.052538
vt 0.139570 0.029168
vt 0.491636 0.605609
vt 0.498199 0.583779
vt 0.412813 0.724887
vt 0.092573 0.060435
vt 0.013654 0.605728
vt 0.013643 0.179724
vt 0.491561 0.179605
vt 0.092562 0.724962
vt 0.412480 0.060231
vt 0.071463 0.078070
vt 0.433912 0.707263
vt 0.433632 0.077897
vt 0.071463 0.707349
vt 0.484298 0.630582
vt 0.020991 0.154751
vt 0.021002 0.630689
vt 0.484190 0.154633
vt 0.054055 0.689962
vt 0.451073 0.095317
vt 0.054055 0.095467
vt 0.451299 0.689865
vt 0.475465 0.652982
vt 0.475314 0.132221
vt 0.029846 0.132350
vt 0.029857 0.653090
vt 0.040498 0.672468
vt 0.040498 0.112973
vt 0.464834 0.672360
vt 0.464652 0.112844
vt 0.046182 0.076676
vt 0.051820 0.082024
vt 0.046046 0.723148
vt 0.045861 0.020023
vt 0.050660 0.013944
vt 0.012486 0.023498
vt 0.006514 0.018549
vt 0.012635 0.077967
vt 0.007449 0.083734
vt 0.012646 0.922883
vt 0.146466 0.024456
vt 0.869774 0.790753
vt 0.560950 0.429498
vt 0.870700 0.429950
vt 0.559411 0.791872
vt 0.840531 0.398350
vt 0.590269 0.823580
vt 0.590990 0.397274
vt 0.839691 0.822805
vt 0.170729 0.768742
vt 0.176130 0.769463
vt 0.176560 0.770119
vt 0.329289 0.769420
vt 0.334679 0.768710
vt 0.328858 0.770087
vt 0.197380 0.774294
vt 0.196992 0.773713
vt 0.209785 0.775768
vt 0.210065 0.776295
vt 0.263958 0.778834
vt 0.282862 0.777737
vt 0.263861 0.779189
vt 0.295354 0.776284
vt 0.283067 0.777242
vt 0.295634 0.775746
vt 0.308050 0.774272
vt 0.308426 0.773680
vt 0.222556 0.777747
vt 0.241471 0.778845
vt 0.222363 0.777263
vt 0.153686 0.022078
vt 0.334550 0.016828
vt 0.328772 0.015483
vt 0.197229 0.011211
vt 0.209925 0.009199
vt 0.210183 0.008145
vt 0.222416 0.007714
vt 0.170191 0.768139
vt 0.163445 0.765998
vt 0.335217 0.768107
vt 0.340855 0.766977
vt 0.252715 0.779028
vt 0.151900 0.762243
vt 0.153643 0.763352
vt 0.145412 0.759575
vt 0.353508 0.762211
vt 0.164564 0.767010
vt 0.176420 0.015429
vt 0.176022 0.016623
vt 0.170632 0.016774
vt 0.252596 0.006101
vt 0.241439 0.006230
vt 0.263754 0.006240
vt 0.341963 0.765966
vt 0.307974 0.011233
vt 0.295278 0.009210
vt 0.282776 0.007714
vt 0.335152 0.018054
vt 0.340618 0.018463
vt 0.341576 0.024079
vt 0.351324 0.022078
vt 0.353078 0.023907
vt 0.209688 0.010243
vt 0.222266 0.008704
vt 0.196906 0.012309
vt 0.170094 0.017968
vt 0.163606 0.019797
vt 0.164531 0.018409
vt 0.358705 0.025865
vt 0.145681 0.026274
vt 0.152201 0.023660
vt 0.172741 0.720508
vt 0.773812 0.383588
vt 0.776975 0.390248
vt 0.772424 0.389506
vt 0.772951 0.836684
vt 0.776276 0.830035
vt 0.777772 0.838460
vt 0.657913 0.383997
vt 0.654599 0.390646
vt 0.653103 0.382211
vt 0.657117 0.837104
vt 0.653910 0.830433
vt 0.658462 0.831176
vt 0.076391 0.138569
vt 0.085935 0.126056
vt 0.428737 0.138623
vt 0.428802 0.646710
vt 0.419269 0.659223
vt 0.076402 0.646882
vt 0.436936 0.152244
vt 0.068171 0.633250
vt 0.085956 0.659395
vt 0.098437 0.112715
vt 0.406799 0.672564
vt 0.419215 0.126121
vt 0.068160 0.152201
vt 0.060231 0.168781
vt 0.060241 0.616670
vt 0.444833 0.168814
vt 0.437000 0.633078
vt 0.444897 0.616508
vt 0.406745 0.112790
vt 0.394415 0.101719
vt 0.394469 0.683647
vt 0.110789 0.101632
vt 0.098458 0.672726
vt 0.110810 0.683808
vt 0.452095 0.596959
vt 0.452042 0.188363
vt 0.052968 0.188342
vt 0.052979 0.597120
vt 0.356929 0.707306
vt 0.345826 0.714128
vt 0.356897 0.078059
vt 0.345815 0.071237
vt 0.148392 0.707425
vt 0.159496 0.714235
vt 0.148360 0.077994
vt 0.159474 0.071205
vt 0.120515 0.691060
vt 0.384731 0.094467
vt 0.456335 0.204567
vt 0.456367 0.580745
vt 0.048654 0.204567
vt 0.048654 0.580884
vt 0.459132 0.219684
vt 0.044780 0.229098
vt 0.460229 0.229044
vt 0.045856 0.565746
vt 0.044780 0.556364
vt 0.045856 0.219716
vt 0.459164 0.565628
vt 0.460229 0.556267
vt 0.335497 0.719561
vt 0.169825 0.065793
vt 0.169836 0.719636
vt 0.805229 0.605479
vt 0.480047 0.896947
vt 0.593095 0.896937
vt 0.805176 0.492431
vt 0.656869 0.349632
vt 0.658085 0.349514
vt 0.655901 0.871050
vt 0.657117 0.871168
vt 0.774974 0.349621
vt 0.773758 0.349503
vt 0.773995 0.871050
vt 0.772790 0.871168
vt 0.714959 0.872330
vt 0.722834 0.872287
vt 0.747893 0.348933
vt 0.738769 0.348642
vt 0.707083 0.872276
vt 0.683940 0.348900
vt 0.693053 0.348621
vt 0.737811 0.872061
vt 0.692106 0.872039
vt 0.682982 0.871749
vt 0.715916 0.348352
vt 0.707922 0.342542
vt 0.746925 0.871781
vt 0.723781 0.348405
vt 0.026253 0.692870
vt 0.018549 0.692654
vt 0.026539 0.960267
vt 0.048118 0.762401
vt 0.064924 0.762272
vt 0.057242 0.764704
vt 0.026178 0.772076
vt 0.009733 0.960073
vt 0.017405 0.962537
vt 0.017097 0.771839
vt 0.009394 0.771839
vt 0.017193 0.690330
vt 0.017150 0.692622
vt 0.009436 0.692558
vt 0.781763 0.349492
vt 0.784249 0.350600
vt 0.780634 0.870867
vt 0.649112 0.871179
vt 0.646626 0.870071
vt 0.650231 0.349815
vt 0.335497 0.065793
vt 0.045353 0.779078
vt 0.056402 0.780230
vt 0.544022 0.896937
vt 0.536565 0.896937
vt 0.802314 0.548949
vt 0.805208 0.556406
vt 0.805197 0.541493
vt 0.529109 0.896937
vt 0.805219 0.570565
vt 0.558181 0.896937
vt 0.514961 0.896937
vt 0.805186 0.527345
vt 0.805186 0.518727
vt 0.805219 0.579183
vt 0.506342 0.896947
vt 0.566788 0.896937
vt 0.017689 0.753989
vt 0.006855 0.755689
vt 0.006570 0.976836
vt 0.067786 0.778368
vt 0.057360 0.779261
vt 0.029089 0.976417
vt 0.006757 0.675633
vt 0.018733 0.754990
vt 0.029385 0.755388
vt 0.029308 0.676817
vt 0.018603 0.674633
vt 0.008399 0.968132
vt 0.027545 0.764017
vt 0.008349 0.684456
vt 0.046945 0.770492
vt 0.055789 0.778422
vt 0.008253 0.763748
vt 0.027691 0.968358
vt 0.027651 0.684822
vt 0.066226 0.770331
vt 0.057274 0.766996
vt 0.038935 0.709440
vt 0.044056 0.714874
vt 0.040277 0.034419
vt 0.038608 0.063184
vt 0.038984 0.936892
vt 0.044127 0.931480
vt 0.019564 0.936698
vt 0.014529 0.931189
vt 0.019165 0.063959
vt 0.019568 0.709462
vt 0.014457 0.714917
vt 0.020943 0.036442
vt 0.554849 0.374884
vt 0.543380 0.382943
vt 0.888227 0.383664
vt 0.535580 0.395477
vt 0.534450 0.824559
vt 0.885558 0.837265
vt 0.887581 0.835716
vt 0.894306 0.824526
vt 0.889367 0.384998
vt 0.542584 0.837502
vt 0.909734 0.772548
vt 0.840574 0.360650
vt 0.793975 0.868855
vt 0.599501 0.357024
vt 0.634135 0.352300
vt 0.910961 0.465477
vt 0.911252 0.756065
vt 0.528554 0.412058
vt 0.521345 0.771677
vt 0.520237 0.760788
vt 0.907131 0.789257
vt 0.796740 0.868381
vt 0.896436 0.396123
vt 0.910649 0.459893
vt 0.642323 0.351235
vt 0.831364 0.863658
vt 0.519989 0.459011
vt 0.519623 0.464617
vt 0.876962 0.375917
vt 0.875133 0.844732
vt 0.523744 0.431435
vt 0.521140 0.448144
vt 0.901676 0.808269
vt 0.571160 0.366320
vt 0.570289 0.853178
vt 0.567814 0.859031
vt 0.859166 0.853534
vt 0.527478 0.807989
vt 0.590301 0.860021
vt 0.635759 0.869296
vt 0.641193 0.869823
vt 0.519914 0.755204
vt 0.789682 0.350848
vt 0.909541 0.449005
vt 0.553913 0.844754
vt 0.591130 0.359294
vt 0.797881 0.351805
vt 0.513211 0.755484
vt 0.788552 0.869447
vt 0.860586 0.367492
vt 0.907357 0.432231
vt 0.523529 0.788450
vt 0.598704 0.862173
vt 0.632994 0.868876
vt 0.903408 0.412703
vt 0.839745 0.861388
vt 0.910886 0.761671
vt 0.832171 0.358508
vt 0.795116 0.351386
vt 0.636900 0.351827
vt 0.359996 0.759532
vt 0.363224 0.752022
vt 0.142184 0.752076
vt 0.197326 0.768882
vt 0.025539 0.952585
vt 0.063773 0.754612
vt 0.010906 0.952413
vt 0.010350 0.700240
vt 0.018367 0.779026
vt 0.024963 0.779726
vt 0.049140 0.754730
vt 0.142281 0.033279
vt 0.363482 0.033408
vt 0.170890 0.763491
vt 0.176560 0.764546
vt 0.334518 0.763448
vt 0.252715 0.774380
vt 0.263883 0.774261
vt 0.308082 0.768849
vt 0.328848 0.764503
vt 0.210032 0.770980
vt 0.282873 0.772497
vt 0.241546 0.774261
vt 0.295375 0.770948
vt 0.222535 0.772518
vt 0.170417 0.022100
vt 0.252607 0.011007
vt 0.241364 0.007090
vt 0.252607 0.007004
vt 0.263851 0.007090
vt 0.165779 0.761458
vt 0.339628 0.761415
vt 0.329203 0.016688
vt 0.334884 0.022196
vt 0.328966 0.021034
vt 0.295354 0.014461
vt 0.282948 0.008704
vt 0.295526 0.010243
vt 0.308330 0.012330
vt 0.222406 0.012879
vt 0.282830 0.012868
vt 0.263797 0.011125
vt 0.197132 0.016569
vt 0.209882 0.014461
vt 0.308114 0.016591
vt 0.176291 0.020970
vt 0.165317 0.023972
vt 0.046638 0.717757
vt 0.014281 0.069607
vt 0.011817 0.072598
vt 0.044774 0.028469
vt 0.047023 0.025317
vt 0.011989 0.928263
vt 0.015326 0.031525
vt 0.012464 0.028921
vt 0.043901 0.068467
vt 0.046591 0.071264
vt 0.008845 0.767794
vt 0.027088 0.964302
vt 0.026845 0.768052
vt 0.008909 0.688512
vt 0.065559 0.766296
vt 0.047558 0.766447
vt 0.026931 0.688846
vt 0.009088 0.964097
vt 0.152728 0.756939
vt 0.340037 0.024101
vt 0.352679 0.756896
vt 0.005541 0.227570
vt 0.010469 0.557698
vt 0.011426 0.217908
vt 0.491453 0.202286
vt 0.494756 0.227656
vt 0.493809 0.567424
vt 0.013761 0.583058
vt 0.013750 0.202393
vt 0.011426 0.567543
vt 0.491496 0.582950
vt 0.493788 0.217811
vt 0.399375 0.728050
vt 0.399160 0.057164
vt 0.106001 0.728126
vt 0.106033 0.057261
vt 0.410080 0.064663
vt 0.410306 0.720519
vt 0.095069 0.720594
vt 0.095080 0.064803
vt 0.486816 0.604662
vt 0.018463 0.604781
vt 0.486740 0.180563
vt 0.018452 0.180670
vt 0.074315 0.082040
vt 0.431061 0.703293
vt 0.074315 0.703379
vt 0.430846 0.081911
vt 0.479725 0.629194
vt 0.025564 0.156139
vt 0.479618 0.156032
vt 0.025564 0.629312
vt 0.057207 0.098738
vt 0.448136 0.686595
vt 0.447942 0.098620
vt 0.057218 0.686681
vt 0.033924 0.651196
vt 0.471247 0.134136
vt 0.471387 0.651089
vt 0.033924 0.134255
vt 0.461176 0.115351
vt 0.043984 0.115469
vt 0.461348 0.669864
vt 0.043984 0.669971
vt 0.009482 0.075654
vt 0.049153 0.022121
vt 0.009568 0.925282
vt 0.049091 0.720705
vt 0.049162 0.074126
vt 0.009699 0.026242
vt 0.046731 0.928607
vt 0.049227 0.925680
vt 0.011875 0.717800
vt 0.009400 0.720748
vt 0.352626 0.028706
vt 0.152987 0.028319
vt 0.785669 0.387021
vt 0.778568 0.381824
vt 0.785658 0.383879
vt 0.784948 0.833349
vt 0.784894 0.836480
vt 0.645927 0.387333
vt 0.645981 0.384191
vt 0.645206 0.833650
vt 0.652318 0.838847
vt 0.645228 0.836803
vt 0.327255 0.726329
vt 0.322736 0.727932
vt 0.327287 0.059047
vt 0.322779 0.057433
vt 0.178056 0.059047
vt 0.182575 0.057444
vt 0.178056 0.726382
vt 0.182564 0.727986
vt 0.303133 0.732709
vt 0.202178 0.052688
vt 0.303197 0.052624
vt 0.291599 0.050483
vt 0.202146 0.732784
vt 0.213734 0.734915
vt 0.291523 0.734829
vt 0.280151 0.736356
vt 0.213787 0.050569
vt 0.225160 0.049030
vt 0.262624 0.737970
vt 0.242805 0.731364
vt 0.225085 0.736453
vt 0.280248 0.048933
vt 0.262710 0.047244
vt 0.242698 0.047416
vt 0.242612 0.738142
vt 0.161842 0.759908
vt 0.864502 0.407237
vt 0.871410 0.415361
vt 0.861533 0.814510
vt 0.863082 0.406237
vt 0.855088 0.399168
vt 0.568707 0.405139
vt 0.567018 0.406796
vt 0.564135 0.813057
vt 0.559218 0.804869
vt 0.568643 0.817178
vt 0.576443 0.822730
vt 0.863071 0.813035
vt 0.118471 0.089733
vt 0.386819 0.695557
vt 0.343566 0.759865
vt 0.161874 0.025263
vt 0.343545 0.025424
vt 0.051480 0.728667
vt 0.054036 0.079753
vt 0.051670 0.917719
vt 0.007298 0.917288
vt 0.005071 0.081636
vt 0.007033 0.728732
vt 0.004470 0.020959
vt 0.053167 0.015891
vt 0.792781 0.385568
vt 0.793416 0.388839
vt 0.796288 0.831014
vt 0.822681 0.827539
vt 0.822928 0.830627
vt 0.792738 0.831628
vt 0.792049 0.834877
vt 0.634587 0.389657
vt 0.608194 0.393143
vt 0.607947 0.390055
vt 0.638137 0.389054
vt 0.638826 0.385805
vt 0.608162 0.830595
vt 0.608538 0.827679
vt 0.633963 0.831154
vt 0.823499 0.390700
vt 0.823165 0.393745
vt 0.796912 0.389517
vt 0.638105 0.835103
vt 0.637470 0.831843
vt 0.872981 0.429014
vt 0.556904 0.792593
vt 0.560423 0.414866
vt 0.869914 0.805203
vt 0.841650 0.395972
vt 0.853732 0.821482
vt 0.576551 0.398070
vt 0.589258 0.826097
vt 0.658967 0.378101
vt 0.662970 0.380963
vt 0.658956 0.381049
vt 0.772790 0.381114
vt 0.768626 0.378069
vt 0.772779 0.378166
vt 0.771908 0.839632
vt 0.767744 0.842667
vt 0.767905 0.839719
vt 0.662087 0.839654
vt 0.658096 0.842505
vt 0.658085 0.839568
vt 0.693085 0.843409
vt 0.707459 0.840719
vt 0.707427 0.843667
vt 0.745644 0.840310
vt 0.715884 0.376961
vt 0.723415 0.379952
vt 0.715873 0.379909
vt 0.693967 0.377240
vt 0.708342 0.379941
vt 0.693967 0.380188
vt 0.737779 0.380210
vt 0.746526 0.377466
vt 0.746526 0.380414
vt 0.715002 0.840773
vt 0.722555 0.843678
vt 0.714991 0.843710
vt 0.722533 0.840741
vt 0.736908 0.843441
vt 0.736908 0.840493
vt 0.745644 0.843248
vt 0.685231 0.377423
vt 0.663131 0.378015
vt 0.685231 0.380371
vt 0.662249 0.842602
vt 0.684348 0.840267
vt 0.684348 0.843205
vt 0.693096 0.840461
vt 0.708320 0.377004
vt 0.737790 0.377273
vt 0.556539 0.758497
vt 0.554129 0.768610
vt 0.553483 0.758615
vt 0.795740 0.386181
vt 0.555032 0.440925
vt 0.557044 0.452061
vt 0.553999 0.451824
vt 0.874907 0.754085
vt 0.877726 0.758916
vt 0.874681 0.758733
vt 0.874347 0.462196
vt 0.876757 0.452071
vt 0.877403 0.462067
vt 0.877532 0.466833
vt 0.874476 0.466898
vt 0.556194 0.461948
vt 0.635135 0.834490
vt 0.831385 0.392131
vt 0.831127 0.395133
vt 0.872055 0.791764
vt 0.872809 0.779800
vt 0.875843 0.779757
vt 0.555968 0.466596
vt 0.553149 0.461766
vt 0.600888 0.826194
vt 0.600329 0.828895
vt 0.558604 0.428530
vt 0.558066 0.440882
vt 0.600017 0.391238
vt 0.873831 0.768621
vt 0.876876 0.768869
vt 0.556399 0.753784
vt 0.552924 0.466500
vt 0.840821 0.825150
vt 0.830718 0.826474
vt 0.553343 0.753848
vt 0.830858 0.829443
vt 0.589892 0.394939
vt 0.600157 0.394208
vt 0.557066 0.778789
vt 0.876004 0.441118
vt 0.873691 0.452222
vt 0.872991 0.440925
vt 0.635835 0.386364
vt 0.554387 0.778950
vt 0.557184 0.768460
vt 0.795040 0.834317
vt 0.171557 0.726813
vt 0.333775 0.058617
vt 0.029169 0.756001
vt 0.006796 0.976148
vt 0.045536 0.778551
vt 0.006983 0.676397
vt 0.044355 0.035473
vt 0.042883 0.707955
vt 0.015594 0.938118
vt 0.042502 0.061581
vt 0.042922 0.938387
vt 0.015152 0.062635
vt 0.017166 0.038292
vt 0.015619 0.707988
vt 0.774382 0.380522
vt 0.779149 0.378887
vt 0.773511 0.839740
vt 0.656514 0.840170
vt 0.651737 0.841795
vt 0.657353 0.380942
vt 0.657310 0.353678
vt 0.661668 0.353484
vt 0.656363 0.866972
vt 0.773543 0.867004
vt 0.769196 0.867198
vt 0.791414 0.838105
vt 0.639461 0.382577
vt 0.607538 0.386956
vt 0.823337 0.833726
vt 0.823961 0.387709
vt 0.607635 0.833467
vt 0.774501 0.353699
vt 0.707180 0.868166
vt 0.714969 0.868209
vt 0.722748 0.868177
vt 0.738543 0.352741
vt 0.723695 0.352515
vt 0.693279 0.352720
vt 0.708040 0.348395
vt 0.708116 0.352505
vt 0.683326 0.867671
vt 0.746602 0.867703
vt 0.737596 0.867962
vt 0.715905 0.352462
vt 0.684273 0.352978
vt 0.692332 0.867940
vt 0.770154 0.353484
vt 0.747549 0.353000
vt 0.660721 0.867187
vt 0.333775 0.726748
vt 0.171546 0.058617
vt 0.082363 0.663118
vt 0.095543 0.677030
vt 0.082341 0.122333
vt 0.422905 0.662967
vt 0.422841 0.122366
vt 0.409671 0.108454
vt 0.063620 0.150265
vt 0.063631 0.635187
vt 0.055701 0.617713
vt 0.441508 0.150275
vt 0.449416 0.167748
vt 0.441573 0.635047
vt 0.433041 0.135653
vt 0.072130 0.649819
vt 0.072109 0.135632
vt 0.433105 0.649669
vt 0.095521 0.108411
vt 0.108497 0.688467
vt 0.396750 0.097017
vt 0.409736 0.676890
vt 0.048514 0.597486
vt 0.456571 0.187965
vt 0.055679 0.167738
vt 0.449481 0.617563
vt 0.396803 0.688327
vt 0.108475 0.096963
vt 0.044318 0.581455
vt 0.456614 0.597346
vt 0.460724 0.203997
vt 0.048503 0.187965
vt 0.149156 0.071054
vt 0.356144 0.714267
vt 0.356112 0.071098
vt 0.346364 0.064986
vt 0.149189 0.714364
vt 0.158958 0.720476
vt 0.044307 0.204007
vt 0.041477 0.219329
vt 0.460767 0.581315
vt 0.463586 0.566015
vt 0.463565 0.219296
vt 0.464727 0.228861
vt 0.041477 0.566123
vt 0.464738 0.556439
vt 0.040326 0.228926
vt 0.040326 0.556536
vt 0.158937 0.064954
vt 0.168039 0.725758
vt 0.346374 0.720379
vt 0.337294 0.059682
vt 0.197842 0.763556
vt 0.176905 0.026425
vt 0.263689 0.016171
vt 0.294956 0.765654
vt 0.252607 0.015978
vt 0.241417 0.011125
vt 0.282582 0.767279
vt 0.263764 0.769205
vt 0.222696 0.018108
vt 0.241654 0.769215
vt 0.328288 0.759005
vt 0.210301 0.019743
vt 0.307598 0.021906
vt 0.328385 0.026479
vt 0.294956 0.019733
vt 0.282539 0.018097
vt 0.307555 0.763513
vt 0.177109 0.759048
vt 0.197670 0.021895
vt 0.222825 0.767311
vt 0.210441 0.765697
vt 0.783861 0.356453
vt 0.648111 0.356808
vt 0.647745 0.350934
vt 0.782764 0.863873
vt 0.783130 0.869748
vt 0.647014 0.864218
vt 0.386765 0.089808
vt 0.118492 0.695686
vt 0.007707 0.931490
vt 0.012151 0.937462
vt 0.051585 0.028135
vt 0.047722 0.034494
vt 0.050938 0.931942
vt 0.010405 0.779521
vt 0.004767 0.778714
vt 0.030707 0.699863
vt 0.025058 0.700520
vt 0.046337 0.708558
vt 0.045956 0.062065
vt 0.046355 0.937806
vt 0.008580 0.032622
vt 0.007438 0.069489
vt 0.011731 0.063388
vt 0.050877 0.714465
vt 0.050712 0.067810
vt 0.831891 0.389248
vt 0.599597 0.831649
vt 0.878984 0.441086
vt 0.879791 0.451942
vt 0.874767 0.793120
vt 0.785669 0.380791
vt 0.551697 0.779337
vt 0.551094 0.768750
vt 0.636975 0.383072
vt 0.555829 0.427217
vt 0.550438 0.758701
vt 0.550320 0.753881
vt 0.880437 0.461981
vt 0.599597 0.388376
vt 0.879899 0.769084
vt 0.875703 0.427680
vt 0.549900 0.466414
vt 0.587794 0.828367
vt 0.550976 0.451598
vt 0.784862 0.839568
vt 0.646013 0.381114
vt 0.793900 0.837610
vt 0.636211 0.837836
vt 0.638675 0.838352
vt 0.552052 0.440785
vt 0.880566 0.466801
vt 0.842112 0.827840
vt 0.645217 0.839880
vt 0.550126 0.461615
vt 0.554602 0.793324
vt 0.877951 0.754193
vt 0.588515 0.392293
vt 0.878812 0.779897
vt 0.831278 0.832305
vt 0.843037 0.393315
vt 0.794664 0.382835
vt 0.792200 0.382319
vt 0.880749 0.759067
vt 0.031177 0.953392
vt 0.069421 0.755311
vt 0.007636 0.714497
vt 0.055403 0.925971
vt 0.004731 0.726537
vt 0.003214 0.720512
vt 0.055349 0.073674
vt 0.056145 0.076353
vt 0.003295 0.075697
vt 0.002714 0.078398
vt 0.055267 0.720469
vt 0.053761 0.726472
vt 0.658892 0.374131
vt 0.772865 0.374185
vt 0.768712 0.374088
vt 0.013691 0.038034
vt 0.012187 0.708601
vt 0.779719 0.866703
vt 0.780838 0.353624
vt 0.003577 0.027092
vt 0.003403 0.925422
vt 0.004985 0.919451
vt 0.053951 0.919935
vt 0.172708 0.027985
vt 0.166091 0.030955
vt 0.332603 0.028050
vt 0.339241 0.031051
vt 0.332452 0.757434
vt 0.339101 0.754432
vt 0.172945 0.757488
vt 0.166296 0.754475
vt 0.771972 0.846551
vt 0.771897 0.842580
vt 0.693020 0.847390
vt 0.707395 0.847648
vt 0.685155 0.373453
vt 0.745720 0.847229
vt 0.723448 0.377014
vt 0.715884 0.372980
vt 0.723480 0.373033
vt 0.658010 0.846486
vt 0.662163 0.846583
vt 0.746602 0.373496
vt 0.737854 0.373292
vt 0.767819 0.846637
vt 0.736961 0.847411
vt 0.722587 0.847659
vt 0.708288 0.373023
vt 0.684262 0.847185
vt 0.714991 0.847702
vt 0.693913 0.373259
vt 0.663056 0.374034
vt 0.651145 0.353979
vt 0.650037 0.867058
vt 0.002609 0.024477
vt 0.055717 0.018958
vt 0.055308 0.021691
vt 0.881427 0.833284
vt 0.883761 0.831703
vt 0.885644 0.388516
vt 0.556797 0.839955
vt 0.547544 0.386859
vt 0.883708 0.387333
vt 0.874078 0.380716
vt 0.546511 0.388010
vt 0.542293 0.384083
vt 0.545360 0.831219
vt 0.540615 0.835544
vt 0.903612 0.449769
vt 0.904570 0.460378
vt 0.889378 0.822149
vt 0.898071 0.414511
vt 0.901396 0.787880
vt 0.903731 0.771709
vt 0.592238 0.854383
vt 0.896468 0.806408
vt 0.557711 0.379661
vt 0.904807 0.761100
vt 0.601093 0.363006
vt 0.901643 0.433533
vt 0.872303 0.839955
vt 0.529468 0.432801
vt 0.527144 0.448973
vt 0.789187 0.356808
vt 0.526047 0.754946
vt 0.858187 0.372646
vt 0.838637 0.366287
vt 0.856777 0.848380
vt 0.593066 0.365007
vt 0.526316 0.760304
vt 0.795643 0.862388
vt 0.788090 0.863507
vt 0.642785 0.357174
vt 0.526068 0.459581
vt 0.829782 0.857676
vt 0.796686 0.357863
vt 0.794352 0.357476
vt 0.533815 0.413930
vt 0.635221 0.358293
vt 0.634189 0.862819
vt 0.636523 0.863195
vt 0.573549 0.371473
vt 0.905140 0.755742
vt 0.527263 0.770913
vt 0.540561 0.397877
vt 0.837808 0.855675
vt 0.830557 0.364351
vt 0.529242 0.787149
vt 0.532814 0.806171
vt 0.904828 0.465736
vt 0.891401 0.398458
vt 0.572688 0.848025
vt 0.525735 0.464940
vt 0.539485 0.822224
vt 0.600318 0.856331
vt 0.641699 0.863873
vt 0.201533 0.737185
vt 0.303778 0.737110
vt 0.291986 0.739261
vt 0.201533 0.048277
vt 0.213314 0.046125
vt 0.303811 0.048234
vt 0.292029 0.046061
vt 0.224870 0.044501
vt 0.213314 0.739347
vt 0.280441 0.740886
vt 0.280474 0.044425
vt 0.262764 0.042521
vt 0.242558 0.042639
vt 0.262753 0.742737
vt 0.224859 0.740972
vt 0.242558 0.742866
vt 0.323651 0.732311
vt 0.181660 0.053065
vt 0.181671 0.732365
vt 0.323672 0.053065
vt 0.327761 0.731138
vt 0.177561 0.731192
vt 0.177539 0.054238
vt 0.327782 0.054248
vt 0.032752 0.776358
vt 0.003149 0.955812
vt 0.041447 0.758281
vt 0.002711 0.696603
vt 0.018323 0.218435
vt 0.010469 0.227764
vt 0.018323 0.567026
vt 0.020669 0.203190
vt 0.487763 0.227925
vt 0.494767 0.557590
vt 0.487773 0.557321
vt 0.109067 0.064018
vt 0.143734 0.040638
vt 0.396244 0.064039
vt 0.486880 0.218339
vt 0.020679 0.582272
vt 0.017441 0.557429
vt 0.484567 0.582154
vt 0.109046 0.721369
vt 0.484524 0.203093
vt 0.486902 0.566919
vt 0.396330 0.721293
vt 0.361696 0.744663
vt 0.098523 0.714354
vt 0.406702 0.070979
vt 0.098534 0.071044
vt 0.406842 0.714278
vt 0.025220 0.603404
vt 0.025209 0.182058
vt 0.480037 0.603285
vt 0.479973 0.181961
vt 0.143701 0.744716
vt 0.157021 0.750645
vt 0.361706 0.040713
vt 0.348397 0.034860
vt 0.157032 0.034710
vt 0.343211 0.032708
vt 0.162261 0.752775
vt 0.348376 0.750591
vt 0.078403 0.087688
vt 0.426790 0.087602
vt 0.078403 0.697720
vt 0.426951 0.697634
vt 0.473130 0.158054
vt 0.032063 0.627300
vt 0.032063 0.158151
vt 0.473216 0.627192
vt 0.061801 0.681957
vt 0.443391 0.103375
vt 0.061791 0.103462
vt 0.443553 0.681871
vt 0.465491 0.648334
vt 0.465372 0.136912
vt 0.039809 0.136998
vt 0.039820 0.648442
vt 0.456119 0.118987
vt 0.049062 0.666356
vt 0.049052 0.119084
vt 0.456259 0.666249
vt 0.657967 0.357110
vt 0.772898 0.863572
vt 0.657041 0.863529
vt 0.661442 0.863690
vt 0.773834 0.357153
vt 0.769422 0.356991
vt 0.778320 0.841408
vt 0.778761 0.845217
vt 0.651242 0.845593
vt 0.652555 0.379263
vt 0.652114 0.375454
vt 0.779633 0.375078
vt 0.737360 0.864454
vt 0.722695 0.864669
vt 0.723631 0.356023
vt 0.715905 0.355991
vt 0.747194 0.356475
vt 0.738285 0.356249
vt 0.707244 0.864648
vt 0.714969 0.864691
vt 0.708180 0.356012
vt 0.683671 0.864196
vt 0.692579 0.864422
vt 0.746268 0.864239
vt 0.693515 0.356227
vt 0.768486 0.863723
vt 0.662378 0.356959
vt 0.684607 0.356443
vt 0.640052 0.842731
vt 0.790823 0.377940
vt 0.002777 0.767858
vt 0.032999 0.689093
vt 0.033156 0.964248
vt 0.071616 0.766113
vt 0.002840 0.688534
vt 0.032903 0.768278
vt 0.003020 0.963893
vt 0.041490 0.766372
vt 0.775458 0.376337
vt 0.656320 0.376756
vt 0.655341 0.844313
vt 0.774544 0.843925
vt 0.030622 0.779069
vt 0.043513 0.755515
vt 0.005258 0.953101
vt 0.769003 0.371280
vt 0.773371 0.371387
vt 0.662765 0.371237
vt 0.002712 0.775938
vt 0.033221 0.956168
vt 0.032827 0.697163
vt 0.071530 0.758044
vt 0.033311 0.681013
vt 0.033221 0.972328
vt 0.002712 0.759778
vt 0.041404 0.774452
vt 0.033193 0.760198
vt 0.002772 0.971962
vt 0.002830 0.680443
vt 0.004734 0.699368
vt 0.768110 0.849445
vt 0.738016 0.370473
vt 0.746839 0.370688
vt 0.684940 0.370645
vt 0.737112 0.850230
vt 0.707384 0.850478
vt 0.692859 0.850209
vt 0.684036 0.849994
vt 0.661861 0.849391
vt 0.657493 0.849284
vt 0.708277 0.370193
vt 0.693763 0.370441
vt 0.723491 0.370204
vt 0.714991 0.850521
vt 0.715884 0.370150
vt 0.745935 0.850037
vt 0.722598 0.850489
vt 0.071842 0.774194
vt 0.768282 0.856578
vt 0.661679 0.856535
vt 0.657289 0.856417
vt 0.772467 0.849348
vt 0.772661 0.856471
vt 0.773575 0.364265
vt 0.658203 0.364211
vt 0.662593 0.364093
vt 0.712882 0.359896
vt 0.717993 0.860775
vt 0.718918 0.359907
vt 0.711957 0.860775
vt 0.715895 0.358627
vt 0.714980 0.862044
vt 0.723588 0.362909
vt 0.708202 0.362898
vt 0.722673 0.857783
vt 0.707287 0.857773
vt 0.683875 0.857106
vt 0.769196 0.364136
vt 0.747000 0.363576
vt 0.684790 0.363533
vt 0.746085 0.857138
vt 0.693644 0.363339
vt 0.738145 0.363361
vt 0.692730 0.857321
vt 0.737230 0.857342
vt 0.714980 0.860807
vt 0.717143 0.859935
vt 0.712807 0.859935
vt 0.719284 0.857805
vt 0.710676 0.857805
vt 0.711903 0.857805
vt 0.711591 0.362866
vt 0.720198 0.362877
vt 0.713732 0.360746
vt 0.715895 0.359864
vt 0.718068 0.360746
vt 0.718961 0.362866
vt 0.711989 0.854846
vt 0.718886 0.365836
vt 0.712893 0.365836
vt 0.717982 0.854846
vt 0.777911 0.862700
vt 0.780052 0.861065
vt 0.781128 0.359240
vt 0.779009 0.357583
vt 0.717143 0.855696
vt 0.718057 0.857816
vt 0.712828 0.855696
vt 0.714980 0.854814
vt 0.718047 0.364986
vt 0.714991 0.853577
vt 0.715884 0.367094
vt 0.715884 0.365868
vt 0.713732 0.364986
vt 0.712818 0.362866
vt 0.282163 0.023154
vt 0.263442 0.020970
vt 0.223202 0.762243
vt 0.241902 0.764417
vt 0.282195 0.762200
vt 0.252618 0.020765
vt 0.252704 0.764610
vt 0.252715 0.769409
vt 0.241536 0.016171
vt 0.223084 0.023176
vt 0.177851 0.031697
vt 0.198423 0.027070
vt 0.306834 0.758327
vt 0.294396 0.760500
vt 0.210872 0.024886
vt 0.327384 0.753711
vt 0.211001 0.760554
vt 0.198552 0.758381
vt 0.327438 0.031729
vt 0.294396 0.024876
vt 0.178002 0.753754
vt 0.306866 0.027060
vt 0.652953 0.357970
vt 0.650822 0.359617
vt 0.649746 0.861431
vt 0.651866 0.863088
vt 0.355186 0.066277
vt 0.150092 0.066245
vt 0.355219 0.719088
vt 0.150125 0.719174
vt 0.337294 0.725683
vt 0.342824 0.726834
vt 0.342813 0.058531
vt 0.162519 0.726910
vt 0.168017 0.059671
vt 0.162487 0.058509
vt 0.254189 0.025822
vt 0.253887 0.026016
vt 0.252618 0.025349
vt 0.253963 0.027275
vt 0.656213 0.373356
vt 0.775555 0.372926
vt 0.252650 0.759059
vt 0.250617 0.757940
vt 0.250950 0.757143
vt 0.252704 0.758413
vt 0.253834 0.758090
vt 0.254264 0.758617
vt 0.250800 0.755971
vt 0.255275 0.756767
vt 0.857659 0.395908
vt 0.865976 0.403396
vt 0.856239 0.824763
vt 0.573990 0.394821
vt 0.574001 0.825807
vt 0.566233 0.819523
vt 0.873228 0.807602
vt 0.866127 0.815951
vt 0.557034 0.412509
vt 0.563909 0.403967
vt 0.874777 0.412951
vt 0.555850 0.807021
vt 0.254511 0.756616
vt 0.254361 0.755013
vt 0.254834 0.754701
vt 0.252811 0.753582
vt 0.774651 0.847315
vt 0.252639 0.037034
vt 0.252682 0.748342
vt 0.551170 0.794820
vt 0.883718 0.452007
vt 0.880975 0.754279
vt 0.884676 0.759045
vt 0.843920 0.831337
vt 0.547167 0.768675
vt 0.884375 0.462099
vt 0.548071 0.779908
vt 0.879307 0.426045
vt 0.546188 0.461636
vt 0.882804 0.440774
vt 0.546500 0.758593
vt 0.546371 0.753709
vt 0.586665 0.388807
vt 0.883826 0.769116
vt 0.586073 0.831509
vt 0.552192 0.425582
vt 0.884902 0.754171
vt 0.882632 0.780327
vt 0.878350 0.794788
vt 0.548243 0.440354
vt 0.844920 0.389829
vt 0.547049 0.451576
vt 0.598435 0.835189
vt 0.793093 0.378456
vt 0.832816 0.385557
vt 0.598758 0.384643
vt 0.784356 0.843667
vt 0.792243 0.841946
vt 0.789973 0.842441
vt 0.785217 0.376681
vt 0.646519 0.377014
vt 0.824155 0.837599
vt 0.637782 0.842225
vt 0.606720 0.383083
vt 0.832117 0.836039
vt 0.645658 0.843990
vt 0.824844 0.383922
vt 0.638632 0.378736
vt 0.640902 0.378241
vt 0.606688 0.837115
vt 0.250014 0.027791
vt 0.251585 0.028200
vt 0.250832 0.029050
vt 0.255232 0.027490
vt 0.253651 0.028222
vt 0.254178 0.027318
vt 0.252596 0.029459
vt 0.254533 0.029082
vt 0.655320 0.847734
vt 0.252553 0.024962
vt 0.254899 0.025403
vt 0.251068 0.026285
vt 0.250466 0.026296
vt 0.334012 0.054507
vt 0.337649 0.055636
vt 0.171331 0.730934
vt 0.167695 0.729804
vt 0.334012 0.730880
vt 0.337659 0.729739
vt 0.171299 0.054485
vt 0.167662 0.055615
vt 0.212701 0.744006
vt 0.200715 0.741801
vt 0.292653 0.041402
vt 0.304650 0.043618
vt 0.212658 0.041445
vt 0.292632 0.743942
vt 0.224461 0.745706
vt 0.224428 0.039756
vt 0.280883 0.039691
vt 0.280883 0.745631
vt 0.262667 0.037475
vt 0.242622 0.037539
vt 0.262689 0.747847
vt 0.242665 0.747901
vt 0.304628 0.741736
vt 0.324834 0.736948
vt 0.200672 0.043661
vt 0.180466 0.048438
vt 0.328288 0.735442
vt 0.177023 0.049934
vt 0.177066 0.735496
vt 0.180509 0.737002
vt 0.328288 0.049955
vt 0.324845 0.048438
vt 0.117492 0.086881
vt 0.387809 0.698441
vt 0.117524 0.698548
vt 0.387755 0.086924
vt 0.466986 0.229055
vt 0.041918 0.204373
vt 0.038109 0.556342
vt 0.463199 0.580960
vt 0.465932 0.219522
vt 0.039153 0.219565
vt 0.038109 0.229119
vt 0.465953 0.565778
vt 0.466997 0.556246
vt 0.041929 0.581089
vt 0.039164 0.565886
vt 0.463167 0.204341
vt 0.107432 0.093961
vt 0.397793 0.093993
vt 0.107464 0.691469
vt 0.397858 0.691350
vt 0.046028 0.188030
vt 0.459132 0.597292
vt 0.046028 0.597432
vt 0.459089 0.188008
vt 0.094026 0.105592
vt 0.411253 0.679719
vt 0.053022 0.618144
vt 0.452117 0.167296
vt 0.255222 0.758811
vt 0.252736 0.759500
vt 0.053011 0.167318
vt 0.452181 0.618004
vt 0.060790 0.636349
vt 0.444381 0.149092
vt 0.094047 0.679838
vt 0.411178 0.105624
vt 0.080200 0.119826
vt 0.425068 0.665496
vt 0.256061 0.756433
vt 0.080221 0.665614
vt 0.424993 0.119837
vt 0.069473 0.133717
vt 0.435774 0.651595
vt 0.435698 0.133717
vt 0.069494 0.651724
vt 0.060769 0.149103
vt 0.444446 0.636220
vt 0.251187 0.754012
vt 0.249390 0.756164
vt 0.250315 0.753883
vt 0.255265 0.754238
vt 0.252811 0.753001
vt 0.032479 0.975115
vt 0.032644 0.678216
vt 0.003465 0.756991
vt 0.003450 0.974760
vt 0.003604 0.677678
vt 0.042136 0.777249
vt 0.032526 0.757389
vt 0.250154 0.756046
vt 0.071153 0.777002
vt 0.250240 0.029739
vt 0.256341 0.027748
vt 0.255157 0.029986
vt 0.252607 0.030599
vt 0.252586 0.024434
vt 0.255921 0.025123
vt 0.255383 0.025220
vt 0.778449 0.854695
vt 0.775179 0.855147
vt 0.777406 0.848046
vt 0.651425 0.855083
vt 0.654674 0.855567
vt 0.779450 0.365588
vt 0.776201 0.365104
vt 0.249594 0.025629
vt 0.252553 0.023821
vt 0.249100 0.027931
vt 0.248443 0.028071
vt 0.250089 0.026027
vt 0.255501 0.758865
vt 0.256523 0.756401
vt 0.778320 0.372237
vt 0.653458 0.372635
vt 0.655686 0.365524
vt 0.652544 0.848444
vt 0.652426 0.365986
vt 0.256771 0.028060
vt 0.249734 0.030417
vt 0.255426 0.754002
vt 0.255480 0.030406
vt 0.252607 0.031019
vt 0.252725 0.752807
vt 0.168674 0.035452
vt 0.336594 0.749913
vt 0.550115 0.830638
vt 0.558949 0.837534
vt 0.879221 0.830831
vt 0.870237 0.837534
vt 0.883030 0.390948
vt 0.888797 0.400233
vt 0.881072 0.829142
vt 0.336659 0.035516
vt 0.331570 0.032999
vt 0.168792 0.749967
vt 0.173892 0.752495
vt 0.173741 0.032945
vt 0.331494 0.752442
vt 0.256362 0.024650
vt 0.248626 0.759424
vt 0.248271 0.025209
vt 0.241794 0.020981
vt 0.256803 0.759564
vt 0.263517 0.764395
vt 0.252639 0.760941
vt 0.252499 0.023251
vt 0.551224 0.389969
vt 0.559831 0.382061
vt 0.881018 0.389915
vt 0.871915 0.383126
vt 0.549373 0.390442
vt 0.263689 0.756132
vt 0.263635 0.029212
vt 0.241622 0.029244
vt 0.241697 0.756164
vt 0.249993 0.758564
vt 0.246991 0.756186
vt 0.248927 0.756175
vt 0.281593 0.031428
vt 0.281614 0.753916
vt 0.223751 0.753969
vt 0.211732 0.033192
vt 0.223675 0.031460
vt 0.211808 0.752259
vt 0.293557 0.033160
vt 0.293557 0.752194
vt 0.179379 0.745383
vt 0.199607 0.750053
vt 0.179282 0.040057
vt 0.199521 0.035398
vt 0.326018 0.040078
vt 0.305780 0.035387
vt 0.305758 0.749988
vt 0.325986 0.745330
vt 0.175968 0.744039
vt 0.329418 0.041423
vt 0.252693 0.759833
vt 0.258460 0.756326
vt 0.258697 0.028512
vt 0.246539 0.028534
vt 0.249982 0.753765
vt 0.248766 0.753001
vt 0.256674 0.753119
vt 0.256739 0.031654
vt 0.248508 0.031675
vt 0.175882 0.041391
vt 0.329396 0.743985
vt 0.574517 0.845421
vt 0.593755 0.851349
vt 0.898588 0.434641
vt 0.900256 0.450189
vt 0.601760 0.853146
vt 0.635211 0.859408
vt 0.792749 0.859387
vt 0.786325 0.860355
vt 0.532298 0.786040
vt 0.530619 0.770493
vt 0.535536 0.804708
vt 0.644550 0.360327
vt 0.542089 0.820449
vt 0.895349 0.415974
vt 0.547565 0.828454
vt 0.636276 0.361607
vt 0.637578 0.357884
vt 0.638126 0.361295
vt 0.836302 0.852554
vt 0.828286 0.854319
vt 0.856358 0.375250
vt 0.837120 0.369322
vt 0.829115 0.367536
vt 0.795664 0.361263
vt 0.900352 0.771236
vt 0.901364 0.760734
vt 0.594573 0.368127
vt 0.602578 0.366363
vt 0.794599 0.859075
vt 0.793286 0.862797
vt 0.530523 0.449446
vt 0.529511 0.459947
vt 0.855066 0.845733
vt 0.901116 0.460690
vt 0.886849 0.820373
vt 0.643485 0.860710
vt 0.575335 0.374077
vt 0.901353 0.465929
vt 0.901676 0.755484
vt 0.793814 0.360951
vt 0.893821 0.804998
vt 0.898308 0.786750
vt 0.536494 0.415404
vt 0.543111 0.399695
vt 0.787390 0.359972
vt 0.529769 0.759992
vt 0.637061 0.859720
vt 0.529199 0.465198
vt 0.532567 0.433931
vt 0.252618 0.032827
vt 0.252758 0.751721
vt 0.333668 0.050547
vt 0.171686 0.734904
vt 0.165134 0.748213
vt 0.340285 0.037259
vt 0.858520 0.827044
vt 0.864362 0.817404
vt 0.866837 0.819749
vt 0.571333 0.827851
vt 0.563489 0.820825
vt 0.571655 0.392594
vt 0.565792 0.402299
vt 0.563134 0.400470
vt 0.554623 0.410422
vt 0.553698 0.809829
vt 0.561445 0.815284
vt 0.559573 0.817630
vt 0.875595 0.809679
vt 0.877188 0.410863
vt 0.867666 0.404322
vt 0.869860 0.401696
vt 0.860016 0.393681
vt 0.868634 0.401589
vt 0.159840 0.746427
vt 0.345546 0.039035
vt 0.545682 0.439461
vt 0.885192 0.781231
vt 0.886537 0.769320
vt 0.887420 0.759217
vt 0.845856 0.834177
vt 0.544338 0.451361
vt 0.543208 0.466371
vt 0.545973 0.466510
vt 0.543455 0.461464
vt 0.887667 0.754311
vt 0.584610 0.385891
vt 0.605440 0.380522
vt 0.638223 0.845206
vt 0.640031 0.845604
vt 0.791791 0.844915
vt 0.605300 0.839546
vt 0.549007 0.423721
vt 0.826124 0.381447
vt 0.834129 0.383147
vt 0.545489 0.780768
vt 0.548286 0.796520
vt 0.885386 0.439913
vt 0.882599 0.424162
vt 0.544445 0.768836
vt 0.886441 0.451845
vt 0.543584 0.753773
vt 0.543746 0.758712
vt 0.792652 0.375465
vt 0.790844 0.375078
vt 0.887129 0.461981
vt 0.784518 0.373722
vt 0.887291 0.466908
vt 0.640913 0.375379
vt 0.647261 0.374077
vt 0.846986 0.386988
vt 0.639073 0.375766
vt 0.597004 0.837588
vt 0.881545 0.796671
vt 0.646357 0.846949
vt 0.833408 0.838546
vt 0.825435 0.840160
vt 0.789962 0.845303
vt 0.783614 0.846605
vt 0.597467 0.382136
vt 0.584190 0.833726
vt 0.873110 0.824677
vt 0.864535 0.832348
vt 0.556625 0.394875
vt 0.565587 0.387290
vt 0.875057 0.395122
vt 0.866116 0.388366
vt 0.555699 0.824623
vt 0.564759 0.832305
vt 0.875455 0.823257
vt 0.876574 0.396521
vt 0.555161 0.396166
vt 0.548813 0.404892
vt 0.561778 0.401417
vt 0.881276 0.815198
vt 0.868473 0.818028
vt 0.883041 0.405376
vt 0.547845 0.815316
vt 0.554129 0.822482
vt 0.340252 0.748170
vt 0.343136 0.752732
vt 0.165059 0.037173
vt 0.162164 0.032590
vt 0.170664 0.042865
vt 0.170739 0.742554
vt 0.334636 0.742500
vt 0.334647 0.042908
vt 0.888097 0.801039
vt 0.542369 0.419374
vt 0.889442 0.419869
vt 0.541443 0.800813
vt 0.851709 0.380823
vt 0.834828 0.845550
vt 0.786013 0.366858
vt 0.891788 0.783942
vt 0.894381 0.759960
vt 0.537430 0.450436
vt 0.850494 0.840224
vt 0.645852 0.367202
vt 0.579348 0.839503
vt 0.785023 0.853480
vt 0.596047 0.375132
vt 0.529533 0.754752
vt 0.536763 0.759325
vt 0.894661 0.754892
vt 0.835614 0.376240
vt 0.595261 0.844442
vt 0.536494 0.460722
vt 0.644862 0.853824
vt 0.894112 0.461357
vt 0.539087 0.436739
vt 0.579940 0.379629
vt 0.893445 0.770246
vt 0.604019 0.373485
vt 0.538840 0.783351
vt 0.537527 0.769632
vt 0.636674 0.852307
vt 0.638471 0.852630
vt 0.637642 0.368665
vt 0.827619 0.374508
vt 0.794201 0.368375
vt 0.791425 0.852328
vt 0.826855 0.847196
vt 0.793233 0.852016
vt 0.893359 0.451060
vt 0.792404 0.368041
vt 0.892046 0.437331
vt 0.639450 0.368353
vt 0.603256 0.846163
vt 0.536559 0.754257
vt 0.171643 0.050515
vt 0.333668 0.734850
vt 0.894316 0.466424
vt 0.536204 0.465800
vt 0.025123 0.203394
vt 0.483308 0.557117
vt 0.022691 0.566811
vt 0.480091 0.581939
vt 0.482490 0.218554
vt 0.025134 0.582057
vt 0.480048 0.203319
vt 0.017430 0.228033
vt 0.022691 0.218640
vt 0.021884 0.228237
vt 0.482512 0.566704
vt 0.021884 0.557225
vt 0.404604 0.075423
vt 0.394469 0.068730
vt 0.100653 0.709964
vt 0.110832 0.716688
vt 0.404711 0.709878
vt 0.100643 0.075444
vt 0.394533 0.716613
vt 0.360620 0.739498
vt 0.110832 0.068698
vt 0.144745 0.045824
vt 0.360598 0.045878
vt 0.144756 0.739552
vt 0.345546 0.746373
vt 0.159819 0.038949
vt 0.029567 0.602521
vt 0.029556 0.182941
vt 0.475626 0.182865
vt 0.475680 0.602403
vt 0.081039 0.091562
vt 0.424186 0.091508
vt 0.424304 0.693771
vt 0.081039 0.693857
vt 0.036270 0.625880
vt 0.468923 0.159496
vt 0.036259 0.159571
vt 0.469009 0.625772
vt 0.064803 0.678826
vt 0.064793 0.106603
vt 0.440529 0.678730
vt 0.440411 0.106539
vt 0.461607 0.138881
vt 0.461714 0.646376
vt 0.043586 0.646495
vt 0.043575 0.138956
vt 0.052279 0.121494
vt 0.052279 0.663946
vt 0.453031 0.663839
vt 0.452913 0.121430
vt 0.168254 0.051591
vt 0.168297 0.733828
vt 0.337068 0.733763
vt 0.337057 0.051623
vt 0.116050 0.701754
vt 0.389240 0.083697
vt 0.389293 0.701668
vt 0.116028 0.083654
vt 0.036356 0.565832
vt 0.469665 0.556278
vt 0.468794 0.565724
vt 0.036356 0.219630
vt 0.039013 0.204567
vt 0.466147 0.580777
vt 0.468772 0.219565
vt 0.035484 0.229087
vt 0.469644 0.229012
vt 0.035484 0.556375
vt 0.149834 0.061457
vt 0.355488 0.723865
vt 0.149866 0.723940
vt 0.163735 0.731590
vt 0.355455 0.061500
vt 0.341597 0.053861
vt 0.105958 0.090669
vt 0.399353 0.694653
vt 0.039024 0.580895
vt 0.043070 0.187642
vt 0.466115 0.204513
vt 0.462123 0.597690
vt 0.163703 0.053829
vt 0.341619 0.731525
vt 0.399289 0.090679
vt 0.105979 0.694761
vt 0.043070 0.597809
vt 0.462069 0.187599
vt 0.049880 0.166393
vt 0.455345 0.618929
vt 0.057444 0.637973
vt 0.447738 0.147446
vt 0.447813 0.637855
vt 0.439217 0.654101
vt 0.057433 0.147478
vt 0.066051 0.131221
vt 0.077542 0.116986
vt 0.427736 0.668336
vt 0.077564 0.668444
vt 0.427661 0.116975
vt 0.049891 0.619048
vt 0.455280 0.166360
vt 0.413222 0.682775
vt 0.092078 0.102547
vt 0.092100 0.682883
vt 0.413147 0.102558
vt 0.338305 0.741037
vt 0.338305 0.044361
vt 0.167006 0.044318
vt 0.167071 0.741090
vt 0.462059 0.622308
vt 0.461994 0.162971
vt 0.043188 0.163025
vt 0.043199 0.622415
vt 0.071151 0.673662
vt 0.434170 0.673554
vt 0.071130 0.111778
vt 0.434074 0.111746
vt 0.050472 0.143206
vt 0.050483 0.642234
vt 0.454796 0.642116
vt 0.454710 0.143163
vt 0.468676 0.185297
vt 0.036496 0.600100
vt 0.036485 0.185351
vt 0.468729 0.599982
vt 0.472915 0.581315
vt 0.032278 0.204029
vt 0.483297 0.228140
vt 0.475422 0.219092
vt 0.476239 0.228592
vt 0.475443 0.566187
vt 0.028932 0.556783
vt 0.028921 0.228678
vt 0.032289 0.581422
vt 0.029728 0.219167
vt 0.472872 0.203964
vt 0.029739 0.566295
vt 0.418602 0.097135
vt 0.401892 0.083223
vt 0.086623 0.097157
vt 0.103354 0.083223
vt 0.418699 0.688165
vt 0.401968 0.702099
vt 0.086634 0.688262
vt 0.103375 0.702196
vt 0.391929 0.708942
vt 0.113403 0.076380
vt 0.147134 0.053786
vt 0.113414 0.709028
vt 0.391876 0.076413
vt 0.358210 0.731547
vt 0.147155 0.731611
vt 0.358177 0.053829
vt 0.446178 0.126217
vt 0.059015 0.126260
vt 0.446275 0.659061
vt 0.059026 0.659180
vt 0.343577 0.046566
vt 0.343588 0.738831
vt 0.161788 0.738896
vt 0.161745 0.046512
vt 0.439141 0.131199
vt 0.066062 0.654220
vt 0.476250 0.556676
vt 0.552816 0.195056
vt 0.871496 0.128229
vt 0.549427 0.049869
vt 0.874767 0.273437
vt 0.874143 0.049654
vt 0.550116 0.273631
vt 0.916890 0.161443
vt 0.916191 0.284336
vt 0.507961 0.038949
vt 0.640307 0.997719
vt 0.704468 0.652680
vt 0.413586 0.997698
vt 0.696851 0.794251
vt 0.022476 0.795670
vt 0.667797 0.997493
vt 0.705222 0.688627
vt 0.005369 0.821277
vt 0.671244 0.811347
vt 0.029559 0.923808
vt 0.028741 0.087522
vt 0.029109 0.031815
vt 0.778611 0.878732
vt 0.783603 0.340949
vt 0.833193 0.871738
vt 0.597671 0.348943
vt 0.738328 0.879334
vt 0.917836 0.773753
vt 0.513039 0.446939
vt 0.510144 0.755602
vt 0.714948 0.882810
vt 0.653878 0.878054
vt 0.775985 0.877968
vt 0.776986 0.342628
vt 0.650683 0.877979
vt 0.780182 0.342703
vt 0.656008 0.343876
vt 0.511963 0.458236
vt 0.502955 0.227312
vt 0.487106 0.153654
vt 0.018076 0.631658
vt 0.435462 0.075315
vt 0.052021 0.692028
vt 0.172795 0.012018
vt 0.332549 0.773379
vt 0.350560 0.016731
vt 0.350883 0.766816
vt 0.294558 0.006682
vt 0.252715 0.781502
vt 0.154471 0.018549
vt 0.018922 0.953112
vt 0.252715 0.781040
vt 0.771714 0.830724
vt 0.659150 0.389958
vt 0.805208 0.548949
vt 0.768788 0.381017
vt 0.002504 0.723223
vt 0.055967 0.723148
vt 0.002736 0.922743
vt 0.056146 0.923260
vt 0.547350 0.833908
vt 0.658397 0.371334
vt 0.884504 0.466973
vt 0.251015 0.027619
vt 0.252596 0.028340
vt 0.250154 0.758327
s 1
usemtl ToteA.L
f 7/1/1 9/2/2 6/3/3
f 8/4/1 12/5/1 2/6/1
f 16/7/1 5/8/4 9/2/2
f 14/9/1 12/5/1 4/10/1
f 13/11/1 2/6/1 12/5/1
f 18/12/1 4/10/1 12/5/1
f 18/12/1 17/13/1 16/7/1
f 16/7/1 3/14/1 18/12/1
f 15/15/5 1/16/1 13/11/1
f 10/17/6 13/11/1 14/9/1
f 26/18/7 41/19/1 35/20/1
f 23/21/8 42/22/1 34/23/9
f 36/24/1 20/25/10 19/26/11
f 32/27/1 20/25/10 37/28/1
f 28/29/12 36/24/1 19/26/11
f 22/30/7 42/22/1 27/31/13
f 24/32/14 41/19/1 21/33/15
f 30/34/16 33/35/1 31/36/17
f 39/37/1 26/18/7 35/20/1
f 29/38/10 33/35/1 25/39/18
f 63/40/19 3/14/1 7/1/1
f 66/41/20 8/4/1 68/42/20
f 58/43/20 2/6/1 1/16/1
f 8/4/1 64/44/20 68/42/20
f 17/13/1 61/45/21 5/8/4
f 7/1/1 76/46/22 63/40/19
f 75/47/23 1/16/1 11/48/24
f 67/49/19 4/10/1 65/50/19
f 14/9/1 74/51/25 10/17/6
f 3/14/1 65/50/19 4/10/1
f 50/52/1 39/37/1 35/20/1
f 53/53/26 41/19/1 38/54/27
f 47/55/28 42/22/1 48/56/1
f 32/27/1 52/57/1 33/35/1
f 44/58/1 32/27/1 37/28/1
f 37/28/1 43/59/1 44/58/1
f 46/60/29 33/35/1 52/57/1
f 35/20/1 54/61/1 50/52/1
f 51/62/30 36/24/1 40/63/31
f 39/37/1 48/56/1 42/22/1
f 71/64/1 49/65/1 56/66/1
f 50/52/1 62/67/1 72/68/1
f 60/69/1 45/70/1 73/71/1
f 77/72/32 54/61/1 53/53/26
f 44/58/1 78/73/1 69/74/1
f 48/56/1 70/75/33 47/55/28
f 56/66/1 50/52/1 72/68/1
f 73/71/1 44/58/1 69/74/1
f 52/57/1 59/76/34 46/60/29
f 57/77/35 43/59/1 51/62/30
f 68/42/20 90/78/36 80/79/36
f 73/71/1 79/80/1 60/69/1
f 98/81/37 65/50/19 102/82/38
f 72/68/1 85/83/1 97/84/1
f 96/85/39 62/67/1 77/72/32
f 56/66/1 94/86/1 71/64/1
f 82/87/1 72/68/1 97/84/1
f 71/64/1 95/88/40 70/75/33
f 67/49/19 92/89/41 74/51/25
f 91/90/42 55/91/19 63/40/19
f 65/50/19 89/92/38 102/82/38
f 93/93/43 66/41/20 99/94/44
f 64/44/20 86/95/45 90/78/36
f 81/96/46 78/73/1 57/77/35
f 101/97/47 63/40/19 76/46/22
f 84/98/48 58/43/20 75/47/23
f 69/74/1 88/99/1 83/100/1
f 69/74/1 100/101/1 73/71/1
f 68/42/20 99/94/44 66/41/20
f 60/69/1 87/102/49 59/76/34
f 82/103/1 104/104/50 94/105/1
f 103/106/51 79/107/1 114/108/52
f 83/109/1 109/110/53 100/111/1
f 106/112/54 88/113/1 81/114/46
f 111/115/55 83/109/1 88/113/1
f 107/116/56 97/117/1 85/118/1
f 108/119/57 85/118/1 96/120/39
f 105/121/58 94/105/1 104/104/50
f 100/111/1 114/108/52 79/107/1
f 97/117/1 110/122/59 82/103/1
f 9/2/2 223/123/60 6/3/3
f 9/2/2 226/124/61 225/125/62
f 15/15/5 227/126/63 11/48/24
f 15/15/5 224/127/64 228/128/65
f 10/17/6 231/129/66 224/127/64
f 5/8/4 232/130/67 226/124/61
f 229/131/68 11/48/24 227/126/63
f 6/3/3 230/132/69 76/46/22
f 92/89/41 231/129/66 74/51/25
f 93/93/43 232/130/67 61/45/21
f 84/98/48 229/131/68 241/133/70
f 101/97/47 230/132/69 234/134/71
f 235/135/72 93/93/43 99/94/44
f 90/78/36 240/136/73 243/137/74
f 238/138/75 102/82/38 233/139/76
f 238/138/75 92/89/41 98/81/37
f 242/140/74 90/78/36 243/137/74
f 101/97/47 236/141/77 91/90/42
f 235/135/72 80/79/36 242/140/74
f 89/92/38 236/141/77 244/142/76
f 84/98/48 240/136/73 86/95/45
f 233/139/76 89/92/38 244/142/76
f 131/143/78 116/144/79 121/145/79
f 117/146/80 133/147/81 119/148/82
f 126/149/83 133/147/81 136/150/81
f 125/151/84 138/152/81 135/153/85
f 118/154/86 132/155/78 129/156/87
f 122/157/83 138/152/81 115/158/88
f 126/149/83 127/159/81 122/157/83
f 123/160/89 128/161/78 124/162/90
f 116/144/79 132/155/78 120/163/91
f 121/145/79 128/161/78 131/143/78
f 139/164/81 127/159/81 150/165/81
f 131/143/78 142/166/78 143/167/78
f 136/150/81 147/168/81 149/169/81
f 146/170/78 130/171/78 141/172/78
f 138/152/81 145/173/92 135/153/85
f 144/174/93 133/147/81 137/175/94
f 127/159/81 149/169/81 150/165/81
f 143/167/78 130/171/78 131/143/78
f 148/176/95 128/161/78 134/177/96
f 132/155/78 140/178/97 129/156/87
f 169/179/98 147/168/81 144/174/93
f 174/180/99 143/167/78 173/181/99
f 139/164/81 156/182/100 145/173/92
f 149/169/81 165/183/99 171/184/99
f 149/169/81 164/185/99 150/165/81
f 150/165/81 162/186/99 139/164/81
f 143/167/78 158/187/99 173/181/99
f 146/170/78 163/188/101 140/178/97
f 141/172/78 155/189/99 146/170/78
f 159/190/102 142/166/78 148/176/95
f 167/191/99 170/192/99 152/193/99
f 157/194/99 161/195/99 172/196/99
f 160/197/103 167/191/99 152/193/99
f 157/194/99 166/198/99 154/199/99
f 151/200/104 172/196/99 161/195/99
f 171/184/99 178/201/99 175/202/99
f 176/203/99 163/188/101 155/189/99
f 173/181/99 185/204/99 174/180/99
f 165/183/99 177/205/105 178/201/99
f 176/203/99 174/180/99 185/204/99
f 171/184/99 186/206/99 164/185/99
f 181/207/99 159/190/102 180/208/106
f 179/209/107 162/186/99 183/210/99
f 173/181/99 181/207/99 184/211/99
f 183/210/99 164/185/99 186/206/99
f 166/198/99 210/212/99 202/213/99
f 199/214/99 157/194/99 205/215/99
f 190/216/108 181/207/99 180/208/106
f 195/217/109 178/201/99 177/205/105
f 157/194/99 200/218/99 205/215/99
f 170/192/99 207/219/99 152/193/99
f 175/202/99 189/220/110 186/206/99
f 167/191/99 208/221/111 210/212/99
f 192/222/112 183/210/99 197/223/113
f 186/206/99 197/223/113 183/210/99
f 175/202/99 196/224/114 193/225/110
f 188/226/115 176/203/99 191/227/116
f 209/228/117 152/193/99 207/219/99
f 184/211/99 198/229/118 187/230/119
f 161/195/99 204/231/120 151/200/104
f 203/232/99 154/199/99 206/233/99
f 185/204/99 191/227/116 176/203/99
f 184/211/99 194/234/119 185/204/99
f 206/233/99 166/198/99 202/213/99
f 201/235/121 172/196/99 153/236/122
f 206/233/99 219/237/123 203/232/99
f 202/213/99 211/238/124 215/239/125
f 205/215/99 220/240/126 212/241/127
f 222/242/128 203/232/99 219/237/123
f 202/213/99 216/243/125 206/233/99
f 199/214/99 217/244/129 207/219/99
f 221/245/130 210/212/99 208/221/111
f 205/215/99 213/246/127 199/214/99
f 214/247/131 200/218/99 201/235/121
f 218/248/132 207/219/99 217/244/129
f 24/32/14 252/249/133 253/250/134
f 29/38/10 256/251/135 245/252/136
f 29/38/10 255/253/136 20/25/10
f 22/30/7 249/254/137 254/255/138
f 250/256/138 22/30/7 254/255/138
f 28/29/12 251/257/139 247/258/140
f 30/34/16 256/251/135 25/39/18
f 23/21/8 249/254/137 27/31/13
f 26/18/7 252/249/133 21/33/15
f 20/25/10 251/257/139 19/26/11
f 259/259/141 24/32/14 253/250/134
f 30/34/16 258/260/142 246/261/143
f 23/21/8 260/262/144 248/263/145
f 257/264/146 28/29/12 247/258/140
f 260/262/144 47/55/28 263/265/147
f 53/53/26 259/259/141 264/266/148
f 51/62/30 257/264/146 261/267/149
f 258/260/142 46/60/29 262/268/150
f 263/265/147 70/75/33 268/269/151
f 262/268/150 59/76/34 265/270/152
f 264/266/148 77/72/32 53/53/26
f 261/267/149 57/77/35 51/62/30
f 269/271/153 77/72/32 266/272/154
f 271/273/155 57/77/35 267/274/156
f 70/75/33 270/275/157 268/269/151
f 59/76/34 272/276/158 265/270/152
f 103/106/51 272/277/158 87/278/49
f 108/119/57 269/279/153 281/280/159
f 106/112/54 271/281/155 277/282/160
f 105/121/58 270/283/157 95/284/40
f 113/285/53 282/286/161 280/287/162
f 284/288/163 105/121/58 104/104/50
f 113/285/53 279/289/162 109/110/53
f 108/119/57 275/290/164 107/116/56
f 278/291/165 103/106/51 114/108/52
f 284/288/163 110/122/59 283/292/166
f 106/112/54 282/286/161 111/115/55
f 278/291/165 109/110/53 279/289/162
f 112/293/59 283/292/166 110/122/59
f 112/293/59 275/290/164 276/294/167
f 436/295/168 168/296/169 160/197/103
f 153/236/122 433/297/170 435/298/171
f 445/299/172 168/296/169 434/300/173
f 160/197/103 446/301/174 436/295/168
f 151/200/104 444/302/175 433/297/170
f 153/236/122 443/303/176 201/235/121
f 450/304/177 204/231/120 222/242/128
f 452/305/178 208/221/111 445/299/172
f 449/306/179 201/235/121 443/303/176
f 448/307/180 209/228/117 218/248/132
f 211/238/124 452/305/178 451/308/181
f 447/309/182 213/246/127 212/241/127
f 453/310/183 212/241/127 220/240/126
f 458/311/184 216/243/125 455/312/185
f 448/307/180 217/244/129 454/313/186
f 451/308/181 215/239/125 211/238/124
f 220/240/126 449/306/179 453/310/183
f 450/304/177 219/237/123 458/311/184
f 454/313/186 213/246/127 457/314/182
f 455/312/185 215/239/125 456/315/185
f 464/316/187 122/157/83 463/317/187
f 467/318/188 116/144/79 470/319/188
f 116/144/79 466/320/189 470/319/188
f 122/157/83 469/321/190 463/317/187
f 121/145/79 465/322/191 124/162/90
f 126/149/83 468/323/192 119/148/82
f 473/324/193 124/162/90 465/322/191
f 471/325/194 115/158/88 125/151/84
f 472/326/195 120/163/91 118/154/86
f 474/327/196 119/148/82 468/323/192
f 471/325/194 135/153/85 479/328/197
f 473/324/193 134/177/96 123/160/89
f 474/327/196 137/175/94 117/146/80
f 472/326/195 129/156/87 480/329/198
f 479/328/197 145/173/92 490/330/199
f 482/331/200 148/176/95 134/177/96
f 481/332/201 144/174/93 137/175/94
f 480/329/198 140/178/97 488/333/202
f 504/334/203 144/174/93 487/335/204
f 506/336/205 148/176/95 489/337/206
f 145/173/92 505/338/207 490/330/199
f 140/178/97 503/339/208 488/333/202
f 198/229/118 496/340/209 498/341/210
f 499/342/211 189/220/110 495/343/212
f 196/224/114 501/344/213 493/345/214
f 498/341/210 187/230/119 198/229/118
f 497/346/215 197/223/113 499/342/211
f 493/345/214 193/225/110 196/224/114
f 193/225/110 495/343/212 189/220/110
f 187/230/119 500/347/216 194/234/119
f 494/348/217 191/227/116 502/349/218
f 502/349/218 194/234/119 500/347/216
f 497/346/215 179/209/107 192/222/112
f 494/348/217 182/350/219 188/226/115
f 501/344/213 177/205/105 511/351/220
f 496/340/209 180/208/106 513/352/221
f 169/179/98 511/351/220 177/205/105
f 163/188/101 512/353/222 503/339/208
f 159/190/102 513/352/221 180/208/106
f 156/182/100 514/354/223 505/338/207
f 226/124/61 293/355/224 225/125/62
f 294/356/225 224/127/64 288/357/226
f 223/123/60 293/355/224 287/358/227
f 294/356/225 227/126/63 228/128/65
f 288/357/226 231/129/66 298/359/228
f 292/360/229 229/131/68 227/126/63
f 232/130/67 295/361/230 226/124/61
f 287/358/227 230/132/69 223/123/60
f 234/134/71 300/362/231 310/363/232
f 237/364/233 298/359/228 231/129/66
f 241/133/70 299/365/234 320/366/235
f 239/367/236 302/368/237 232/130/67
f 306/369/238 237/364/233 238/138/75
f 234/134/71 315/370/239 236/141/77
f 307/371/240 239/367/236 235/135/72
f 316/372/241 233/139/76 244/142/76
f 305/373/242 243/137/74 319/374/242
f 235/135/72 305/373/242 307/371/240
f 240/136/73 319/374/242 243/137/74
f 238/138/75 308/375/241 306/369/238
f 236/141/77 316/372/241 244/142/76
f 241/133/70 314/376/243 240/136/73
f 246/261/143 367/377/244 256/251/135
f 354/378/245 251/257/139 255/253/136
f 366/379/246 249/254/137 360/380/247
f 366/379/246 250/256/138 254/255/138
f 356/381/246 252/249/133 250/256/138
f 247/258/140 362/382/248 353/383/249
f 358/384/245 255/253/136 245/252/136
f 358/384/245 256/251/135 367/377/244
f 253/250/134 363/385/250 364/386/251
f 248/263/145 360/380/247 249/254/137
f 369/387/252 253/250/134 364/386/251
f 246/261/143 374/388/253 365/389/254
f 248/263/145 372/390/255 355/391/256
f 371/392/257 247/258/140 353/383/249
f 378/393/258 260/262/144 263/265/147
f 259/259/141 379/394/259 264/266/148
f 257/264/146 377/395/260 261/267/149
f 382/396/261 258/260/142 262/268/150
f 391/397/262 264/266/148 379/394/259
f 262/268/150 386/398/263 382/396/261
f 263/265/147 385/399/264 378/393/258
f 390/400/265 261/267/149 377/395/260
f 391/397/262 269/271/153 266/272/154
f 390/400/265 271/273/155 267/274/156
f 270/275/157 385/399/264 268/269/151
f 272/276/158 386/398/263 265/270/152
f 274/401/266 396/402/267 270/283/157
f 273/403/268 395/404/269 272/277/158
f 281/280/159 398/405/270 405/406/271
f 277/282/160 400/407/272 404/408/273
f 410/409/274 276/294/167 412/410/274
f 402/411/275 274/401/266 284/288/163
f 275/290/164 412/410/274 276/294/167
f 415/412/276 273/403/268 278/291/165
f 282/286/161 403/413/277 280/287/162
f 284/288/163 410/409/274 402/411/275
f 277/282/160 407/414/278 282/286/161
f 403/413/277 279/289/162 280/287/162
f 278/291/165 408/415/277 415/412/276
f 281/280/159 413/416/279 275/290/164
f 289/417/280 287/358/227 293/355/224
f 294/356/225 286/418/281 291/419/282
f 292/360/229 291/419/282 290/420/283
f 295/361/230 289/417/280 293/355/224
f 288/357/226 303/421/284 286/418/281
f 292/360/229 297/422/285 299/365/234
f 304/423/286 287/358/227 296/424/287
f 301/425/288 295/361/230 302/368/237
f 300/362/231 311/426/289 310/363/232
f 302/368/237 318/427/290 301/425/288
f 299/365/234 309/428/291 320/366/235
f 298/359/228 312/429/292 303/421/284
f 329/430/293 307/371/240 333/431/293
f 332/432/293 319/374/242 314/376/243
f 321/433/294 311/426/289 324/434/295
f 325/435/294 306/369/238 334/436/294
f 321/433/294 315/370/239 310/363/232
f 328/437/294 316/372/241 327/438/294
f 318/427/290 329/430/293 326/439/296
f 330/440/293 309/428/291 331/441/297
f 335/442/293 305/373/242 319/374/242
f 333/431/293 305/373/242 336/443/293
f 312/429/292 325/435/294 322/444/298
f 330/440/293 314/376/243 320/366/235
f 323/445/294 316/372/241 315/370/239
f 334/436/294 308/375/241 328/437/294
f 327/438/294 347/446/294 328/437/294
f 330/440/293 337/447/299 351/448/293
f 341/449/294 328/437/294 347/446/294
f 321/433/294 340/450/300 349/451/294
f 352/452/293 335/442/293 332/432/293
f 325/435/294 350/453/301 322/444/298
f 323/445/294 349/451/294 338/454/294
f 338/454/294 327/438/294 323/445/294
f 345/455/293 336/443/293 339/456/293
f 334/436/294 342/457/294 325/435/294
f 329/430/293 344/458/302 326/439/296
f 333/431/293 348/459/293 329/430/293
f 335/442/293 339/456/293 336/443/293
f 332/432/293 351/448/293 352/452/293
f 367/377/244 342/457/294 341/449/294
f 347/446/294 367/377/244 341/449/294
f 349/451/294 368/460/303 353/383/249
f 360/380/247 348/459/293 345/455/293
f 342/457/294 359/461/304 350/453/301
f 356/381/246 339/456/293 343/462/293
f 349/451/294 362/382/248 338/454/294
f 351/448/293 363/385/250 352/452/293
f 343/462/293 363/385/250 356/381/246
f 354/378/245 347/446/294 346/463/294
f 348/459/293 357/464/305 344/458/302
f 346/463/294 362/382/248 354/378/245
f 351/448/293 361/465/306 364/386/251
f 339/456/293 360/380/247 345/455/293
f 371/392/257 368/460/303 373/466/289
f 369/387/252 361/465/306 376/467/291
f 357/464/305 372/390/255 375/468/290
f 359/461/304 374/388/253 370/469/292
f 380/470/307 372/390/255 378/393/258
f 381/471/308 371/392/257 373/466/289
f 383/472/309 369/387/252 376/467/291
f 384/473/310 374/388/253 382/396/261
f 378/393/258 387/474/307 380/470/307
f 388/475/308 377/395/260 381/471/308
f 389/476/309 379/394/259 383/472/309
f 382/396/261 392/477/310 384/473/310
f 385/399/264 399/478/311 387/474/307
f 393/479/312 390/400/265 388/475/308
f 394/480/313 391/397/262 389/476/309
f 386/398/263 397/481/314 392/477/310
f 395/404/269 406/482/315 397/483/314
f 396/402/267 409/484/316 399/485/311
f 400/407/272 401/486/317 404/408/273
f 398/405/270 416/487/318 405/406/271
f 296/424/287 438/488/319 442/489/320
f 289/417/280 439/490/321 438/488/319
f 441/491/322 291/419/282 286/418/281
f 440/492/323 290/420/283 291/419/282
f 286/418/281 461/493/324 441/491/322
f 459/494/325 285/495/326 301/425/288
f 460/496/327 296/424/287 442/489/320
f 290/420/283 462/497/328 297/422/285
f 304/423/286 477/498/327 311/426/289
f 301/425/288 475/499/325 459/494/325
f 297/422/285 476/500/328 309/428/291
f 303/421/284 478/501/324 461/493/324
f 484/502/329 312/429/292 322/444/298
f 483/503/330 318/427/290 326/439/296
f 486/504/331 311/426/289 477/498/327
f 485/505/332 309/428/291 476/500/328
f 331/441/297 509/506/332 337/447/299
f 322/444/298 507/507/329 484/502/329
f 326/439/296 510/508/330 483/503/330
f 324/434/295 508/509/331 340/450/300
f 350/453/301 517/510/333 507/507/329
f 337/447/299 518/511/334 361/465/306
f 340/450/300 515/512/335 368/460/303
f 344/458/302 516/513/336 510/508/330
f 418/514/337 406/482/315 411/515/338
f 403/413/277 419/516/339 420/517/339
f 431/518/340 416/487/318 428/519/341
f 432/520/339 408/415/277 426/521/339
f 407/414/278 423/522/337 419/516/339
f 415/412/276 418/514/337 411/515/338
f 413/416/279 431/518/340 417/523/342
f 412/410/274 427/524/342 410/409/274
f 430/525/340 409/484/316 414/526/343
f 429/527/342 410/409/274 427/524/342
f 423/522/337 401/486/317 424/528/344
f 412/410/274 417/523/342 421/529/342
f 403/413/277 426/521/339 408/415/277
f 402/411/275 430/525/340 414/526/343
f 522/530/345 357/464/305 375/468/290
f 519/531/346 361/465/306 518/511/334
f 520/532/347 368/460/303 515/512/335
f 521/533/348 359/461/304 370/469/292
f 526/534/325 375/468/290 380/470/307
f 523/535/328 376/467/291 519/531/346
f 525/536/324 370/469/292 384/473/310
f 524/537/327 373/466/289 520/532/347
f 528/538/349 381/471/308 524/537/327
f 384/473/310 529/539/350 525/536/324
f 380/470/307 527/540/351 526/534/325
f 530/541/352 383/472/309 523/535/328
f 387/474/307 534/542/353 527/540/351
f 533/543/354 389/476/309 530/541/352
f 392/477/310 531/544/355 529/539/350
f 532/545/356 388/475/308 528/538/349
f 399/485/311 538/546/357 534/547/353
f 397/483/314 535/548/358 531/549/355
f 394/550/313 537/551/359 416/487/318
f 393/552/312 536/553/360 401/486/317
f 425/554/361 538/546/357 409/484/316
f 422/555/362 535/548/358 406/482/315
f 424/528/344 536/553/360 541/556/363
f 428/519/341 537/551/359 540/557/364
f 557/558/365 417/523/342 431/518/340
f 556/559/365 429/527/342 549/560/365
f 554/561/365 421/529/342 544/562/365
f 558/563/366 426/521/339 420/517/339
f 427/524/342 549/560/365 429/527/342
f 420/517/339 550/564/366 558/563/366
f 555/565/366 424/528/344 553/566/367
f 547/567/366 432/520/339 543/568/366
f 555/565/366 419/516/339 423/522/337
f 557/558/365 428/519/341 552/569/368
f 556/559/365 425/554/361 430/525/340
f 426/521/339 543/568/366 432/520/339
f 547/567/366 422/555/362 418/514/337
f 421/529/342 545/570/365 544/562/365
f 438/488/319 560/571/369 442/489/320
f 437/572/370 561/573/371 564/574/372
f 440/492/323 563/575/373 561/573/371
f 562/576/374 438/488/319 439/490/321
f 437/572/370 567/577/375 462/497/328
f 565/578/376 441/491/322 461/493/324
f 566/579/377 442/489/320 560/571/369
f 439/490/321 568/580/378 562/576/374
f 571/581/377 460/496/327 566/579/377
f 569/582/376 461/493/324 478/501/324
f 570/583/375 462/497/328 567/577/375
f 572/584/378 459/494/325 475/499/325
f 575/585/379 478/501/324 484/502/329
f 574/586/380 476/500/328 570/583/375
f 573/587/381 475/499/325 483/503/330
f 576/588/382 477/498/327 571/581/377
f 580/589/383 483/503/330 510/508/330
f 578/590/384 484/502/329 507/507/329
f 579/591/385 485/505/332 574/586/380
f 577/592/386 486/504/331 576/588/382
f 507/507/329 582/593/387 578/590/384
f 508/509/331 581/594/388 515/512/335
f 509/506/332 583/595/389 518/511/334
f 510/508/330 584/596/390 580/589/383
f 586/597/391 516/513/336 522/530/345
f 585/598/392 517/510/333 521/533/348
f 587/599/393 515/512/335 581/594/388
f 588/600/394 518/511/334 583/595/389
f 519/531/346 592/601/395 523/535/328
f 590/602/396 521/533/348 525/536/324
f 520/532/347 589/603/397 524/537/327
f 591/604/398 522/530/345 526/534/325
f 524/537/327 594/605/397 528/538/349
f 523/535/328 595/606/395 530/541/352
f 526/534/325 596/607/398 591/604/398
f 525/536/324 593/608/396 590/602/396
f 530/541/352 599/609/394 533/543/354
f 597/610/391 527/540/351 534/542/353
f 528/538/349 598/611/393 532/545/356
f 600/612/392 529/539/350 531/544/355
f 534/547/353 602/613/399 597/614/391
f 531/549/355 604/615/400 600/616/392
f 532/617/356 603/618/401 536/553/360
f 533/619/354 601/620/402 537/551/359
f 553/566/367 541/556/363 605/621/403
f 552/569/368 540/557/364 612/622/404
f 548/623/405 542/624/406 425/554/361
f 551/625/407 539/626/408 422/555/362
f 606/627/409 537/551/359 601/620/402
f 538/546/357 611/628/410 602/613/399
f 535/548/358 609/629/411 604/615/400
f 610/630/412 536/553/360 603/618/401
f 436/295/168 628/631/413 434/300/173
f 435/298/171 627/632/414 625/633/415
f 445/299/172 628/631/413 637/634/416
f 446/301/174 626/635/417 436/295/168
f 625/633/415 443/303/176 435/298/171
f 627/632/414 444/302/175 640/636/418
f 449/306/179 633/637/419 648/638/420
f 452/305/178 637/634/416 651/639/421
f 448/307/180 638/640/422 446/301/174
f 450/304/177 640/636/418 444/302/175
f 646/641/423 453/310/183 649/642/424
f 643/643/425 450/304/177 458/311/184
f 646/641/423 457/314/182 447/309/182
f 644/644/426 448/307/180 454/313/186
f 650/645/427 454/313/186 457/314/182
f 652/646/428 456/315/185 642/647/428
f 652/646/428 458/311/184 455/312/185
f 642/647/428 451/308/181 647/648/429
f 452/305/178 647/648/429 451/308/181
f 449/306/179 649/642/424 453/310/183
f 722/649/430 465/322/191 467/318/188
f 724/650/431 463/317/187 720/651/431
f 469/321/190 720/651/431 463/317/187
f 470/319/188 722/649/430 467/318/188
f 724/650/431 468/323/192 464/316/187
f 466/320/189 718/652/430 470/319/188
f 471/325/194 719/653/432 469/321/190
f 473/324/193 717/654/433 727/655/434
f 474/327/196 721/656/435 725/657/436
f 472/326/195 723/658/437 466/320/189
f 473/324/193 734/659/438 482/331/200
f 474/327/196 736/660/439 481/332/201
f 472/326/195 739/661/440 728/662/441
f 471/325/194 740/663/442 726/664/443
f 479/328/197 746/665/444 740/663/442
f 480/329/198 750/666/445 739/661/440
f 481/332/201 751/667/446 487/335/204
f 482/331/200 749/668/447 489/337/206
f 490/330/199 771/669/448 746/665/444
f 749/668/447 506/336/205 489/337/206
f 503/339/208 750/666/445 488/333/202
f 487/335/204 769/670/449 504/334/203
f 492/671/212 762/672/450 495/343/212
f 501/344/213 760/673/451 493/345/214
f 754/674/452 494/348/217 502/349/218
f 753/675/453 502/349/218 500/347/216
f 762/672/450 499/342/211 495/343/212
f 759/676/454 497/346/215 499/342/211
f 763/677/453 498/341/210 757/678/455
f 753/675/453 491/679/216 763/677/453
f 761/680/450 493/345/214 760/673/451
f 496/340/209 757/678/455 498/341/210
f 501/344/213 781/681/456 764/682/457
f 496/340/209 783/683/458 755/684/459
f 497/346/215 782/685/460 514/354/223
f 494/348/217 786/686/461 512/353/222
f 770/687/462 513/352/221 506/336/205
f 512/353/222 776/688/463 503/339/208
f 514/354/223 771/669/448 505/338/207
f 769/670/449 511/351/220 504/334/203
f 539/626/408 613/689/464 609/629/411
f 615/690/465 540/557/364 606/627/409
f 542/624/406 616/691/466 611/628/410
f 614/692/467 541/556/363 610/630/412
f 546/693/366 881/694/468 543/568/366
f 544/562/365 883/695/469 878/696/469
f 871/697/470 549/560/365 884/698/469
f 558/563/366 874/699/471 546/693/366
f 880/700/469 545/570/365 557/558/365
f 544/562/365 876/701/470 554/561/365
f 869/702/472 556/559/365 871/697/470
f 877/703/468 550/564/366 555/565/366
f 873/704/471 543/568/366 881/694/468
f 875/705/473 547/567/366 873/704/471
f 555/565/366 882/706/474 877/703/468
f 558/563/366 870/707/468 872/708/468
f 557/558/365 879/709/475 880/700/469
f 554/561/365 884/698/469 549/560/365
f 559/710/476 888/711/477 560/571/369
f 889/712/478 559/710/476 562/576/374
f 886/713/479 561/573/371 887/714/480
f 561/573/371 890/715/481 887/714/480
f 562/576/374 894/716/482 889/712/478
f 891/717/483 563/575/373 565/578/376
f 893/718/484 560/571/369 888/711/477
f 564/574/372 892/719/485 567/577/375
f 898/720/486 566/579/377 893/718/484
f 895/721/487 568/580/378 572/584/378
f 896/722/488 567/577/375 892/719/485
f 897/723/489 565/578/376 569/582/376
f 901/724/490 571/581/377 898/720/486
f 902/725/491 570/583/375 896/722/488
f 899/726/492 572/584/378 573/587/381
f 900/727/493 569/582/376 575/585/379
f 903/728/494 576/588/382 901/724/490
f 905/729/495 573/587/381 580/589/383
f 904/730/496 574/586/380 902/725/491
f 906/731/497 575/585/379 578/590/384
f 578/590/384 910/732/498 906/731/497
f 579/591/385 909/733/499 583/595/389
f 577/592/386 908/734/500 581/594/388
f 580/589/383 907/735/501 905/729/495
f 914/736/502 584/596/390 586/597/391
f 912/737/503 581/594/388 908/734/500
f 911/738/504 583/595/389 909/733/499
f 913/739/505 582/593/387 585/598/392
f 587/599/393 915/740/506 589/603/397
f 588/600/394 918/741/507 592/601/395
f 917/742/508 586/597/391 591/604/398
f 916/743/509 585/598/392 590/602/396
f 590/602/396 920/744/510 916/743/509
f 592/601/395 922/745/511 595/606/395
f 589/603/397 921/746/512 594/605/397
f 591/604/398 919/747/513 917/742/508
f 926/748/514 596/607/398 597/610/391
f 594/605/397 925/749/515 598/611/393
f 595/606/395 923/750/516 599/609/394
f 924/751/517 593/608/396 600/612/392
f 600/616/392 929/752/518 924/753/517
f 598/754/393 927/755/519 603/618/401
f 597/614/391 928/756/520 926/757/514
f 599/758/394 930/759/521 601/620/402
f 936/760/522 548/623/405 869/702/472
f 553/566/367 931/761/523 882/706/474
f 552/569/368 932/762/524 879/709/475
f 933/763/525 551/625/407 875/705/473
f 604/615/400 938/764/526 929/752/518
f 935/765/527 603/618/401 927/755/519
f 937/766/528 601/620/402 930/759/521
f 602/613/399 934/767/529 928/756/520
f 617/768/530 624/769/531 623/770/532
f 621/771/532 618/772/533 619/773/534
f 624/769/531 626/635/417 623/770/532
f 625/633/415 622/774/531 621/771/532
f 623/770/532 629/775/535 617/768/530
f 632/776/536 622/774/531 634/777/537
f 621/771/532 630/778/538 639/779/539
f 624/769/531 631/780/540 635/781/537
f 626/635/417 636/782/539 623/770/532
f 628/631/413 635/781/537 637/634/416
f 634/777/537 627/632/414 640/636/418
f 639/779/539 625/633/415 621/771/532
f 635/781/537 651/639/421 637/634/416
f 636/782/539 641/783/541 654/784/542
f 634/777/537 645/785/543 655/786/544
f 639/779/539 648/638/420 633/637/419
f 658/787/545 636/782/539 654/784/542
f 660/788/546 634/777/537 655/786/544
f 659/789/547 639/779/539 630/778/538
f 657/790/548 635/781/537 631/780/540
f 662/791/549 651/639/421 656/792/550
f 641/783/541 666/793/551 654/784/542
f 664/794/551 648/638/420 653/795/552
f 645/785/543 667/796/549 655/786/544
f 663/797/549 647/648/429 662/791/549
f 661/798/549 643/643/425 652/646/428
f 642/647/428 661/798/549 652/646/428
f 665/799/551 644/644/426 650/645/427
f 668/800/551 649/642/424 664/794/551
f 665/799/551 646/641/423 668/800/551
f 660/788/546 683/801/553 669/802/554
f 658/787/545 679/803/555 671/804/556
f 682/805/555 659/789/547 672/806/557
f 673/807/553 657/790/548 670/808/558
f 681/809/559 653/795/552 682/805/555
f 680/810/560 656/792/550 673/807/553
f 654/784/542 674/811/559 679/803/555
f 655/786/544 677/812/560 683/801/553
f 676/813/559 664/794/551 681/809/559
f 666/793/551 678/814/559 674/811/559
f 678/814/559 668/800/551 676/813/559
f 667/796/549 675/815/560 677/812/560
f 684/816/560 662/791/549 680/810/560
f 663/797/549 675/815/560 661/798/549
f 687/817/561 682/805/555 672/806/557
f 688/818/562 673/807/553 670/808/558
f 686/819/563 683/801/553 700/820/560
f 685/821/564 679/803/555 694/822/559
f 684/816/560 698/823/560 693/824/560
f 700/820/560 677/812/560 689/825/560
f 695/826/559 681/809/559 682/805/555
f 684/816/560 692/827/560 675/815/560
f 694/822/559 674/811/559 699/828/559
f 675/815/560 689/825/560 677/812/560
f 678/814/559 699/828/559 674/811/559
f 691/829/559 676/813/559 696/830/559
f 676/813/559 690/831/559 696/830/559
f 697/832/560 680/810/560 673/807/553
f 691/829/559 701/833/565 699/828/559
f 706/834/566 696/830/559 707/835/566
f 693/824/560 704/836/567 692/827/560
f 705/837/568 693/824/560 698/823/560
f 692/827/560 702/838/569 689/825/560
f 703/839/570 696/830/559 690/831/559
f 689/825/560 715/840/568 700/820/560
f 713/841/569 698/823/560 697/832/560
f 714/842/565 690/831/559 695/826/559
f 699/828/559 716/843/570 694/822/559
f 710/844/571 700/820/560 715/840/568
f 712/845/572 697/832/560 688/818/562
f 711/846/573 694/822/559 716/843/570
f 709/847/574 695/826/559 687/817/561
f 704/836/567 719/653/432 702/838/569
f 707/835/566 717/654/433 722/649/430
f 718/652/430 707/835/566 722/649/430
f 708/848/567 721/656/435 724/650/431
f 706/834/566 723/658/437 701/833/565
f 724/650/431 704/836/567 708/848/567
f 701/833/565 728/662/441 716/843/570
f 703/839/570 727/655/434 717/654/433
f 705/837/568 725/657/436 721/656/435
f 702/838/569 726/664/443 715/840/568
f 738/849/575 709/847/574 732/850/576
f 737/851/577 710/844/571 715/840/568
f 735/852/575 711/846/573 716/843/570
f 733/853/577 712/845/572 731/854/578
f 725/657/436 733/853/577 736/660/439
f 728/662/441 735/852/575 716/843/570
f 726/664/443 737/851/577 715/840/568
f 727/655/434 738/849/575 734/659/438
f 738/849/575 741/855/579 745/856/580
f 733/853/577 742/857/581 747/858/582
f 737/851/577 743/859/583 730/860/584
f 735/852/575 744/861/585 729/862/586
f 736/660/439 747/858/582 751/667/446
f 739/661/440 748/863/580 735/852/575
f 740/663/442 752/864/582 737/851/577
f 734/659/438 745/856/580 749/668/447
f 775/865/587 744/861/585 748/863/580
f 772/866/588 743/859/583 752/864/582
f 747/858/582 765/867/589 773/868/588
f 745/856/580 767/869/590 774/870/587
f 750/666/445 775/865/587 748/863/580
f 746/665/444 772/866/588 752/864/582
f 749/668/447 774/870/587 770/687/462
f 751/667/446 773/868/588 769/670/449
f 760/673/451 764/682/457 792/871/591
f 791/872/592 758/873/593 754/674/452
f 757/678/455 755/684/459 790/874/594
f 789/875/595 756/876/596 759/676/454
f 774/870/587 778/877/597 784/878/598
f 772/866/588 779/879/599 766/880/600
f 773/868/588 777/881/601 787/882/602
f 775/865/587 780/883/603 768/884/604
f 776/688/463 788/885/605 775/865/587
f 784/878/598 770/687/462 774/870/587
f 771/669/448 785/886/606 772/866/588
f 787/882/602 769/670/449 773/868/588
f 787/882/602 764/682/457 781/681/456
f 785/886/606 756/876/596 789/875/595
f 788/885/605 758/873/593 791/872/592
f 784/878/598 755/684/459 783/683/458
f 761/680/450 798/887/607 762/672/450
f 799/888/608 763/677/453 802/889/608
f 801/890/609 763/677/453 757/678/455
f 804/891/610 761/680/450 760/673/451
f 753/675/453 803/892/611 754/674/452
f 762/672/450 800/893/612 759/676/454
f 790/874/594 801/890/609 757/678/455
f 754/674/452 803/892/611 791/872/592
f 792/871/591 804/891/610 760/673/451
f 759/676/454 800/893/612 789/875/595
f 793/894/613 788/885/605 791/872/592
f 795/895/614 785/886/606 789/875/595
f 796/896/615 784/878/598 778/877/597
f 794/897/616 787/882/602 777/881/601
f 821/898/617 617/768/530 823/899/618
f 619/773/534 822/900/619 824/901/620
f 618/772/533 827/902/621 822/900/619
f 619/773/534 826/903/622 630/778/538
f 828/904/623 620/905/624 821/898/617
f 617/768/530 825/906/625 823/899/618
f 829/907/626 630/778/538 826/903/622
f 832/908/627 631/780/540 828/904/623
f 831/909/628 629/775/535 658/787/545
f 830/910/629 632/776/536 660/788/546
f 658/787/545 833/911/630 831/909/628
f 660/788/546 834/912/631 830/910/629
f 659/789/547 835/913/632 672/806/557
f 657/790/548 836/914/633 670/808/558
f 837/915/631 669/802/554 686/819/563
f 838/916/630 671/804/556 685/821/564
f 840/917/633 670/808/558 836/914/633
f 839/918/632 672/806/557 835/913/632
f 844/919/634 687/817/561 839/918/632
f 841/920/635 685/821/564 711/846/573
f 842/921/636 686/819/563 710/844/571
f 843/922/637 688/818/562 840/917/633
f 796/896/615 809/923/638 790/874/594
f 794/897/616 812/924/639 792/871/591
f 795/895/614 807/925/639 817/926/640
f 793/894/613 813/927/638 818/928/641
f 807/925/639 800/893/612 810/929/642
f 812/924/639 804/891/610 792/871/591
f 809/923/638 801/890/609 790/874/594
f 813/927/638 803/892/611 805/930/643
f 815/931/642 797/932/607 816/933/642
f 798/887/607 810/929/642 800/893/612
f 797/932/607 811/934/642 816/933/642
f 802/889/608 806/935/643 814/936/643
f 808/937/643 802/889/608 814/936/643
f 799/888/608 805/930/643 803/892/611
f 711/846/573 848/938/644 841/920/635
f 709/847/574 846/939/645 732/850/576
f 712/845/572 847/940/646 731/854/578
f 710/844/571 845/941/647 842/921/636
f 846/939/645 741/855/579 732/850/576
f 845/941/647 743/859/583 850/942/648
f 848/938/644 744/861/585 852/943/649
f 847/940/646 742/857/581 731/854/578
f 851/944/650 767/869/590 741/855/579
f 852/943/649 768/884/604 854/945/651
f 849/946/652 765/867/589 742/857/581
f 850/942/648 766/880/600 856/947/653
f 767/869/590 860/948/634 778/877/597
f 859/949/635 768/884/604 780/883/603
f 765/867/589 857/950/637 777/881/601
f 858/951/636 766/880/600 779/879/599
f 861/952/654 777/881/601 857/950/637
f 863/953/655 780/883/603 793/894/613
f 862/954/656 779/879/599 795/895/614
f 864/955/657 778/877/597 860/948/634
f 1014/956/658 605/621/403 614/692/467
f 608/957/659 1012/958/660 616/691/466
f 1009/959/661 606/627/409 937/766/528
f 609/629/411 1007/960/662 938/764/526
f 611/628/410 1010/961/663 934/767/529
f 1008/962/664 612/622/404 615/690/465
f 607/963/665 1013/964/666 613/689/464
f 1011/965/667 610/630/412 935/765/527
f 861/952/654 820/966/668 794/897/616
f 862/954/656 817/926/640 865/967/669
f 864/955/657 819/968/670 796/896/615
f 863/953/655 818/928/641 868/969/671
f 943/970/672 815/931/642 816/933/642
f 815/931/642 946/971/672 810/929/642
f 948/972/672 816/933/642 811/934/642
f 808/937/643 940/973/673 805/930/643
f 810/929/642 947/974/674 807/925/639
f 805/930/643 939/975/675 813/927/638
f 942/976/673 814/936/643 806/935/643
f 811/934/642 945/977/674 948/972/672
f 941/978/673 808/937/643 814/936/643
f 806/935/643 949/979/675 942/976/673
f 818/928/641 939/975/675 954/980/676
f 817/926/640 947/974/674 952/981/677
f 820/966/668 945/977/674 812/924/639
f 819/968/670 949/979/675 809/923/638
f 958/982/678 823/899/618 955/983/679
f 956/984/680 822/900/619 957/985/681
f 822/900/619 959/986/682 957/985/681
f 960/987/683 821/898/617 958/982/678
f 824/901/620 961/988/684 826/903/622
f 823/899/618 962/989/685 955/983/679
f 827/902/621 966/990/686 959/986/682
f 828/904/623 964/991/687 832/908/627
f 825/906/625 965/992/688 962/989/685
f 826/903/622 963/993/689 829/907/626
f 831/909/628 969/994/690 965/992/688
f 829/907/626 970/995/691 835/913/632
f 830/910/629 967/996/692 966/990/686
f 832/908/627 968/997/693 836/914/633
f 833/911/630 974/998/690 969/994/690
f 834/912/631 973/999/692 967/996/692
f 835/913/632 972/1000/691 839/918/632
f 836/914/633 971/1001/693 840/917/633
f 976/1002/694 838/916/630 841/920/635
f 978/1003/695 839/918/632 972/1000/691
f 975/1004/696 840/917/633 971/1001/693
f 977/1005/697 837/915/631 842/921/636
f 844/919/634 979/1006/698 846/939/645
f 841/920/635 982/1007/699 976/1002/694
f 843/922/637 981/1008/700 847/940/646
f 842/921/636 980/1009/701 977/1005/697
f 985/1010/702 848/938/644 852/943/649
f 983/1011/703 846/939/645 979/1006/698
f 986/1012/704 845/941/647 850/942/648
f 984/1013/705 847/940/646 981/1008/700
f 987/1014/706 849/946/652 984/1013/705
f 989/1015/707 851/944/650 983/1011/703
f 850/942/648 990/1016/708 986/1012/704
f 852/943/649 988/1017/709 985/1010/702
f 991/1018/710 856/947/653 858/951/636
f 992/1019/711 855/1020/712 987/1014/706
f 993/1021/713 854/945/651 859/949/635
f 994/1022/714 853/1023/715 989/1015/707
f 998/1024/716 857/950/637 992/1019/711
f 996/1025/717 860/948/634 994/1022/714
f 995/1026/718 858/951/636 862/954/656
f 997/1027/719 859/949/635 863/953/655
f 866/1028/720 951/1029/721 820/966/668
f 868/969/671 954/980/676 1001/1030/722
f 865/967/669 952/981/677 999/1031/723
f 867/1032/724 953/1033/725 819/968/670
f 1014/956/658 614/692/467 1011/965/667
f 1007/960/662 613/689/464 1013/964/666
f 1008/962/664 615/690/465 1009/959/661
f 1010/961/663 616/691/466 1012/958/660
f 864/955/657 1006/1034/726 867/1032/724
f 1005/1035/727 862/954/656 865/967/669
f 861/952/654 1004/1036/728 866/1028/720
f 1003/1037/729 863/953/655 868/969/671
f 1017/1038/730 868/969/671 1001/1030/722
f 867/1032/724 1015/1039/731 1000/1040/732
f 866/1028/720 1016/1041/733 1002/1042/734
f 1018/1043/735 865/967/669 999/1031/723
f 1012/958/660 1019/1044/736 1010/961/663
f 1009/959/661 1021/1045/737 1008/962/664
f 1013/964/666 1020/1046/738 1007/960/662
f 1011/965/667 1022/1047/739 1014/956/658
f 1025/1048/740 945/977/674 951/1029/721
f 947/974/674 1023/1049/741 952/981/677
f 1026/1050/742 949/979/675 953/1033/725
f 939/975/675 1024/1051/743 954/980/676
f 944/1052/673 1030/1053/744 1035/1054/744
f 948/972/672 1034/1055/745 1033/1056/746
f 946/971/672 1036/1057/745 947/974/674
f 944/1052/673 1037/1058/744 940/973/673
f 1033/1056/746 943/970/672 948/972/672
f 940/973/673 1028/1059/747 939/975/675
f 1032/1060/746 950/1061/672 943/970/672
f 942/976/673 1029/1062/747 1038/1063/744
f 950/1061/672 1027/1064/746 946/971/672
f 1038/1063/744 941/978/673 942/976/673
f 957/985/681 1040/1065/748 956/984/680
f 958/982/678 1042/1066/749 1039/1067/750
f 957/985/681 1044/1068/751 1041/1069/752
f 1045/1070/753 958/982/678 1039/1067/750
f 956/984/680 1046/1071/754 961/988/684
f 955/983/679 1043/1072/755 1042/1066/749
f 960/987/683 1048/1073/756 964/991/687
f 962/989/685 1050/1074/757 1043/1072/755
f 961/988/684 1049/1075/758 963/993/689
f 959/986/682 1047/1076/759 1044/1068/751
f 966/990/686 1054/1077/760 1047/1076/759
f 963/993/689 1052/1078/761 970/995/691
f 965/992/688 1053/1079/762 1050/1074/757
f 964/991/687 1051/1080/763 968/997/693
f 967/996/692 1056/1081/764 1054/1077/760
f 969/994/690 1058/1082/765 1053/1079/762
f 970/995/691 1055/1083/766 972/1000/691
f 968/997/693 1057/1084/767 971/1001/693
f 1060/1085/768 974/998/690 976/1002/694
f 1062/1086/769 971/1001/693 1057/1084/767
f 1059/1087/770 972/1000/691 1055/1083/766
f 1061/1088/771 973/999/692 977/1005/697
f 978/1003/695 1065/1089/772 979/1006/698
f 976/1002/694 1066/1090/773 1060/1085/768
f 975/1004/696 1063/1091/774 981/1008/700
f 977/1005/697 1064/1092/775 1061/1088/771
f 1070/1093/776 981/1008/700 1063/1091/774
f 1068/1094/777 979/1006/698 1065/1089/772
f 1069/1095/778 982/1007/699 985/1010/702
f 1067/1096/779 980/1009/701 986/1012/704
f 1072/1097/780 984/1013/705 1070/1093/776
f 986/1012/704 1074/1098/781 1067/1096/779
f 1071/1099/782 983/1011/703 1068/1094/777
f 985/1010/702 1073/1100/783 1069/1095/778
f 952/981/677 1084/1101/784 999/1031/723
f 1083/1102/785 951/1029/721 1002/1042/734
f 954/980/676 1086/1103/786 1001/1030/722
f 1085/1104/787 953/1033/725 1000/1040/732
f 1075/1105/788 990/1016/708 991/1018/710
f 1078/1106/789 989/1015/707 1071/1099/782
f 1076/1107/790 987/1014/706 1072/1097/780
f 1077/1108/791 988/1017/709 993/1021/713
f 1080/1109/792 994/1022/714 1078/1106/789
f 1082/1110/793 991/1018/710 995/1026/718
f 1081/1111/794 992/1019/711 1076/1107/790
f 1079/1112/795 993/1021/713 997/1027/719
f 996/1025/717 1088/1113/796 1006/1034/726
f 1089/1114/797 997/1027/719 1003/1037/729
f 998/1024/716 1087/1115/798 1004/1036/728
f 1090/1116/799 995/1026/718 1005/1035/727
f 1096/1117/800 999/1031/723 1084/1101/784
f 1098/1118/801 1001/1030/722 1086/1103/786
f 1000/1040/732 1097/1119/802 1085/1104/787
f 1002/1042/734 1095/1120/803 1083/1102/785
f 1092/1121/804 1005/1035/727 1018/1043/735
f 1004/1036/728 1094/1122/805 1016/1041/733
f 1006/1034/726 1093/1123/806 1015/1039/731
f 1091/1124/807 1003/1037/729 1017/1038/730
f 1091/1124/807 1017/1038/730 1098/1118/801
f 1097/1119/802 1015/1039/731 1093/1123/806
f 1092/1121/804 1018/1043/735 1096/1117/800
f 1095/1120/803 1016/1041/733 1094/1122/805
f 1096/1117/800 1102/1125/808 1092/1121/804
f 1093/1123/806 1099/1126/809 1097/1119/802
f 1098/1118/801 1101/1127/810 1091/1124/807
f 1094/1122/805 1100/1128/811 1095/1120/803
f 1111/1129/812 876/1130/470 878/1131/469
f 1113/1132/813 881/1133/468 874/1134/471
f 1111/1129/812 883/1135/469 1106/1136/812
f 879/1137/475 1105/1138/812 880/1139/469
f 1117/1140/813 874/1134/471 872/1141/468
f 1110/1142/813 875/1143/473 873/1144/471
f 1106/1136/812 880/1139/469 1105/1138/812
f 1109/1145/812 871/1146/470 884/1147/469
f 1118/1148/813 877/1149/468 1107/1150/813
f 1116/1151/812 869/1152/472 871/1146/470
f 1108/1153/812 884/1147/469 876/1130/470
f 1117/1140/813 870/1154/468 1118/1148/813
f 882/1155/474 1107/1150/813 877/1149/468
f 1112/1156/813 873/1144/471 881/1133/468
f 1123/1157/814 887/1158/480 890/1159/481
f 885/1160/815 1124/1161/816 888/1162/477
f 1119/1163/817 885/1160/815 889/1164/478
f 1121/1165/818 886/1166/479 887/1158/480
f 1126/1167/819 889/1164/478 894/1168/482
f 890/1159/481 1125/1169/820 1123/1157/814
f 886/1166/479 1128/1170/821 892/1171/485
f 1127/1172/822 888/1162/477 1124/1161/816
f 892/1171/485 1132/1173/823 896/1174/488
f 891/1175/483 1129/1176/824 1125/1169/820
f 894/1168/482 1131/1177/825 1126/1167/819
f 893/1178/484 1130/1179/826 898/1180/486
f 1135/1181/827 896/1174/488 1132/1173/823
f 1136/1182/828 897/1183/489 900/1184/493
f 1133/1185/829 898/1180/486 1130/1179/826
f 1134/1186/830 895/1187/487 899/1188/492
f 900/1184/493 1138/1189/831 1136/1182/828
f 899/1188/492 1140/1190/832 1134/1186/830
f 902/1191/491 1137/1192/833 904/1193/496
f 901/1194/490 1139/1195/834 903/1196/494
f 905/1197/495 1144/1198/835 1140/1190/832
f 903/1196/494 1141/1199/836 908/1200/500
f 906/1201/497 1142/1202/837 1138/1189/831
f 904/1193/496 1143/1203/838 909/1204/499
f 1147/1205/839 908/1200/500 1141/1199/836
f 1145/1206/840 907/1207/501 914/1208/502
f 1146/1209/841 909/1204/499 1143/1203/838
f 1148/1210/842 910/1211/498 913/1212/505
f 1152/1213/843 913/1212/505 916/1214/509
f 1149/1215/844 911/1216/504 1146/1209/841
f 1150/1217/845 914/1208/502 917/1218/508
f 1151/1219/846 912/1220/503 1147/1205/839
f 917/1218/508 1155/1221/847 1150/1217/845
f 918/1222/507 1156/1223/848 922/1224/511
f 916/1214/509 1154/1225/849 1152/1213/843
f 915/1226/506 1153/1227/850 921/1228/512
f 1159/1229/851 922/1224/511 1156/1223/848
f 1157/1230/852 921/1228/512 1153/1227/850
f 1158/1231/853 919/1232/513 926/1233/514
f 1160/1234/854 920/1235/510 924/1236/517
f 923/1237/516 1162/1238/855 930/1239/521
f 925/1240/515 1164/1241/856 927/1242/519
f 924/1243/517 1161/1244/857 1160/1245/854
f 926/1246/514 1163/1247/858 1158/1248/853
f 1170/1249/859 869/1152/472 1115/1250/860
f 1171/1251/861 875/1143/473 1103/1252/862
f 1165/1253/863 879/1137/475 932/1254/524
f 1172/1255/864 882/1155/474 931/1256/523
f 1168/1257/865 930/1239/521 1162/1238/855
f 1166/1258/866 928/1259/520 934/1260/529
f 1161/1244/857 938/1261/526 1169/1262/867
f 935/1263/527 1164/1241/856 1167/1264/868
f 1166/1258/866 1010/1265/663 1173/1266/869
f 1012/1267/660 1170/1249/859 1179/1268/870
f 1165/1253/863 1008/1269/664 1177/1270/871
f 1174/1271/872 938/1261/526 1007/1272/662
f 1013/1273/666 1171/1251/861 1176/1274/873
f 1009/1275/661 1168/1257/865 1175/1276/874
f 1180/1277/875 935/1263/527 1167/1264/868
f 1172/1255/864 1014/1278/658 1178/1279/876
f 1173/1266/869 1019/1280/736 1184/1281/877
f 1174/1271/872 1020/1282/738 1183/1283/878
f 1020/1284/738 1176/1274/873 1183/1285/878
f 1022/1286/739 1180/1277/875 1182/1287/879
f 1177/1270/871 1021/1288/737 1181/1289/880
f 1021/1290/737 1175/1276/874 1181/1291/880
f 1019/1292/736 1179/1268/870 1184/1293/877
f 1178/1279/876 1022/1294/739 1182/1295/879
f 1023/1049/741 1191/1296/881 1185/1297/882
f 1199/1298/881 1025/1048/740 1187/1299/883
f 1189/1300/884 1026/1050/742 1188/1301/885
f 1024/1051/743 1195/1302/884 1186/1303/886
f 1029/1062/747 1194/1304/887 1038/1063/744
f 1193/1305/888 1033/1056/746 1192/1306/888
f 1196/1307/887 1038/1063/744 1194/1304/887
f 1028/1059/747 1190/1308/887 1195/1302/884
f 1032/1060/746 1198/1309/888 1031/1310/746
f 1027/1064/746 1198/1309/888 1197/1311/888
f 1034/1055/745 1192/1306/888 1033/1056/746
f 1200/1312/887 1030/1053/744 1196/1307/887
f 1037/1058/744 1200/1312/887 1190/1308/887
f 1036/1057/745 1197/1311/888 1191/1296/881
f 1039/1067/750 1205/1313/889 1208/1314/890
f 1207/1315/891 1040/1065/748 1041/1069/752
f 1042/1066/749 1209/1316/892 1205/1313/889
f 1041/1069/752 1212/1317/893 1207/1315/891
f 1210/1318/894 1039/1067/750 1208/1314/890
f 1040/1065/748 1211/1319/895 1046/1071/754
f 1216/1320/892 1043/1072/755 1050/1074/757
f 1215/1321/894 1045/1070/753 1210/1318/894
f 1214/1322/895 1046/1071/754 1211/1319/895
f 1213/1323/893 1044/1068/751 1047/1076/759
f 1048/1073/756 1223/1324/896 1051/1080/763
f 1047/1076/759 1222/1325/897 1213/1323/893
f 1050/1074/757 1221/1326/898 1216/1320/892
f 1049/1075/758 1224/1327/899 1052/1078/761
f 1225/1328/900 1054/1077/760 1056/1081/764
f 1226/1329/901 1052/1078/761 1224/1327/899
f 1227/1330/902 1053/1079/762 1058/1082/765
f 1228/1331/903 1051/1080/763 1223/1324/896
f 1232/1332/904 1057/1084/767 1228/1331/903
f 1229/1333/905 1056/1081/764 1061/1088/771
f 1230/1334/906 1058/1082/765 1060/1085/768
f 1231/1335/907 1055/1083/766 1226/1329/901
f 1026/1050/742 1204/1336/908 1188/1301/885
f 1024/1051/743 1201/1337/909 1086/1103/786
f 1025/1048/740 1202/1338/910 1187/1299/883
f 1023/1049/741 1203/1339/911 1084/1101/784
f 1059/1087/770 1236/1340/912 1065/1089/772
f 1062/1086/769 1233/1341/913 1063/1091/774
f 1061/1088/771 1234/1342/914 1229/1333/905
f 1060/1085/768 1235/1343/915 1230/1334/906
f 1241/1344/916 1064/1092/775 1067/1096/779
f 1242/1345/917 1063/1091/774 1233/1341/913
f 1243/1346/918 1065/1089/772 1236/1340/912
f 1244/1347/919 1066/1090/773 1069/1095/778
f 1247/1348/920 1068/1094/777 1243/1346/918
f 1246/1349/921 1070/1093/776 1242/1345/917
f 1248/1350/922 1067/1096/779 1074/1098/781
f 1245/1351/923 1069/1095/778 1073/1100/783
f 1072/1097/780 1252/1352/924 1076/1107/790
f 1073/1100/783 1250/1353/925 1245/1351/923
f 1074/1098/781 1251/1354/926 1248/1350/922
f 1071/1099/782 1249/1355/927 1078/1106/789
f 1237/1356/928 1075/1105/788 1082/1110/793
f 1239/1357/929 1078/1106/789 1249/1355/927
f 1240/1358/930 1076/1107/790 1252/1352/924
f 1238/1359/931 1077/1108/791 1079/1112/795
f 1079/1112/795 1217/1360/932 1238/1359/931
f 1082/1110/793 1219/1361/933 1237/1356/928
f 1081/1111/794 1220/1362/934 1087/1115/798
f 1080/1109/792 1218/1363/935 1088/1113/796
f 1097/1119/802 1204/1336/908 1085/1104/787
f 1201/1337/909 1098/1118/801 1086/1103/786
f 1203/1339/911 1096/1117/800 1084/1101/784
f 1095/1120/803 1202/1338/910 1083/1102/785
f 1092/1121/804 1219/1361/933 1090/1116/799
f 1088/1113/796 1258/1364/936 1093/1123/806
f 1089/1114/797 1257/1365/937 1217/1360/932
f 1220/1362/934 1094/1122/805 1087/1115/798
f 1256/1366/938 1102/1125/808 1096/1117/800
f 1100/1128/811 1255/1367/939 1095/1120/803
f 1254/1368/940 1101/1127/810 1098/1118/801
f 1099/1126/809 1253/1369/941 1097/1119/802
f 1102/1125/808 1260/1370/942 1092/1121/804
f 1258/1364/936 1099/1126/809 1093/1123/806
f 1101/1127/810 1257/1365/937 1091/1124/807
f 1259/1371/943 1100/1128/811 1094/1122/805
f 1170/1249/859 1270/1372/944 1179/1268/870
f 1171/1251/861 1272/1373/945 1176/1274/873
f 1172/1255/864 1269/1374/946 1292/1375/947
f 1165/1253/863 1271/1376/948 1291/1377/949
f 1297/1378/950 1113/1132/813 1117/1140/813
f 1300/1379/951 1108/1153/812 1111/1129/812
f 1118/1148/813 1297/1378/950 1117/1140/813
f 1298/1380/950 1112/1156/813 1113/1132/813
f 1106/1136/812 1300/1379/951 1111/1129/812
f 1299/1381/951 1109/1145/812 1108/1153/812
f 1304/1382/950 1107/1150/813 1305/1383/950
f 1302/1384/950 1110/1142/813 1112/1156/813
f 1301/1385/951 1116/1151/812 1109/1145/812
f 1303/1386/951 1105/1138/812 1307/1387/951
f 1123/1157/814 1314/1388/952 1322/1389/953
f 1120/1390/954 1316/1391/955 1128/1170/821
f 1124/1161/816 1315/1392/956 1127/1172/822
f 1119/1163/817 1313/1393/957 1323/1394/958
f 1310/1395/955 1128/1170/821 1316/1391/955
f 1312/1396/957 1126/1167/819 1131/1177/825
f 1309/1397/952 1125/1169/820 1129/1176/824
f 1311/1398/956 1127/1172/822 1315/1392/956
f 1166/1258/866 1276/1399/959 1295/1400/960
f 1169/1262/867 1273/1401/961 1296/1402/962
f 1168/1257/865 1275/1403/963 1175/1276/874
f 1167/1264/868 1274/1404/964 1180/1277/875
f 1318/1405/965 1132/1173/823 1310/1395/955
f 1317/1406/966 1129/1176/824 1136/1182/828
f 1319/1407/967 1130/1179/826 1311/1398/956
f 1320/1408/968 1131/1177/825 1134/1186/830
f 1327/1409/965 1135/1181/827 1318/1405/965
f 1328/1410/967 1133/1185/829 1319/1407/967
f 1325/1411/966 1136/1182/828 1138/1189/831
f 1326/1412/968 1134/1186/830 1140/1190/832
f 1182/1295/879 1269/1374/946 1178/1279/876
f 1181/1289/880 1271/1376/948 1177/1270/871
f 1272/1373/945 1183/1285/878 1176/1274/873
f 1270/1372/944 1184/1293/877 1179/1268/870
f 1175/1276/874 1267/1413/969 1181/1291/880
f 1180/1277/875 1265/1414/970 1182/1287/879
f 1174/1271/872 1268/1415/971 1273/1401/961
f 1173/1266/869 1266/1416/972 1276/1399/959
f 1139/1195/834 1329/1417/973 1141/1199/836
f 1140/1190/832 1330/1418/974 1326/1412/968
f 1137/1192/833 1332/1419/975 1143/1203/838
f 1138/1189/831 1331/1420/976 1325/1411/966
f 1333/1421/977 1144/1198/835 1145/1206/840
f 1335/1422/978 1143/1203/838 1332/1419/975
f 1336/1423/979 1142/1202/837 1148/1210/842
f 1334/1424/980 1141/1199/836 1329/1417/973
f 1110/1142/813 1345/1425/981 1103/1252/862
f 1107/1150/813 1346/1426/982 1305/1383/950
f 1105/1138/812 1348/1427/983 1307/1387/951
f 1116/1151/812 1347/1428/984 1115/1250/860
f 1103/1252/862 1290/1429/985 1171/1251/861
f 1114/1430/986 1292/1375/947 1346/1426/982
f 1104/1431/987 1291/1377/949 1348/1427/983
f 1115/1250/860 1289/1432/988 1170/1249/859
f 1164/1241/856 1294/1433/989 1167/1264/868
f 1163/1247/858 1295/1400/960 1341/1434/990
f 1161/1244/857 1296/1402/962 1344/1435/991
f 1162/1238/855 1293/1436/992 1168/1257/865
f 1159/1437/851 1342/1438/993 1162/1238/855
f 1160/1245/854 1344/1435/991 1337/1439/994
f 1158/1248/853 1341/1434/990 1339/1440/995
f 1157/1441/852 1343/1442/996 1164/1241/856
f 1321/1443/997 1121/1165/818 1417/1444/998
f 1121/1165/818 1322/1389/953 1417/1444/998
f 1122/1445/999 1324/1446/1000 1124/1161/816
f 1323/1394/958 1122/1445/999 1119/1163/817
f 1419/1447/1001 1147/1205/839 1334/1424/980
f 1421/1448/1002 1145/1206/840 1150/1217/845
f 1422/1449/1003 1146/1209/841 1335/1422/978
f 1420/1450/1004 1148/1210/842 1152/1213/843
f 1154/1225/849 1337/1451/994 1426/1452/1005
f 1153/1227/850 1340/1453/1006 1157/1230/852
f 1155/1221/847 1339/1454/995 1423/1455/1007
f 1156/1223/848 1338/1456/1008 1159/1229/851
f 1150/1217/845 1423/1455/1007 1421/1448/1002
f 1152/1213/843 1426/1452/1005 1420/1450/1004
f 1151/1219/846 1424/1457/1009 1153/1227/850
f 1149/1215/844 1425/1458/1010 1156/1223/848
f 1262/1459/1011 1287/1460/1012 1280/1461/1013
f 1285/1462/1014 1264/1463/1015 1279/1464/1016
f 1261/1465/1017 1286/1466/1018 1278/1467/1019
f 1288/1468/1020 1263/1469/1021 1277/1470/1022
f 1279/1464/1016 1259/1371/943 1281/1471/1023
f 1277/1470/1022 1258/1364/936 1282/1472/1024
f 1278/1467/1019 1260/1370/942 1261/1465/1017
f 1280/1461/1013 1257/1365/937 1262/1459/1011
f 1288/1468/1020 1204/1336/908 1253/1369/941
f 1285/1462/1014 1202/1338/910 1255/1367/939
f 1287/1460/1012 1201/1337/909 1356/1473/1025
f 1286/1466/1018 1203/1339/911 1353/1474/1026
f 1282/1472/1024 1218/1363/935 1350/1475/1027
f 1283/1476/1028 1217/1360/932 1257/1365/937
f 1284/1477/1029 1219/1361/933 1260/1370/942
f 1281/1471/1023 1220/1362/934 1351/1478/1030
f 1356/1473/1025 1186/1303/886 1413/1479/1031
f 1354/1480/1032 1187/1299/883 1202/1338/910
f 1355/1481/1033 1188/1301/885 1204/1336/908
f 1353/1474/1026 1185/1297/882 1414/1482/1034
f 1393/1483/1035 1196/1307/887 1394/1484/1035
f 1193/1305/888 1395/1485/1036 1198/1309/888
f 1197/1311/888 1395/1485/1036 1397/1486/1036
f 1190/1308/887 1393/1483/1035 1398/1487/1035
f 1394/1484/1035 1194/1304/887 1400/1488/1035
f 1396/1489/1036 1192/1306/888 1399/1490/1036
f 1191/1296/881 1397/1486/1036 1404/1491/1036
f 1195/1302/884 1398/1487/1035 1402/1492/1035
f 1189/1300/884 1400/1488/1035 1194/1304/887
f 1199/1298/881 1399/1490/1036 1192/1306/888
f 1352/1493/1037 1238/1359/931 1217/1360/932
f 1351/1478/1030 1240/1358/930 1409/1494/1038
f 1349/1495/1039 1237/1356/928 1219/1361/933
f 1350/1475/1027 1239/1357/929 1410/1496/1040
f 1414/1482/1034 1191/1296/881 1404/1491/1036
f 1413/1479/1031 1195/1302/884 1402/1492/1035
f 1416/1497/1041 1199/1298/881 1187/1299/883
f 1415/1498/1042 1189/1300/884 1188/1301/885
f 1206/1499/1043 1369/1500/1044 1371/1501/1045
f 1372/1502/1046 1208/1314/890 1205/1313/889
f 1363/1503/1047 1208/1314/890 1370/1504/1048
f 1207/1315/891 1361/1505/1049 1369/1500/1044
f 1206/1499/1043 1362/1506/1050 1211/1319/895
f 1364/1507/1051 1205/1313/889 1209/1316/892
f 1210/1318/894 1357/1508/1047 1215/1321/894
f 1212/1317/893 1358/1509/1049 1361/1505/1049
f 1211/1319/895 1359/1510/1050 1214/1322/895
f 1209/1316/892 1360/1511/1051 1364/1507/1051
f 1215/1321/894 1365/1512/1052 1223/1324/896
f 1216/1320/892 1366/1513/1053 1360/1511/1051
f 1214/1322/895 1368/1514/1054 1224/1327/899
f 1213/1323/893 1367/1515/1055 1358/1509/1049
f 1224/1327/899 1374/1516/1056 1226/1329/901
f 1223/1324/896 1375/1517/1057 1228/1331/903
f 1221/1326/898 1373/1518/1058 1366/1513/1053
f 1222/1325/897 1376/1519/1059 1367/1515/1055
f 1378/1520/1060 1228/1331/903 1375/1517/1057
f 1379/1521/1061 1227/1330/902 1230/1334/906
f 1380/1522/1062 1225/1328/900 1229/1333/905
f 1377/1523/1063 1226/1329/901 1374/1516/1056
f 1231/1335/907 1381/1524/1064 1236/1340/912
f 1230/1334/906 1383/1525/1065 1379/1521/1061
f 1229/1333/905 1382/1526/1066 1380/1522/1062
f 1232/1332/904 1384/1527/1067 1233/1341/913
f 1385/1528/1068 1235/1343/915 1244/1347/919
f 1387/1529/1069 1236/1340/912 1381/1524/1064
f 1388/1530/1070 1233/1341/913 1384/1527/1067
f 1386/1531/1071 1234/1342/914 1241/1344/916
f 1392/1532/1072 1241/1344/916 1248/1350/922
f 1390/1533/1073 1244/1347/919 1245/1351/923
f 1389/1534/1074 1243/1346/918 1387/1529/1069
f 1391/1535/1075 1242/1345/917 1388/1530/1070
f 1406/1536/1076 1248/1350/922 1251/1354/926
f 1408/1537/1077 1247/1348/920 1389/1534/1074
f 1405/1538/1078 1245/1351/923 1250/1353/925
f 1407/1539/1079 1246/1349/921 1391/1535/1075
f 1411/1540/1080 1250/1353/925 1238/1359/931
f 1410/1496/1040 1249/1355/927 1408/1537/1077
f 1412/1541/1081 1251/1354/926 1237/1356/928
f 1409/1494/1038 1252/1352/924 1407/1539/1079
f 1428/1542/1082 1269/1374/946 1265/1543/970
f 1429/1544/1083 1270/1372/944 1432/1545/1084
f 1430/1546/1085 1271/1376/948 1267/1547/969
f 1427/1548/1086 1272/1373/945 1431/1549/1087
f 1429/1550/1083 1276/1399/959 1266/1416/972
f 1427/1551/1086 1273/1401/961 1268/1415/971
f 1428/1552/1082 1274/1404/964 1435/1553/1088
f 1430/1554/1085 1275/1403/963 1436/1555/1089
f 1439/1556/1090 1371/1501/1045 1369/1500/1044
f 1440/1557/1091 1370/1504/1048 1372/1502/1046
f 1371/1501/1045 1443/1558/1092 1362/1506/1050
f 1444/1559/1093 1370/1504/1048 1442/1560/1094
f 1369/1500/1044 1446/1561/1095 1439/1556/1090
f 1445/1562/1096 1372/1502/1046 1364/1507/1051
f 1361/1505/1049 1449/1563/1097 1446/1561/1095
f 1363/1503/1047 1447/1564/1098 1357/1508/1047
f 1364/1507/1051 1450/1565/1099 1445/1562/1096
f 1362/1506/1050 1448/1566/1100 1359/1510/1050
f 1457/1567/1101 1357/1508/1047 1447/1564/1098
f 1455/1568/1102 1359/1510/1050 1448/1566/1100
f 1358/1509/1049 1458/1569/1103 1449/1563/1097
f 1360/1511/1051 1456/1570/1104 1450/1565/1099
f 1456/1570/1104 1373/1518/1058 1462/1571/1105
f 1458/1569/1103 1376/1519/1059 1461/1572/1106
f 1374/1516/1056 1455/1568/1102 1459/1573/1107
f 1375/1517/1057 1457/1567/1101 1460/1574/1108
f 1378/1520/1060 1460/1574/1108 1452/1575/1109
f 1377/1523/1063 1459/1573/1107 1451/1576/1110
f 1380/1522/1062 1461/1572/1106 1376/1519/1059
f 1379/1521/1061 1462/1571/1105 1373/1518/1058
f 1384/1527/1067 1452/1575/1109 1515/1577/1111
f 1383/1525/1065 1454/1578/1112 1379/1521/1061
f 1382/1526/1066 1453/1579/1113 1380/1522/1062
f 1381/1524/1064 1451/1576/1110 1540/1580/1114
f 1282/1472/1024 1464/1581/1115 1277/1470/1022
f 1466/1582/1116 1283/1476/1028 1280/1461/1013
f 1465/1583/1117 1284/1477/1029 1278/1467/1019
f 1281/1471/1023 1463/1584/1118 1279/1464/1016
f 1464/1581/1115 1288/1468/1020 1277/1470/1022
f 1286/1466/1018 1465/1583/1117 1278/1467/1019
f 1463/1584/1118 1285/1462/1014 1279/1464/1016
f 1287/1460/1012 1466/1582/1116 1280/1461/1013
f 1472/1585/1119 1350/1475/1027 1481/1586/1120
f 1471/1587/1121 1351/1478/1030 1482/1588/1122
f 1352/1493/1037 1474/1589/1123 1480/1590/1124
f 1349/1495/1039 1473/1591/1125 1479/1592/1126
f 1356/1473/1025 1469/1593/1127 1287/1460/1012
f 1353/1474/1026 1470/1594/1128 1286/1466/1018
f 1354/1480/1032 1467/1595/1129 1477/1596/1130
f 1355/1481/1033 1468/1597/1131 1476/1598/1132
f 1432/1545/1084 1289/1432/988 1563/1599/1133
f 1431/1549/1087 1290/1429/985 1562/1600/1134
f 1433/1601/1135 1292/1375/947 1269/1374/946
f 1434/1602/1136 1291/1377/949 1271/1376/948
f 1435/1553/1088 1294/1433/989 1569/1603/1137
f 1436/1555/1089 1293/1436/992 1571/1604/1138
f 1437/1605/1139 1295/1400/960 1276/1399/959
f 1438/1606/1140 1296/1402/962 1273/1401/961
f 1412/1541/1081 1479/1592/1126 1513/1607/1141
f 1411/1540/1080 1480/1590/1124 1514/1608/1142
f 1409/1494/1038 1482/1588/1122 1351/1478/1030
f 1410/1496/1040 1481/1586/1120 1350/1475/1027
f 1415/1498/1042 1476/1598/1132 1496/1609/1143
f 1413/1479/1031 1478/1610/1144 1356/1473/1025
f 1414/1482/1034 1475/1611/1145 1353/1474/1026
f 1416/1497/1041 1477/1596/1130 1498/1612/1146
f 1321/1443/997 1526/1613/1147 1316/1391/955
f 1324/1446/1000 1525/1614/1148 1315/1392/956
f 1322/1389/953 1524/1615/1149 1520/1616/1150
f 1323/1394/958 1527/1617/1151 1518/1618/1152
f 1316/1391/955 1529/1619/1153 1310/1395/955
f 1313/1393/957 1531/1620/1154 1527/1617/1151
f 1314/1388/952 1530/1621/1155 1524/1615/1149
f 1315/1392/956 1528/1622/1156 1311/1398/956
f 1488/1623/1157 1394/1484/1035 1484/1624/1157
f 1483/1625/1158 1395/1485/1036 1396/1489/1036
f 1394/1484/1035 1487/1626/1157 1484/1624/1157
f 1396/1489/1036 1485/1627/1158 1483/1625/1158
f 1489/1628/1157 1393/1483/1035 1488/1623/1157
f 1490/1629/1158 1395/1485/1036 1486/1630/1158
f 1492/1631/1158 1399/1490/1036 1401/1632/1036
f 1397/1486/1036 1493/1633/1158 1404/1491/1036
f 1398/1487/1035 1494/1634/1157 1402/1492/1035
f 1491/1635/1157 1400/1488/1035 1403/1636/1035
f 1538/1637/1159 1311/1398/956 1528/1622/1156
f 1539/1638/1160 1310/1395/955 1529/1619/1153
f 1536/1639/1161 1312/1396/957 1320/1408/968
f 1537/1640/1162 1309/1397/952 1317/1406/966
f 1536/1639/1161 1326/1412/968 1541/1641/1163
f 1537/1640/1162 1325/1411/966 1544/1642/1164
f 1538/1637/1159 1328/1410/967 1319/1407/967
f 1539/1638/1160 1327/1409/965 1318/1405/965
f 1544/1642/1164 1331/1420/976 1533/1643/1165
f 1542/1644/1166 1329/1417/973 1328/1410/967
f 1543/1645/1167 1332/1419/975 1327/1409/965
f 1541/1641/1163 1330/1418/974 1534/1646/1168
f 1404/1491/1036 1495/1647/1169 1414/1482/1034
f 1401/1632/1036 1498/1612/1146 1492/1631/1158
f 1403/1636/1035 1496/1609/1143 1491/1635/1157
f 1402/1492/1035 1497/1648/1170 1413/1479/1031
f 1386/1531/1071 1504/1649/1171 1507/1650/1172
f 1388/1530/1070 1503/1651/1173 1391/1535/1075
f 1385/1528/1068 1505/1652/1174 1510/1653/1175
f 1387/1529/1069 1506/1654/1176 1389/1534/1074
f 1390/1533/1073 1501/1655/1177 1505/1652/1174
f 1392/1532/1072 1502/1656/1178 1504/1649/1171
f 1389/1534/1074 1500/1657/1179 1408/1537/1077
f 1391/1535/1075 1499/1658/1180 1407/1539/1079
f 1508/1659/1181 1384/1527/1067 1515/1577/1111
f 1382/1526/1066 1507/1650/1172 1516/1660/1182
f 1383/1525/1065 1510/1653/1175 1517/1661/1183
f 1405/1538/1078 1514/1608/1142 1501/1655/1177
f 1406/1536/1076 1513/1607/1141 1502/1656/1178
f 1408/1537/1077 1511/1662/1184 1410/1496/1040
f 1407/1539/1079 1512/1663/1185 1409/1494/1038
f 1509/1664/1186 1381/1524/1064 1540/1580/1114
f 1417/1444/998 1520/1616/1150 1523/1665/1187
f 1521/1666/1188 1417/1444/998 1523/1665/1187
f 1418/1667/1189 1518/1618/1152 1522/1668/1190
f 1519/1669/1191 1418/1667/1189 1522/1668/1190
f 1532/1670/1192 1334/1424/980 1329/1417/973
f 1533/1643/1165 1336/1423/979 1586/1671/1193
f 1534/1646/1168 1333/1421/977 1587/1672/1194
f 1535/1673/1195 1335/1422/978 1332/1419/975
f 1300/1379/951 1545/1674/1196 1299/1381/951
f 1546/1675/1197 1297/1378/950 1547/1676/1197
f 1298/1380/950 1550/1677/1197 1302/1384/950
f 1299/1381/951 1549/1678/1196 1301/1385/951
f 1300/1379/951 1552/1679/1196 1548/1680/1196
f 1297/1378/950 1551/1681/1197 1547/1676/1197
f 1553/1682/1198 1301/1385/951 1549/1678/1196
f 1555/1683/1199 1302/1384/950 1550/1677/1197
f 1556/1684/1200 1304/1382/950 1305/1383/950
f 1554/1685/1201 1303/1386/951 1307/1387/951
f 1564/1686/1202 1346/1426/982 1292/1375/947
f 1563/1599/1133 1347/1428/984 1575/1687/1203
f 1561/1688/1204 1348/1427/983 1291/1377/949
f 1562/1600/1134 1345/1425/981 1573/1689/1205
f 1573/1689/1205 1306/1690/950 1555/1683/1199
f 1574/1691/1206 1305/1383/950 1346/1426/982
f 1576/1692/1207 1307/1387/951 1348/1427/983
f 1575/1687/1203 1308/1693/951 1553/1682/1198
f 1342/1438/993 1571/1604/1138 1293/1436/992
f 1341/1434/990 1572/1694/1208 1584/1695/1209
f 1343/1442/996 1569/1603/1137 1294/1433/989
f 1344/1435/991 1570/1696/1210 1582/1697/1211
f 1339/1440/995 1584/1695/1209 1578/1698/1212
f 1340/1699/1006 1581/1700/1213 1343/1442/996
f 1338/1701/1008 1583/1702/1214 1342/1438/993
f 1337/1439/994 1582/1697/1211 1577/1703/1215
f 1577/1703/1215 1426/1452/1005 1337/1451/994
f 1578/1698/1212 1423/1455/1007 1339/1454/995
f 1580/1704/1216 1425/1458/1010 1559/1705/1217
f 1579/1706/1218 1424/1457/1009 1560/1707/1219
f 1592/1708/1220 1334/1424/980 1588/1709/1221
f 1590/1710/1216 1335/1422/978 1585/1711/1222
f 1591/1712/1223 1333/1421/977 1421/1448/1002
f 1589/1713/1215 1336/1423/979 1420/1450/1004
f 1565/1714/1224 1423/1455/1007 1557/1715/1225
f 1568/1716/1226 1426/1452/1005 1558/1717/1227
f 1567/1718/1228 1425/1458/1010 1422/1449/1003
f 1566/1719/1229 1424/1457/1009 1419/1447/1001
f 1419/1447/1001 1592/1708/1220 1566/1719/1229
f 1565/1714/1224 1591/1712/1223 1421/1448/1002
f 1422/1449/1003 1590/1710/1216 1567/1718/1228
f 1568/1716/1226 1589/1713/1215 1420/1450/1004
f 1568/1716/1226 1558/1717/1227 1728/1720/1230
f 1565/1714/1224 1557/1715/1225 1730/1721/1231
f 1727/1722/1232 1560/1707/1219 1566/1719/1229
f 1729/1723/1233 1559/1705/1217 1567/1718/1228
f 1597/1724/1234 1433/1601/1135 1428/1542/1082
f 1596/1725/1235 1431/1549/1087 1607/1726/1236
f 1598/1727/1237 1434/1602/1136 1430/1546/1085
f 1595/1728/1238 1432/1545/1084 1610/1729/1239
f 1596/1730/1235 1438/1606/1140 1427/1551/1086
f 1597/1731/1234 1435/1553/1088 1614/1732/1240
f 1595/1733/1238 1437/1605/1139 1429/1550/1083
f 1598/1734/1237 1436/1555/1089 1612/1735/1241
f 1594/1736/1242 1533/1643/1165 1593/1737/1243
f 1603/1738/1244 1535/1673/1195 1543/1645/1167
f 1602/1739/1245 1532/1670/1192 1542/1644/1166
f 1604/1740/1246 1534/1646/1168 1599/1741/1247
f 1544/1642/1164 1660/1742/1248 1537/1640/1162
f 1542/1644/1166 1658/1743/1249 1602/1739/1245
f 1543/1645/1167 1657/1744/1250 1603/1738/1244
f 1541/1641/1163 1659/1745/1251 1536/1639/1161
f 1593/1737/1243 1586/1671/1193 1633/1746/1252
f 1599/1741/1247 1587/1672/1194 1632/1747/1253
f 1600/1748/1254 1588/1709/1221 1532/1670/1192
f 1601/1749/1255 1585/1711/1222 1535/1673/1195
f 1538/1637/1159 1690/1750/1256 1658/1743/1249
f 1688/1751/1257 1537/1640/1162 1660/1742/1248
f 1539/1638/1160 1689/1752/1258 1657/1744/1250
f 1687/1753/1259 1536/1639/1161 1659/1745/1251
f 1607/1726/1236 1562/1600/1134 1737/1754/1260
f 1608/1755/1261 1561/1688/1204 1434/1602/1136
f 1610/1729/1239 1563/1599/1133 1738/1756/1262
f 1609/1757/1263 1564/1686/1202 1433/1601/1135
f 1613/1758/1264 1570/1696/1210 1438/1606/1140
f 1612/1735/1241 1571/1604/1138 1742/1759/1265
f 1614/1732/1240 1569/1603/1137 1741/1760/1266
f 1611/1761/1267 1572/1694/1208 1437/1605/1139
f 1679/1762/1268 1522/1668/1190 1518/1618/1152
f 1521/1666/1188 1680/1763/1269 1677/1764/1270
f 1523/1665/1187 1678/1765/1271 1680/1763/1269
f 1522/1668/1190 1681/1766/1272 1519/1669/1191
f 1518/1618/1152 1684/1767/1273 1679/1762/1268
f 1519/1669/1191 1686/1768/1274 1525/1614/1148
f 1521/1666/1188 1685/1769/1275 1526/1613/1147
f 1520/1616/1150 1683/1770/1276 1678/1765/1271
f 1527/1617/1151 1687/1753/1259 1684/1767/1273
f 1524/1615/1149 1688/1751/1257 1683/1770/1276
f 1525/1614/1148 1690/1750/1256 1528/1622/1156
f 1526/1613/1147 1689/1752/1258 1529/1619/1153
f 1632/1747/1253 1591/1712/1223 1744/1771/1277
f 1633/1746/1252 1589/1713/1215 1743/1772/1278
f 1592/1708/1220 1631/1773/1279 1745/1774/1280
f 1590/1710/1216 1634/1775/1281 1746/1776/1282
f 1547/1676/1197 1716/1777/1283 1546/1675/1197
f 1545/1674/1196 1718/1778/1284 1549/1678/1196
f 1548/1680/1196 1722/1779/1284 1717/1780/1284
f 1547/1676/1197 1719/1781/1283 1715/1782/1283
f 1548/1680/1196 1721/1783/1284 1545/1674/1196
f 1546/1675/1197 1720/1784/1283 1550/1677/1197
f 1724/1785/1285 1552/1679/1196 1554/1685/1201
f 1726/1786/1286 1550/1677/1197 1720/1784/1283
f 1725/1787/1287 1549/1678/1196 1718/1778/1284
f 1723/1788/1288 1551/1681/1197 1556/1684/1200
f 1750/1789/1289 1553/1682/1198 1725/1787/1287
f 1749/1790/1290 1556/1684/1200 1574/1691/1206
f 1747/1791/1291 1555/1683/1199 1726/1786/1286
f 1748/1792/1292 1554/1685/1201 1576/1692/1207
f 1737/1754/1260 1573/1689/1205 1747/1791/1291
f 1738/1756/1262 1575/1687/1203 1750/1789/1289
f 1736/1793/1293 1576/1692/1207 1561/1688/1204
f 1735/1794/1294 1574/1691/1206 1564/1686/1202
f 1558/1717/1227 1757/1795/1295 1728/1720/1230
f 1560/1707/1219 1755/1796/1296 1579/1706/1218
f 1557/1715/1225 1756/1797/1297 1730/1721/1231
f 1559/1705/1217 1758/1798/1298 1580/1704/1216
f 1582/1697/1211 1739/1799/1299 1754/1800/1300
f 1581/1700/1213 1741/1760/1266 1569/1603/1137
f 1583/1702/1214 1742/1759/1265 1571/1604/1138
f 1584/1695/1209 1740/1801/1301 1752/1802/1302
f 1734/1803/1303 1566/1719/1229 1592/1708/1220
f 1733/1804/1304 1567/1718/1228 1590/1710/1216
f 1731/1805/1305 1568/1716/1226 1728/1720/1230
f 1732/1806/1306 1565/1714/1224 1730/1721/1231
f 1580/1704/1216 1751/1807/1307 1583/1702/1214
f 1577/1703/1215 1754/1800/1300 1757/1795/1295
f 1579/1706/1218 1753/1808/1308 1581/1700/1213
f 1578/1698/1212 1752/1802/1302 1756/1797/1297
f 1442/1560/1094 1787/1809/1309 1789/1810/1310
f 1441/1811/1311 1788/1812/1312 1790/1813/1313
f 1793/1814/1314 1440/1557/1091 1445/1562/1096
f 1794/1815/1315 1439/1556/1090 1446/1561/1095
f 1441/1811/1311 1791/1816/1316 1443/1558/1092
f 1792/1817/1317 1442/1560/1094 1789/1810/1310
f 1795/1818/1318 1445/1562/1096 1450/1565/1099
f 1796/1819/1319 1446/1561/1095 1449/1563/1097
f 1444/1559/1093 1797/1820/1320 1447/1564/1098
f 1443/1558/1092 1798/1821/1321 1448/1566/1100
f 1804/1822/1322 1447/1564/1098 1797/1820/1320
f 1805/1823/1323 1448/1566/1100 1798/1821/1321
f 1806/1824/1324 1450/1565/1099 1456/1570/1104
f 1803/1825/1325 1449/1563/1097 1458/1569/1103
f 1810/1826/1326 1452/1575/1109 1460/1574/1108
f 1453/1579/1113 1808/1827/1327 1461/1572/1106
f 1807/1828/1328 1451/1576/1110 1459/1573/1107
f 1454/1578/1112 1809/1829/1329 1462/1571/1105
f 1803/1825/1325 1461/1572/1106 1808/1827/1327
f 1805/1823/1323 1459/1573/1107 1455/1568/1102
f 1804/1822/1322 1460/1574/1108 1457/1567/1101
f 1806/1824/1324 1462/1571/1105 1809/1829/1329
f 1800/1830/1330 1515/1577/1111 1452/1575/1109
f 1517/1661/1183 1799/1831/1331 1454/1578/1112
f 1516/1660/1182 1801/1832/1332 1453/1579/1113
f 1802/1833/1333 1540/1580/1114 1451/1576/1110
f 1845/1834/1334 1467/1595/1129 1463/1584/1118
f 1846/1835/1335 1470/1594/1128 1854/1836/1336
f 1843/1837/1337 1468/1597/1131 1464/1581/1115
f 1844/1838/1338 1469/1593/1127 1853/1839/1339
f 1845/1834/1334 1471/1587/1121 1848/1840/1340
f 1843/1837/1337 1472/1585/1119 1847/1841/1341
f 1844/1838/1338 1474/1589/1123 1466/1582/1116
f 1846/1835/1335 1473/1591/1125 1465/1583/1117
f 1851/1842/1342 1476/1598/1132 1468/1597/1131
f 1852/1843/1343 1477/1596/1130 1467/1595/1129
f 1475/1611/1145 1854/1836/1336 1470/1594/1128
f 1478/1610/1144 1853/1839/1339 1469/1593/1127
f 1847/1841/1341 1481/1586/1120 1862/1844/1344
f 1848/1840/1340 1482/1588/1122 1861/1845/1345
f 1850/1846/1346 1480/1590/1124 1474/1589/1123
f 1849/1847/1347 1479/1592/1126 1473/1591/1125
f 1484/1624/1157 1866/1848/1348 1863/1849/1348
f 1483/1625/1158 1870/1850/1349 1864/1851/1349
f 1488/1623/1157 1863/1849/1348 1868/1852/1348
f 1864/1851/1349 1486/1630/1158 1483/1625/1158
f 1869/1853/1349 1486/1630/1158 1874/1854/1349
f 1873/1855/1349 1485/1627/1158 1492/1631/1158
f 1867/1856/1348 1488/1623/1157 1868/1852/1348
f 1865/1857/1348 1487/1626/1157 1491/1635/1157
f 1871/1858/1348 1489/1628/1157 1867/1856/1348
f 1872/1859/1349 1490/1629/1158 1869/1853/1349
f 1856/1860/1350 1496/1609/1143 1476/1598/1132
f 1855/1861/1351 1498/1612/1146 1477/1596/1130
f 1497/1648/1170 1858/1862/1352 1478/1610/1144
f 1495/1647/1169 1857/1863/1353 1475/1611/1145
f 1859/1864/1354 1514/1608/1142 1480/1590/1124
f 1860/1865/1355 1513/1607/1141 1479/1592/1126
f 1511/1662/1184 1862/1844/1344 1481/1586/1120
f 1512/1663/1185 1861/1845/1345 1482/1588/1122
f 1887/1866/1356 1491/1635/1157 1496/1609/1143
f 1494/1634/1157 1888/1867/1357 1497/1648/1170
f 1889/1868/1358 1492/1631/1158 1498/1612/1146
f 1493/1633/1158 1886/1869/1359 1495/1647/1169
f 1503/1651/1173 1893/1870/1360 1499/1658/1180
f 1892/1871/1361 1505/1652/1174 1501/1655/1177
f 1506/1654/1176 1890/1872/1362 1500/1657/1179
f 1891/1873/1363 1504/1649/1171 1502/1656/1178
f 1875/1874/1364 1507/1650/1172 1504/1649/1171
f 1876/1875/1365 1510/1653/1175 1505/1652/1174
f 1508/1659/1181 1877/1876/1366 1503/1651/1173
f 1509/1664/1186 1878/1877/1367 1506/1654/1176
f 1500/1657/1179 1881/1878/1368 1511/1662/1184
f 1882/1879/1369 1501/1655/1177 1514/1608/1142
f 1499/1658/1180 1880/1880/1370 1512/1663/1185
f 1879/1881/1371 1502/1656/1178 1513/1607/1141
f 1896/1882/1372 1516/1660/1182 1507/1650/1172
f 1895/1883/1373 1517/1661/1183 1510/1653/1175
f 1897/1884/1374 1515/1577/1111 1885/1885/1375
f 1894/1886/1376 1540/1580/1114 1898/1887/1377
f 1731/1805/1305 1743/1772/1278 1589/1713/1215
f 1732/1806/1306 1744/1771/1277 1591/1712/1223
f 1592/1708/1220 1745/1774/1280 1734/1803/1303
f 1590/1710/1216 1746/1776/1282 1733/1804/1304
f 1606/1888/1378 1593/1737/1243 1605/1889/1379
f 1605/1889/1379 1593/1737/1243 1633/1746/1252
f 1623/1890/1380 1600/1748/1254 1602/1739/1245
f 1624/1891/1381 1601/1749/1255 1603/1738/1244
f 1622/1892/1382 1599/1741/1247 1621/1893/1383
f 1618/1894/1384 1606/1895/1378 1605/1896/1379
f 1660/1742/1248 1594/1736/1242 1606/1888/1378
f 1621/1893/1383 1599/1741/1247 1632/1747/1253
f 1631/1773/1279 1600/1748/1254 1620/1897/1385
f 1634/1775/1281 1601/1749/1255 1619/1898/1386
f 1616/1899/1387 1620/1900/1385 1623/1901/1380
f 1623/1890/1380 1602/1739/1245 1658/1743/1249
f 1624/1891/1381 1603/1738/1244 1657/1744/1250
f 1659/1745/1251 1604/1740/1246 1622/1892/1382
f 1618/1902/1384 1605/1896/1379 1647/1903/1388
f 1622/1904/1382 1617/1905/1389 1635/1906/1390
f 1615/1907/1391 1624/1908/1381 1636/1909/1392
f 1651/1910/1393 1606/1895/1378 1618/1911/1384
f 1630/1912/1394 1625/1913/1395 1616/1914/1387
f 1629/1915/1396 1618/1902/1384 1628/1916/1397
f 1633/1746/1252 1647/1917/1388 1605/1889/1379
f 1615/1918/1391 1648/1919/1398 1619/1920/1386
f 1616/1921/1387 1649/1922/1399 1620/1900/1385
f 1617/1905/1389 1621/1923/1383 1650/1924/1400
f 1616/1914/1387 1623/1901/1380 1652/1925/1401
f 1635/1906/1390 1626/1926/1402 1645/1927/1403
f 1627/1928/1404 1636/1909/1392 1646/1929/1405
f 1620/1897/1385 1649/1930/1399 1631/1773/1279
f 1619/1898/1386 1648/1931/1398 1634/1775/1281
f 1632/1747/1253 1650/1932/1400 1621/1893/1383
f 1643/1933/1406 1628/1916/1397 1638/1934/1407
f 1625/1913/1395 1641/1935/1408 1640/1936/1409
f 1654/1937/1410 1622/1904/1382 1635/1938/1390
f 1653/1939/1411 1636/1909/1392 1624/1908/1381
f 1606/1888/1378 1651/1940/1393 1660/1742/1248
f 1644/1941/1412 1626/1926/1402 1637/1942/1413
f 1627/1928/1404 1642/1943/1414 1639/1944/1415
f 1655/1945/1416 1641/1935/1408 1630/1912/1394
f 1622/1892/1382 1654/1946/1410 1659/1745/1251
f 1657/1744/1250 1653/1947/1411 1624/1891/1381
f 1658/1743/1249 1652/1948/1401 1623/1890/1380
f 1629/1915/1396 1643/1933/1406 1669/1949/1417
f 1645/1927/1403 1644/1941/1412 1656/1950/1418
f 1668/1951/1419 1642/1943/1414 1646/1929/1405
f 1666/1952/1420 1638/1934/1407 1663/1953/1421
f 1639/1944/1415 1667/1954/1422 1661/1955/1423
f 1664/1956/1424 1637/1942/1413 1662/1957/1425
f 1641/1935/1408 1674/1958/1426 1640/1936/1409
f 1670/1959/1427 1663/1953/1421 1638/1934/1407
f 1639/1944/1415 1661/1955/1423 1671/1960/1428
f 1672/1961/1429 1667/1954/1422 1642/1943/1414
f 1643/1933/1406 1666/1952/1420 1673/1962/1430
f 1642/1943/1414 1668/1951/1419 1672/1961/1429
f 1673/1962/1430 1669/1949/1417 1643/1933/1406
f 1641/1935/1408 1655/1945/1416 1675/1963/1431
f 1676/1964/1432 1656/1950/1418 1644/1941/1412
f 1644/1941/1412 1664/1956/1424 1676/1964/1432
f 1675/1963/1431 1665/1965/1433 1641/1935/1408
f 1691/1966/1434 1671/1960/1428 1661/1955/1423
f 1692/1967/1435 1673/1962/1430 1666/1952/1420
f 1665/1965/1433 1675/1963/1431 1694/1968/1436
f 1663/1953/1421 1670/1959/1427 1696/1969/1437
f 1667/1954/1422 1672/1961/1429 1698/1970/1438
f 1663/1953/1421 1692/1971/1435 1666/1952/1420
f 1667/1954/1422 1691/1972/1434 1661/1955/1423
f 1662/1957/1425 1697/1973/1439 1664/1956/1424
f 1697/1974/1439 1676/1964/1432 1664/1956/1424
f 1768/1975/1440 1648/1919/1398 1615/1918/1391
f 1767/1976/1441 1617/1977/1389 1650/1924/1400
f 1772/1978/1442 1649/1922/1399 1616/1921/1387
f 1771/1979/1443 1618/1980/1384 1647/1903/1388
f 1652/1925/1401 1769/1981/1444 1616/1982/1387
f 1651/1910/1393 1618/1911/1384 1770/1983/1445
f 1665/1965/1433 1695/1984/1446 1674/1958/1426
f 1634/1775/1281 1648/1931/1398 1768/1985/1440
f 1767/1986/1441 1650/1932/1400 1632/1747/1253
f 1771/1987/1443 1647/1917/1388 1633/1746/1252
f 1631/1773/1279 1649/1930/1399 1772/1988/1442
f 1654/1937/1410 1635/1938/1390 1774/1989/1447
f 1653/1939/1411 1773/1990/1448 1636/1991/1392
f 1693/1992/1449 1662/1993/1425 1701/1994/1450
f 1626/1995/1402 1767/1976/1441 1776/1996/1451
f 1627/1997/1404 1768/1998/1440 1615/1918/1391
f 1769/1981/1444 1630/1999/1394 1616/1982/1387
f 1775/2000/1452 1616/1921/1387 1625/2001/1395
f 1770/2002/1445 1629/2003/1396 1782/2004/1453
f 1628/2005/1397 1771/1979/1443 1777/2006/1454
f 1637/2007/1413 1701/1994/1450 1662/1993/1425
f 1761/2008/1455 1627/1997/1404 1639/2009/1415
f 1626/1995/1402 1760/2010/1456 1637/2007/1413
f 1762/2011/1457 1625/2001/1395 1640/2012/1409
f 1628/2005/1397 1759/2013/1458 1638/2014/1407
f 1761/2008/1455 1671/1960/1428 1699/2015/1459
f 1670/1959/1427 1759/2013/1458 1700/2016/1460
f 1640/2012/1409 1702/2017/1461 1762/2011/1457
f 1702/2017/1461 1674/2018/1426 1695/2019/1446
f 1655/1945/1416 1780/2020/1462 1765/2021/1463
f 1669/1949/1417 1782/2004/1453 1629/2003/1396
f 1635/1938/1390 1781/2022/1464 1774/2023/1447
f 1673/1962/1430 1764/2024/1465 1669/1949/1417
f 1763/2025/1466 1672/1961/1429 1668/1951/1419
f 1765/2021/1463 1675/1963/1431 1655/1945/1416
f 1676/1964/1432 1766/2026/1467 1656/1950/1418
f 1779/2027/1468 1636/1991/1392 1773/1990/1448
f 1656/1950/1418 1781/2022/1464 1645/2028/1403
f 1691/1966/1434 1699/2015/1459 1671/1960/1428
f 1668/1951/1419 1779/2027/1468 1763/2025/1466
f 1705/2029/1469 1692/1967/1435 1708/2030/1470
f 1704/2031/1471 1694/1968/1436 1675/1963/1431
f 1696/1969/1437 1700/2016/1460 1710/2032/1472
f 1706/2033/1473 1698/1970/1438 1672/1961/1429
f 1703/2034/1474 1697/1974/1439 1714/2035/1475
f 1708/2036/1470 1696/2037/1437 1710/2038/1472
f 1707/2039/1476 1698/2040/1438 1711/2041/1477
f 1709/2042/1478 1695/1984/1446 1694/2043/1436
f 1697/1973/1439 1712/2044/1479 1714/2045/1475
f 1701/1994/1450 1712/2046/1479 1693/1992/1449
f 1695/2019/1446 1713/2047/1480 1702/2017/1461
f 1783/2048/1481 1658/1743/1249 1690/1750/1256
f 1786/2049/1482 1657/1744/1250 1689/1752/1258
f 1687/1753/1259 1659/1745/1251 1785/2050/1483
f 1688/1751/1257 1660/1742/1248 1784/2051/1484
f 1770/2052/1445 1660/1742/1248 1651/1940/1393
f 1658/1743/1249 1769/2053/1444 1652/1948/1401
f 1657/1744/1250 1773/2054/1448 1653/1947/1411
f 1774/2055/1447 1659/1745/1251 1654/1946/1410
f 1768/1985/1440 1812/2056/1485 1634/1775/1281
f 1632/1747/1253 1813/2057/1486 1767/1986/1441
f 1633/1746/1252 1814/2058/1487 1771/1987/1443
f 1772/1988/1442 1811/2059/1488 1631/1773/1279
f 1838/2060/1489 1699/2015/1459 1707/2061/1476
f 1710/2032/1472 1700/2016/1460 1837/2062/1490
f 1709/2063/1478 1704/2031/1471 1842/2064/1491
f 1840/2065/1492 1705/2029/1469 1708/2030/1470
f 1835/2066/1493 1702/2017/1461 1713/2047/1480
f 1712/2046/1479 1701/1994/1450 1836/2067/1494
f 1711/2068/1477 1706/2033/1473 1841/2069/1495
f 1839/2070/1496 1703/2034/1474 1714/2035/1475
f 1761/2008/1455 1699/2015/1459 1838/2060/1489
f 1836/2067/1494 1701/1994/1450 1760/2010/1456
f 1837/2062/1490 1700/2016/1460 1759/2013/1458
f 1762/2011/1457 1702/2017/1461 1835/2066/1493
f 1842/2064/1491 1704/2031/1471 1765/2021/1463
f 1766/2026/1467 1703/2034/1474 1839/2070/1496
f 1841/2069/1495 1706/2033/1473 1763/2025/1466
f 1764/2024/1465 1705/2029/1469 1840/2065/1492
f 1608/1755/1261 1902/2071/1497 2071/2072/1498
f 1610/1729/1239 1901/2073/1499 1595/1728/1238
f 1609/1757/1263 1899/2074/1500 2074/2075/1501
f 1607/1726/1236 1900/2076/1502 1596/1725/1235
f 1902/2077/1497 1612/1735/1241 2078/2078/1503
f 1899/2079/1500 1614/1732/1240 2075/2080/1504
f 1901/2081/1499 1611/1761/1267 1595/1733/1238
f 1900/2082/1502 1613/1758/1264 1596/1730/1235
f 1777/2006/1454 1828/2083/1505 1759/2013/1458
f 1776/1996/1451 1827/2084/1506 1760/2010/1456
f 1829/2085/1507 1778/2086/1508 1761/2008/1455
f 1830/2087/1509 1775/2000/1452 1762/2011/1457
f 1832/2088/1510 1779/2027/1468 1825/2089/1511
f 1833/2090/1512 1780/2020/1462 1826/2091/1513
f 1781/2022/1464 1834/2092/1514 1823/2093/1515
f 1782/2004/1453 1831/2094/1516 1824/2095/1517
f 1778/2086/1508 1812/2096/1485 1768/1998/1440
f 1776/1996/1451 1813/2097/1486 1820/2098/1518
f 1777/2006/1454 1814/2099/1487 1821/2100/1519
f 1775/2000/1452 1811/2101/1488 1772/2102/1442
f 1815/2103/1520 1782/2004/1453 1824/2095/1517
f 1816/2104/1521 1780/2020/1462 1769/1981/1444
f 1817/2105/1522 1779/2027/1468 1773/1990/1448
f 1818/2106/1523 1781/2022/1464 1823/2093/1515
f 1784/2051/1484 1770/2052/1445 1815/2107/1520
f 1816/2108/1521 1769/2053/1444 1783/2048/1481
f 1817/2109/1522 1773/2054/1448 1786/2049/1482
f 1785/2050/1483 1774/2055/1447 1818/2110/1523
f 1760/2010/1456 1827/2084/1506 1836/2067/1494
f 1838/2060/1489 1829/2085/1507 1761/2008/1455
f 1759/2013/1458 1828/2083/1505 1837/2062/1490
f 1835/2066/1493 1830/2087/1509 1762/2011/1457
f 1763/2025/1466 1832/2088/1510 1841/2069/1495
f 1765/2021/1463 1833/2090/1512 1842/2064/1491
f 1839/2070/1496 1834/2092/1514 1766/2026/1467
f 1840/2065/1492 1831/2094/1516 1764/2024/1465
f 2060/2111/1524 1813/2057/1486 1632/1747/1253
f 2062/2112/1525 1814/2058/1487 1633/1746/1252
f 1634/1775/1281 1812/2056/1485 2061/2113/1526
f 1631/1773/1279 1811/2059/1488 2079/2114/1527
f 1928/2115/1528 1713/2116/1480 1709/2042/1478
f 1931/2117/1529 1711/2041/1477 1933/2118/1530
f 1927/2119/1531 1712/2044/1479 1932/2120/1532
f 1842/2064/1491 1928/2121/1528 1709/2063/1478
f 1837/2062/1490 1930/2122/1533 1710/2032/1472
f 1707/2061/1476 1931/2123/1529 1838/2060/1489
f 1713/2047/1480 1929/2124/1534 1835/2066/1493
f 1841/2069/1495 1933/2125/1530 1711/2068/1477
f 1714/2035/1475 1927/2126/1531 1839/2070/1496
f 1836/2067/1494 1932/2127/1532 1712/2046/1479
f 1986/2128/1535 1710/2038/1472 2063/2129/1536
f 1708/2030/1470 1986/2130/1535 1840/2065/1492
f 1732/1806/1306 1730/1721/1231 2713/2131/1537
f 2738/2132/1538 1729/1723/1233 1733/1804/1304
f 2719/2133/1539 1727/1722/1232 1734/1803/1303
f 1731/1805/1305 1728/1720/1230 2735/2134/1540
f 1736/1793/1293 2071/2072/1498 2703/2135/1541
f 1735/1794/1294 2074/2075/1501 2742/2136/1542
f 1737/1754/1260 2072/2137/1543 1607/1726/1236
f 1738/1756/1262 2073/2138/1544 1610/1729/1239
f 2078/2078/1503 1742/1759/1265 2728/2139/1545
f 2077/2140/1546 1740/1801/1301 1611/1761/1267
f 2075/2080/1504 1741/1760/1266 2730/2141/1547
f 2076/2142/1548 1739/1799/1299 1613/1758/1264
f 2548/2143/1549 1682/2144/1550 1679/1762/1268
f 2547/2145/1551 1680/1763/1269 2551/2146/1552
f 1682/2144/1550 2550/2147/1553 1681/1766/1272
f 1680/1763/1269 2549/2148/1554 2551/2146/1552
f 1679/1762/1268 2553/2149/1555 2548/2143/1549
f 1677/1764/1270 2556/2150/1556 1685/1769/1275
f 1678/1765/1271 2554/2151/1557 2549/2148/1554
f 1681/1766/1272 2555/2152/1558 1686/1768/1274
f 1685/1769/1275 2560/2153/1559 1689/1752/1258
f 1684/1767/1273 2558/2154/1560 2553/2149/1555
f 1686/1768/1274 2557/2155/1561 1690/1750/1256
f 1683/1770/1276 2559/2156/1562 2554/2151/1557
f 1745/1774/1280 2197/2157/1563 2718/2158/1564
f 2196/2159/1565 1744/1771/1277 2705/2160/1566
f 1746/1776/1282 2199/2161/1567 2737/2162/1568
f 2198/2163/1569 1743/1772/1278 2708/2164/1570
f 2061/2113/1526 2199/2161/1567 1634/1775/1281
f 1632/1747/1253 2196/2159/1565 2060/2111/1524
f 1633/1746/1252 2198/2163/1569 2062/2112/1525
f 2079/2114/1527 2197/2157/1563 1631/1773/1279
f 1783/2048/1481 2065/2165/1571 1816/2108/1521
f 1815/2107/1520 2066/2166/1572 1784/2051/1484
f 1786/2049/1482 2080/2167/1573 1817/2109/1522
f 1818/2110/1523 2081/2168/1574 1785/2050/1483
f 2063/2129/1536 1710/2032/1472 1930/2122/1533
f 1790/1813/1313 1904/2169/1575 1906/2170/1576
f 1789/1810/1310 1903/2171/1577 1905/2172/1578
f 1787/1809/1309 1907/2173/1579 1903/2171/1577
f 1908/2174/1580 1788/1812/1312 1794/1815/1315
f 1789/1810/1310 1909/2175/1581 1792/1817/1317
f 1910/2176/1582 1790/1813/1313 1906/2170/1576
f 1912/2177/1582 1791/1816/1316 1910/2176/1582
f 1911/2178/1581 1792/1817/1317 1909/2175/1581
f 1793/1814/1314 1914/2179/1579 1907/2173/1579
f 1794/1815/1315 1913/2180/1580 1908/2174/1580
f 1797/1820/1320 1919/2181/1583 1804/1822/1322
f 1921/2182/1584 1796/1819/1319 1803/1825/1325
f 1920/2183/1585 1795/1818/1318 1806/1824/1324
f 1798/1821/1321 1922/2184/1586 1805/1823/1323
f 1925/2185/1587 1799/1831/1331 1916/2186/1588
f 1926/2187/1589 1801/1832/1332 1917/2188/1590
f 1800/1830/1330 1924/2189/1591 1915/2190/1592
f 1802/1833/1333 1923/2191/1593 1918/2192/1594
f 1919/2181/1583 1810/1826/1326 1804/1822/1322
f 1922/2184/1586 1807/1828/1328 1805/1823/1323
f 1809/1829/1329 1920/2183/1585 1806/1824/1324
f 1808/1827/1327 1921/2182/1584 1803/1825/1325
f 1898/1887/1377 1802/1833/1333 1918/2192/1594
f 2558/2154/1560 1785/2050/1483 2693/2193/1595
f 2559/2156/1562 1784/2051/1484 2682/2194/1596
f 2560/2153/1559 1786/2049/1482 1689/1752/1258
f 2557/2155/1561 1783/2048/1481 1690/1750/1256
f 1820/2098/1518 2060/2195/1524 2096/2196/1597
f 1821/2100/1519 2062/2197/1525 2097/2198/1598
f 1822/2199/1599 2061/2200/1526 1812/2096/1485
f 1824/2095/1517 2066/2201/1572 1815/2103/1520
f 1826/2091/1513 2065/2202/1571 2101/2203/1600
f 1819/2204/1601 2079/2205/1527 1811/2101/1488
f 1825/2089/1511 2080/2206/1573 2102/2207/1602
f 1823/2093/1515 2081/2208/1574 1818/2106/1523
f 1827/2084/1506 2096/2196/1597 2130/2209/1603
f 1829/2085/1507 2099/2210/1604 1822/2199/1599
f 1830/2087/1509 2098/2211/1605 1819/2204/1601
f 1828/2083/1505 2097/2198/1598 2131/2212/1606
f 2101/2203/1600 1833/2090/1512 1826/2091/1513
f 2100/2213/1607 1831/2094/1516 2133/2214/1608
f 2102/2207/1602 1832/2088/1510 1825/2089/1511
f 2103/2215/1609 1834/2092/1514 2135/2216/1610
f 1715/1782/1283 2739/2217/1611 2729/2218/1611
f 2710/2219/1612 1722/1779/1284 1724/1785/1285
f 1716/1777/1283 2731/2220/1611 1720/1784/1283
f 1718/1778/1284 2711/2221/1612 1725/1787/1287
f 2736/2222/1611 1715/1782/1283 2729/2218/1611
f 1717/1780/1284 2707/2223/1612 2741/2224/1612
f 2734/2225/1611 1719/1781/1283 1723/1788/1288
f 1721/1783/1284 2714/2226/1612 1718/1778/1284
f 2725/2227/1612 1717/1780/1284 2741/2224/1612
f 1720/1784/1283 2733/2228/1611 1726/1786/1286
f 2720/2229/1613 1732/1806/1306 2713/2131/1537
f 2709/2230/1614 1734/1803/1303 1745/1774/1280
f 2716/2231/1615 1733/1804/1304 1746/1776/1282
f 2726/2232/1616 1731/1805/1305 2735/2134/1540
f 1725/1787/1287 2712/2233/1617 1750/1789/1289
f 1724/1785/1285 2704/2234/1618 2710/2219/1612
f 1726/1786/1286 2727/2235/1619 1747/1791/1291
f 1723/1788/1288 2740/2236/1620 2734/2225/1611
f 1748/1792/1292 2703/2135/1541 2704/2234/1618
f 1749/1790/1290 2742/2136/1542 2740/2236/1620
f 1747/1791/1291 2706/2237/1621 1737/1754/1260
f 1750/1789/1289 2722/2238/1622 1738/1756/1262
f 1727/1722/1232 2724/2239/1623 1755/1796/1296
f 1728/1720/1230 2721/2240/1624 2735/2134/1540
f 1729/1723/1233 2723/2241/1625 1758/1798/1298
f 1730/1721/1231 2715/2242/1626 2713/2131/1537
f 1754/1800/1300 2732/2243/1627 2701/2244/1628
f 1753/1808/1308 2730/2141/1547 1741/1760/1266
f 1752/1802/1302 2717/2245/1629 2699/2246/1630
f 1751/1807/1307 2728/2139/1545 1742/1759/1265
f 1757/1795/1295 2701/2244/1628 2721/2240/1624
f 1756/1797/1297 2699/2246/1630 2715/2242/1626
f 1755/1796/1296 2700/2247/1631 1753/1808/1308
f 1758/1798/1298 2702/2248/1632 1751/1807/1307
f 2130/2209/1603 1836/2067/1494 1827/2084/1506
f 2131/2212/1606 1837/2062/1490 1828/2083/1505
f 1838/2060/1489 2129/2249/1633 1829/2085/1507
f 1835/2066/1493 2128/2250/1634 1830/2087/1509
f 2135/2216/1610 1839/2070/1496 2142/2251/1635
f 2132/2252/1636 1842/2064/1491 1833/2090/1512
f 2134/2253/1637 1841/2069/1495 1832/2088/1510
f 2133/2214/1608 1840/2065/1492 2141/2254/1638
f 1917/2188/1590 1883/2255/1639 2411/2256/1640
f 1885/1885/1375 1915/2190/1592 2412/2257/1641
f 1916/2186/1588 1884/2258/1642 2413/2259/1643
f 1929/2260/1534 2136/2261/1644 1835/2066/1493
f 1927/2262/1531 2142/2251/1635 1839/2070/1496
f 1842/2064/1491 2140/2263/1645 1928/2264/1528
f 1837/2062/1490 2138/2265/1646 1930/2266/1533
f 1836/2067/1494 2137/2267/1647 1932/2268/1532
f 1931/2269/1529 2139/2270/1648 1838/2060/1489
f 1841/2069/1495 2143/2271/1649 1933/2272/1530
f 1875/1874/1364 1891/1873/1363 2423/2273/1650
f 2424/2274/1651 1890/1872/1362 1878/1877/1367
f 2425/2275/1652 1893/1870/1360 1877/1876/1366
f 1876/1875/1365 1892/1871/1361 2422/2276/1653
f 1986/2277/1535 2141/2254/1638 1840/2065/1492
f 2355/2278/1654 1849/1847/1347 1846/1835/1335
f 1848/1840/1340 2357/2279/1655 1845/1834/1334
f 2356/2280/1656 1850/1846/1346 1844/1838/1338
f 1847/1841/1341 2358/2281/1657 1843/1837/1337
f 1854/1836/1336 2355/2278/1654 1846/1835/1335
f 1853/1839/1339 2356/2280/1656 1844/1838/1338
f 1852/1843/1343 2357/2279/1655 2372/2282/1658
f 1851/1842/1342 2358/2281/1657 2371/2283/1659
f 1855/1861/1351 2372/2282/1658 2376/2284/1660
f 1856/1860/1350 2371/2283/1659 2375/2285/1661
f 2373/2286/1662 1858/1862/1352 2378/2287/1663
f 2374/2288/1664 1857/1863/1353 2377/2289/1665
f 2370/2290/1666 1860/1865/1355 1849/1847/1347
f 2369/2291/1667 1859/1864/1354 1850/1846/1346
f 1862/1844/1344 2367/2292/1668 1847/1841/1341
f 1861/1845/1345 2368/2293/1669 1848/1840/1340
f 1879/1881/1371 2379/2294/1670 2384/2295/1671
f 1882/1879/1369 2380/2296/1672 2386/2297/1673
f 2382/2298/1674 1881/1878/1368 2385/2299/1675
f 2381/2300/1676 1880/1880/1370 2383/2301/1677
f 1887/1866/1356 2375/2285/1661 2420/2302/1678
f 1889/1868/1358 2376/2284/1660 2419/2303/1679
f 2378/2287/1663 1888/1867/1357 2418/2304/1680
f 2377/2289/1665 1886/1869/1359 2421/2305/1681
f 1864/1851/1349 2402/2306/1682 2404/2307/1682
f 1863/1849/1348 2400/2308/1683 2396/2309/1683
f 1866/1848/1348 2401/2310/1683 2400/2308/1683
f 1864/1851/1349 2405/2311/1682 1874/1854/1349
f 1870/1850/1349 2398/2312/1682 2402/2306/1682
f 1867/1856/1348 2403/2313/1683 1871/1858/1348
f 1863/1849/1348 2406/2314/1683 1868/1852/1348
f 1869/1853/1349 2397/2315/1682 1872/1859/1349
f 1868/1852/1348 2395/2316/1683 1867/1856/1348
f 1874/1854/1349 2399/2317/1682 1869/1853/1349
f 2421/2305/1681 1872/1859/1349 2397/2315/1682
f 2418/2304/1680 1871/1858/1348 2403/2313/1683
f 1865/1857/1348 2420/2302/1678 2401/2310/1683
f 1873/1855/1349 2419/2303/1679 2398/2312/1682
f 2409/2318/1684 1894/1886/1376 2415/2319/1685
f 2410/2320/1686 1897/1884/1374 2416/2321/1687
f 1895/1883/1373 2407/2322/1688 2417/2323/1689
f 1896/1882/1372 2408/2324/1690 2414/2325/1691
f 2383/2301/1677 1893/1870/1360 2425/2275/1652
f 2385/2299/1675 1890/1872/1362 2424/2274/1651
f 1892/1871/1361 2386/2297/1673 2422/2276/1653
f 1891/1873/1363 2384/2295/1671 2423/2273/1650
f 2417/2323/1689 1884/2258/1642 1895/1883/1373
f 1885/1885/1375 2416/2321/1687 1897/1884/1374
f 2414/2325/1691 1883/2255/1639 1896/1882/1372
f 1898/1887/1377 2415/2319/1685 1894/1886/1376
f 2065/2165/1571 1783/2048/1481 2684/2326/1692
f 2682/2194/1596 1784/2051/1484 2066/2166/1572
f 2080/2167/1573 1786/2049/1482 2695/2327/1693
f 2693/2193/1595 1785/2050/1483 2081/2168/1574
f 1929/2328/1534 1928/2329/1528 2058/2330/1694
f 2059/2331/1695 1927/2332/1531 1932/2333/1532
f 1931/2334/1529 1933/2335/1530 2057/2336/1696
f 2077/2337/1546 1901/2338/1499 2189/2339/1697
f 2190/2340/1698 1902/2341/1497 2078/2342/1503
f 2076/2343/1548 1900/2344/1502 2191/2345/1699
f 2192/2346/1700 1900/2344/1502 2072/2347/1543
f 2074/2348/1501 1899/2349/1500 2193/2350/1701
f 2194/2351/1702 1899/2349/1500 2075/2352/1504
f 2195/2353/1703 1901/2338/1499 2073/2354/1544
f 1983/2355/1704 1929/2328/1534 2064/2356/1705
f 2069/2357/1706 1999/2358/1707 1927/2332/1531
f 1928/2329/1528 1993/2359/1708 2067/2360/1709
f 2058/2330/1694 2064/2356/1705 1929/2328/1534
f 2067/2360/1709 2058/2330/1694 1928/2329/1528
f 1927/2332/1531 2059/2331/1695 2069/2357/1706
f 2187/2361/1710 2188/2362/1711 1902/2341/1497
f 2185/2363/1712 2189/2339/1697 1901/2338/1499
f 1902/2341/1497 2190/2340/1698 2187/2361/1710
f 1933/2335/1530 1994/2364/1713 2068/2365/1714
f 2186/2366/1715 2191/2345/1699 1900/2344/1502
f 1900/2344/1502 2192/2346/1700 2186/2366/1715
f 2184/2367/1716 2193/2350/1701 1899/2349/1500
f 1899/2349/1500 2194/2351/1702 2184/2367/1716
f 2068/2365/1714 2057/2336/1696 1933/2335/1530
f 1901/2338/1499 2195/2353/1703 2185/2363/1712
f 2110/2368/1717 1982/2369/1718 2054/2370/1719
f 2108/2371/1720 1984/2372/1721 1931/2373/1529
f 2059/2331/1695 2110/2368/1717 2104/2374/1722
f 2108/2371/1720 2057/2336/1696 2107/2375/1723
f 2720/2229/1613 2705/2160/1566 1744/1771/1277
f 2726/2232/1616 2708/2164/1570 1743/1772/1278
f 1745/1774/1280 2718/2158/1564 2709/2230/1614
f 1746/1776/1282 2737/2162/1568 2716/2231/1615
f 2004/2376/1724 1940/2377/1725 1959/2378/1726
f 2005/2379/1727 1948/2380/1728 2008/2381/1729
f 2006/2382/1730 1947/2383/1731 2013/2384/1732
f 2007/2385/1733 1942/2386/1734 1957/2387/1735
f 2009/2388/1736 1935/2389/1737 2010/2390/1738
f 2012/2391/1739 1940/2377/1725 2016/2392/1740
f 1948/2380/1728 2015/2393/1739 2008/2381/1729
f 1947/2383/1731 2018/2394/1741 2013/2384/1732
f 2014/2395/1741 1942/2386/1734 2020/2396/1742
f 2017/2397/1743 1954/2398/1744 2021/2399/1745
f 2018/2394/1741 1951/2400/1746 2025/2401/1747
f 2014/2395/1741 1952/2402/1748 1944/2403/1749
f 2015/2393/1739 1955/2404/1750 2028/2405/1751
f 2012/2391/1739 1950/2406/1752 1943/2407/1753
f 2023/2408/1754 1962/2409/1755 2034/2410/1756
f 2021/2399/1745 1963/2411/1757 2035/2412/1758
f 2027/2413/1759 1961/2414/1760 1952/2402/1748
f 2025/2401/1747 1964/2415/1761 2031/2416/1762
f 1965/2417/1763 2024/2418/1764 2036/2419/1765
f 2049/2420/1766 1959/2378/1726 1974/2421/1767
f 1960/2422/1768 2050/2423/1769 1972/2424/1767
f 1958/2425/1770 2052/2426/1771 1969/2427/1772
f 2029/2428/1773 1971/2429/1774 1961/2414/1760
f 2031/2416/1762 1967/2430/1775 2042/2431/1776
f 2035/2412/1758 1973/2432/1777 2040/2433/1778
f 1966/2434/1779 2036/2419/1765 2037/2435/1780
f 2034/2410/1756 1975/2436/1781 2038/2437/1782
f 1979/2438/1783 2037/2435/1780 2048/2439/1784
f 2044/2440/1785 1980/2441/1786 1970/2442/1787
f 2038/2437/1782 1978/2443/1788 2045/2444/1789
f 2040/2433/1778 1980/2441/1786 2047/2445/1790
f 2043/2446/1791 1978/2443/1788 1971/2429/1774
f 2041/2447/1792 1977/2448/1793 2046/2449/1794
f 1977/2448/1793 2039/2450/1795 2046/2449/1794
f 2042/2431/1776 1979/2438/1783 2048/2439/1784
f 1982/2369/1718 2050/2423/1769 2054/2370/1719
f 1981/2451/1796 2052/2426/1771 2055/2452/1797
f 1983/2355/1704 2049/2420/1766 1974/2421/1767
f 2070/2453/1798 1998/2454/1799 1986/2455/1535
f 2434/2456/1800 1918/2192/1594 2577/2457/1801
f 1993/2359/1708 1990/2458/1802 2086/2459/1803
f 2093/2460/1804 1996/2461/1805 1998/2454/1799
f 2082/2462/1806 2004/2376/1724 2049/2420/1766
f 2052/2426/1771 2006/2382/1730 2083/2463/1807
f 2084/2464/1808 2007/2385/1733 2051/2465/1809
f 2086/2459/1803 2067/2360/1709 1993/2359/1708
f 1998/2454/1799 2070/2453/1798 2093/2460/1804
f 2064/2356/1705 2056/2466/1810 1983/2355/1704
f 2063/2467/1536 2055/2452/1797 2111/2468/1811
f 2050/2423/1769 2005/2379/1727 2095/2469/1812
f 2088/2470/1803 1990/2458/1802 2000/2471/1802
f 2085/2472/1803 1987/2473/1802 1995/2474/1802
f 2090/2475/1803 1991/2476/1802 1987/2473/1802
f 2087/2477/1813 2003/2478/1805 2001/2479/1805
f 1989/2480/1805 2093/2460/1804 2092/2481/1804
f 1995/2474/1802 2089/2482/1803 2085/2472/1803
f 2094/2483/1803 2000/2471/1802 1991/2476/1802
f 2126/2484/1814 1988/2485/1815 1999/2358/1707
f 1994/2364/1713 2002/2486/1816 2125/2487/1817
f 2070/2453/1798 1986/2488/1535 2105/2489/1818
f 2011/2490/1819 1935/2389/1737 2168/2491/1820
f 2069/2357/1706 2059/2331/1695 2104/2374/1722
f 2106/2492/1821 2058/2330/1694 2067/2360/1709
f 2107/2375/1723 2057/2336/1696 2068/2365/1714
f 2022/2493/1822 2172/2494/1823 1950/2406/1752
f 2028/2405/1751 2173/2495/1824 2030/2496/1825
f 2051/2465/1809 1957/2387/1735 2167/2497/1826
f 2091/2498/1804 2002/2486/1816 2003/2478/1805
f 2089/2482/1803 1988/2485/1815 2126/2484/1814
f 2087/2477/1813 1992/2499/1827 2127/2500/1828
f 1997/2501/1829 2092/2481/1804 2124/2502/1830
f 2032/2503/1831 1970/2442/1787 2172/2494/1823
f 2030/2496/1825 1968/2504/1832 2041/2447/1792
f 1976/2505/1833 2033/2506/1834 2039/2450/1795
f 2017/2397/1743 1934/2507/1835 1945/2508/1836
f 2180/2509/1837 1956/2510/1838 2023/2408/1754
f 1999/2358/1707 2069/2357/1706 2126/2484/1814
f 2125/2487/1817 2068/2365/1714 1994/2364/1713
f 2052/2511/1771 2117/2512/1839 2055/2452/1797
f 2118/2513/1840 2051/2514/1809 2053/2515/1841
f 2050/2516/1769 2116/2517/1842 2054/2370/1719
f 2119/2518/1843 2049/2519/1766 2056/2520/1810
f 1984/2372/1721 2051/2465/1809 2167/2497/1826
f 1986/2488/1535 2111/2468/1811 2105/2489/1818
f 2109/2521/1844 2058/2330/1694 2106/2492/1821
f 1992/2499/1827 2124/2502/1830 2127/2500/1828
f 2049/2519/1766 2119/2518/1843 2082/2522/1806
f 2083/2523/1807 2117/2512/1839 2052/2511/1771
f 2051/2514/1809 2118/2513/1840 2084/2524/1808
f 2093/2460/1804 2070/2453/1798 2114/2525/1845
f 2115/2526/1846 2067/2360/1709 2086/2459/1803
f 2095/2527/1812 2116/2517/1842 2050/2516/1769
f 2067/2360/1709 2115/2526/1846 2106/2492/1821
f 2068/2365/1714 2113/2528/1847 2107/2375/1723
f 2105/2489/1818 2114/2525/1845 2070/2453/1798
f 2104/2374/1722 2112/2529/1848 2069/2357/1706
f 2126/2484/1814 2069/2357/1706 2112/2529/1848
f 2113/2528/1847 2068/2365/1714 2125/2487/1817
f 2056/2520/1810 2122/2530/1849 2119/2518/1843
f 2116/2517/1842 2123/2531/1850 2054/2532/1719
f 2117/2512/1839 2121/2533/1851 2055/2534/1797
f 2053/2515/1841 2120/2535/1852 2118/2513/1840
f 2171/2536/1853 2019/2537/1854 2026/2538/1855
f 2166/2539/1856 2026/2538/1855 2033/2506/1834
f 2009/2388/1736 2170/2540/1857 1939/2541/1858
f 2011/2490/1819 1941/2542/1859 2180/2509/1837
f 1953/2543/1860 2179/2544/1861 2024/2418/1764
f 2181/2545/1862 1938/2546/1863 1934/2507/1835
f 1938/2546/1863 2177/2547/1864 1936/2548/1863
f 2178/2549/1864 1936/2548/1863 2177/2547/1864
f 2109/2521/1844 2122/2530/1849 2056/2520/1810
f 2110/2368/1717 2123/2531/1850 2158/2550/1865
f 2108/2371/1720 2120/2535/1852 2053/2515/1841
f 2111/2468/1811 2121/2533/1851 2156/2551/1866
f 2150/2552/1867 2086/2553/1803 2088/2554/1803
f 2089/2555/1803 2152/2556/1868 2085/2472/1803
f 2093/2557/1804 2154/2558/1869 2092/2481/1804
f 2146/2559/1870 2115/2526/1846 2086/2553/1803
f 2093/2557/1804 2114/2525/1845 2153/2560/1871
f 2114/2525/1845 2105/2489/1818 2157/2561/1872
f 2162/2562/1873 2107/2375/1723 2113/2528/1847
f 2112/2529/1848 2104/2374/1722 2155/2563/1874
f 2147/2564/1875 2106/2492/1821 2115/2526/1846
f 2087/2565/1813 2164/2566/1876 2091/2567/1804
f 2126/2568/1814 2152/2556/1868 2089/2555/1803
f 2091/2567/1804 2164/2566/1876 2125/2569/1817
f 2092/2570/1804 2151/2571/1877 2124/2502/1830
f 2090/2572/1803 2145/2573/1867 2094/2574/1803
f 2161/2575/1867 2090/2572/1803 2085/2576/1803
f 2094/2574/1803 2165/2577/1867 2088/2554/1803
f 2127/2578/1828 2144/2579/1878 2087/2565/1813
f 2126/2580/1814 2112/2529/1848 2159/2581/1879
f 2163/2582/1880 2113/2528/1847 2125/2583/1817
f 2160/2584/1881 2107/2375/1723 2162/2562/1873
f 2105/2489/1818 2156/2551/1866 2157/2561/1872
f 2149/2585/1882 2106/2492/1821 2147/2564/1875
f 2104/2374/1722 2158/2550/1865 2155/2563/1874
f 2152/2556/1868 2161/2575/1867 2085/2576/1803
f 2088/2554/1803 2165/2577/1867 2150/2552/1867
f 2153/2560/1871 2154/2558/1869 2093/2557/1804
f 2086/2553/1803 2150/2552/1867 2146/2559/1870
f 2154/2558/1869 2151/2571/1877 2092/2570/1804
f 2019/2537/1854 2170/2540/1857 2175/2586/1883
f 2179/2544/1861 1937/2587/1884 2178/2549/1864
f 2113/2528/1847 2163/2582/1880 2162/2562/1873
f 2155/2563/1874 2159/2581/1879 2112/2529/1848
f 2115/2526/1846 2146/2559/1870 2147/2564/1875
f 2157/2561/1872 2153/2560/1871 2114/2525/1845
f 2118/2588/1840 2182/2589/1885 2084/2524/1808
f 2164/2590/1876 2183/2591/1886 2125/2569/1817
f 2183/2591/1886 2163/2582/1880 2125/2569/1817
f 2119/2592/1843 2200/2593/1887 2082/2522/1806
f 2201/2594/1888 2117/2512/1839 2083/2523/1807
f 2071/2595/1498 2188/2362/1711 2440/2596/1889
f 2063/2597/1536 1930/2266/1533 2216/2598/1890
f 2159/2599/1879 2202/2600/1891 2126/2568/1814
f 2151/2601/1877 2204/2602/1892 2124/2603/1830
f 2202/2600/1891 2152/2556/1868 2126/2568/1814
f 2203/2604/1893 2144/2579/1878 2127/2578/1828
f 2204/2602/1892 2127/2578/1828 2124/2603/1830
f 2287/2605/1894 1974/2606/1767 1959/2607/1726
f 1958/2608/1770 1969/2609/1772 2292/2610/1895
f 1960/2611/1768 1972/2612/1767 2259/2613/1894
f 1980/2614/1786 1973/2615/1777 2298/2616/1896
f 2297/2617/1897 1970/2618/1787 1980/2614/1786
f 1978/2619/1788 1975/2620/1781 2269/2621/1898
f 2259/2613/1894 1972/2612/1767 1982/2622/1718
f 2292/2610/1895 1969/2609/1772 1981/2623/1796
f 1983/2624/1704 1974/2606/1767 2287/2605/1894
f 1993/2625/1708 2207/2626/1899 2222/2627/1900
f 2209/2628/1901 1999/2629/1707 2220/2630/1902
f 2296/2631/1903 2167/2632/1826 1957/2633/1735
f 1984/2634/1721 2167/2632/1826 2296/2631/1903
f 1994/2635/1713 2214/2636/1904 2221/2637/1905
f 2223/2638/1906 1983/2624/1704 2267/2639/1907
f 2206/2640/1908 1982/2622/1718 1932/2641/1532
f 2208/2642/1909 1984/2634/1721 2253/2643/1910
f 2224/2644/1911 1986/2645/1535 1998/2646/1799
f 2001/2647/1805 2226/2648/1912 2218/2649/1912
f 1990/2650/1802 2222/2627/1900 2211/2651/1913
f 2224/2644/1911 1996/2652/1805 2228/2653/1912
f 2210/2654/1913 1995/2655/1802 1987/2656/1802
f 2002/2657/1816 2221/2637/1905 2217/2658/1912
f 2219/2659/1912 1997/2660/1829 1992/2661/1827
f 1997/2660/1829 2227/2662/1912 1989/2663/1805
f 1991/2664/1802 2213/2665/1913 2212/2666/1913
f 2218/2649/1912 1992/2661/1827 2001/2647/1805
f 2230/2667/1913 1985/2668/1802 2215/2669/1913
f 2000/2670/1802 2211/2651/1913 2213/2665/1913
f 2215/2669/1913 1995/2655/1802 2225/2671/1913
f 2212/2666/1913 1987/2656/1802 1991/2664/1802
f 2228/2653/1912 1989/2663/1805 2227/2662/1912
f 2003/2672/1805 2217/2658/1912 2226/2648/1912
f 2220/2630/1902 1988/2673/1815 2230/2667/1913
f 2216/2674/1890 1981/2623/1796 2063/2675/1536
f 2236/2676/1914 2187/2677/1710 2190/2678/1698
f 2238/2679/1915 2191/2680/1699 2186/2681/1715
f 2233/2682/1916 2193/2683/1701 2184/2684/1716
f 2232/2685/1917 2185/2686/1712 2195/2687/1703
f 2244/2688/1918 1967/2689/1775 2289/2690/1919
f 1966/2691/1779 2243/2692/1920 2293/2693/1921
f 1971/2694/1774 2245/2695/1922 2290/2696/1923
f 1938/2697/1863 2295/2698/1924 1934/2699/1835
f 2275/2700/1924 1938/2697/1863 1936/2701/1863
f 1939/2702/1858 2284/2703/1925 1935/2704/1737
f 1936/2701/1863 2262/2705/1926 2275/2700/1924
f 2277/2706/1895 1947/2707/1731 2270/2708/1927
f 1942/2709/1734 2268/2710/1895 2250/2711/1927
f 1941/2712/1859 2278/2713/1928 1956/2714/1838
f 1945/2715/1836 2285/2716/1929 1954/2717/1744
f 1940/2718/1725 2260/2719/1894 2256/2720/1894
f 2261/2721/1930 1943/2722/1753 1950/2723/1752
f 2264/2724/1924 1934/2699/1835 2295/2698/1924
f 1949/2725/1749 2247/2726/1931 1951/2727/1746
f 2266/2728/1894 1948/2729/1728 2265/2730/1894
f 1946/2731/1932 2252/2732/1933 1955/2733/1750
f 2248/2734/1934 1944/2735/1749 1952/2736/1748
f 2250/2711/1927 1957/2633/1735 1942/2709/1734
f 2256/2720/1894 1959/2607/1726 1940/2718/1725
f 2265/2730/1894 1960/2611/1768 2302/2737/1935
f 2270/2708/1927 1958/2608/1770 2258/2738/1927
f 1954/2717/1744 2286/2739/1936 1963/2740/1757
f 1951/2727/1746 2283/2741/1937 1964/2742/1761
f 2301/2743/1938 1952/2736/1748 1961/2744/1760
f 1953/2745/1860 2291/2746/1939 2281/2747/1940
f 1956/2714/1838 2276/2748/1941 1962/2749/1755
f 1962/2749/1755 2269/2621/1898 1975/2620/1781
f 1963/2740/1757 2298/2616/1896 1973/2615/1777
f 2290/2696/1923 1961/2744/1760 1971/2694/1774
f 1965/2750/1763 2293/2693/1921 2291/2746/1939
f 1964/2742/1761 2289/2690/1919 1967/2689/1775
f 2306/2751/1942 1968/2752/1832 2249/2753/1943
f 1976/2754/1833 2304/2755/1944 2274/2756/1945
f 2016/2757/1740 2320/2758/1946 2012/2759/1739
f 2020/2760/1742 2323/2761/1947 2014/2762/1741
f 2319/2763/1948 2013/2764/1732 2018/2765/1741
f 2325/2766/1949 2008/2767/1729 2015/2768/1739
f 2308/2769/1950 2010/2770/1738 2307/2771/1951
f 2010/2770/1738 2311/2772/1952 2307/2771/1951
f 2330/2773/1953 2019/2774/1854 2314/2775/1954
f 2015/2768/1739 2331/2776/1955 2325/2766/1949
f 2329/2777/1956 2017/2778/1743 2021/2779/1745
f 2328/2780/1957 2012/2759/1739 2320/2758/1946
f 2018/2765/1741 2327/2781/1958 2319/2763/1948
f 2333/2782/1959 2014/2762/1741 2323/2761/1947
f 2340/2783/1960 2021/2779/1745 2035/2784/1758
f 2025/2785/1747 2339/2786/1961 2327/2781/1958
f 2335/2787/1962 2026/2788/1855 2330/2773/1953
f 2338/2789/1963 2024/2790/1764 2332/2791/1964
f 2336/2792/1965 2027/2793/1759 2333/2782/1959
f 2341/2794/1966 2023/2795/1754 2034/2796/1756
f 2337/2797/1967 2022/2798/1822 2328/2780/1957
f 2028/2799/1751 2342/2800/1968 2331/2776/1955
f 2031/2801/1762 2343/2802/1969 2339/2786/1961
f 2349/2803/1970 2032/2804/1831 2337/2797/1967
f 2341/2794/1966 2038/2805/1782 2346/2806/1971
f 2340/2783/1960 2040/2807/1778 2350/2808/1972
f 2342/2800/1968 2041/2809/1792 2345/2810/1973
f 2336/2792/1965 2043/2811/1791 2029/2812/1773
f 2037/2813/1780 2338/2789/1963 2347/2814/1974
f 2039/2815/1795 2335/2787/1962 2348/2816/1975
f 2189/2339/1697 2445/2817/1976 2077/2337/1546
f 2349/2803/1970 2047/2818/1790 2044/2819/1785
f 2344/2820/1977 2045/2821/1789 2043/2811/1791
f 2346/2806/1971 2045/2821/1789 2352/2822/1978
f 2350/2808/1972 2047/2818/1790 2351/2823/1979
f 2046/2824/1794 2348/2816/1975 2354/2825/1980
f 2345/2810/1973 2046/2824/1794 2354/2825/1980
f 2343/2802/1969 2048/2826/1784 2353/2827/1981
f 2048/2826/1784 2347/2814/1974 2353/2827/1981
f 2078/2342/1503 2443/2828/1982 2190/2340/1698
f 2191/2345/1699 2446/2829/1983 2076/2343/1548
f 2072/2347/1543 2439/2830/1984 2192/2346/1700
f 2182/2831/1885 2473/2832/1985 2084/2833/1808
f 2193/2350/1701 2442/2834/1986 2074/2348/1501
f 2075/2352/1504 2444/2835/1987 2194/2351/1702
f 2073/2354/1544 2441/2836/1988 2195/2353/1703
f 2284/2703/1925 2168/2837/1820 1935/2704/1737
f 2262/2705/1926 2174/2838/1989 2280/2839/1990
f 2257/2840/1991 2170/2841/1857 2263/2842/1992
f 2279/2843/1993 2168/2837/1820 2288/2844/1992
f 2173/2845/1824 2252/2732/1933 2251/2846/1994
f 2174/2838/1989 2281/2747/1940 2280/2839/1990
f 2172/2847/1823 2261/2721/1930 1950/2723/1752
f 2173/2845/1824 2249/2753/1943 1968/2752/1832
f 2166/2848/1856 2274/2756/1945 2273/2849/1995
f 2297/2617/1897 2172/2847/1823 1970/2618/1787
f 2180/2850/1837 2311/2772/1952 2011/2851/1819
f 2181/2852/1862 2313/2853/1996 2310/2854/1997
f 2175/2855/1883 2308/2769/1950 2312/2856/1998
f 2175/2855/1883 2314/2775/1954 2019/2774/1854
f 2332/2791/1964 2179/2857/1861 2309/2858/1997
f 2334/2859/1999 2180/2850/1837 2023/2795/1754
f 2271/2860/1992 2170/2841/1857 2169/2861/2000
f 2171/2862/1853 2273/2849/1995 2272/2863/2001
f 2169/2861/2000 2272/2863/2001 2271/2860/1992
f 2176/2864/1864 2316/2865/1997 2177/2866/1864
f 2178/2867/1864 2309/2858/1997 2179/2857/1861
f 2318/2868/1997 2177/2866/1864 2316/2865/1997
f 2176/2864/1864 2310/2854/1997 2315/2869/1997
f 2200/2870/1887 2475/2871/2002 2082/2872/1806
f 2474/2873/2003 2201/2874/1888 2083/2875/1807
f 2231/2876/2004 2187/2677/1710 2236/2676/1914
f 2237/2877/2005 2185/2686/1712 2232/2685/1917
f 2234/2878/2006 2186/2681/1715 2192/2879/1700
f 2184/2684/1716 2235/2880/2007 2233/2881/1916
f 2140/2263/1645 2207/2882/1899 1928/2264/1528
f 2223/2883/1906 2136/2261/1644 1929/2260/1534
f 2142/2251/1635 2209/2884/1901 2527/2885/2008
f 1930/2266/1533 2533/2886/2009 2216/2598/1890
f 2208/2887/1909 2139/2270/1648 1931/2269/1529
f 2206/2888/1908 2137/2267/1647 2532/2889/2010
f 2143/2271/1649 2214/2890/1904 1933/2272/1530
f 2241/2891/2011 2243/2692/1920 1979/2892/1783
f 2239/2893/2012 2245/2695/1922 1978/2619/1788
f 1979/2892/1783 2244/2688/1918 2241/2891/2011
f 1980/2614/1786 2246/2894/2013 2242/2895/2014
f 2298/2616/1896 2246/2894/2013 1980/2614/1786
f 1957/2633/1735 2299/2896/1927 2296/2631/1903
f 2259/2613/1894 2302/2737/1935 1960/2611/1768
f 1959/2607/1726 2294/2897/1935 2287/2605/1894
f 2292/2610/1895 2258/2738/1927 1958/2608/1770
f 1982/2622/1718 2255/2898/2015 2259/2613/1894
f 2287/2605/1894 2267/2639/1907 1983/2624/1704
f 1981/2623/1796 2282/2899/2016 2292/2610/1895
f 2296/2631/1903 2253/2643/1910 1984/2634/1721
f 2240/2900/2017 2304/2755/1944 1977/2901/1793
f 1977/2901/1793 2306/2751/1942 2240/2900/2017
f 2242/2895/2014 2305/2902/2018 1980/2614/1786
f 1978/2619/1788 2303/2903/2019 2239/2893/2012
f 2269/2621/1898 2303/2903/2019 1978/2619/1788
f 1980/2614/1786 2305/2902/2018 2297/2617/1897
f 2570/2904/2020 1906/2170/1576 1904/2169/1575
f 2576/2905/2021 1903/2171/1577 2572/2906/2022
f 2565/2907/2023 1904/2169/1575 1908/2174/1580
f 1906/2170/1576 2568/2908/2024 1910/2176/1582
f 1903/2171/1577 2566/2909/2025 2572/2906/2022
f 1905/2172/1578 2567/2910/2026 1909/2175/1581
f 1907/2173/1579 2561/2911/2027 2566/2909/2025
f 1908/2174/1580 2564/2912/2028 2565/2907/2023
f 2562/2913/2029 1910/2176/1582 2568/2908/2024
f 2563/2914/2030 1909/2175/1581 2567/2910/2026
f 1912/2177/1582 2575/2915/2031 1922/2184/1586
f 1913/2180/1580 2573/2916/2032 2564/2912/2028
f 1914/2179/1579 2574/2917/2033 2561/2911/2027
f 1911/2178/1581 2571/2918/2034 1919/2181/1583
f 1918/2192/1594 2584/2919/2035 2577/2457/1801
f 1915/2190/1592 2581/2920/2036 2580/2921/2037
f 2583/2922/2038 1917/2188/1590 2579/2923/2039
f 2582/2924/2040 1916/2186/1588 2578/2925/2041
f 1924/2189/1591 2571/2918/2034 2581/2920/2036
f 1923/2191/1593 2575/2915/2031 2584/2919/2035
f 1926/2187/1589 2573/2916/2032 1921/2182/1584
f 1925/2185/1587 2574/2917/2033 1920/2183/1585
f 2155/2926/1874 2450/2927/2042 2472/2928/2043
f 2157/2929/1872 2447/2930/2044 2451/2931/2045
f 2449/2932/2046 2147/2933/1875 2470/2934/2047
f 2448/2935/2048 2162/2936/1873 2461/2937/2049
f 2464/2938/2050 2151/2939/1877 2154/2940/1869
f 2459/2941/2051 2154/2940/1869 2153/2942/1871
f 2466/2943/2052 2161/2944/1867 2152/2945/1868
f 2163/2946/1880 2461/2937/2049 2162/2936/1873
f 2144/2947/1878 2456/2948/2053 2164/2949/1876
f 2165/2950/1867 2463/2951/2054 2150/2952/1867
f 2472/2928/2043 2159/2953/1879 2155/2926/1874
f 2451/2931/2045 2153/2942/1871 2157/2929/1872
f 2468/2954/2055 2145/2955/1867 2467/2956/2056
f 2150/2952/1867 2457/2957/2055 2146/2958/1870
f 2460/2959/2056 2148/2960/1867 2161/2944/1867
f 2455/2961/2057 2145/2955/1867 2148/2960/1867
f 2146/2958/1870 2470/2934/2047 2147/2933/1875
f 2122/2962/1849 2449/2932/2046 2482/2963/2058
f 2120/2964/1852 2448/2935/2048 2481/2965/2059
f 2123/2966/1850 2450/2927/2042 2158/2967/1865
f 2121/2968/1851 2447/2930/2044 2156/2969/1866
f 2116/2970/1842 2476/2971/2060 2477/2972/2061
f 2477/2972/2061 2123/2966/1850 2116/2970/1842
f 2480/2973/2062 2120/2964/1852 2481/2965/2059
f 2478/2974/2063 2121/2968/1851 2117/2975/1839
f 2479/2976/2064 2122/2962/1849 2482/2963/2058
f 2006/2977/1730 2322/2978/2065 2520/2979/2066
f 2007/2980/1733 2321/2981/2067 2020/2760/1742
f 2141/2254/1638 2205/2982/2068 2530/2983/2069
f 2183/2984/1886 2458/2985/2070 2163/2946/1880
f 2183/2984/1886 2456/2948/2053 2462/2986/2071
f 2004/2987/1724 2326/2988/2072 2016/2757/1740
f 2005/2989/1727 2324/2990/2073 2524/2991/2074
f 2480/2973/2062 2182/2831/1885 2118/2992/1840
f 2454/2993/2075 2202/2994/1891 2159/2953/1879
f 2204/2995/1892 2452/2996/2076 2465/2997/2077
f 2203/2998/1893 2453/2999/2078 2144/2947/1878
f 2202/2994/1891 2466/2943/2052 2152/2945/1868
f 2201/2874/1888 2478/2974/2063 2117/2975/1839
f 2479/2976/2064 2200/2870/1887 2119/3000/1843
f 2006/2977/1730 2510/3001/2079 2083/3002/1807
f 2508/3003/2080 2007/2980/1733 2084/3004/1808
f 2511/3005/2081 2004/2987/1724 2082/3006/1806
f 2005/2989/1727 2509/3007/2082 2095/3008/1812
f 2465/2997/2077 2203/2998/1893 2204/2995/1892
f 2409/2318/1684 2424/2274/1651 1878/1877/1367
f 2410/2320/1686 2425/2275/1652 1877/1876/1366
f 2408/2324/1690 2423/2273/1650 2782/3009/2083
f 2407/2322/1688 2422/2276/1653 2779/3010/2084
f 2511/3005/2081 2082/2872/1806 2475/2871/2002
f 2083/3002/1807 2510/3001/2079 2474/3011/2003
f 2508/3003/2080 2084/2833/1808 2473/2832/1985
f 2095/3008/1812 2509/3007/2082 2476/3012/2060
f 2435/3013/2085 2233/2881/1916 2235/3014/2007
f 2436/3015/2086 2231/2876/2004 2236/2676/1914
f 2437/3016/2087 2237/2877/2005 2232/2685/1917
f 2438/3017/2088 2238/3018/1915 2234/3019/2006
f 2245/3020/1922 2239/3021/2012 2303/3022/2019
f 2306/3023/1942 2304/3024/1944 2240/3025/2017
f 2361/3026/2089 2243/3027/1920 2241/3028/2011
f 2362/3029/2090 2242/3030/2014 2246/3031/2013
f 2363/3032/2091 2245/3033/1922 2303/3022/2019
f 2366/3034/2092 2304/3024/1944 2306/3023/1942
f 2241/3028/2011 2364/3035/2093 2361/3036/2089
f 2362/3029/2090 2305/3037/2018 2242/3030/2014
f 2366/3034/2092 2359/3038/2094 2304/3024/1944
f 2363/3039/2091 2303/3040/2019 2360/3041/2095
f 2427/3042/2096 2233/3043/1916 2435/3013/2085
f 2426/3044/2097 2437/3016/2087 2232/3045/1917
f 2238/3046/1915 2438/3017/2088 2433/3047/2098
f 2236/3048/1914 2430/3049/2099 2436/3015/2086
f 2428/3050/2100 2436/3015/2086 2430/3049/2099
f 2438/3017/2088 2429/3051/2101 2433/3052/2098
f 2437/3016/2087 2431/3053/2102 2237/3054/2005
f 2432/3055/2103 2435/3013/2085 2235/3014/2007
f 2393/3056/2104 2362/3029/2090 2390/3057/2105
f 2392/3058/2106 2361/3036/2089 2364/3035/2093
f 2394/3059/2107 2360/3041/2095 2388/3060/2108
f 2359/3038/2094 2391/3061/2109 2387/3062/2110
f 2130/2209/1603 2532/2889/2010 2137/2267/1647
f 2531/3063/2111 2129/2249/1633 2139/2270/1648
f 2534/3064/2112 2128/2250/1634 2136/2261/1644
f 2131/2212/1606 2533/2886/2009 2138/2265/1646
f 2527/2885/2008 2135/2216/1610 2142/2251/1635
f 2132/2252/1636 2529/3065/2113 2140/2263/1645
f 2530/2983/2069 2133/2214/1608 2141/2254/1638
f 2134/2253/1637 2528/3066/2114 2143/2271/1649
f 2387/3062/2110 2391/3061/2109 2426/3067/2097
f 2392/3058/2106 2433/3052/2098 2389/3068/2115
f 2388/3060/2108 2430/3049/2099 2394/3059/2107
f 2432/3055/2103 2390/3057/2105 2427/3069/2096
f 2389/3068/2115 2433/3052/2098 2429/3051/2101
f 2391/3070/2109 2431/3053/2102 2426/3044/2097
f 2464/2938/2050 2459/3071/2051 2503/3072/2116
f 2452/2996/2076 2464/2938/2050 2503/3072/2116
f 2463/2951/2054 2468/3073/2055 2491/3074/2117
f 2470/2934/2047 2457/2957/2055 2498/3075/2117
f 2651/3076/2118 2098/2211/1605 2128/2250/1634
f 2654/3077/2119 2097/2198/1598 2667/3078/2120
f 2653/3079/2121 2096/2196/1597 2668/3080/2122
f 2652/3081/2123 2099/2210/1604 2129/2249/1633
f 2648/3082/2124 2100/2213/1607 2133/2214/1608
f 2101/2203/1600 2647/3083/2125 2132/2252/1636
f 2649/3084/2126 2103/2215/1609 2135/2216/1610
f 2102/2207/1602 2650/3085/2127 2134/2253/1637
f 2447/3086/2044 2488/3087/2128 2451/3088/2045
f 2501/3089/2129 2448/3090/2048 2461/3091/2049
f 2450/3092/2042 2490/3093/2130 2472/3094/2043
f 2500/3095/2131 2466/3096/2052 2496/3097/2117
f 2457/2957/2055 2491/3074/2117 2498/3075/2117
f 2499/3098/2132 2461/3091/2049 2458/3099/2070
f 2469/3100/2133 2496/3097/2117 2466/3096/2052
f 2472/3094/2043 2493/3101/2117 2454/3102/2075
f 2497/3103/2134 2468/3073/2055 2467/3104/2056
f 2502/3105/2132 2452/3106/2076 2506/3107/2132
f 2454/3102/2075 2492/3108/2117 2469/3100/2133
f 2453/3109/2078 2494/3110/2132 2489/3111/2132
f 2456/3112/2053 2489/3111/2132 2505/3113/2132
f 2494/3110/2132 2465/3114/2077 2502/3105/2132
f 2505/3113/2132 2462/3115/2071 2456/3112/2053
f 2507/3116/2132 2458/3099/2070 2462/3115/2071
f 2503/3117/2116 2506/3107/2132 2452/3106/2076
f 2498/3118/2117 2504/3119/2135 2470/3120/2047
f 2495/3121/2117 2491/3074/2117 2468/3073/2055
f 2485/3122/2136 2481/3123/2059 2448/3090/2048
f 2484/3124/2137 2487/3125/2138 2450/3092/2042
f 2478/2974/2063 2474/3011/2003 2512/3126/2139
f 2477/2972/2061 2476/3012/2060 2513/3127/2140
f 2483/3128/2141 2478/2974/2063 2512/3126/2139
f 2484/3129/2137 2477/2972/2061 2513/3127/2140
f 2451/3088/2045 2517/3130/2142 2459/3071/2051
f 2514/3131/2143 2473/2832/1985 2480/3132/2062
f 2515/3133/2144 2480/3132/2062 2481/3123/2059
f 2504/3119/2135 2449/3134/2046 2470/3120/2047
f 2500/3095/2131 2455/3135/2057 2460/3136/2056
f 2497/3103/2134 2455/3135/2057 2519/3137/2145
f 2476/3012/2060 2509/3007/2082 2513/3127/2140
f 2474/3011/2003 2510/3001/2079 2512/3126/2139
f 2513/3138/2140 2516/3139/2146 2484/3124/2137
f 2483/3140/2141 2486/3141/2147 2447/3086/2044
f 2459/3071/2051 2517/3130/2142 2503/3072/2116
f 2525/3142/2148 2475/2871/2002 2479/3143/2064
f 2412/2257/1641 2580/2921/2037 2671/3144/2149
f 2578/2925/2041 2413/2259/1643 2669/3145/2150
f 2579/2923/2039 2411/2256/1640 2670/3146/2151
f 2518/3147/2152 2482/3148/2058 2449/3134/2046
f 2512/3149/2139 2522/3150/2153 2483/3140/2141
f 2526/3151/2154 2479/3143/2064 2482/3148/2058
f 2508/3003/2080 2514/3152/2143 2521/3153/2155
f 2510/3001/2079 2520/2979/2066 2512/3149/2139
f 2509/3007/2082 2524/2991/2074 2513/3138/2140
f 2494/3110/2132 2502/3154/2132 2545/3155/2156
f 2489/3111/2132 2494/3110/2132 2545/3155/2156
f 2315/2869/1997 2592/3156/2157 2316/2865/1997
f 2311/2772/1952 2589/3157/1998 2599/3158/1998
f 2310/2854/1997 2597/3159/1997 2595/3160/1997
f 2312/2856/1998 2594/3161/2158 2314/2775/1954
f 2318/2868/1997 2591/3162/2157 2309/2858/1997
f 2595/3160/1997 2315/2869/1997 2310/2854/1997
f 2598/3163/2159 2307/2771/1951 2590/3164/1998
f 2593/3165/2157 2316/2865/1997 2592/3156/2157
f 2596/3166/2159 2308/2769/1950 2598/3163/2159
f 2599/3158/1998 2307/2771/1951 2311/2772/1952
f 2324/2990/2073 2604/3167/2160 2607/3168/2161
f 2322/2978/2065 2605/3169/2162 2603/3170/2163
f 2601/3171/2162 2321/2981/2067 2602/3172/2164
f 2600/3173/2160 2326/2988/2072 2606/3174/2165
f 2614/3175/2166 2317/3176/1998 2334/2859/1999
f 2610/3177/2167 2323/2761/1947 2601/3171/2162
f 2611/3178/2168 2320/2758/1946 2600/3173/2160
f 2615/3179/2169 2309/2858/1997 2591/3162/2157
f 2612/3180/2170 2313/2853/1996 2329/2777/1956
f 2613/3181/2171 2314/2775/1954 2594/3161/2158
f 2609/3182/2172 2319/2763/1948 2327/2781/1958
f 2608/3183/2173 2325/2766/1949 2331/2776/1955
f 2618/3184/2174 2328/2780/1957 2611/3178/2168
f 2616/3185/2175 2333/2782/1959 2610/3177/2167
f 2619/3186/2176 2331/2776/1955 2342/2800/1968
f 2617/3187/2177 2327/2781/1958 2339/2786/1961
f 2620/3188/2178 2334/2859/1999 2341/2794/1966
f 2623/3189/2179 2329/2777/1956 2340/2783/1960
f 2621/3190/2180 2332/2791/1964 2615/3179/2169
f 2622/3191/2181 2330/2773/1953 2613/3181/2171
f 2624/3192/2182 2339/2786/1961 2343/2802/1969
f 2625/3193/2183 2342/2800/1968 2345/2810/1973
f 2627/3194/2184 2337/2797/1967 2618/3184/2174
f 2626/3195/2185 2336/2792/1965 2616/3185/2175
f 2631/3196/2186 2341/2794/1966 2346/2806/1971
f 2630/3197/2187 2335/2787/1962 2622/3191/2181
f 2629/3198/2188 2340/2783/1960 2350/2808/1972
f 2628/3199/2189 2338/2789/1963 2621/3190/2180
f 2632/3200/2190 2343/2802/1969 2353/2827/1981
f 2634/3201/2191 2349/2803/1970 2627/3194/2184
f 2635/3202/2192 2344/2820/1977 2626/3195/2185
f 2633/3203/2193 2345/2810/1973 2354/2825/1980
f 2633/3203/2193 2348/2816/1975 2630/3197/2187
f 2634/3201/2191 2350/2808/1972 2351/2823/1979
f 2632/3200/2190 2347/2814/1974 2628/3199/2189
f 2635/3202/2192 2346/2806/1971 2352/2822/1978
f 2061/2200/1526 2665/3204/2194 2675/3205/2195
f 2060/2195/1524 2668/3080/2122 2096/2196/1597
f 2663/3206/2196 2066/2201/1572 2100/2213/1607
f 2661/3207/2197 2065/2202/1571 2674/3208/2198
f 2602/3172/2164 2321/2981/2067 2521/3153/2155
f 2520/2979/2066 2322/2978/2065 2603/3170/2163
f 2062/2197/1525 2667/3078/2120 2097/2198/1598
f 2079/2205/1527 2666/3209/2199 2686/3210/2200
f 2662/3211/2201 2080/2206/1573 2698/3212/2202
f 2664/3213/2203 2081/2208/1574 2103/2215/1609
f 2606/3174/2165 2326/2988/2072 2523/3214/2204
f 2524/2991/2074 2324/2990/2073 2607/3168/2161
f 2441/2836/1988 2073/2354/1544 2722/3215/1622
f 2439/2830/1984 2072/2347/1543 2706/3216/1621
f 2703/3217/1541 2071/2595/1498 2440/2596/1889
f 2742/3218/1542 2074/2348/1501 2442/2834/1986
f 2443/2828/1982 2078/2342/1503 2728/3219/1545
f 2444/2835/1987 2075/2352/1504 2730/3220/1547
f 2732/3221/1627 2076/2343/1548 2446/2829/1983
f 2717/3222/1629 2077/2337/1546 2445/2817/1976
f 2486/3223/2147 2537/3224/2205 2488/3225/2128
f 2538/3226/2206 2485/3227/2136 2501/3228/2129
f 2537/3224/2205 2517/3229/2142 2488/3225/2128
f 2517/3230/2142 2543/3231/2207 2503/3232/2116
f 2542/3233/2156 2505/3234/2132 2489/3235/2132
f 2507/3236/2132 2539/3237/2156 2541/3238/2156
f 2499/3239/2132 2541/3238/2156 2544/3240/2156
f 2506/3241/2132 2540/3242/2156 2502/3154/2132
f 2501/3228/2129 2544/3240/2156 2538/3226/2206
f 2546/3243/2156 2503/3232/2116 2543/3231/2207
f 2511/3005/2081 2525/3244/2148 2523/3214/2204
f 2487/3245/2138 2637/3246/2208 2490/3093/2130
f 2504/3119/2135 2498/3118/2117 2643/3247/2209
f 2498/3118/2117 2491/3248/2117 2643/3247/2209
f 2491/3249/2117 2495/3121/2117 2646/3250/2209
f 2535/3251/2210 2486/3223/2147 2522/3252/2153
f 2536/3253/2211 2515/3254/2144 2485/3227/2136
f 2545/3155/2156 2502/3154/2132 2540/3242/2156
f 2542/3233/2156 2489/3235/2132 2545/3255/2156
f 2586/3256/2212 2512/3257/2139 2520/3258/2066
f 2585/3259/2213 2521/3153/2155 2514/3152/2143
f 2586/3256/2212 2522/3260/2153 2512/3257/2139
f 2504/3261/2135 2645/3262/2214 2518/3263/2152
f 2519/3264/2145 2640/3265/2215 2497/3103/2134
f 2500/3095/2131 2641/3266/2216 2519/3137/2145
f 2514/3152/2143 2587/3267/2217 2585/3259/2213
f 2490/3093/2130 2639/3268/2209 2493/3101/2117
f 2640/3265/2215 2495/3121/2117 2497/3103/2134
f 2493/3101/2117 2642/3269/2209 2492/3108/2117
f 2641/3266/2216 2496/3097/2117 2644/3270/2209
f 2492/3108/2117 2644/3270/2209 2496/3097/2117
f 2636/3271/2218 2516/3272/2146 2659/3273/2219
f 2659/3273/2219 2513/3274/2140 2658/3275/2220
f 2637/3246/2208 2487/3245/2138 2636/3271/2218
f 2638/3276/2209 2491/3248/2117 2646/3277/2209
f 2645/3262/2214 2504/3261/2135 2643/3278/2209
f 2643/3247/2209 2491/3248/2117 2638/3276/2209
f 2518/3279/2152 2660/3280/2221 2526/3281/2154
f 2513/3274/2140 2655/3282/2222 2658/3275/2220
f 2656/3283/2223 2525/3244/2148 2657/3284/2224
f 2657/3284/2224 2526/3281/2154 2660/3280/2221
f 2607/3168/2161 2655/3282/2222 2524/2991/2074
f 2523/3214/2204 2656/3283/2223 2606/3174/2165
f 2577/2457/1801 2672/3285/2225 2434/2456/1800
f 2675/3286/2195 2199/3287/1567 2061/3288/1526
f 2676/3289/2226 2196/3290/1565 3049/3291/2227
f 2694/3292/2228 2198/3293/1569 3031/3294/2229
f 2686/3295/2200 2197/3296/1563 2079/3297/1527
f 2369/2291/1667 2744/3298/2230 2748/3299/2231
f 2368/2293/1669 2746/3300/2232 2357/2279/1655
f 2370/2290/1666 2743/3301/2233 2750/3302/2234
f 2367/2292/1668 2745/3303/2235 2358/2281/1657
f 2372/2282/1658 2746/3300/2232 2754/3304/2236
f 2371/2283/1659 2745/3303/2235 2752/3305/2237
f 2374/2288/1664 2743/3301/2233 2355/2278/1654
f 2373/2286/1662 2744/3298/2230 2356/2280/1656
f 2382/2298/1674 2749/3306/2238 2367/2292/1668
f 2380/2296/1672 2748/3299/2231 2757/3307/2239
f 2379/2294/1670 2750/3302/2234 2755/3308/2240
f 2381/2300/1676 2747/3309/2241 2368/2293/1669
f 2751/3310/2242 2378/2287/1663 2759/3311/2243
f 2375/2285/1661 2752/3305/2237 2762/3312/2244
f 2376/2284/1660 2754/3304/2236 2761/3313/2245
f 2753/3314/2246 2377/2289/1665 2760/3315/2247
f 2756/3316/2248 2383/2301/1677 2765/3317/2249
f 2384/2295/1671 2755/3308/2240 2763/3318/2250
f 2386/2297/1673 2757/3307/2239 2766/3319/2251
f 2758/3320/2252 2385/2299/1675 2764/3321/2253
f 2760/3315/2247 2421/2305/1681 2767/3322/2254
f 2419/2303/1679 2761/3313/2245 2769/3323/2255
f 2759/3311/2243 2418/2304/1680 2768/3324/2256
f 2420/2302/1678 2762/3312/2244 2770/3325/2257
f 2414/2325/1691 2771/3326/2258 2776/3327/2259
f 2772/3328/2260 2416/2321/1687 2778/3329/2261
f 2773/3330/2262 2415/2319/1685 2775/3331/2263
f 2417/2323/1689 2774/3332/2264 2777/3333/2265
f 2423/2273/1650 2763/3318/2250 2782/3009/2083
f 2764/3321/2253 2424/2274/1651 2781/3334/2266
f 2422/2276/1653 2766/3319/2251 2779/3010/2084
f 2765/3317/2249 2425/2275/1652 2780/3335/2267
f 2398/2312/1682 2769/3323/2255 2795/3336/2268
f 2767/3322/2254 2397/2315/1682 2797/3337/2268
f 2768/3324/2256 2403/2313/1683 2793/3338/2269
f 2401/2310/1683 2770/3325/2257 2789/3339/2269
f 2402/2306/1682 2795/3336/2268 2798/3340/2268
f 2396/2309/1683 2790/3341/2269 2406/2314/1683
f 2395/2316/1683 2793/3338/2269 2403/2313/1683
f 2404/2307/1682 2798/3340/2268 2792/3342/2268
f 2396/2309/1683 2796/3343/2269 2787/3344/2269
f 2406/2314/1683 2788/3345/2269 2395/2316/1683
f 2405/2311/1682 2794/3346/2268 2399/2317/1682
f 2400/2308/1683 2789/3339/2269 2796/3343/2269
f 2399/2317/1682 2797/3337/2268 2397/2315/1682
f 2405/2311/1682 2792/3342/2268 2791/3347/2268
f 2412/2257/1641 2778/3329/2261 2416/2321/1687
f 2411/2256/1640 2776/3327/2259 2785/3348/2270
f 2413/2259/1643 2777/3333/2265 2786/3349/2271
f 2775/3331/2263 2434/2456/1800 2784/3350/2272
f 2684/2326/1692 2674/3351/2198 2065/2165/1571
f 2066/2166/1572 2673/3352/2273 2682/2194/1596
f 2695/2327/1693 2698/3353/2202 2080/2167/1573
f 2081/2168/1574 2687/3354/2274 2693/2193/1595
f 2799/3355/2275 2224/2644/1911 2822/3356/2276
f 2222/2627/1900 2801/3357/2277 2818/3358/2278
f 2221/2637/1905 2800/3359/2279 2815/3360/2280
f 2802/3361/2281 2220/2630/1902 2824/3362/2282
f 2225/2671/1913 2817/3363/2283 2823/3364/2283
f 2226/2648/1912 2812/3365/2284 2820/3366/2284
f 2210/2654/1913 2819/3367/2283 2817/3363/2283
f 2808/3368/2284 2227/2662/1912 2816/3369/2284
f 2809/3370/2283 2225/2671/1913 2823/3364/2283
f 2212/2666/1913 2821/3371/2283 2819/3367/2283
f 2213/2665/1913 2814/3372/2283 2821/3371/2283
f 2217/2658/1912 2815/3360/2280 2812/3365/2284
f 2811/3373/2284 2229/3374/1912 2219/2659/1912
f 2229/3374/1912 2816/3369/2284 2227/2662/1912
f 2824/3362/2282 2230/2667/1913 2807/3375/2283
f 2211/2651/1913 2818/3358/2278 2814/3372/2283
f 2807/3375/2283 2215/2669/1913 2809/3370/2283
f 2218/2649/1912 2820/3366/2284 2810/3376/2284
f 2810/3376/2284 2219/2659/1912 2218/2649/1912
f 2822/3356/2276 2228/2653/1912 2808/3368/2284
f 3099/3377/2285 2365/3378/2286 2393/3056/2104
f 2392/3058/2106 2364/3035/2093 3098/3379/2287
f 2388/3060/2108 2360/3041/2095 3104/3380/2288
f 3097/3381/2289 2363/3032/2091 2394/3382/2107
f 3101/3383/2290 2359/3038/2094 2387/3062/2110
f 3102/3384/2291 2361/3026/2089 2389/3385/2115
f 2391/3070/2109 2366/3386/2092 3100/3387/2292
f 2390/3388/2105 2362/3389/2090 3103/3390/2293
f 2806/3391/2294 2253/2643/1910 2899/3392/2295
f 2803/3393/2296 2255/2898/2015 2206/2640/1908
f 2804/3394/2297 2267/2639/1907 2925/3395/2298
f 2805/3396/2299 2282/2899/2016 2216/2674/1890
f 2783/3397/2300 2412/2257/1641 2671/3144/2149
f 2669/3145/2150 2413/2259/1643 2786/3349/2271
f 2670/3146/2151 2411/2256/1640 2785/3348/2270
f 3152/3398/2301 2188/3399/1711 2231/2876/2004
f 2678/3400/2302 2551/2146/1552 2680/3401/2303
f 2552/3402/2304 2683/3403/2305 2550/2147/1553
f 2679/3404/2306 2552/3402/2304 2548/2143/1549
f 2551/2146/1552 2685/3405/2307 2680/3401/2303
f 2697/3406/2308 2550/2147/1553 2683/3403/2305
f 2547/2145/1551 2696/3407/2309 2556/2150/1556
f 2688/3408/2310 2549/2148/1554 2554/2151/1557
f 2548/2143/1549 2692/3409/2311 2679/3404/2306
f 2553/2149/1555 2691/3410/2312 2692/3409/2311
f 2555/2152/1558 2677/3411/2313 2557/2155/1561
f 2554/2151/1557 2690/3412/2314 2688/3408/2310
f 2556/2150/1556 2689/3413/2315 2560/2153/1559
f 2189/3414/1697 2237/2877/2005 3150/3415/2316
f 2234/2878/2006 2192/2879/1700 3151/3416/2317
f 3147/3417/2318 2236/3418/1914 2190/2678/1698
f 2191/2680/1699 2238/2679/1915 3149/3419/2319
f 3153/3420/2320 2193/2683/1701 2233/2682/1916
f 2784/3350/2272 2434/2456/1800 2672/3285/2225
f 2232/3421/1917 2195/2687/1703 3154/3422/2321
f 3148/3423/2322 2235/2880/2007 2194/3424/1702
f 2429/3051/2101 2234/3019/2006 3119/3425/2323
f 2426/3067/2097 2232/3045/1917 3117/3426/2324
f 2427/3042/2096 3120/3427/2325 2233/3043/1916
f 2428/3050/2100 3118/3428/2326 2231/3429/2004
f 3115/3430/2327 2237/3054/2005 2431/3053/2102
f 3116/3431/2328 2238/3046/1915 2433/3047/2098
f 3113/3432/2329 2432/3055/2103 2235/3014/2007
f 3114/3433/2330 2430/3434/2099 2236/3048/1914
f 2530/2983/2069 2799/3435/2275 2851/3436/2331
f 2529/3065/2113 2801/3437/2277 2207/2882/1899
f 2806/3438/2294 2531/3063/2111 2208/2887/1909
f 2803/3439/2296 2532/2889/2010 2855/3440/2332
f 2527/2885/2008 2802/3441/2281 2852/3442/2333
f 2528/3066/2114 2800/3443/2279 2214/2890/1904
f 2805/3444/2299 2533/2886/2009 2858/3445/2334
f 2804/3446/2297 2534/3064/2112 2223/2883/1906
f 2244/2688/1918 2903/3447/2335 2873/3448/2336
f 2876/3449/2337 2290/2696/1923 2245/2695/1922
f 2243/2692/1920 2912/3450/2338 2293/2693/1921
f 2882/3451/2339 2246/2894/2013 2298/2616/1896
f 2249/2753/1943 2871/3452/2340 2306/2751/1942
f 2274/2756/1945 2872/3453/2341 2889/3454/2342
f 2269/2621/1898 2874/3455/2343 2303/2903/2019
f 2877/3456/2344 2297/2617/1897 2305/2902/2018
f 2887/3457/2345 2263/2842/1992 2271/2860/1992
f 2929/3458/2346 2268/2710/1895 2248/2734/1934
f 2259/2613/1894 2910/3459/2347 2302/2737/1935
f 2904/3460/2348 2270/2708/1927 2905/3461/2348
f 2915/3462/2345 2257/2840/1991 2927/3463/2345
f 2291/2746/1939 2912/3450/2338 2913/3464/2349
f 2881/3465/2350 2295/2698/1924 2917/3466/2350
f 2271/2860/1992 2886/3467/2351 2887/3457/2345
f 2893/3468/2347 2302/2737/1935 2910/3459/2347
f 2276/2748/1941 2901/3469/2352 2269/2621/1898
f 2284/2703/1925 2885/3470/2345 2288/2844/1992
f 2282/2899/2016 2920/3471/2348 2292/2610/1895
f 2894/3472/2347 2265/2730/1894 2893/3468/2347
f 2275/2700/1924 2908/3473/2350 2918/3474/2350
f 2932/3475/2353 2301/2743/1938 2290/2696/1923
f 2251/2846/1994 2895/3476/2354 2249/2753/1943
f 2280/2839/1990 2916/3477/2355 2914/3478/2350
f 2272/2863/2001 2888/3479/2356 2886/3467/2351
f 2286/2739/1936 2882/3451/2339 2298/2616/1896
f 2247/2726/1931 2902/3480/2357 2283/2741/1937
f 2880/3481/2358 2261/2721/1930 2300/3482/2359
f 2252/2732/1933 2896/3483/2360 2251/2846/1994
f 2285/2716/1929 2928/3484/2361 2286/2739/1936
f 2892/3485/2362 2260/2719/1894 2261/2721/1930
f 2287/2605/1894 2906/3486/2347 2900/3487/2347
f 2930/3488/2350 2275/2700/1924 2918/3474/2350
f 2891/3489/2348 2253/2643/1910 2296/2631/1903
f 2919/3490/2345 2288/2844/1992 2885/3470/2345
f 2879/3491/2363 2300/3482/2359 2297/2617/1897
f 2277/2706/1895 2898/3492/2364 2247/2726/1931
f 2924/3493/2348 2299/2896/1927 2250/2711/1927
f 2254/3494/1924 2917/3466/2350 2295/2698/1924
f 2914/3478/2350 2262/2705/1926 2280/2839/1990
f 2255/2898/2015 2911/3495/2347 2259/2613/1894
f 2281/2747/1940 2913/3464/2349 2916/3477/2355
f 2934/3496/2365 2248/2734/1934 2301/2743/1938
f 2279/2843/1993 2933/3497/2366 2278/2713/1928
f 2264/2724/1924 2883/3498/2367 2285/2716/1929
f 2900/3487/2347 2267/2639/1907 2287/2605/1894
f 2256/2720/1894 2931/3499/2347 2884/3500/2347
f 2278/2713/1928 2907/3501/2368 2276/2748/1941
f 2884/3500/2347 2294/2897/1935 2256/2720/1894
f 2283/2741/1937 2903/3447/2335 2289/2690/1919
f 2266/2728/1894 2897/3502/2369 2252/2732/1933
f 2257/2840/1991 2890/3503/2345 2927/3463/2345
f 2250/2711/1927 2923/3504/2348 2924/3493/2348
f 2296/2631/1903 2926/3505/2348 2891/3489/2348
f 2905/3461/2348 2258/2738/1927 2921/3506/2348
f 2292/2610/1895 2921/3506/2348 2258/2738/1927
f 2273/2849/1995 2889/3454/2342 2888/3479/2356
f 2521/3507/2155 2946/3508/2370 2602/3172/2164
f 2603/3170/2163 2952/3509/2371 2520/3258/2066
f 2557/2155/1561 2677/3411/2313 2684/2326/1692
f 2682/2194/1596 2690/3412/2314 2559/2156/1562
f 2560/2153/1559 2689/3413/2315 2695/2327/1693
f 2693/2193/1595 2691/3410/2312 2558/2154/1560
f 2836/3510/2372 2543/3231/2207 2517/3230/2142
f 2537/3224/2205 2836/3510/2372 2517/3230/2142
f 2364/3035/2093 2873/3511/2336 3098/3379/2287
f 2363/3032/2091 2876/3512/2337 2245/3033/1922
f 2875/3513/2373 2361/3026/2089 3102/3384/2291
f 2878/3514/2374 2362/3389/2090 2246/3031/2013
f 2306/3023/1942 3100/3387/2292 2366/3386/2092
f 2304/3515/1944 3101/3383/2290 2872/3516/2341
f 3104/3380/2288 2303/3040/2019 2874/3517/2343
f 3099/3377/2285 2305/3037/2018 2365/3378/2286
f 2656/3283/2223 2945/3518/2375 2606/3174/2165
f 2607/3168/2161 2958/3519/2376 2655/3282/2222
f 2537/3224/2205 2826/3520/2377 2832/3521/2378
f 2538/3226/2206 2828/3522/2379 2536/3253/2211
f 2542/3233/2156 2840/3523/2380 2835/3524/2380
f 2541/3238/2156 2848/3525/2380 2544/3240/2156
f 2544/3240/2156 2849/3526/2381 2538/3226/2206
f 2830/3527/2380 2546/3243/2156 2543/3231/2207
f 2847/3528/2380 2542/3233/2156 2835/3524/2380
f 2545/3255/2156 2829/3529/2380 2840/3523/2380
f 2539/3237/2156 2846/3530/2380 2541/3238/2156
f 2540/3242/2156 2831/3531/2380 2829/3529/2380
f 2645/3262/2214 2825/3532/2382 2518/3279/2152
f 2833/3533/2383 2640/3534/2215 2519/3535/2145
f 2641/3536/2216 2833/3533/2383 2519/3535/2145
f 2826/3520/2377 2522/3252/2153 2868/3537/2384
f 2587/3267/2217 2828/3522/2379 2869/3538/2385
f 2637/3539/2208 2827/3540/2386 2841/3541/2387
f 2845/3542/2388 2644/3543/2209 2642/3544/2209
f 2841/3541/2387 2639/3545/2209 2637/3539/2208
f 2640/3534/2215 2839/3546/2388 2646/3277/2209
f 2641/3536/2216 2837/3547/2388 2843/3548/2388
f 2638/3276/2209 2850/3549/2388 2643/3278/2209
f 2646/3277/2209 2834/3550/2388 2638/3276/2209
f 2842/3551/2388 2642/3544/2209 2639/3545/2209
f 2643/3278/2209 2844/3552/2389 2645/3262/2214
f 2660/3280/2221 2825/3532/2382 2870/3553/2390
f 2648/3082/2124 2851/3436/2331 2859/3554/2391
f 2854/3555/2392 2650/3085/2127 2862/3556/2393
f 2853/3557/2394 2647/3083/2125 2861/3558/2395
f 2649/3084/2126 2852/3442/2333 2860/3559/2396
f 2654/3077/2119 2858/3445/2334 2533/2886/2009
f 2651/3076/2118 2856/3560/2397 2863/3561/2398
f 2653/3079/2121 2855/3440/2332 2532/2889/2010
f 2652/3081/2123 2857/3562/2399 2866/3563/2400
f 3105/3564/2401 2391/3070/2109 3100/3387/2292
f 3106/3565/2402 2392/3058/2106 3098/3379/2287
f 3110/3566/2403 2387/3062/2110 2426/3067/2097
f 3112/3567/2404 2390/3388/2105 3103/3390/2293
f 3108/3568/2405 2394/3382/2107 2430/3434/2099
f 3111/3569/2406 2388/3060/2108 3104/3380/2288
f 3107/3570/2407 2393/3056/2104 2432/3055/2103
f 3109/3571/2408 2389/3385/2115 2429/3051/2101
f 2952/3509/2371 2586/3256/2212 2520/3258/2066
f 2585/3259/2213 2946/3508/2370 2521/3507/2155
f 2973/3572/2409 2522/3252/2153 2586/3256/2212
f 2827/3540/2386 2659/3273/2219 2867/3573/2410
f 2587/3267/2217 2974/3574/2411 2585/3259/2213
f 2588/3575/1997 2948/3576/2412 2592/3156/2157
f 2950/3577/2412 2588/3575/1997 2595/3160/1997
f 2596/3166/2159 2943/3578/2413 2594/3161/2158
f 2590/3164/1998 2957/3579/2413 2598/3163/2159
f 2960/3580/2413 2590/3164/1998 2599/3158/1998
f 2593/3165/2157 2956/3581/2412 2591/3162/2157
f 2595/3160/1997 2949/3582/2412 2950/3577/2412
f 2954/3583/2412 2592/3156/2157 2948/3576/2412
f 2599/3158/1998 2961/3584/2413 2960/3580/2413
f 2944/3585/2413 2598/3163/2159 2957/3579/2413
f 2602/3172/2164 2959/3586/2414 2601/3171/2162
f 2607/3168/2161 2953/3587/2415 2958/3519/2376
f 2603/3170/2163 2947/3588/2414 2952/3509/2371
f 2606/3174/2165 2962/3589/2415 2600/3173/2160
f 2964/3590/2416 2604/3167/2160 2608/3183/2173
f 2601/3171/2162 2966/3591/2417 2610/3177/2167
f 2965/3592/2418 2605/3169/2162 2609/3182/2172
f 2600/3173/2160 2963/3593/2419 2611/3178/2168
f 2967/3594/2420 2589/3157/1998 2614/3175/2166
f 2969/3595/2421 2591/3162/2157 2956/3581/2412
f 2968/3596/2422 2594/3161/2158 2943/3578/2413
f 2970/3597/2423 2597/3159/1997 2612/3180/2170
f 2611/3178/2168 2975/3598/2424 2618/3184/2174
f 2610/3177/2167 2976/3599/2425 2616/3185/2175
f 2977/3600/2426 2609/3182/2172 2617/3187/2177
f 2978/3601/2427 2608/3183/2173 2619/3186/2176
f 2979/3602/2428 2614/3175/2166 2620/3188/2178
f 2980/3603/2429 2612/3180/2170 2623/3189/2179
f 2982/3604/2430 2613/3181/2171 2968/3596/2422
f 2981/3605/2431 2615/3179/2169 2969/3595/2421
f 2618/3184/2174 2989/3606/2432 2627/3194/2184
f 2616/3185/2175 2990/3607/2433 2626/3195/2185
f 2987/3608/2434 2619/3186/2176 2625/3193/2183
f 2988/3609/2435 2617/3187/2177 2624/3192/2182
f 2991/3610/2436 2621/3190/2180 2981/3605/2431
f 2993/3611/2437 2622/3191/2181 2982/3604/2430
f 2994/3612/2438 2620/3188/2178 2631/3196/2186
f 2992/3613/2439 2623/3189/2179 2629/3198/2188
f 2998/3614/2440 2625/3193/2183 2633/3203/2193
f 2627/3194/2184 2997/3615/2441 2634/3201/2191
f 2626/3195/2185 2995/3616/2442 2635/3202/2192
f 2996/3617/2443 2624/3192/2182 2632/3200/2190
f 2998/3614/2440 2630/3197/2187 2993/3611/2437
f 2996/3617/2443 2628/3199/2189 2991/3610/2436
f 2995/3616/2442 2631/3196/2186 2635/3202/2192
f 2997/3615/2441 2629/3198/2188 2634/3201/2191
f 2862/3556/2393 2662/3211/2201 2935/3618/2444
f 2861/3558/2395 2661/3207/2197 2937/3619/2445
f 2664/3213/2203 2860/3559/2396 2936/3620/2446
f 2663/3206/2196 2859/3554/2391 2938/3621/2447
f 2665/3204/2194 2866/3563/2400 2942/3622/2448
f 2666/3209/2199 2863/3561/2398 2940/3623/2449
f 2865/3624/2450 2668/3080/2122 2939/3625/2451
f 2864/3626/2452 2667/3078/2120 2941/3627/2453
f 2655/3282/2222 2972/3628/2454 2658/3275/2220
f 2656/3283/2223 2971/3629/2455 2945/3518/2375
f 2972/3628/2454 2659/3273/2219 2658/3275/2220
f 2660/3280/2221 2971/3629/2455 2657/3284/2224
f 2737/3630/1568 3070/3631/2456 3072/3632/2457
f 3049/3291/2227 2705/3633/1566 3042/3634/2458
f 3031/3294/2229 2708/3635/1570 3066/3636/2459
f 2718/3637/1564 3038/3638/2460 3057/3639/2461
f 2583/2922/2038 3075/3640/2462 3086/3641/2463
f 3076/3642/2464 2581/2920/2036 3082/3643/2465
f 2582/2924/2040 3074/3644/2466 3081/3645/2467
f 3073/3646/2468 2584/2919/2035 3088/3647/2469
f 3079/3648/2470 2564/2912/2028 2573/2916/2032
f 3078/3649/2471 2561/2911/2027 2574/2917/2033
f 3077/3650/2472 2563/2914/2030 3085/3651/2473
f 3080/3652/2474 2562/2913/2029 3084/3653/2475
f 2567/2910/2026 3085/3651/2473 2563/2914/2030
f 2565/2907/2023 3087/3654/2476 3090/3655/2477
f 2566/2909/2025 3083/3656/2478 3089/3657/2479
f 2568/2908/2024 3084/3653/2475 2562/2913/2029
f 2570/2904/2020 3090/3655/2477 3093/3658/2480
f 2569/3659/2481 3092/3660/2482 2568/2908/2024
f 3091/3661/2483 2576/2905/2021 3095/3662/2484
f 2572/2906/2022 3089/3657/2479 3094/3663/2485
f 3094/3663/2485 2576/2905/2021 2572/2906/2022
f 2569/3659/2481 3093/3658/2480 3096/3664/2486
f 3079/3648/2470 2583/2922/2038 3086/3641/2463
f 3077/3650/2472 2581/2920/2036 2571/2918/2034
f 3078/3649/2471 2582/2924/2040 3081/3645/2467
f 3080/3652/2474 2584/2919/2035 2575/2915/2031
f 2868/3537/2384 2522/3252/2153 2983/3665/2487
f 2440/2596/1889 3152/3666/2301 3187/3667/2488
f 3150/3668/2316 2445/2817/1976 2189/2339/1697
f 3147/3669/2318 2443/2828/1982 3185/3670/2489
f 3149/3671/2319 2446/2829/1983 2191/2345/1699
f 2439/2830/1984 3151/3672/2317 2192/2346/1700
f 2442/2834/1986 3153/3673/2320 3182/3674/2490
f 3148/3675/2322 2444/2835/1987 3181/3676/2491
f 2441/2836/1988 3154/3677/2321 2195/2353/1703
f 2772/3328/2260 2780/3335/2267 2410/2320/1686
f 2774/3332/2264 2779/3010/2084 3258/3678/2492
f 2771/3326/2258 2782/3009/2083 3259/3679/2493
f 2773/3330/2262 2781/3334/2266 2409/2318/1684
f 2986/3680/2494 2587/3267/2217 2869/3538/2385
f 2870/3553/2390 2985/3681/2495 2660/3280/2221
f 2867/3573/2410 2659/3273/2219 2984/3682/2496
f 2938/3621/2447 2673/3683/2273 2663/3206/2196
f 2675/3205/2195 2942/3622/2448 3003/3684/2497
f 2676/3685/2226 2939/3625/2451 2668/3080/2122
f 2936/3620/2446 2687/3686/2274 2664/3213/2203
f 2935/3618/2444 2698/3212/2202 3000/3687/2498
f 2694/3688/2228 2941/3627/2453 2667/3078/2120
f 2686/3210/2200 2940/3623/2449 3004/3689/2499
f 2937/3619/2445 2674/3208/2198 3022/3690/2500
f 3046/3691/2501 2716/3692/1615 2737/3630/1568
f 2713/3693/1537 2715/3694/1626 3030/3695/2502
f 2705/3633/1566 2720/3696/1613 3041/3697/2503
f 2735/3698/1540 2721/3699/1624 3059/3700/2504
f 2708/3635/1570 2726/3701/1616 3065/3702/2505
f 3039/3703/2506 2724/3704/1623 2719/3705/1539
f 3054/3706/2507 2723/3707/1625 2738/3708/1538
f 3062/3709/2508 2709/3710/1614 2718/3637/1564
f 2703/3217/1541 3187/3667/2488 3060/3711/2509
f 2742/3218/1542 3182/3674/2490 3056/3712/2510
f 2706/3216/1621 3183/3713/2511 2439/2830/1984
f 2722/3215/1622 3188/3714/2512 2441/2836/1988
f 3185/3670/2489 2728/3219/1545 3053/3715/2513
f 3186/3716/2514 2717/3222/1629 2445/2817/1976
f 3184/3717/2515 2732/3221/1627 2446/2829/1983
f 3181/3676/2491 2730/3220/1547 3043/3718/2516
f 2999/3719/2517 2682/3720/1596 2673/3721/2273
f 2698/3722/2202 3019/3723/2518 3000/3724/2498
f 2687/3725/2274 3024/3726/2519 2693/3727/1595
f 2684/3728/1692 3022/3729/2500 2674/3730/2198
f 3008/3731/2520 2683/3732/2305 3006/3733/2521
f 3024/3726/2519 2691/3734/2312 2693/3727/1595
f 3016/3735/2522 2678/3736/2302 2680/3737/2303
f 3020/3738/2523 2685/3739/2307 2688/3740/2310
f 2696/3741/2309 3018/3742/2524 2689/3743/2315
f 2681/3744/2525 3012/3745/2526 3011/3746/2527
f 2679/3747/2306 3010/3748/2528 3012/3745/2526
f 2692/3749/2311 3017/3750/2529 3010/3748/2528
f 2688/3740/2310 3007/3751/2530 3020/3738/2523
f 3009/3752/2531 2690/3753/2314 2682/3720/1596
f 2683/3732/2305 3011/3746/2527 3006/3733/2521
f 3015/3754/2532 2677/3755/2313 3014/3756/2533
f 3019/3723/2518 2689/3743/2315 3018/3742/2524
f 2697/3757/2308 3014/3756/2533 2677/3755/2313
f 3013/3758/2534 2680/3737/2303 2685/3739/2307
f 2678/3736/2302 3023/3759/2535 2696/3741/2309
f 2432/3055/2103 3113/3432/2329 3107/3570/2407
f 3111/3569/2406 3118/3428/2326 2428/3050/2100
f 3112/3567/2404 3120/3427/2325 2427/3042/2096
f 3106/3565/2402 3116/3431/2328 2433/3047/2098
f 2429/3051/2101 3119/3425/2323 3109/3571/2408
f 2430/3434/2099 3114/3433/2330 3108/3568/2405
f 3105/3564/2401 3115/3430/2327 2431/3053/2102
f 2426/3067/2097 3117/3426/2324 3110/3566/2403
f 2739/3760/1611 3067/3761/2536 3068/3762/2536
f 3048/3763/2537 2716/3692/1615 3046/3691/2501
f 3034/3764/2538 2733/3765/1611 3033/3766/2536
f 2725/3767/1612 3047/3768/2539 2714/3769/1612
f 2707/3770/1612 3061/3771/2539 3064/3772/2539
f 3029/3773/2539 2725/3767/1612 2741/3774/1612
f 2731/3775/1611 3033/3766/2536 2733/3765/1611
f 3040/3776/2540 2709/3710/1614 3062/3709/2508
f 2723/3707/1625 3026/3777/2541 2702/3778/1632
f 3055/3779/2542 2712/3780/1617 3044/3781/2543
f 2736/3782/1611 3032/3783/2536 2731/3775/1611
f 3043/3718/2516 2700/3784/1631 3027/3785/2544
f 3035/3786/2545 2727/3787/1619 3034/3764/2538
f 2721/3699/1624 3025/3788/2546 3059/3700/2504
f 3044/3781/2543 2711/3789/1612 3045/3790/2539
f 2729/3791/1611 3058/3792/2536 2736/3782/1611
f 3037/3793/2547 2699/3794/1630 2717/3222/1629
f 2724/3704/1623 3027/3785/2544 2700/3784/1631
f 2729/3791/1611 3068/3762/2536 3050/3795/2536
f 2715/3694/1626 3028/3796/2548 3030/3695/2502
f 3053/3715/2513 2702/3778/1632 3026/3777/2541
f 2714/3769/1612 3045/3790/2539 2711/3789/1612
f 3036/3797/2549 2701/3798/1628 2732/3221/1627
f 2741/3774/1612 3064/3772/2539 3029/3773/2539
f 3056/3712/2510 2740/3799/1620 2742/3218/1542
f 3063/3800/2550 2710/3801/1612 2704/3802/1618
f 3071/3803/2551 2726/3701/1616 2735/3698/1540
f 3069/3804/2552 2734/3805/1611 2740/3799/1620
f 3060/3711/2509 2704/3802/1618 2703/3217/1541
f 3052/3806/2553 2720/3696/1613 2713/3693/1537
f 2672/3285/2225 3073/3646/2468 3155/3807/2554
f 2671/3144/2149 3076/3642/2464 3156/3808/2555
f 2670/3146/2151 3075/3640/2462 2579/2923/2039
f 2669/3145/2150 3074/3644/2466 2578/2925/2041
f 2232/3421/1917 3154/3809/2321 3117/3426/2324
f 2234/2878/2006 3151/3810/2317 3119/3425/2323
f 3118/3428/2326 3152/3811/2301 2231/2876/2004
f 3120/3427/2325 3153/3812/2320 2233/2682/1916
f 3115/3430/2327 3150/3415/2316 2237/2877/2005
f 2235/2880/2007 3148/3423/2322 3113/3432/2329
f 2236/3418/1914 3147/3417/2318 3114/3433/2330
f 3116/3431/2328 3149/3419/2319 2238/2679/1915
f 3121/3813/2556 2801/3437/2277 2853/3557/2394
f 2851/3436/2331 2799/3435/2275 3123/3814/2557
f 2852/3442/2333 2802/3441/2281 3122/3815/2558
f 2857/3562/2399 2806/3438/2294 3124/3816/2559
f 3125/3817/2560 2803/3439/2296 2855/3440/2332
f 3135/3818/2561 2800/3443/2279 2854/3555/2392
f 2856/3560/2397 2804/3446/2297 3128/3819/2562
f 3136/3820/2563 2805/3444/2299 2858/3445/2334
f 3070/3631/2456 3003/3821/2497 3204/3822/2564
f 3049/3291/2227 3005/3823/2565 2676/3289/2226
f 3038/3638/2460 3004/3824/2499 3189/3825/2566
f 3031/3294/2229 3002/3826/2567 2694/3292/2228
f 3123/3827/2557 2822/3356/2276 3144/3828/2568
f 3121/3829/2556 2818/3358/2278 2801/3357/2277
f 3122/3830/2558 2824/3362/2282 3129/3831/2569
f 3042/3634/2458 3041/3697/2503 3229/3832/2570
f 3066/3636/2459 3065/3702/2505 3194/3833/2571
f 3057/3639/2461 3062/3709/2508 2718/3637/1564
f 3220/3834/2572 2735/3698/1540 3059/3700/2504
f 3193/3835/2573 2713/3693/1537 3030/3695/2502
f 3232/3836/2574 2738/3708/1538 3048/3763/2537
f 3234/3837/2575 2719/3705/1539 3040/3776/2540
f 3072/3632/2457 3046/3691/2501 2737/3630/1568
f 3135/3838/2561 2815/3360/2280 2800/3359/2279
f 2817/3363/2283 3131/3839/2576 3133/3840/2576
f 2823/3364/2283 3133/3840/2576 3138/3841/2576
f 2810/3376/2284 3145/3842/2577 3146/3843/2577
f 3142/3844/2577 2813/3845/2284 3141/3846/2577
f 3130/3847/2576 2821/3371/2283 2814/3372/2283
f 3127/3848/2576 2809/3370/2283 3137/3849/2576
f 2811/3373/2284 3146/3843/2577 3126/3850/2577
f 3143/3851/2577 2816/3369/2284 3142/3844/2577
f 2807/3375/2283 3129/3831/2569 2824/3362/2282
f 2823/3364/2283 3137/3849/2576 2809/3370/2283
f 3132/3852/2576 2819/3367/2283 2821/3371/2283
f 2812/3365/2284 3139/3853/2578 3140/3854/2577
f 3140/3854/2577 2820/3366/2284 2812/3365/2284
f 2813/3845/2284 3126/3850/2577 3141/3846/2577
f 2808/3368/2284 3144/3828/2568 2822/3356/2276
f 2814/3372/2283 3134/3855/2579 3130/3847/2576
f 2785/3348/2270 3158/3856/2580 2670/3146/2151
f 2786/3349/2271 3157/3857/2581 2669/3145/2150
f 3156/3808/2555 2783/3397/2300 2671/3144/2149
f 3155/3807/2554 2784/3350/2272 2672/3285/2225
f 3280/3858/2582 2758/3320/2252 3245/3859/2583
f 3279/3860/2584 2757/3307/2239 2748/3299/2231
f 3278/3861/2585 2755/3308/2240 2750/3302/2234
f 3277/3862/2586 2756/3316/2248 3247/3863/2587
f 2759/3311/2243 3283/3864/2588 2751/3310/2242
f 2762/3312/2244 3281/3865/2589 3253/3866/2590
f 2761/3313/2245 3282/3867/2591 3254/3868/2592
f 2760/3315/2247 3284/3869/2593 2753/3314/2246
f 3296/3870/2594 2747/3309/2241 3277/3862/2586
f 3293/3871/2595 2749/3306/2238 3280/3858/2582
f 3294/3872/2596 2748/3299/2231 2744/3298/2230
f 3295/3873/2597 2750/3302/2234 2743/3301/2233
f 3246/3874/2598 2766/3319/2251 2757/3307/2239
f 3245/3859/2583 2764/3321/2253 3251/3875/2599
f 3247/3863/2587 2765/3317/2249 3249/3876/2600
f 3248/3877/2601 2763/3318/2250 2755/3308/2240
f 3295/3873/2597 2753/3314/2246 3284/3869/2593
f 3294/3872/2596 2751/3310/2242 3283/3864/2588
f 2754/3304/2236 3296/3870/2594 3282/3867/2591
f 2752/3305/2237 3293/3871/2595 3281/3865/2589
f 2770/3325/2257 3253/3866/2590 3263/3878/2602
f 2769/3323/2255 3254/3868/2592 3262/3879/2603
f 2768/3324/2256 3255/3880/2604 2759/3311/2243
f 2767/3322/2254 3256/3881/2605 2760/3315/2247
f 2782/3009/2083 3250/3882/2606 3259/3679/2493
f 2779/3010/2084 3252/3883/2607 3258/3678/2492
f 2780/3335/2267 3249/3876/2600 2765/3317/2249
f 2781/3334/2266 3251/3875/2599 2764/3321/2253
f 2789/3339/2269 3263/3878/2602 3276/3884/2608
f 2797/3337/2268 3264/3885/2609 2767/3322/2254
f 2795/3336/2268 3262/3879/2603 3275/3886/2610
f 2793/3338/2269 3261/3887/2611 2768/3324/2256
f 3244/3888/2612 2777/3333/2265 2774/3332/2264
f 3241/3889/2613 2776/3327/2259 2771/3326/2258
f 3243/3890/2614 2778/3329/2261 3286/3891/2615
f 3242/3892/2616 2775/3331/2263 3287/3893/2617
f 3274/3894/2608 2788/3345/2269 3267/3895/2608
f 3265/3896/2610 2794/3346/2268 3266/3897/2610
f 2792/3342/2268 3269/3898/2610 3270/3899/2610
f 2796/3343/2269 3276/3884/2608 3271/3900/2608
f 3273/3901/2610 2792/3342/2268 3270/3899/2610
f 2798/3340/2268 3275/3886/2610 3269/3898/2610
f 3268/3902/2608 2787/3344/2269 3272/3903/2608
f 3266/3897/2610 2791/3347/2268 3273/3901/2610
f 2787/3344/2269 3271/3900/2608 3272/3903/2608
f 3267/3895/2608 2790/3341/2269 3268/3902/2608
f 3285/3904/2618 2786/3349/2271 2777/3333/2265
f 3287/3893/2617 2784/3350/2272 3289/3905/2619
f 3288/3906/2620 2785/3348/2270 2776/3327/2259
f 3286/3891/2615 2783/3397/2300 3290/3907/2621
f 3176/3908/2622 2830/3527/2380 2836/3510/2372
f 2850/3549/2388 3174/3909/2623 2844/3552/2389
f 3163/3910/2624 2833/3533/2383 2843/3548/2388
f 2847/3528/2380 3173/3911/2622 2846/3530/2380
f 3175/3912/2624 2838/3913/2388 2833/3533/2383
f 3169/3914/2622 2835/3524/2380 3160/3915/2622
f 2838/3913/2388 3165/3916/2624 2839/3546/2388
f 3166/3917/2622 2840/3523/2380 2829/3529/2380
f 2848/3525/2380 3168/3918/2625 2849/3526/2381
f 2840/3523/2380 3160/3915/2622 2835/3524/2380
f 2839/3546/2388 3161/3919/2624 2834/3550/2388
f 3179/3920/2624 2845/3542/2388 2842/3551/2388
f 2842/3551/2388 3180/3921/2626 3179/3920/2624
f 2837/3547/2388 3177/3922/2624 3178/3923/2624
f 3164/3924/2622 2846/3530/2380 3173/3911/2622
f 2836/3510/2372 3172/3925/2627 3176/3908/2622
f 2843/3548/2388 3178/3923/2624 3163/3910/2624
f 3162/3926/2624 2834/3550/2388 3161/3919/2624
f 2829/3529/2380 3171/3927/2622 3166/3917/2622
f 2831/3531/2380 3170/3928/2622 3171/3927/2622
f 2806/3391/2294 2899/3392/2295 3459/3929/2628
f 3498/3930/2629 2909/3931/2630 2805/3396/2299
f 3471/3932/2631 2922/3933/2632 2803/3393/2296
f 2804/3394/2297 2925/3395/2298 3504/3934/2633
f 2826/3520/2377 3172/3925/2627 2832/3521/2378
f 3174/3909/2623 2825/3532/2382 2844/3552/2389
f 3168/3918/2625 2828/3522/2379 2849/3526/2381
f 2827/3540/2386 3180/3921/2626 2841/3541/2387
f 2772/3328/2260 3243/3890/2614 3257/3935/2634
f 2773/3330/2262 3242/3892/2616 3260/3936/2635
f 3258/3678/2492 3244/3888/2612 2774/3332/2264
f 3259/3679/2493 3241/3889/2613 2771/3326/2258
f 3329/3937/2636 2852/3442/2333 3326/3938/2637
f 2853/3557/2394 3330/3939/2638 3323/3940/2639
f 3331/3941/2640 2855/3440/2332 2865/3624/2450
f 3100/3387/2292 2871/3942/2340 3456/3943/2641
f 3455/3944/2642 2877/3945/2344 3099/3377/2285
f 2853/3557/2394 3323/3940/2639 3121/3813/2556
f 3122/3815/2558 3326/3938/2637 2852/3442/2333
f 3123/3814/2557 3324/3946/2643 2851/3436/2331
f 3124/3816/2559 3328/3947/2644 2857/3562/2399
f 2855/3440/2332 3327/3948/2645 3125/3817/2560
f 2856/3560/2397 3332/3949/2646 2863/3561/2398
f 2854/3555/2392 3415/3950/2647 3325/3951/2648
f 3413/3952/2649 2851/3436/2331 3324/3946/2643
f 2857/3562/2399 3405/3953/2650 2866/3563/2400
f 3054/3706/2507 3224/3954/2651 3026/3777/2541
f 3039/3703/2506 3191/3955/2652 3027/3785/2544
f 3061/3771/2539 3207/3956/2653 3202/3957/2654
f 3044/3781/2543 3200/3958/2655 3055/3779/2542
f 3233/3959/2656 3070/3631/2456 3204/3822/2564
f 3067/3761/2536 3209/3960/2657 3227/3961/2658
f 3218/3962/2659 3065/3702/2505 3071/3803/2551
f 3034/3764/2538 3226/3963/2660 3035/3786/2545
f 3050/3795/2536 3205/3964/2658 3235/3965/2658
f 3064/3772/2539 3202/3957/2654 3236/3966/2654
f 3059/3700/2504 3216/3967/2661 3220/3834/2572
f 3047/3768/2539 3203/3968/2654 3045/3790/2539
f 3063/3800/2550 3199/3969/2662 3207/3956/2653
f 3050/3795/2536 3215/3970/2658 3058/3792/2536
f 3210/3971/2663 3027/3785/2544 3191/3955/2652
f 3032/3783/2536 3198/3972/2658 3033/3766/2536
f 3230/3973/2664 3049/3291/2227 3042/3634/2458
f 3190/3974/2665 3031/3294/2229 3066/3636/2459
f 3196/3975/2666 3041/3697/2503 3052/3806/2553
f 3068/3762/2536 3227/3961/2658 3205/3964/2658
f 3212/3976/2667 3062/3709/2508 3213/3977/2668
f 3033/3766/2536 3222/3978/2669 3034/3764/2538
f 3029/3773/2539 3236/3966/2654 3219/3979/2654
f 3206/3980/2670 3028/3796/2548 3037/3793/2547
f 3221/3981/2671 3038/3638/2460 3189/3825/2566
f 3058/3792/2536 3225/3982/2658 3032/3783/2536
f 3069/3804/2552 3214/3983/2672 3209/3960/2657
f 3219/3979/2654 3051/3984/2539 3029/3773/2539
f 3217/3985/2673 3025/3788/2546 3036/3797/2549
f 3045/3790/2539 3201/3986/2674 3044/3781/2543
f 3030/3695/2502 3208/3987/2675 3193/3835/2573
f 3223/3988/2676 3026/3777/2541 3224/3954/2651
f 3197/3989/2677 3046/3691/2501 3211/3990/2678
f 3051/3984/2539 3192/3991/2654 3047/3768/2539
f 2854/3555/2392 3325/3951/2648 3135/3818/2561
f 3098/3379/2287 2873/3511/2336 3518/3992/2679
f 3461/3993/2680 2876/3512/2337 3097/3381/2289
f 3416/3994/2681 2858/3445/2334 2864/3626/2452
f 3329/3937/2636 2936/3620/2446 2860/3559/2396
f 3331/3941/2640 2939/3625/2451 3355/3995/2682
f 3002/3996/2567 3354/3997/2683 2941/3627/2453
f 3003/3684/2497 3353/3998/2684 3238/3999/2685
f 3358/4000/2686 3000/3687/2498 3240/4001/2687
f 3357/4002/2688 2999/4003/2517 2938/3621/2447
f 3239/4004/2689 3009/3752/2531 2999/3719/2517
f 3240/4005/2687 3019/3723/2518 3314/4006/2690
f 3128/3819/2562 3371/4007/2691 2856/3560/2397
f 2858/3445/2334 3366/4008/2692 3136/3820/2563
f 2803/3393/2296 3125/4009/2560 3471/3932/2631
f 3459/3929/2628 3124/4010/2559 2806/3391/2294
f 2935/3618/2444 3415/3950/2647 2862/3556/2393
f 3413/3952/2649 2938/3621/2447 2859/3554/2391
f 3416/3994/2681 2941/3627/2453 3354/3997/2683
f 2942/3622/2448 3405/3953/2650 3353/3998/2684
f 2937/3619/2445 3330/3939/2638 2861/3558/2395
f 2940/3623/2449 3332/3949/2646 3443/4011/2693
f 3356/4012/2694 3001/4013/2695 2936/3620/2446
f 3005/4014/2565 3355/3995/2682 2939/3625/2451
f 2870/3553/2390 3319/4015/2696 3529/4016/2697
f 3321/4017/2698 2867/3573/2410 3531/4018/2699
f 2869/3538/2385 3320/4019/2700 3530/4020/2701
f 3322/4021/2702 2868/3537/2384 3532/4022/2703
f 3316/4023/2704 3024/3726/2519 3001/4024/2695
f 3301/4025/2705 3006/3733/2521 3300/4026/2706
f 3299/4027/2707 3020/3738/2523 3007/3751/2530
f 3305/4028/2708 3010/3748/2528 3017/3750/2529
f 3021/4029/2709 3310/4030/2710 3297/4031/2711
f 3311/4032/2712 3015/3754/2532 3312/4033/2713
f 3309/4034/2714 3023/3759/2535 3307/4035/2715
f 3315/4036/2716 3017/3750/2529 3024/3726/2519
f 3021/4029/2709 3307/4035/2715 3023/3759/2535
f 3012/3745/2526 3308/4037/2717 3306/4038/2718
f 3016/3735/2522 3302/4039/2719 3310/4030/2710
f 3303/4040/2720 3008/3731/2520 3301/4025/2705
f 3306/4038/2718 3011/3746/2527 3012/3745/2526
f 3312/4033/2713 3014/3756/2533 3303/4040/2720
f 3304/4041/2721 3006/3733/2521 3011/3746/2527
f 3314/4006/2690 3018/3742/2524 3309/4034/2714
f 3298/4042/2722 3013/3758/2534 3020/3738/2523
f 3313/4043/2723 3007/3751/2530 3009/3752/2531
f 2805/3396/2299 3136/4044/2563 3498/3930/2629
f 3504/3934/2633 3128/4045/2562 2804/3394/2297
f 3004/3689/2499 3443/4011/2693 3317/4046/2724
f 2937/3619/2445 3311/4047/2712 3439/4048/2725
f 3220/3834/2572 3218/3962/2659 3071/3803/2551
f 3182/3674/2490 3214/3983/2672 3056/3712/2510
f 3035/3786/2545 3226/3963/2660 3183/3713/2511
f 3186/3716/2514 3206/3980/2670 3037/3793/2547
f 3184/3717/2515 3217/3985/2673 3036/3797/2549
f 3053/3715/2513 3223/3988/2676 3185/3670/2489
f 3187/3667/2488 3199/3969/2662 3060/3711/2509
f 3043/3718/2516 3210/3971/2663 3181/3676/2491
f 3040/3776/2540 3212/3976/2667 3234/3837/2575
f 3193/3835/2573 3196/3975/2666 3052/3806/2553
f 3055/3779/2542 3200/3958/2655 3188/3714/2512
f 3048/3763/2537 3197/3989/2677 3232/3836/2574
f 2895/3476/2354 3456/4049/2641 2871/3452/2340
f 3457/4050/2726 2889/3454/2342 2872/3453/2341
f 2901/3469/2352 3458/4051/2727 2874/3455/2343
f 2877/3456/2344 3477/4052/2728 2879/3491/2363
f 2903/3447/2335 3518/4053/2679 2873/3448/2336
f 2932/3475/2353 3461/4054/2680 3506/4055/2729
f 3517/4056/2730 2912/3450/2338 2875/4057/2373
f 2882/3451/2339 3464/4058/2731 2878/4059/2374
f 3482/4060/2732 2885/3470/2345 3505/4061/2732
f 2900/3487/2347 3504/3934/2633 2925/3395/2298
f 3510/4062/2733 2888/3479/2356 2889/3454/2342
f 2933/3497/2366 3490/4063/2734 2907/3501/2368
f 2887/3457/2345 3514/4064/2735 3513/4065/2732
f 3484/4066/2736 2931/3499/2347 2892/3485/2362
f 3511/4067/2737 2886/3467/2351 2888/3479/2356
f 2902/3480/2357 3502/4068/2738 2903/3447/2335
f 2890/3503/2345 3513/4065/2732 3509/4069/2732
f 2905/3461/2348 3488/4070/2739 2904/3460/2348
f 3483/4071/2740 2919/3490/2345 3482/4060/2732
f 2896/3483/2360 3508/4072/2741 2895/3476/2354
f 2914/3478/2350 3485/4073/2742 3489/4074/2743
f 2926/3505/2348 3473/4075/2739 2891/3489/2348
f 2918/3474/2350 3515/4076/2744 2930/3488/2350
f 2929/3458/2346 3516/4077/2745 3512/4078/2746
f 2897/3502/2369 3501/4079/2747 2896/3483/2360
f 3507/4080/2748 2904/3460/2348 3488/4070/2739
f 2915/3462/2345 3505/4061/2732 2885/3470/2345
f 2930/3488/2350 3475/4081/2744 2917/3466/2350
f 2910/3459/2347 3494/4082/2749 2893/3468/2347
f 3481/4083/2749 2910/3459/2347 2911/3495/2347
f 2920/3471/2348 3498/3930/2629 3496/4084/2739
f 2908/3473/2350 3489/4074/2743 3499/4085/2743
f 2893/3468/2347 3495/4086/2749 2894/3472/2347
f 2926/3505/2348 3466/4087/2739 3467/4088/2739
f 3491/4089/2750 2916/3477/2355 2913/3464/2349
f 3512/4078/2746 2923/3504/2348 2929/3458/2346
f 2921/3506/2348 3487/4090/2739 2905/3461/2348
f 2911/3495/2347 3471/3932/2631 3481/4083/2749
f 2906/3486/2347 3480/4091/2749 3492/4092/2749
f 2898/3492/2364 3503/4093/2751 2902/3480/2357
f 2934/3496/2365 3506/4055/2729 3516/4077/2745
f 2927/3463/2345 3509/4069/2732 3463/4094/2732
f 3474/4095/2744 2917/3466/2350 3475/4081/2744
f 3493/4096/2752 2913/3464/2349 2912/3450/2338
f 3500/4097/2753 2894/3472/2347 3495/4086/2749
f 2924/3493/2348 3472/4098/2739 3466/4087/2739
f 3460/4099/2754 2881/3465/2350 3474/4095/2744
f 2883/3498/2367 3462/4100/2755 2928/3484/2361
f 2891/3489/2348 3459/3929/2628 2899/3392/2295
f 3468/4101/2732 2927/3463/2345 3463/4094/2732
f 2907/3501/2368 3497/4102/2756 2901/3469/2352
f 2880/3481/2358 3477/4052/2728 3478/4103/2757
f 2918/3474/2350 3499/4085/2743 3469/4104/2743
f 2928/3484/2361 3470/4105/2758 2882/3451/2339
f 2892/3485/2362 3478/4103/2757 3484/4066/2736
f 2884/3500/2347 3479/4106/2749 3480/4091/2749
f 2906/3486/2347 3465/4107/2749 2900/3487/2347
f 3496/4084/2739 2921/3506/2348 2920/3471/2348
f 3084/3653/2475 3333/4108/2759 3080/3652/2474
f 3087/3654/2476 3336/4109/2760 3338/4110/2761
f 3083/3656/2478 3334/4111/2762 3337/4112/2763
f 3085/3651/2473 3335/4113/2764 3077/3650/2472
f 3091/3661/2483 3340/4114/2765 3085/3651/2473
f 3089/3657/2479 3337/4112/2763 3341/4115/2766
f 3092/3660/2482 3339/4116/2767 3084/3653/2475
f 3090/3655/2477 3338/4110/2761 3344/4117/2768
f 3343/4118/2769 3095/3662/2484 3345/4119/2770
f 3094/3663/2485 3341/4115/2766 3348/4120/2771
f 3093/3658/2480 3344/4117/2768 3347/4121/2772
f 3096/3664/2486 3342/4122/2773 3092/3660/2482
f 3348/4120/2771 3095/3662/2484 3094/3663/2485
f 3096/3664/2486 3347/4121/2772 3346/4123/2774
f 3079/3648/2470 3350/4124/2775 3336/4109/2760
f 3078/3649/2471 3349/4125/2776 3334/4111/2762
f 3080/3652/2474 3352/4126/2777 3088/3647/2469
f 3077/3650/2472 3351/4127/2778 3082/3643/2465
f 3362/4128/2779 3086/3641/2463 3075/3640/2462
f 3360/4129/2780 3088/3647/2469 3352/4126/2777
f 3361/4130/2781 3081/3645/2467 3074/3644/2466
f 3359/4131/2782 3082/3643/2465 3351/4127/2778
f 2872/3516/2341 3101/3383/2290 3770/4132/2783
f 2875/3513/2373 3102/3384/2291 3771/4133/2784
f 3769/4134/2785 3104/3380/2288 2874/3517/2343
f 3850/4135/2786 3103/3390/2293 2878/3514/2374
f 2984/3682/2496 3531/4018/2699 2867/3573/2410
f 2983/3665/2487 3532/4022/2703 2868/3537/2384
f 3530/4020/2701 2986/3680/2494 2869/3538/2385
f 3529/4016/2697 2985/3681/2495 2870/3553/2390
f 3541/4136/2787 2951/4137/2412 2950/3577/2412
f 2948/3576/2412 3563/4138/2788 2954/3583/2412
f 3549/4139/2789 2950/3577/2412 2949/3582/2412
f 3553/4140/2790 2955/4141/2413 3560/4142/2791
f 3558/4143/2792 2945/3518/2375 3546/4144/2793
f 3548/4145/2794 2958/3519/2376 2953/3587/2415
f 2957/3579/2413 3551/4146/2790 2944/3585/2413
f 2954/3583/2412 3564/4147/2795 2956/3581/2412
f 2951/4137/2412 3540/4148/2788 2948/3576/2412
f 3562/4149/2796 2960/3580/2413 2961/3584/2413
f 3537/4150/2797 2952/3509/2371 2947/3588/2414
f 2944/3585/2413 3561/4151/2798 2943/3578/2413
f 3557/4152/2799 2955/4141/2413 2960/3580/2413
f 3542/4153/2800 2946/3508/2370 3545/4154/2801
f 2947/3588/2414 3535/4155/2802 3537/4150/2797
f 2953/3587/2415 3534/4156/2803 3548/4145/2794
f 2962/3589/2415 3536/4157/2804 2963/3593/2419
f 2959/3586/2414 3533/4158/2805 2966/3591/2417
f 2956/3581/2412 3565/4159/2806 2969/3595/2421
f 3567/4160/2807 2949/3582/2412 2970/3597/2423
f 3566/4161/2808 2961/3584/2413 2967/3594/2420
f 2943/3578/2413 3568/4162/2809 2968/3596/2422
f 2973/3572/2409 3550/4163/2801 3554/4164/2810
f 2971/3629/2455 3546/4144/2793 2945/3518/2375
f 2972/3628/2454 3547/4165/2793 3555/4166/2811
f 2974/3574/2411 3545/4154/2801 2946/3508/2370
f 2985/3681/2495 3552/4167/2812 2971/3629/2455
f 2984/3682/2496 3555/4166/2811 3544/4168/2813
f 2983/3665/2487 3554/4164/2810 3543/4169/2814
f 2986/3680/2494 3538/4170/2815 2974/3574/2411
f 3570/4171/2816 2963/3593/2419 3536/4157/2804
f 3572/4172/2817 2964/3590/2416 2978/3601/2427
f 3569/4173/2818 2965/3592/2418 2977/3600/2426
f 3571/4174/2819 2966/3591/2417 3533/4158/2805
f 3576/4175/2820 2968/3596/2422 3568/4162/2809
f 3575/4176/2821 2969/3595/2421 3565/4159/2806
f 2970/3597/2423 3573/4177/2822 3567/4160/2807
f 2967/3594/2420 3574/4178/2823 3566/4161/2808
f 3580/4179/2824 2977/3600/2426 2988/3609/2435
f 3577/4180/2825 2978/3601/2427 2987/3608/2434
f 3578/4181/2826 2975/3598/2424 3570/4171/2816
f 3579/4182/2827 2976/3599/2425 3571/4174/2819
f 2979/3602/2428 3581/4183/2828 3574/4178/2823
f 3584/4184/2829 2982/3604/2430 3576/4175/2820
f 2980/3603/2429 3583/4185/2830 3573/4177/2822
f 3582/4186/2831 2981/3605/2431 3575/4176/2821
f 3588/4187/2832 2987/3608/2434 2998/3614/2440
f 3589/4188/2833 2988/3609/2435 2996/3617/2443
f 3586/4189/2834 2989/3606/2432 3578/4181/2826
f 3587/4190/2835 2990/3607/2433 3579/4182/2827
f 2994/3612/2438 3587/4190/2835 3581/4183/2828
f 3588/4187/2832 2993/3611/2437 3584/4184/2829
f 3589/4188/2833 2991/3610/2436 3582/4186/2831
f 2992/3613/2439 3586/4189/2834 3583/4185/2830
f 3144/3828/2568 3324/4191/2643 3123/3827/2557
f 3129/3831/2569 3326/4192/2637 3122/3830/2558
f 3134/3855/2579 3323/4193/2639 3369/4194/2836
f 3139/3853/2578 3325/4195/2648 3377/4196/2837
f 3005/3823/2565 3231/4197/2838 3737/4198/2839
f 3754/4199/2840 3189/3825/2566 3004/3824/2499
f 3002/3826/2567 3228/4200/2841 3750/4201/2842
f 3732/4202/2843 3204/3822/2564 3003/3821/2497
f 3378/4203/2844 3138/3841/2576 3376/4204/2845
f 3126/3850/2577 3382/4205/2846 3375/4206/2847
f 3140/3854/2577 3377/4196/2837 3373/4207/2848
f 3145/3842/2577 3373/4207/2848 3372/4208/2849
f 3133/3840/2576 3379/4209/2850 3374/4210/2851
f 3146/3843/2577 3372/4208/2849 3382/4205/2846
f 3141/3846/2577 3375/4206/2847 3363/4211/2852
f 3138/3841/2576 3374/4210/2851 3376/4204/2845
f 3130/3847/2576 3369/4194/2836 3367/4212/2853
f 3132/3852/2576 3367/4212/2853 3365/4213/2844
f 3137/3849/2576 3381/4214/2853 3127/3848/2576
f 3141/3846/2577 3368/4215/2849 3142/3844/2577
f 3127/3848/2576 3364/4216/2854 3129/3831/2569
f 3143/3851/2577 3380/4217/2855 3144/3828/2568
f 3365/4213/2844 3131/3839/2576 3132/3852/2576
f 3142/3844/2577 3370/4218/2848 3143/3851/2577
f 3229/3832/2570 3230/3973/2664 3042/3634/2458
f 3213/3977/2668 3221/3981/2671 3739/4219/2856
f 3194/3833/2571 3190/3974/2665 3066/3636/2459
f 3211/3990/2678 3233/3959/2656 3749/4220/2857
f 3115/3430/2327 3105/3564/2401 3772/4221/2858
f 3773/4222/2859 3107/3570/2407 3113/3432/2329
f 3116/3431/2328 3106/3565/2402 3775/4223/2860
f 3774/4224/2861 3108/3568/2405 3114/3433/2330
f 3120/3427/2325 3112/3567/2404 3779/4225/2862
f 3776/4226/2863 3110/3566/2403 3117/3426/2324
f 3778/4227/2864 3109/3571/2408 3119/3425/2323
f 3118/3428/2326 3111/3569/2406 3777/4228/2865
f 3003/3821/2497 3238/4229/2685 3732/4202/2843
f 3750/4201/2842 3237/4230/2866 3002/3826/2567
f 3004/3824/2499 3317/4231/2724 3754/4199/2840
f 3737/4198/2839 3318/4232/2867 3005/3823/2565
f 3157/3857/2581 3361/4130/2781 3074/3644/2466
f 3158/3856/2580 3362/4128/2779 3075/3640/2462
f 3359/4131/2782 3156/3808/2555 3076/3642/2464
f 3360/4129/2780 3155/3807/2554 3073/3646/2468
f 3770/4132/2783 3457/4233/2726 2872/3516/2341
f 2874/3517/2343 3458/4234/2727 3769/4134/2785
f 3771/4133/2784 3517/4235/2730 2875/3513/2373
f 3240/4005/2687 3431/4236/2868 3358/4237/2686
f 3239/4004/2689 3444/4238/2869 3313/4043/2723
f 3772/4221/2858 3100/3387/2292 3767/4239/2870
f 3775/4223/2860 3098/3379/2287 3765/4240/2871
f 3099/3377/2285 3773/4222/2859 3768/4241/2872
f 3097/3381/2289 3774/4224/2861 3766/4242/2873
f 3776/4226/2863 3101/3383/2290 3110/3566/2403
f 3104/3380/2288 3777/4228/2865 3111/3569/2406
f 3778/4227/2864 3102/3384/2291 3109/3571/2408
f 3781/4243/2874 3113/3432/2329 3148/3423/2322
f 3149/3419/2319 3116/3431/2328 3782/4244/2875
f 3150/3415/2316 3115/3430/2327 3784/4245/2876
f 3152/3811/2301 3118/3428/2326 3785/4246/2877
f 3780/4247/2878 3117/3426/2324 3154/3809/2321
f 3786/4248/2879 3119/3425/2323 3151/3810/2317
f 3153/3812/2320 3120/3427/2325 3783/4249/2880
f 2878/3514/2374 3464/4250/2731 3850/4135/2786
f 3316/4023/2704 3446/4251/2881 3315/4036/2716
f 3103/3390/2293 3779/4225/2862 3112/3567/2404
f 3309/4034/2714 3441/4252/2882 3449/4253/2883
f 3442/4254/2884 3313/4043/2723 3444/4238/2869
f 3305/4028/2708 3436/4255/2885 3308/4037/2717
f 3301/4025/2705 3434/4256/2886 3432/4257/2887
f 3440/4258/2888 3312/4033/2713 3303/4040/2720
f 3449/4253/2883 3314/4006/2690 3309/4034/2714
f 3311/4032/2712 3437/4259/2889 3439/4260/2725
f 3303/4040/2720 3432/4257/2887 3440/4258/2888
f 3445/4261/2890 3298/4042/2722 3433/4262/2891
f 3435/4263/2890 3307/4035/2715 3297/4031/2711
f 3450/4264/2892 3300/4026/2706 3304/4041/2721
f 3310/4030/2710 3445/4261/2890 3448/4265/2893
f 3447/4266/2894 3315/4036/2716 3446/4251/2881
f 3299/4027/2707 3433/4262/2891 3298/4042/2722
f 3308/4037/2717 3438/4267/2886 3306/4038/2718
f 3435/4263/2890 3310/4030/2710 3448/4265/2893
f 3438/4267/2886 3304/4041/2721 3306/4038/2718
f 3965/4268/2895 3114/3433/2330 3147/3417/2318
f 3456/3943/2641 3767/4239/2870 3100/3387/2292
f 3099/3377/2285 3768/4241/2872 3455/3944/2642
f 3518/3992/2679 3765/4240/2871 3098/3379/2287
f 3097/3381/2289 3766/4242/2873 3461/3993/2680
f 3395/4269/2896 3326/4192/2637 3364/4216/2854
f 3401/4270/2897 3323/4193/2639 3330/4271/2638
f 3395/4269/2896 3356/4272/2694 3329/4273/2636
f 3415/4274/2647 3377/4196/2837 3325/4195/2648
f 3413/4275/2649 3380/4217/2855 3394/4276/2898
f 3385/4277/2899 3363/4211/2852 3375/4206/2847
f 3386/4278/2900 3376/4204/2845 3374/4210/2851
f 3375/4206/2847 3382/4205/2846 3387/4279/2901
f 3374/4210/2851 3379/4209/2850 3383/4280/2902
f 3387/4279/2901 3388/4281/2903 3375/4206/2847
f 3374/4210/2851 3384/4282/2904 3386/4278/2900
f 3383/4280/2902 3384/4282/2904 3374/4210/2851
f 3375/4206/2847 3388/4281/2903 3385/4277/2899
f 3444/4238/2869 3413/4275/2649 3394/4276/2898
f 3431/4236/2868 3415/4274/2647 3358/4237/2686
f 3439/4260/2725 3401/4270/2897 3330/4271/2638
f 3387/4279/2901 3382/4205/2846 3402/4283/2905
f 3407/4284/2906 3363/4211/2852 3385/4277/2899
f 3400/4285/2907 3376/4204/2845 3386/4278/2900
f 3383/4280/2902 3379/4209/2850 3409/4286/2908
f 3367/4212/2853 3401/4270/2897 3406/4287/2909
f 3373/4207/2848 3404/4288/2898 3419/4289/2898
f 3394/4276/2898 3370/4218/2848 3418/4290/2898
f 3395/4269/2896 3381/4214/2853 3396/4291/2909
f 3418/4290/2898 3368/4215/2849 3411/4292/2910
f 3402/4283/2905 3372/4208/2849 3398/4293/2911
f 3400/4285/2907 3378/4203/2844 3376/4204/2845
f 3406/4287/2909 3365/4213/2844 3367/4212/2853
f 3409/4286/2908 3365/4213/2844 3412/4294/2912
f 3407/4284/2906 3368/4215/2849 3363/4211/2852
f 3419/4289/2898 3372/4208/2849 3373/4207/2848
f 3396/4291/2909 3378/4203/2844 3399/4295/2913
f 3386/4278/2900 3393/4296/2914 3390/4297/2915
f 3393/4296/2914 3383/4280/2902 3392/4298/2916
f 3390/4297/2915 3408/4299/2917 3386/4278/2900
f 3392/4298/2916 3397/4300/2917 3410/4301/2918
f 3386/4278/2900 3408/4299/2917 3400/4285/2907
f 3385/4277/2899 3414/4302/2919 3407/4284/2906
f 3409/4286/2908 3397/4300/2917 3383/4280/2902
f 3402/4283/2905 3403/4303/2920 3387/4279/2901
f 3389/4304/2921 3388/4281/2903 3430/4305/2922
f 3391/4306/2923 3388/4281/2903 3387/4279/2901
f 3391/4306/2923 3403/4303/2920 3451/4307/2924
f 3389/4304/2921 3414/4302/2919 3385/4277/2899
f 3427/4308/2925 3397/4300/2917 3409/4286/2908
f 3429/4309/2926 3403/4303/2920 3402/4283/2905
f 3407/4284/2906 3414/4302/2919 3426/4310/2927
f 3400/4285/2907 3408/4299/2917 3428/4311/2928
f 3125/4009/2560 3327/4312/2645 3886/4313/2929
f 3884/4314/2930 3328/4315/2644 3124/4010/2559
f 3423/4316/2931 3408/4299/2917 3417/4317/2932
f 3422/4318/2933 3397/4300/2917 3427/4308/2925
f 3420/4319/2934 3428/4311/2928 3423/4316/2931
f 3427/4308/2925 3420/4319/2934 3422/4318/2933
f 3421/4320/2935 3403/4303/2920 3429/4309/2926
f 3398/4293/2911 3435/4263/2890 3402/4283/2905
f 3441/4252/2882 3419/4289/2898 3449/4253/2883
f 3438/4267/2886 3399/4295/2913 3400/4285/2907
f 3433/4262/2891 3418/4290/2898 3411/4292/2910
f 3445/4261/2890 3411/4292/2910 3407/4284/2906
f 3412/4294/2912 3434/4256/2886 3409/4286/2908
f 3432/4257/2887 3406/4287/2909 3440/4258/2888
f 3436/4255/2885 3396/4291/2909 3399/4295/2913
f 3406/4287/2909 3437/4259/2889 3440/4258/2888
f 3396/4291/2909 3446/4251/2881 3395/4269/2896
f 3419/4289/2898 3431/4236/2868 3449/4253/2883
f 3418/4290/2898 3444/4238/2869 3394/4276/2898
f 3409/4286/2908 3434/4256/2886 3427/4308/2925
f 3402/4283/2905 3435/4263/2890 3429/4309/2926
f 3428/4311/2928 3438/4267/2886 3400/4285/2907
f 3426/4310/2927 3445/4261/2890 3407/4284/2906
f 3450/4264/2892 3424/4321/2936 3427/4308/2925
f 3428/4311/2928 3424/4321/2936 3450/4264/2892
f 3426/4310/2927 3425/4322/2937 3448/4265/2893
f 3448/4265/2893 3425/4322/2937 3429/4309/2926
f 3421/4320/2935 3425/4322/2937 3453/4323/2938
f 3454/4324/2939 3414/4302/2919 3452/4325/2940
f 3448/4265/2893 3445/4261/2890 3426/4310/2927
f 3450/4264/2892 3438/4267/2886 3428/4311/2928
f 3429/4309/2926 3435/4263/2890 3448/4265/2893
f 3427/4308/2925 3434/4256/2886 3450/4264/2892
f 3453/4323/2938 3426/4310/2927 3454/4324/2939
f 3163/3910/2624 3607/4326/2941 3591/4327/2942
f 3166/3917/2622 3598/4328/2943 3595/4329/2944
f 3160/3915/2622 3599/4330/2943 3169/3914/2622
f 3163/3910/2624 3596/4331/2945 3175/3912/2624
f 3594/4332/2946 3160/3915/2622 3159/4333/2622
f 3596/4331/2945 3167/4334/2624 3175/3912/2624
f 3167/4334/2624 3605/4335/2941 3165/3916/2624
f 3595/4329/2944 3159/4333/2622 3166/3917/2622
f 3612/4336/2947 3162/3926/2624 3602/4337/2941
f 3600/4338/2943 3173/3911/2622 3606/4339/2943
f 3601/4340/2941 3165/3916/2624 3605/4335/2941
f 3602/4337/2941 3161/3919/2624 3601/4340/2941
f 3606/4339/2943 3169/3914/2622 3599/4330/2943
f 3611/4341/2948 3164/3924/2622 3600/4338/2943
f 3597/4342/2943 3171/3927/2622 3170/3928/2622
f 3603/4343/2943 3170/3928/2622 3176/3908/2622
f 3615/4344/2949 3179/3920/2624 3180/3921/2626
f 3604/4345/2941 3178/3923/2624 3177/3922/2624
f 3613/4346/2950 3176/3908/2622 3172/3925/2627
f 3608/4347/2941 3177/3922/2624 3179/3920/2624
f 3136/4044/2563 3366/4348/2692 3844/4349/2951
f 3854/4350/2952 3371/4351/2691 3128/4045/2562
f 3790/4352/2953 3243/3890/2614 3286/3891/2615
f 3285/3904/2618 3244/3888/2612 3788/4353/2954
f 3288/3906/2620 3241/3889/2613 3789/4354/2955
f 3787/4355/2956 3242/3892/2616 3287/3893/2617
f 3291/4356/2957 3288/3906/2620 3813/4357/2958
f 3811/4358/2959 3286/3891/2615 3290/3907/2621
f 3812/4359/2960 3287/3893/2617 3289/3905/2619
f 3292/4360/2961 3285/3904/2618 3814/4361/2962
f 3521/4362/2963 3390/4363/2915 3393/4364/2914
f 3417/4365/2932 3390/4363/2915 3521/4362/2963
f 3354/4366/2683 3237/4230/2866 3750/4201/2842
f 3732/4202/2843 3238/4229/2685 3353/4367/2684
f 3430/4368/2922 3519/4369/2964 3389/4370/2921
f 3430/4371/2922 3391/4372/2923 3520/4373/2965
f 3519/4369/2964 3452/4374/2940 3389/4370/2921
f 3451/4375/2924 3520/4373/2965 3391/4372/2923
f 3612/4336/2947 3319/4015/2696 3174/3909/2623
f 3611/4341/2948 3320/4019/2700 3168/3918/2625
f 3322/4021/2702 3613/4346/2950 3172/3925/2627
f 3321/4017/2698 3615/4344/2949 3180/3921/2626
f 3147/3669/2318 3712/4376/2966 3699/4377/2967
f 3150/3668/2316 3727/4378/2968 3186/3716/2514
f 3149/3671/2319 3705/4379/2969 3184/3717/2515
f 3148/3675/2322 3708/4380/2970 3697/4381/2971
f 3154/3677/2321 3709/4382/2972 3701/4383/2973
f 3151/3672/2317 3707/4384/2974 3702/4385/2975
f 3152/3666/2301 3716/4386/2976 3187/3667/2488
f 3153/3673/2320 3706/4387/2977 3182/3674/2490
f 3451/4388/2924 3421/4389/2935 3527/4390/2978
f 3453/4391/2938 3527/4390/2978 3421/4389/2935
f 3355/4392/2682 3318/4232/2867 3737/4198/2839
f 3124/4010/2559 3459/3929/2628 3884/4314/2930
f 3886/4313/2929 3471/3932/2631 3125/4009/2560
f 3345/4119/2770 3348/4120/2771 3687/4393/2979
f 3346/4123/2774 3347/4121/2772 3690/4394/2980
f 3182/3674/2490 3733/4395/2981 3214/3983/2672
f 3725/4396/2982 3236/3966/2654 3202/3957/2654
f 3195/4397/2654 3718/4398/2982 3192/3991/2654
f 3186/3716/2514 3729/4399/2983 3206/3980/2670
f 3711/4400/2984 3205/3964/2658 3227/3961/2658
f 3723/4401/2982 3219/3979/2654 3236/3966/2654
f 3710/4402/2985 3227/3961/2658 3209/3960/2657
f 3187/3667/2488 3741/4403/2986 3199/3969/2662
f 3215/3970/2658 3720/4404/2984 3225/3982/2658
f 3726/4405/2987 3202/3957/2654 3207/3956/2653
f 3722/4406/2984 3235/3965/2658 3205/3964/2658
f 3728/4407/2984 3215/3970/2658 3235/3965/2658
f 3184/3717/2515 3753/4408/2988 3217/3985/2673
f 3714/4409/2982 3192/3991/2654 3718/4398/2982
f 3181/3676/2491 3736/4410/2989 3708/4380/2970
f 3183/3713/2511 3745/4411/2990 3707/4384/2974
f 3219/3979/2654 3719/4412/2982 3195/4397/2654
f 3203/3968/2654 3717/4413/2991 3201/3986/2674
f 3188/3714/2512 3747/4414/2992 3709/4382/2972
f 3198/3972/2658 3724/4415/2993 3222/3978/2669
f 3185/3670/2489 3744/4416/2994 3712/4376/2966
f 3715/4417/2984 3225/3982/2658 3720/4404/2984
f 3234/3837/2575 3738/4418/2995 3191/3955/2652
f 3211/3990/2678 3743/4419/2996 3197/3989/2677
f 3232/3836/2574 3742/4420/2997 3224/3954/2651
f 3223/3988/2676 3742/4420/2997 3744/4416/2994
f 3217/3985/2673 3752/4421/2998 3216/3967/2661
f 3759/4422/2999 3231/4197/2838 3230/3973/2664
f 3229/3832/2570 3748/4423/3000 3731/4424/3001
f 3226/3963/2660 3724/4415/2993 3745/4411/2990
f 3757/4425/3002 3204/3822/2564 3732/4202/2843
f 3758/4426/3003 3228/4200/2841 3190/3974/2665
f 3196/3975/2666 3760/4427/3004 3748/4423/3000
f 3213/3977/2668 3734/4428/3005 3212/3976/2667
f 3220/3834/2572 3752/4421/2998 3755/4429/3006
f 3193/3835/2573 3730/4430/3007 3760/4427/3004
f 3740/4431/3008 3189/3825/2566 3754/4199/2840
f 3200/3958/2655 3717/4413/2991 3747/4414/2992
f 3199/3969/2662 3726/4405/2987 3207/3956/2653
f 3197/3989/2677 3746/4432/3009 3232/3836/2574
f 3194/3833/2571 3751/4433/3010 3756/4434/3011
f 3206/3980/2670 3730/4430/3007 3208/3987/2675
f 3218/3962/2659 3755/4429/3006 3751/4433/3010
f 3210/3971/2663 3738/4418/2995 3736/4410/2989
f 3212/3976/2667 3735/4435/3012 3234/3837/2575
f 3214/3983/2672 3710/4402/2985 3209/3960/2657
f 3128/4045/2562 3504/3934/2633 3854/4350/2952
f 3844/4349/2951 3498/3930/2629 3136/4044/2563
f 3524/4436/3013 3422/4437/2933 3525/4438/3014
f 3523/4439/3015 3423/4440/2931 3417/4441/2932
f 3422/4437/2933 3526/4442/3016 3525/4438/3014
f 3526/4442/3016 3423/4440/2931 3528/4443/3017
f 3754/4199/2840 3317/4231/2724 3443/4444/2693
f 3521/4362/2963 3393/4364/2914 3522/4445/3018
f 3521/4446/2963 3523/4439/3015 3417/4441/2932
f 3522/4445/3018 3392/4447/2916 3585/4448/3019
f 3392/4447/2916 3524/4436/3013 3585/4448/3019
f 3290/3907/2621 3762/4449/3020 3821/4450/3021
f 3289/3905/2619 3764/4451/3022 3822/4452/3023
f 3763/4453/3024 3291/4356/2957 3820/4454/3025
f 3761/4455/3026 3292/4360/2961 3819/4456/3027
f 3333/4108/2759 3686/4457/3028 3684/4458/3029
f 3335/4113/2764 3681/4459/3030 3680/4460/3031
f 3334/4111/2762 3683/4461/3032 3337/4112/2763
f 3336/4109/2760 3685/4462/3033 3338/4110/2761
f 3693/4463/3034 3339/4116/2767 3342/4122/2773
f 3695/4464/3035 3337/4112/2763 3683/4461/3032
f 3696/4465/3036 3340/4114/2765 3343/4118/2769
f 3694/4466/3037 3338/4110/2761 3685/4462/3033
f 3343/4118/2769 3691/4467/3038 3696/4465/3036
f 3341/4115/2766 3689/4468/3038 3348/4120/2771
f 3688/4469/3039 3344/4117/2768 3694/4466/3037
f 3692/4470/3039 3342/4122/2773 3346/4123/2774
f 3680/4460/3031 3351/4127/2778 3335/4113/2764
f 3684/4458/3029 3352/4126/2777 3333/4108/2759
f 3679/4471/3040 3350/4124/2775 3678/4472/3041
f 3682/4473/3042 3349/4125/2776 3675/4474/3043
f 3350/4124/2775 3674/4475/3044 3678/4472/3041
f 3349/4125/2776 3676/4476/3045 3675/4474/3043
f 3677/4477/3046 3352/4126/2777 3672/4478/3047
f 3671/4479/3048 3351/4127/2778 3673/4480/3049
f 3806/4481/3050 3244/3888/2612 3258/3678/2492
f 3805/4482/3051 3241/3889/2613 3259/3679/2493
f 3803/4483/3052 3242/3892/2616 3787/4355/2956
f 3804/4484/3053 3243/3890/2614 3790/4352/2953
f 3801/4485/3054 3273/3901/2610 3270/3899/2610
f 3267/3895/2608 3802/4486/3055 3274/3894/2608
f 3794/4487/3056 3268/3902/2608 3272/3903/2608
f 3266/3897/2610 3798/4488/3057 3265/3896/2610
f 3270/3899/2610 3799/4489/3054 3801/4485/3054
f 3797/4490/3056 3268/3902/2608 3796/4491/3056
f 3795/4492/3054 3273/3901/2610 3800/4493/3054
f 3271/3900/2608 3791/4494/3058 3792/4495/3056
f 3269/3898/2610 3793/4496/3059 3799/4489/3054
f 3272/3903/2608 3792/4495/3056 3794/4487/3056
f 3807/4497/3060 3258/3678/2492 3252/3883/2607
f 3809/4498/3061 3257/3935/2634 3804/4484/3053
f 3808/4499/3062 3260/3936/2635 3803/4483/3052
f 3810/4500/3063 3259/3679/2493 3250/3882/2606
f 3816/4501/3064 3274/3894/2608 3802/4486/3055
f 3815/4502/3065 3265/3896/2610 3798/4488/3057
f 3276/3884/2608 3818/4503/3066 3791/4494/3058
f 3275/3886/2610 3817/4504/3067 3793/4496/3059
f 3775/4223/2860 3782/4244/2875 3116/3431/2328
f 3772/4221/2858 3784/4245/2876 3115/3430/2327
f 3113/3432/2329 3781/4243/2874 3773/4222/2859
f 3777/4228/2865 3785/4246/2877 3118/3428/2326
f 3117/3426/2324 3780/4247/2878 3776/4226/2863
f 3119/3425/2323 3786/4248/2879 3778/4227/2864
f 3779/4225/2862 3783/4249/2880 3120/3427/2325
f 3809/4498/3061 3247/3863/2587 3249/3876/2600
f 3808/4499/3062 3245/3859/2583 3251/3875/2599
f 3807/4497/3060 3246/3874/2598 3831/4505/3068
f 3810/4500/3063 3248/3877/2601 3832/4506/3069
f 3816/4501/3064 3255/3880/2604 3261/3887/2611
f 3815/4502/3065 3256/3881/2605 3264/3885/2609
f 3818/4503/3066 3253/3866/2590 3830/4507/3070
f 3817/4504/3067 3254/3868/2592 3827/4508/3071
f 3520/4509/2965 3626/4510/3072 3430/4368/2922
f 3829/4511/3073 3283/3864/2588 3255/3880/2604
f 3828/4512/3074 3284/3869/2593 3256/3881/2605
f 3830/4507/3070 3281/3865/2589 3836/4513/3075
f 3827/4508/3071 3282/3867/2591 3838/4514/3076
f 3834/4515/3077 3280/3858/2582 3245/3859/2583
f 3833/4516/3078 3277/3862/2586 3247/3863/2587
f 3831/4505/3068 3279/3860/2584 3842/4517/3079
f 3832/4506/3069 3278/3861/2585 3839/4518/3080
f 3451/4375/2924 3635/4519/3081 3520/4373/2965
f 3840/4520/3082 3293/3871/2595 3280/3858/2582
f 3841/4521/3083 3296/3870/2594 3277/3862/2586
f 3842/4517/3079 3294/3872/2596 3824/4522/3084
f 3839/4518/3080 3295/3873/2597 3826/4523/3085
f 3838/4514/3076 3296/3870/2594 3825/4524/3086
f 3836/4513/3075 3293/3871/2595 3823/4525/3087
f 3837/4526/3088 3294/3872/2596 3283/3864/2588
f 3835/4527/3089 3295/3873/2597 3284/3869/2593
f 3454/4528/2939 3590/4529/3090 3661/4530/3091
f 3527/4531/2978 3635/4519/3081 3451/4375/2924
f 3453/4391/2938 3660/4532/3092 3527/4390/2978
f 3661/4530/3091 3453/4391/2938 3454/4528/2939
f 3114/3433/2330 3965/4268/2895 3774/4224/2861
f 3233/3959/2656 3757/4425/3002 3749/4220/2857
f 3731/4424/3001 3759/4422/2999 3230/3973/2664
f 3756/4434/3011 3758/4426/3003 3190/3974/2665
f 3221/3981/2671 3740/4431/3008 3739/4219/2856
f 3782/4244/2875 3698/4533/3093 3149/3419/2319
f 3148/3423/2322 3697/4534/2971 3781/4243/2874
f 3784/4245/2876 3700/4535/3094 3150/3415/2316
f 3151/3810/2317 3702/4536/2975 3786/4248/2879
f 3783/4249/2880 3704/4537/3095 3153/3812/2320
f 3785/4246/2877 3703/4538/3096 3152/3811/2301
f 3154/3809/2321 3701/4539/2973 3780/4247/2878
f 3519/4369/2964 3590/4529/3090 3452/4540/2940
f 3626/4510/3072 3519/4369/2964 3430/4368/2922
f 3689/4468/3038 3687/4393/2979 3348/4120/2771
f 3690/4394/2980 3692/4470/3039 3346/4123/2774
f 3691/4467/3038 3345/4119/2770 3687/4393/2979
f 3347/4121/2772 3688/4469/3039 3690/4394/2980
f 3147/3417/2318 3699/4541/2967 3965/4268/2895
f 3524/4436/3013 3525/4438/3014 3662/4542/3097
f 3528/4443/3017 3523/4543/3015 3664/4544/3098
f 3526/4545/3016 3662/4542/3097 3525/4438/3014
f 3526/4442/3016 3528/4443/3017 3664/4544/3098
f 3522/4546/3018 3623/4547/3099 3521/4548/2963
f 3901/4549/3100 3327/4312/2645 3331/4550/2640
f 3623/4547/3099 3523/4543/3015 3521/4548/2963
f 3972/4551/3101 3331/4550/2640 3355/4392/2682
f 3371/4351/2691 3916/4552/3102 3332/4553/2646
f 3328/4315/2644 3900/4554/3103 3405/4555/2650
f 3585/4556/3019 3627/4557/3104 3522/4546/3018
f 3524/4558/3013 3638/4559/3105 3585/4560/3019
f 3520/4509/2965 3625/4561/3106 3626/4510/3072
f 3635/4562/3081 3625/4561/3106 3520/4509/2965
f 3405/4555/2650 3968/4563/3107 3353/4367/2684
f 3960/4564/3108 3416/4565/2681 3354/4366/2683
f 3332/4553/2646 3989/4566/3109 3443/4444/2693
f 3948/4567/3110 3366/4348/2692 3416/4565/2681
f 3789/4354/2955 3813/4357/2958 3288/3906/2620
f 3286/3891/2615 3811/4358/2959 3790/4352/2953
f 3287/3893/2617 3812/4359/2960 3787/4355/2956
f 3788/4353/2954 3814/4361/2962 3285/3904/2618
f 3523/4543/3015 3636/4568/3111 3664/4544/3098
f 3662/4569/3097 3638/4559/3105 3524/4558/3013
f 3527/4531/2978 3663/4570/3112 3635/4519/3081
f 3813/4357/2958 3820/4454/3025 3291/4356/2957
f 3290/3907/2621 3821/4450/3021 3811/4358/2959
f 3814/4361/2962 3819/4456/3027 3292/4360/2961
f 3289/3905/2619 3822/4452/3023 3812/4359/2960
f 3664/4571/3098 3659/4572/3113 3526/4545/3016
f 3526/4545/3016 3659/4572/3113 3662/4542/3097
f 3660/4573/3092 3663/4570/3112 3527/4531/2978
f 4014/4574/3114 3529/4016/2697 3319/4015/2696
f 4015/4575/3115 3530/4020/2701 3320/4019/2700
f 3477/4052/2728 3768/4576/2872 3898/4577/3116
f 3767/4578/2870 3508/4072/2741 3867/4579/3117
f 3769/4580/2785 3497/4102/2756 3869/4581/3118
f 3770/4582/2783 3510/4062/2733 3457/4050/2726
f 4016/4583/3119 3614/4584/3120 3321/4017/2698
f 4013/4585/3121 3616/4586/3122 3322/4021/2702
f 3319/4015/2696 3610/4587/3123 4014/4574/3114
f 3320/4019/2700 3609/4588/3124 4015/4575/3115
f 3737/4198/2839 3972/4551/3101 3355/4392/2682
f 3353/4367/2684 3968/4563/3107 3732/4202/2843
f 3750/4201/2842 3960/4564/3108 3354/4366/2683
f 3596/4331/2945 3591/4327/2942 3618/4589/3125
f 3594/4332/2946 3595/4329/2944 3622/4590/3126
f 3617/4591/3127 3593/4592/3128 3596/4331/2945
f 3620/4593/3129 3592/4594/3130 3594/4332/2946
f 3617/4591/3127 3627/4557/3104 3585/4556/3019
f 3594/4332/2946 3621/4595/3131 3620/4593/3129
f 3622/4590/3126 3621/4595/3131 3594/4332/2946
f 3596/4331/2945 3619/4596/3132 3617/4591/3127
f 3618/4589/3125 3619/4596/3132 3596/4331/2945
f 3765/4597/2871 3502/4068/2738 3888/4598/3133
f 3506/4055/2729 3766/4599/2873 3863/4600/3134
f 3771/4601/2784 3493/4096/2752 3517/4056/2730
f 3637/4602/3135 3592/4594/3130 3620/4593/3129
f 3618/4589/3125 3591/4327/2942 3632/4603/3136
f 3634/4604/3136 3593/4592/3128 3617/4591/3127
f 3622/4590/3126 3595/4329/2944 3630/4605/3135
f 3624/4606/3137 3629/4607/3138 3590/4608/3090
f 3634/4604/3136 3605/4335/2941 3593/4592/3128
f 3632/4603/3136 3607/4326/2941 3652/4609/3139
f 3599/4330/2943 3637/4602/3135 3641/4610/3140
f 3630/4605/3135 3598/4328/2943 3647/4611/3140
f 3639/4612/3139 3605/4335/2941 3640/4613/3139
f 3598/4328/2943 3646/4614/3140 3647/4611/3140
f 3607/4326/2941 3648/4615/3139 3652/4609/3139
f 3653/4616/3140 3599/4330/2943 3641/4610/3140
f 3603/4343/2943 3654/4617/3141 3650/4618/3140
f 3656/4619/3142 3602/4337/2941 3655/4620/3139
f 3650/4618/3140 3597/4342/2943 3603/4343/2943
f 3608/4347/2941 3657/4621/3143 3649/4622/3139
f 3643/4623/3140 3606/4339/2943 3653/4616/3140
f 3644/4624/3144 3600/4338/2943 3643/4623/3140
f 3655/4620/3139 3601/4340/2941 3639/4612/3139
f 3649/4622/3139 3604/4345/2941 3608/4347/2941
f 3656/4619/3142 3610/4587/3123 3612/4336/2947
f 3654/4617/3141 3616/4586/3122 3642/4625/3145
f 3644/4624/3144 3609/4588/3124 3611/4341/2948
f 3657/4621/3143 3614/4584/3120 3658/4626/3146
f 3638/4559/3105 3617/4591/3127 3585/4556/3019
f 3626/4627/3072 3622/4590/3126 3624/4606/3137
f 3620/4593/3129 3626/4627/3072 3625/4561/3106
f 3627/4557/3104 3618/4589/3125 3623/4547/3099
f 3625/4561/3106 3631/4628/3147 3620/4593/3129
f 3623/4547/3099 3628/4629/3148 3636/4568/3111
f 3632/4603/3136 3628/4629/3148 3618/4589/3125
f 3620/4593/3129 3631/4628/3147 3637/4602/3135
f 3617/4591/3127 3633/4630/3148 3634/4604/3136
f 3630/4605/3135 3629/4607/3138 3622/4590/3126
f 3661/4631/3091 3629/4607/3138 3665/4632/3149
f 3665/4632/3149 3629/4607/3138 3630/4605/3135
f 3637/4602/3135 3631/4628/3147 3670/4633/3150
f 3666/4634/3151 3628/4629/3148 3632/4603/3136
f 3634/4604/3136 3633/4630/3148 3668/4635/3152
f 3662/4569/3097 3633/4630/3148 3638/4559/3105
f 3663/4570/3112 3631/4628/3147 3635/4562/3081
f 3664/4571/3098 3628/4629/3148 3666/4634/3151
f 3443/4444/2693 3989/4566/3109 3754/4199/2840
f 3659/4572/3113 3668/4635/3152 3662/4569/3097
f 3660/4573/3092 3670/4633/3150 3663/4570/3112
f 3666/4634/3151 3659/4572/3113 3664/4571/3098
f 3665/4632/3149 3660/4573/3092 3661/4631/3091
f 3673/4480/3049 3658/4626/3146 3671/4479/3048
f 3650/4618/3140 3672/4478/3047 3684/4458/3029
f 3651/4636/3153 3675/4474/3043 3676/4476/3045
f 3649/4622/3139 3673/4480/3049 3680/4460/3031
f 3645/4637/3154 3678/4472/3041 3674/4475/3044
f 3672/4478/3047 3642/4625/3145 3677/4477/3046
f 3639/4612/3139 3695/4464/3035 3683/4461/3032
f 3685/4462/3033 3643/4623/3140 3653/4616/3140
f 3681/4459/3030 3649/4622/3139 3680/4460/3031
f 3689/4468/3038 3640/4613/3139 3634/4604/3136
f 3686/4457/3028 3650/4618/3140 3684/4458/3029
f 3691/4467/3038 3652/4609/3139 3696/4465/3036
f 3653/4616/3140 3694/4466/3037 3685/4462/3033
f 3683/4461/3032 3655/4620/3139 3639/4612/3139
f 3643/4623/3140 3678/4472/3041 3644/4624/3144
f 3655/4620/3139 3675/4474/3043 3656/4619/3142
f 3647/4611/3140 3692/4470/3039 3630/4605/3135
f 3648/4615/3139 3696/4465/3036 3652/4609/3139
f 3646/4614/3140 3693/4463/3034 3647/4611/3140
f 3641/4610/3140 3688/4469/3039 3694/4466/3037
f 3632/4603/3136 3691/4467/3038 3666/4634/3151
f 3670/4633/3150 3688/4469/3039 3637/4602/3135
f 3668/4635/3152 3689/4468/3038 3634/4604/3136
f 3630/4605/3135 3692/4470/3039 3665/4632/3149
f 3478/4103/2757 3898/4577/3116 3848/4638/3155
f 3484/4066/2736 3848/4638/3155 3856/4639/3156
f 3878/4640/3157 3482/4060/2732 3865/4641/3158
f 3480/4091/2749 3860/4642/3159 3861/4643/3160
f 3873/4644/3160 3481/4083/2749 3870/4645/3160
f 3862/4646/3161 3474/4095/2744 3889/4647/3162
f 3849/4648/3163 3460/4099/2754 3862/4646/3161
f 3852/4649/3164 3498/3930/2629 3844/4349/2951
f 3857/4650/3165 3462/4100/2755 3849/4648/3163
f 3887/4651/3166 3483/4071/2740 3878/4640/3157
f 3850/4652/2786 3470/4105/2758 3857/4650/3165
f 3869/4581/3118 3490/4063/2734 3887/4651/3166
f 3890/4653/3164 3476/4654/2739 3891/4655/3164
f 3880/4656/3167 3495/4086/2749 3855/4657/3159
f 3512/4078/2746 3879/4658/3168 3864/4659/3169
f 3466/4087/2739 3846/4660/3170 3845/4661/3164
f 3509/4069/2732 3877/4662/3158 3897/4663/3158
f 3891/4655/3164 3496/4084/2739 3852/4649/3164
f 3851/4664/3171 3488/4070/2739 3858/4665/3170
f 3516/4077/2745 3863/4600/3134 3879/4658/3168
f 3859/4666/3160 3486/4667/2749 3873/4644/3160
f 3870/4645/3160 3471/3932/2631 3886/4313/2929
f 3499/4085/2743 3896/4668/3172 3885/4669/3172
f 3487/4090/2739 3858/4665/3170 3488/4070/2739
f 3866/4670/3173 3500/4097/2753 3880/4656/3167
f 3845/4661/3164 3467/4088/2739 3466/4087/2739
f 3468/4101/2732 3872/4671/3158 3505/4061/2732
f 3867/4579/3117 3501/4079/2747 3866/4670/3173
f 3885/4669/3172 3469/4104/2743 3499/4085/2743
f 3847/4672/3174 3511/4067/2737 3510/4062/2733
f 3881/4673/3160 3504/3934/2633 3465/4107/2749
f 3494/4082/2749 3855/4657/3159 3495/4086/2749
f 3888/4598/3133 3503/4093/2751 3843/4674/3175
f 3899/4675/3158 3463/4094/2732 3853/4676/3158
f 3894/4677/3164 3473/4075/2739 3467/4088/2739
f 3864/4659/3169 3472/4098/2739 3512/4078/2746
f 3874/4678/3176 3514/4064/2735 3511/4067/2737
f 3875/4679/3177 3513/4065/2732 3514/4064/2735
f 3861/4643/3160 3492/4092/2749 3480/4091/2749
f 3892/4680/3178 3485/4073/2742 3491/4089/2750
f 3882/4681/3179 3491/4089/2750 3493/4096/2752
f 3893/4682/3164 3459/3929/2628 3473/4075/2739
f 3515/4076/2744 3868/4683/3162 3475/4081/2744
f 3856/4639/3156 3479/4106/2749 3484/4066/2736
f 3505/4061/2732 3865/4641/3158 3482/4060/2732
f 3883/4684/3160 3465/4107/2749 3492/4092/2749
f 3843/4674/3175 3507/4080/2748 3851/4664/3171
f 3871/4685/3172 3515/4076/2744 3469/4104/2743
f 3475/4081/2744 3889/4647/3162 3474/4095/2744
f 3897/4663/3158 3463/4094/2732 3509/4069/2732
f 3895/4686/3180 3489/4074/2743 3485/4073/2742
f 3668/4635/3152 3667/4687/3181 3687/4393/2979
f 3687/4393/2979 3667/4687/3181 3666/4634/3151
f 3670/4633/3150 3669/4688/3182 3690/4394/2980
f 3690/4394/2980 3669/4688/3182 3665/4632/3149
f 3665/4632/3149 3692/4470/3039 3690/4394/2980
f 3690/4394/2980 3688/4469/3039 3670/4633/3150
f 3687/4393/2979 3689/4468/3038 3668/4635/3152
f 3666/4634/3151 3691/4467/3038 3687/4393/2979
f 3763/4453/3024 3674/4475/3044 3362/4128/2779
f 3762/4449/3020 3671/4479/3048 4022/4689/3183
f 3764/4451/3022 3677/4477/3046 4024/4690/3184
f 3761/4455/3026 3676/4476/3045 3361/4130/2781
f 4013/4585/3121 3532/4022/2703 4062/4691/3185
f 4016/4583/3119 3531/4018/2699 4064/4692/3186
f 3993/4693/3187 3700/4694/3094 3784/4695/2876
f 3697/4381/2971 3982/4696/3188 3781/4697/2874
f 4008/4698/3189 3698/4699/3093 3782/4700/2875
f 4011/4701/3190 3702/4385/2975 3707/4384/2974
f 3956/4702/3191 3704/4703/3095 3783/4704/2880
f 4005/4705/3192 3701/4383/2973 3709/4382/2972
f 3962/4706/3193 3703/4707/3096 3785/4708/2877
f 3699/4377/2967 3981/4709/3194 3965/4710/2895
f 3543/4169/2814 3554/4164/2810 4059/4711/3195
f 3544/4168/2813 3555/4166/2811 4057/4712/3196
f 4002/4713/3197 3745/4411/2990 3724/4415/2993
f 3996/4714/3198 3747/4414/2992 3717/4413/2991
f 3997/4715/3199 3717/4413/2991 3714/4409/2982
f 3995/4716/3199 3714/4409/2982 3718/4398/2982
f 4001/4717/3200 3727/4378/2968 3993/4693/3187
f 4003/4718/3201 3724/4415/2993 3715/4417/2984
f 4006/4719/3201 3720/4404/2984 3721/4720/2984
f 3987/4721/3201 3715/4417/2984 3720/4404/2984
f 3971/4722/3199 3718/4398/2982 3719/4412/2982
f 4010/4723/3202 3705/4379/2969 4008/4698/3189
f 3752/4421/2998 3957/4724/2891 3755/4429/3006
f 3958/4725/3203 3739/4219/2856 3970/4726/3204
f 3964/4727/3205 3731/4424/3001 3748/4423/3000
f 3963/4728/3206 3734/4428/3005 3958/4725/3203
f 4012/4729/3207 3707/4384/2974 3745/4411/2990
f 3742/4420/2997 3975/4730/2882 3973/4731/3208
f 3986/4732/3209 3733/4395/2981 3966/4733/3210
f 3978/4734/3211 3741/4403/2986 3961/4735/3212
f 3985/4736/3201 3710/4402/2985 3986/4732/3209
f 3979/4737/3199 3726/4405/2987 3978/4734/3211
f 3991/4738/3201 3722/4406/2984 3983/4739/3201
f 3984/4740/3213 3749/4220/2857 3999/4741/3214
f 3975/4730/2882 3743/4419/2996 3984/4740/3213
f 3961/4735/3212 3716/4386/2976 3962/4706/3193
f 3980/4742/3199 3725/4396/2982 3979/4737/3199
f 3998/4743/3215 3732/4202/2843 3968/4563/3107
f 3719/4412/2982 3959/4744/3199 3971/4722/3199
f 3758/4426/3003 3990/4745/3216 3988/4746/3217
f 3712/4376/2966 3967/4747/3218 3981/4709/3194
f 3744/4416/2994 3973/4731/3208 3967/4747/3218
f 4009/4748/3219 3756/4434/3011 3751/4433/3010
f 3751/4433/3010 3957/4724/2891 4009/4748/3219
f 3738/4418/2995 3963/4728/3206 3994/4749/3220
f 4004/4750/3221 3709/4382/2972 3747/4414/2992
f 3988/4746/3217 3750/4201/2842 3758/4426/3003
f 3969/4751/3222 3754/4199/2840 3989/4566/3109
f 4000/4752/3223 3729/4399/2983 4001/4717/3200
f 3730/4430/3007 3974/4753/3224 3760/4427/3004
f 3757/4425/3002 3999/4741/3214 3749/4220/2857
f 3759/4422/2999 3977/4754/3225 3976/4755/3226
f 4007/4756/3227 3753/4408/2988 4010/4723/3202
f 3736/4410/2989 3994/4749/3220 3992/4757/3228
f 3740/4431/3008 3970/4726/3204 3739/4219/2856
f 3976/4755/3226 3737/4198/2839 3759/4422/2999
f 3966/4733/3210 3706/4387/2977 3956/4702/3191
f 3959/4744/3199 3723/4401/2982 3980/4742/3199
f 3728/4407/2984 4006/4719/3201 3721/4720/2984
f 3748/4423/3000 3974/4753/3224 3964/4727/3205
f 3708/4380/2970 3992/4757/3228 3982/4696/3188
f 3983/4739/3201 3711/4400/2984 3985/4736/3201
f 3772/4758/2858 3867/4579/3117 3929/4759/3229
f 3775/4760/2860 3888/4598/3133 3920/4761/3230
f 3863/4600/3134 3774/4762/2861 3915/4763/3231
f 3898/4577/3116 3773/4764/2859 3926/4765/3232
f 3776/4766/2863 3847/4672/3174 3770/4582/2783
f 3869/4581/3118 3777/4767/2865 3769/4580/2785
f 3778/4768/2864 3882/4681/3179 3771/4601/2784
f 3784/4695/2876 3929/4759/3229 3993/4693/3187
f 3782/4700/2875 3920/4761/3230 4008/4698/3189
f 3954/4769/3233 3786/4770/2879 4011/4701/3190
f 3926/4765/3232 3781/4697/2874 3982/4696/3188
f 3939/4771/3234 3780/4772/2878 4005/4705/3192
f 3912/4773/3235 3785/4708/2877 3777/4767/2865
f 3942/4774/3236 3783/4704/2880 3779/4775/2862
f 3857/4650/3165 3779/4775/2862 3850/4652/2786
f 3530/4020/2701 4061/4776/3237 3539/4777/3238
f 3529/4016/2697 4063/4778/3239 3559/4779/3240
f 3610/4587/3123 4018/4780/3241 4014/4574/3114
f 4019/4781/3242 3616/4586/3122 4013/4585/3121
f 3609/4588/3124 4017/4782/3243 4015/4575/3115
f 4020/4783/3244 3614/4584/3120 4016/4583/3119
f 3915/4763/3231 3965/4710/2895 3981/4709/3194
f 3848/4638/3155 3898/4577/3116 3926/4765/3232
f 3874/4678/3176 3847/4672/3174 3939/4771/3234
f 3920/4761/3230 3888/4598/3133 3843/4674/3175
f 3875/4679/3177 3874/4678/3176 3938/4784/3245
f 3895/4686/3180 3892/4680/3178 3952/4785/3246
f 3892/4680/3178 3882/4681/3179 3954/4769/3233
f 3929/4759/3229 3867/4579/3117 3866/4670/3173
f 3921/4786/3247 3887/4651/3166 3878/4640/3157
f 3879/4658/3168 3863/4600/3134 3915/4763/3231
f 3942/4774/3236 3857/4650/3165 3849/4648/3163
f 3912/4773/3235 3869/4581/3118 3887/4651/3166
f 3950/4787/3248 3849/4648/3163 3862/4646/3161
f 3922/4788/3249 3864/4659/3169 3879/4658/3168
f 3855/4657/3159 3933/4789/3250 3880/4656/3167
f 3943/4790/3251 3884/4314/2930 3893/4682/3164
f 3936/4791/3252 3877/4662/3158 3875/4679/3177
f 3955/4792/3253 3853/4676/3158 3897/4663/3158
f 3947/4793/3254 3885/4669/3172 3896/4668/3172
f 3880/4656/3167 3934/4794/3255 3866/4670/3173
f 3928/4795/3251 3844/4349/2951 3948/4567/3110
f 3919/4796/3256 3856/4639/3156 3848/4638/3155
f 3910/4797/3257 3886/4313/2929 3901/4549/3100
f 3858/4665/3170 3944/4798/3258 3851/4664/3171
f 3876/4799/3162 3923/4800/3254 3868/4683/3162
f 3930/4801/3253 3899/4675/3158 3853/4676/3158
f 3925/4802/3259 3846/4660/3170 3864/4659/3169
f 3918/4803/3260 3860/4642/3159 3856/4639/3156
f 3940/4804/3254 3871/4685/3172 3885/4669/3172
f 3907/4805/3257 3854/4350/2952 3881/4673/3160
f 3899/4675/3158 3937/4806/3253 3872/4671/3158
f 3949/4807/3261 3896/4668/3172 3895/4686/3180
f 3851/4664/3171 3945/4808/3262 3843/4674/3175
f 3935/4809/3253 3897/4663/3158 3877/4662/3158
f 3890/4653/3164 3951/4810/3263 3858/4665/3170
f 3906/4811/3264 3889/4647/3162 3905/4812/3254
f 3883/4684/3160 3911/4813/3257 3908/4814/3265
f 3891/4655/3164 3946/4815/3251 3890/4653/3164
f 3845/4661/3164 3903/4816/3263 3917/4817/3251
f 3909/4818/3266 3870/4645/3160 3910/4797/3257
f 3881/4673/3160 3908/4814/3265 3907/4805/3257
f 3859/4666/3160 3902/4819/3267 3855/4657/3159
f 3873/4644/3160 3913/4820/3257 3859/4666/3160
f 3927/4821/3253 3872/4671/3158 3937/4806/3253
f 3894/4677/3164 3917/4817/3251 3941/4822/3268
f 3932/4823/3269 3865/4641/3158 3927/4821/3253
f 3905/4812/3254 3868/4683/3162 3923/4800/3254
f 3893/4682/3164 3941/4822/3268 3943/4790/3251
f 3924/4824/3270 3852/4649/3164 3928/4795/3251
f 3861/4643/3160 3914/4825/3267 3911/4813/3257
f 3871/4685/3172 3904/4826/3254 3876/4799/3162
f 3651/4636/3153 4023/4827/3271 4018/4780/3241
f 3645/4637/3154 4021/4828/3272 4017/4782/3243
f 4024/4690/3184 3642/4625/3145 4019/4781/3242
f 4022/4689/3183 3658/4626/3146 4020/4783/3244
f 3952/4785/3246 3949/4807/3261 3895/4686/3180
f 3938/4784/3245 3936/4791/3252 3875/4679/3177
f 3938/4784/3245 3939/4771/3234 4005/4705/3192
f 3926/4765/3232 3919/4796/3256 3848/4638/3155
f 3920/4761/3230 3945/4808/3262 4008/4698/3189
f 3921/4786/3247 3912/4773/3235 3887/4651/3166
f 3915/4763/3231 3922/4788/3249 3879/4658/3168
f 3921/4786/3247 3932/4823/3269 3961/4735/3212
f 3950/4787/3248 3906/4811/3264 3966/4733/3210
f 3952/4785/3246 3954/4769/3233 4011/4701/3190
f 3929/4759/3229 3934/4794/3255 3993/4693/3187
f 3950/4787/3248 3942/4774/3236 3849/4648/3163
f 3976/4755/3226 3901/4549/3100 3972/4551/3101
f 3998/4743/3215 3900/4554/3103 3943/4790/3251
f 3951/4810/3263 4007/4756/3227 3944/4798/3258
f 3967/4747/3218 3925/4802/3259 3922/4788/3249
f 3944/4798/3258 4010/4723/3202 3945/4808/3262
f 3992/4757/3228 3918/4803/3260 3919/4796/3256
f 3933/4789/3250 4001/4717/3200 3934/4794/3255
f 3969/4751/3222 3916/4552/3102 3907/4805/3257
f 3988/4746/3217 3948/4567/3110 3960/4564/3108
f 3959/4744/3199 3930/4801/3253 3971/4722/3199
f 3953/4829/3253 3980/4742/3199 3937/4806/3253
f 3902/4819/3267 4000/4752/3223 3933/4789/3250
f 3904/4826/3254 3983/4739/3201 3923/4800/3254
f 3904/4826/3254 4006/4719/3201 3991/4738/3201
f 3928/4795/3251 3990/4745/3216 3924/4824/3270
f 3947/4793/3254 4002/4713/3197 4003/4718/3201
f 3903/4816/3263 3973/4731/3208 3975/4730/2882
f 3907/4805/3257 3970/4726/3204 3969/4751/3222
f 3917/4817/3251 3999/4741/3214 3941/4822/3268
f 3955/4792/3253 3997/4715/3199 3995/4716/3199
f 3911/4813/3257 3963/4728/3206 3958/4725/3203
f 3985/4736/3201 3923/4800/3254 3983/4739/3201
f 3946/4815/3251 3957/4724/2891 3951/4810/3263
f 3910/4797/3257 3977/4754/3225 3909/4818/3266
f 3914/4825/3267 3994/4749/3220 3963/4728/3206
f 3913/4820/3257 3974/4753/3224 3902/4819/3267
f 3917/4817/3251 3975/4730/2882 3984/4740/3213
f 3911/4813/3257 3970/4726/3204 3908/4814/3265
f 3986/4732/3209 3905/4812/3254 3985/4736/3201
f 3979/4737/3199 3937/4806/3253 3980/4742/3199
f 3978/4734/3211 3927/4821/3253 3979/4737/3199
f 3930/4801/3253 3995/4716/3199 3971/4722/3199
f 3943/4790/3251 3999/4741/3214 3998/4743/3215
f 3940/4804/3254 4003/4718/3201 3987/4721/3201
f 3913/4820/3257 3977/4754/3225 3964/4727/3205
f 3946/4815/3251 3990/4745/3216 4009/4748/3219
f 3931/4830/3254 3987/4721/3201 4006/4719/3201
f 3935/4809/3253 3996/4714/3198 3997/4715/3199
f 3531/4018/2699 4057/4712/3196 4064/4692/3186
f 3532/4022/2703 4059/4711/3195 4062/4691/3185
f 3981/4709/3194 3967/4747/3218 3922/4788/3249
f 3950/4787/3248 3966/4733/3210 3956/4702/3191
f 3921/4786/3247 3961/4735/3212 3962/4706/3193
f 4005/4705/3192 4004/4750/3221 3938/4784/3245
f 4011/4701/3190 4012/4729/3207 3952/4785/3246
f 3934/4794/3255 4001/4717/3200 3993/4693/3187
f 4004/4750/3221 3996/4714/3198 3936/4791/3252
f 4012/4729/3207 4002/4713/3197 3949/4807/3261
f 3945/4808/3262 4010/4723/3202 4008/4698/3189
f 3982/4696/3188 3992/4757/3228 3919/4796/3256
f 3932/4823/3269 3978/4734/3211 3961/4735/3212
f 3906/4811/3264 3986/4732/3209 3966/4733/3210
f 4032/4831/3273 3541/4136/2787 3549/4139/2789
f 4037/4832/3274 3553/4140/2790 3560/4142/2791
f 3540/4148/2788 4030/4833/3275 3563/4138/2788
f 4040/4834/3276 3557/4152/2799 3562/4149/2796
f 3553/4140/2790 4035/4835/3274 3551/4146/2790
f 4031/4836/3277 3563/4138/2788 4030/4833/3275
f 4039/4837/3278 3551/4146/2790 4035/4835/3274
f 3556/4838/3279 4033/4839/3275 4038/4840/3275
f 3560/4142/2791 4036/4841/3274 4037/4832/3274
f 3556/4838/3279 4029/4842/3275 3540/4148/2788
f 3548/4145/2794 4046/4843/3280 4053/4844/3281
f 3537/4150/2797 4047/4845/3282 4055/4846/3283
f 3542/4153/2800 4048/4847/3284 3533/4158/2805
f 3558/4143/2792 4045/4848/3285 3536/4157/2804
f 4053/4844/3281 3547/4165/2793 3548/4145/2794
f 4056/4849/3286 3545/4154/2801 4050/4850/3287
f 4055/4846/3283 3550/4163/2801 3537/4150/2797
f 4054/4851/3288 3546/4144/2793 4049/4852/3289
f 3555/4166/2811 4051/4853/3290 4057/4712/3196
f 3538/4170/2815 4050/4850/3287 3545/4154/2801
f 3552/4167/2812 4049/4852/3289 3546/4144/2793
f 3554/4164/2810 4052/4854/3291 4059/4711/3195
f 4060/4855/3292 3539/4777/3238 4061/4776/3237
f 4058/4856/3293 3559/4779/3240 4063/4778/3239
f 3564/4147/2795 4027/4857/3294 3565/4159/2806
f 3549/4139/2789 4026/4858/3295 4032/4831/3273
f 3561/4151/2798 4028/4859/3296 3568/4162/2809
f 3562/4149/2796 4025/4860/3297 4040/4834/3276
f 3536/4157/2804 4043/4861/3298 3570/4171/2816
f 4042/4862/3299 3534/4156/2803 3572/4172/2817
f 3533/4158/2805 4044/4863/3300 3571/4174/2819
f 4041/4864/3301 3535/4155/2802 3569/4173/2818
f 3565/4159/2806 4065/4865/3302 3575/4176/2821
f 3568/4162/2809 4067/4866/3303 3576/4175/2820
f 3567/4160/2807 4066/4867/3304 4026/4858/3295
f 3566/4161/2808 4068/4868/3305 4025/4860/3297
f 4072/4869/3306 3569/4173/2818 3580/4179/2824
f 3570/4171/2816 4071/4870/3307 3578/4181/2826
f 3571/4174/2819 4070/4871/3308 3579/4182/2827
f 4069/4872/3309 3572/4172/2817 3577/4180/2825
f 3576/4175/2820 4073/4873/3310 3584/4184/2829
f 3574/4178/2823 4075/4874/3311 4068/4868/3305
f 3575/4176/2821 4074/4875/3312 3582/4186/2831
f 3573/4177/2822 4076/4876/3313 4066/4867/3304
f 3578/4181/2826 4077/4877/3314 3586/4189/2834
f 4080/4878/3315 3580/4179/2824 3589/4188/2833
f 3579/4182/2827 4078/4879/3316 3587/4190/2835
f 4079/4880/3317 3577/4180/2825 3588/4187/2832
f 3584/4184/2829 4079/4880/3317 3588/4187/2832
f 3583/4185/2830 4077/4877/3314 4076/4876/3313
f 3581/4183/2828 4078/4879/3316 4075/4874/3311
f 3582/4186/2831 4080/4878/3315 3589/4188/2833
f 3761/4455/3026 4189/4881/3318 4023/4827/3271
f 4190/4882/3319 3764/4451/3022 4024/4690/3184
f 3763/4453/3024 4191/4883/3320 4021/4828/3272
f 4192/4884/3321 3762/4449/3020 4022/4689/3183
f 3787/4355/2956 4168/4885/3322 3803/4483/3052
f 3790/4352/2953 4165/4886/3323 3804/4484/3053
f 4166/4887/3324 3789/4354/2955 3805/4482/3051
f 4167/4888/3325 3788/4353/2954 3806/4481/3050
f 3791/4494/3058 4182/4889/3326 3792/4495/3056
f 3795/4492/3054 4177/4890/3327 4179/4891/3327
f 3802/4486/3055 4181/4892/3326 4173/4893/3328
f 3798/4488/3057 4179/4891/3327 4184/4894/3329
f 3793/4496/3059 4180/4895/3327 3799/4489/3054
f 3801/4485/3054 4177/4890/3327 3800/4493/3054
f 3797/4490/3056 4175/4896/3326 4181/4892/3326
f 4178/4897/3327 3799/4489/3054 4180/4895/3327
f 4183/4898/3326 3796/4491/3056 3794/4487/3056
f 4183/4898/3326 3792/4495/3056 4182/4889/3326
f 4172/4899/3330 3814/4361/2962 3788/4353/2954
f 4169/4900/3331 3813/4357/2958 3789/4354/2955
f 4170/4901/3332 3812/4359/2960 4188/4902/3333
f 4171/4903/3334 3811/4358/2959 4187/4904/3335
f 4167/4888/3325 3807/4497/3060 4159/4905/3336
f 4165/4886/3323 3809/4498/3061 3804/4484/3053
f 4166/4887/3324 3810/4500/3063 4160/4906/3337
f 4168/4885/3322 3808/4499/3062 3803/4483/3052
f 3818/4503/3066 4174/4907/3338 3791/4494/3058
f 3816/4501/3064 4173/4893/3328 4161/4908/3339
f 3817/4504/3067 4176/4909/3340 3793/4496/3059
f 3815/4502/3065 4184/4894/3329 4163/4910/3341
f 4188/4902/3333 3822/4452/3023 4190/4882/3319
f 4187/4904/3335 3821/4450/3021 4192/4884/3321
f 4186/4911/3342 3819/4456/3027 3814/4361/2962
f 4185/4912/3343 3820/4454/3025 3813/4357/2958
f 4158/4913/3344 3833/4516/3078 3809/4498/3061
f 3832/4506/3069 4160/4906/3337 3810/4500/3063
f 4157/4914/3345 3834/4515/3077 3808/4499/3062
f 3831/4505/3068 4159/4905/3336 3807/4497/3060
f 3830/4507/3070 4162/4915/3346 3818/4503/3066
f 3827/4508/3071 4164/4916/3347 3817/4504/3067
f 3829/4511/3073 4161/4908/3339 4152/4917/3348
f 3828/4512/3074 4163/4910/3341 4149/4918/3349
f 3823/4525/3087 4146/4919/3350 3836/4513/3075
f 3825/4524/3086 4142/4920/3351 3838/4514/3076
f 3826/4523/3085 4145/4921/3352 4140/4922/3353
f 3824/4522/3084 4147/4923/3354 4137/4924/3355
f 3824/4522/3084 4144/4925/3356 3842/4517/3079
f 3826/4523/3085 4141/4926/3357 3839/4518/3080
f 4148/4927/3358 3823/4525/3087 3840/4520/3082
f 4143/4928/3359 3825/4524/3086 3841/4521/3083
f 3835/4527/3089 4149/4918/3349 4145/4921/3352
f 3836/4513/3075 4151/4929/3360 3830/4507/3070
f 3838/4514/3076 4150/4930/3361 3827/4508/3071
f 3837/4526/3088 4152/4917/3348 4147/4923/3354
f 3839/4518/3080 4156/4931/3362 3832/4506/3069
f 3842/4517/3079 4154/4932/3363 3831/4505/3068
f 4153/4933/3364 3840/4520/3082 3834/4515/3077
f 4155/4934/3365 3841/4521/3083 3833/4516/3078
f 4135/4935/3366 4015/4575/3115 4017/4782/3243
f 4016/4583/3119 4134/4936/3367 4020/4783/3244
f 4136/4937/3368 4014/4574/3114 4018/4780/3241
f 4013/4585/3121 4133/4938/3369 4019/4781/3242
f 4020/4783/3244 4192/4884/3321 4022/4689/3183
f 4019/4781/3242 4190/4882/3319 4024/4690/3184
f 4189/4881/3318 4018/4780/3241 4023/4827/3271
f 4191/4883/3320 4017/4782/3243 4021/4828/3272
f 4025/4860/3297 4068/4868/3305 4096/4939/3370
f 4093/4940/3371 4067/4866/3303 4028/4859/3296
f 4026/4858/3295 4066/4867/3304 4094/4941/3372
f 4095/4942/3373 4065/4865/3302 4027/4857/3294
f 4041/4864/3301 4072/4869/3306 4114/4943/3374
f 4117/4944/3375 4070/4871/3308 4044/4863/3300
f 4119/4945/3376 4071/4870/3307 4043/4861/3298
f 4042/4862/3299 4069/4872/3309 4113/4946/3377
f 4066/4867/3304 4076/4876/3313 4116/4947/3378
f 4118/4948/3379 4074/4875/3312 4065/4865/3302
f 4068/4868/3305 4075/4874/3311 4120/4949/3380
f 4115/4950/3381 4073/4873/3310 4067/4866/3303
f 4039/4837/3278 4088/4951/3382 4028/4859/3296
f 4031/4836/3277 4085/4952/3383 4027/4857/3294
f 4086/4953/3384 4032/4831/3273 4026/4858/3295
f 4087/4954/3385 4040/4834/3276 4025/4860/3297
f 4102/4955/3386 4036/4841/3274 4040/4834/3276
f 4106/4956/3387 4033/4839/3275 4032/4831/3273
f 4034/4957/3274 4110/4958/3386 4035/4835/3274
f 4037/4832/3274 4112/4959/3386 4034/4957/3274
f 4103/4960/3386 4037/4832/3274 4036/4841/3274
f 4105/4961/3387 4038/4840/3275 4108/4962/3387
f 4030/4833/3275 4101/4963/3387 4031/4836/3277
f 4109/4964/3387 4038/4840/3275 4033/4839/3275
f 4035/4835/3274 4111/4965/3386 4039/4837/3278
f 4029/4842/3275 4104/4966/3387 4030/4833/3275
f 4046/4843/3280 4084/4967/3388 4097/4968/3389
f 4081/4969/3390 4045/4848/3285 4098/4970/3391
f 4083/4971/3392 4048/4847/3284 4099/4972/3393
f 4047/4845/3282 4082/4973/3394 4100/4974/3395
f 4097/4968/3389 4053/4844/3281 4046/4843/3280
f 4099/4972/3393 4056/4849/3286 4122/4975/3396
f 4098/4970/3391 4054/4851/3288 4123/4976/3397
f 4100/4974/3395 4055/4846/3283 4047/4845/3282
f 4123/4976/3397 4049/4852/3289 4126/4977/3398
f 4121/4978/3396 4052/4854/3291 4055/4846/3283
f 4124/4979/3397 4051/4853/3290 4053/4844/3281
f 4122/4975/3396 4050/4850/3287 4127/4980/3399
f 4060/4855/3292 4127/4980/3399 4050/4850/3287
f 4058/4856/3293 4126/4977/3398 4049/4852/3289
f 4125/4981/3399 4059/4711/3195 4052/4854/3291
f 4128/4982/3398 4057/4712/3196 4051/4853/3290
f 4090/4983/3400 4069/4872/3309 4079/4880/3317
f 4092/4984/3401 4076/4876/3313 4077/4877/3314
f 4070/4871/3308 4089/4985/3402 4078/4879/3316
f 4091/4986/3403 4072/4869/3306 4080/4878/3315
f 4089/4985/3402 4075/4874/3311 4078/4879/3316
f 4071/4870/3307 4092/4984/3401 4077/4877/3314
f 4091/4986/3403 4074/4875/3312 4118/4948/3379
f 4090/4983/3400 4073/4873/3310 4115/4950/3381
f 4131/4987/3404 4064/4692/3186 4057/4712/3196
f 4061/4776/3237 4129/4988/3405 4060/4855/3292
f 4130/4989/3406 4062/4691/3185 4059/4711/3195
f 4063/4778/3239 4132/4990/3407 4058/4856/3293
f 4082/4973/3394 4114/4943/3374 4148/4927/3358
f 4083/4971/3392 4117/4944/3375 4044/4863/3300
f 4081/4969/3390 4119/4945/3376 4043/4861/3298
f 4084/4967/3388 4113/4946/3377 4143/4928/3359
f 4088/4951/3382 4093/4940/3371 4028/4859/3296
f 4085/4952/3383 4095/4942/3373 4027/4857/3294
f 4087/4954/3385 4096/4939/3370 4149/4918/3349
f 4118/4948/3379 4095/4942/3373 4146/4919/3350
f 4115/4950/3381 4093/4940/3371 4142/4920/3351
f 4086/4953/3384 4094/4941/3372 4152/4917/3348
f 4120/4949/3380 4096/4939/3370 4068/4868/3305
f 4116/4947/3378 4094/4941/3372 4066/4867/3304
f 4138/4991/3408 4113/4946/3377 4090/4983/3400
f 4119/4945/3376 4137/4924/3355 4092/4984/3401
f 4139/4992/3409 4114/4943/3374 4091/4986/3403
f 4117/4944/3375 4140/4922/3353 4089/4985/3402
f 4138/4991/3408 4115/4950/3381 4142/4920/3351
f 4116/4947/3378 4137/4924/3355 4147/4923/3354
f 4120/4949/3380 4140/4922/3353 4145/4921/3352
f 4139/4992/3409 4118/4948/3379 4146/4919/3350
f 4156/4931/3362 4099/4972/3393 4160/4906/3337
f 4097/4968/3389 4155/4934/3365 4158/4913/3344
f 4154/4932/3363 4098/4970/3391 4159/4905/3336
f 4100/4974/3395 4153/4933/3364 4157/4914/3345
f 4159/4905/3336 4123/4976/3397 4167/4888/3325
f 4101/4963/3387 4162/4915/3346 4085/4952/3383
f 4124/4979/3397 4158/4913/3344 4165/4886/3323
f 4160/4906/3337 4122/4975/3396 4166/4887/3324
f 4121/4978/3396 4157/4914/3345 4168/4885/3322
f 4111/4965/3386 4164/4916/3347 4088/4951/3382
f 4102/4955/3386 4163/4910/3341 4184/4894/3329
f 4106/4956/3387 4161/4908/3339 4173/4893/3328
f 4168/4885/3322 4125/4981/3399 4121/4978/3396
f 4112/4959/3386 4180/4895/3327 4110/4958/3386
f 4183/4898/3326 4108/4962/3387 4175/4896/3326
f 4110/4958/3386 4176/4909/3340 4111/4965/3386
f 4165/4886/3323 4128/4982/3398 4124/4979/3397
f 4105/4961/3387 4182/4889/3326 4104/4966/3387
f 4104/4966/3387 4174/4907/3338 4101/4963/3387
f 4178/4897/3327 4107/4993/3386 4177/4890/3327
f 4107/4993/3386 4179/4891/3327 4177/4890/3327
f 4109/4964/3387 4173/4893/3328 4181/4892/3326
f 4167/4888/3325 4126/4977/3398 4172/4899/3330
f 4166/4887/3324 4127/4980/3399 4169/4900/3331
f 4108/4962/3387 4181/4892/3326 4175/4896/3326
f 4103/4960/3386 4184/4894/3329 4179/4891/3327
f 4171/4903/3334 4131/4987/3404 4128/4982/3398
f 4170/4901/3332 4130/4989/3406 4125/4981/3399
f 4132/4990/3407 4172/4899/3330 4126/4977/3398
f 4129/4988/3405 4169/4900/3331 4127/4980/3399
f 4187/4904/3335 4134/4936/3367 4131/4987/3404
f 4136/4937/3368 4186/4911/3342 4132/4990/3407
f 4135/4935/3366 4185/4912/3343 4129/4988/3405
f 4188/4902/3333 4133/4938/3369 4130/4989/3406
f 4093/4940/3371 4150/4930/3361 4142/4920/3351
f 4095/4942/3373 4151/4929/3360 4146/4919/3350
f 4145/4921/3352 4149/4918/3349 4096/4939/3370
f 4147/4923/3354 4152/4917/3348 4094/4941/3372
f 4081/4969/3390 4154/4932/3363 4144/4925/3356
f 4143/4928/3359 4155/4934/3365 4084/4967/3388
f 4083/4971/3392 4156/4931/3362 4141/4926/3357
f 4148/4927/3358 4153/4933/3364 4082/4973/3394
f 4085/4952/3383 4162/4915/3346 4151/4929/3360
f 4152/4917/3348 4161/4908/3339 4086/4953/3384
f 4088/4951/3382 4164/4916/3347 4150/4930/3361
f 4149/4918/3349 4163/4910/3341 4087/4954/3385
f 7/1/1 16/7/1 9/2/2
f 8/4/1 18/12/1 12/5/1
f 16/7/1 17/13/1 5/8/4
f 14/9/1 13/11/1 12/5/1
f 13/11/1 1/16/1 2/6/1
f 18/12/1 3/14/1 4/10/1
f 18/12/1 8/4/1 17/13/1
f 16/7/1 7/1/1 3/14/1
f 15/15/5 11/48/24 1/16/1
f 10/17/6 15/15/5 13/11/1
f 26/18/7 21/33/15 41/19/1
f 23/21/8 27/31/13 42/22/1
f 36/24/1 37/28/1 20/25/10
f 32/27/1 29/38/10 20/25/10
f 28/29/12 40/63/31 36/24/1
f 22/30/7 39/37/1 42/22/1
f 24/32/14 38/54/27 41/19/1
f 30/34/16 25/39/18 33/35/1
f 39/37/1 22/30/7 26/18/7
f 29/38/10 32/27/1 33/35/1
f 63/40/19 55/91/19 3/14/1
f 66/41/20 17/13/1 8/4/1
f 58/43/20 64/44/20 2/6/1
f 8/4/1 2/6/1 64/44/20
f 17/13/1 66/41/20 61/45/21
f 7/1/1 6/3/3 76/46/22
f 75/47/23 58/43/20 1/16/1
f 67/49/19 14/9/1 4/10/1
f 14/9/1 67/49/19 74/51/25
f 3/14/1 55/91/19 65/50/19
f 50/52/1 49/65/1 39/37/1
f 53/53/26 54/61/1 41/19/1
f 47/55/28 34/23/9 42/22/1
f 32/27/1 45/70/1 52/57/1
f 44/58/1 45/70/1 32/27/1
f 37/28/1 36/24/1 43/59/1
f 46/60/29 31/36/17 33/35/1
f 35/20/1 41/19/1 54/61/1
f 51/62/30 43/59/1 36/24/1
f 39/37/1 49/65/1 48/56/1
f 71/64/1 48/56/1 49/65/1
f 50/52/1 54/61/1 62/67/1
f 60/69/1 52/57/1 45/70/1
f 77/72/32 62/67/1 54/61/1
f 44/58/1 43/59/1 78/73/1
f 48/56/1 71/64/1 70/75/33
f 56/66/1 49/65/1 50/52/1
f 73/71/1 45/70/1 44/58/1
f 52/57/1 60/69/1 59/76/34
f 57/77/35 78/73/1 43/59/1
f 68/42/20 64/44/20 90/78/36
f 73/71/1 100/101/1 79/80/1
f 98/81/37 67/49/19 65/50/19
f 72/68/1 62/67/1 85/83/1
f 96/85/39 85/83/1 62/67/1
f 56/66/1 82/87/1 94/86/1
f 82/87/1 56/66/1 72/68/1
f 71/64/1 94/86/1 95/88/40
f 67/49/19 98/81/37 92/89/41
f 91/90/42 89/92/38 55/91/19
f 65/50/19 55/91/19 89/92/38
f 93/93/43 61/45/21 66/41/20
f 64/44/20 58/43/20 86/95/45
f 81/96/46 88/99/1 78/73/1
f 101/97/47 91/90/42 63/40/19
f 84/98/48 86/95/45 58/43/20
f 69/74/1 78/73/1 88/99/1
f 69/74/1 83/100/1 100/101/1
f 68/42/20 80/79/36 99/94/44
f 60/69/1 79/80/1 87/102/49
f 82/103/1 110/122/59 104/104/50
f 103/106/51 87/278/49 79/107/1
f 83/109/1 113/285/53 109/110/53
f 106/112/54 111/115/55 88/113/1
f 111/115/55 113/285/53 83/109/1
f 107/116/56 112/293/59 97/117/1
f 108/119/57 107/116/56 85/118/1
f 105/121/58 95/284/40 94/105/1
f 100/111/1 109/110/53 114/108/52
f 97/117/1 112/293/59 110/122/59
f 9/2/2 225/125/62 223/123/60
f 9/2/2 5/8/4 226/124/61
f 15/15/5 228/128/65 227/126/63
f 15/15/5 10/17/6 224/127/64
f 10/17/6 74/51/25 231/129/66
f 5/8/4 61/45/21 232/130/67
f 229/131/68 75/47/23 11/48/24
f 6/3/3 223/123/60 230/132/69
f 92/89/41 237/364/233 231/129/66
f 93/93/43 239/367/236 232/130/67
f 84/98/48 75/47/23 229/131/68
f 101/97/47 76/46/22 230/132/69
f 235/135/72 239/367/236 93/93/43
f 90/78/36 86/95/45 240/136/73
f 238/138/75 98/81/37 102/82/38
f 238/138/75 237/364/233 92/89/41
f 242/140/74 80/79/36 90/78/36
f 101/97/47 234/134/71 236/141/77
f 235/135/72 99/94/44 80/79/36
f 89/92/38 91/90/42 236/141/77
f 84/98/48 241/133/70 240/136/73
f 233/139/76 102/82/38 89/92/38
f 131/143/78 130/171/78 116/144/79
f 117/146/80 137/175/94 133/147/81
f 126/149/83 119/148/82 133/147/81
f 125/151/84 115/158/88 138/152/81
f 118/154/86 120/163/91 132/155/78
f 122/157/83 127/159/81 138/152/81
f 126/149/83 136/150/81 127/159/81
f 123/160/89 134/177/96 128/161/78
f 116/144/79 130/171/78 132/155/78
f 121/145/79 124/162/90 128/161/78
f 139/164/81 138/152/81 127/159/81
f 131/143/78 128/161/78 142/166/78
f 136/150/81 133/147/81 147/168/81
f 146/170/78 132/155/78 130/171/78
f 138/152/81 139/164/81 145/173/92
f 144/174/93 147/168/81 133/147/81
f 127/159/81 136/150/81 149/169/81
f 143/167/78 141/172/78 130/171/78
f 148/176/95 142/166/78 128/161/78
f 132/155/78 146/170/78 140/178/97
f 169/179/98 165/183/99 147/168/81
f 174/180/99 141/172/78 143/167/78
f 139/164/81 162/186/99 156/182/100
f 149/169/81 147/168/81 165/183/99
f 149/169/81 171/184/99 164/185/99
f 150/165/81 164/185/99 162/186/99
f 143/167/78 142/166/78 158/187/99
f 146/170/78 155/189/99 163/188/101
f 141/172/78 174/180/99 155/189/99
f 159/190/102 158/187/99 142/166/78
f 167/191/99 166/198/99 170/192/99
f 157/194/99 154/199/99 161/195/99
f 160/197/103 168/296/169 167/191/99
f 157/194/99 170/192/99 166/198/99
f 151/200/104 153/236/122 172/196/99
f 171/184/99 165/183/99 178/201/99
f 176/203/99 182/350/219 163/188/101
f 173/181/99 184/211/99 185/204/99
f 165/183/99 169/179/98 177/205/105
f 176/203/99 155/189/99 174/180/99
f 171/184/99 175/202/99 186/206/99
f 181/207/99 158/187/99 159/190/102
f 179/209/107 156/182/100 162/186/99
f 173/181/99 158/187/99 181/207/99
f 183/210/99 162/186/99 164/185/99
f 166/198/99 167/191/99 210/212/99
f 199/214/99 170/192/99 157/194/99
f 190/216/108 198/229/118 181/207/99
f 195/217/109 196/224/114 178/201/99
f 157/194/99 172/196/99 200/218/99
f 170/192/99 199/214/99 207/219/99
f 175/202/99 193/225/110 189/220/110
f 167/191/99 168/296/169 208/221/111
f 192/222/112 179/209/107 183/210/99
f 186/206/99 189/220/110 197/223/113
f 175/202/99 178/201/99 196/224/114
f 188/226/115 182/350/219 176/203/99
f 209/228/117 160/197/103 152/193/99
f 184/211/99 181/207/99 198/229/118
f 161/195/99 203/232/99 204/231/120
f 203/232/99 161/195/99 154/199/99
f 185/204/99 194/234/119 191/227/116
f 184/211/99 187/230/119 194/234/119
f 206/233/99 154/199/99 166/198/99
f 201/235/121 200/218/99 172/196/99
f 206/233/99 216/243/125 219/237/123
f 202/213/99 210/212/99 211/238/124
f 205/215/99 200/218/99 220/240/126
f 222/242/128 204/231/120 203/232/99
f 202/213/99 215/239/125 216/243/125
f 199/214/99 213/246/127 217/244/129
f 221/245/130 211/238/124 210/212/99
f 205/215/99 212/241/127 213/246/127
f 214/247/131 220/240/126 200/218/99
f 218/248/132 209/228/117 207/219/99
f 24/32/14 21/33/15 252/249/133
f 29/38/10 25/39/18 256/251/135
f 29/38/10 245/252/136 255/253/136
f 22/30/7 27/31/13 249/254/137
f 250/256/138 26/18/7 22/30/7
f 28/29/12 19/26/11 251/257/139
f 30/34/16 246/261/143 256/251/135
f 23/21/8 248/263/145 249/254/137
f 26/18/7 250/256/138 252/249/133
f 20/25/10 255/253/136 251/257/139
f 259/259/141 38/54/27 24/32/14
f 30/34/16 31/36/17 258/260/142
f 23/21/8 34/23/9 260/262/144
f 257/264/146 40/63/31 28/29/12
f 260/262/144 34/23/9 47/55/28
f 53/53/26 38/54/27 259/259/141
f 51/62/30 40/63/31 257/264/146
f 258/260/142 31/36/17 46/60/29
f 263/265/147 47/55/28 70/75/33
f 262/268/150 46/60/29 59/76/34
f 264/266/148 266/272/154 77/72/32
f 261/267/149 267/274/156 57/77/35
f 269/271/153 96/85/39 77/72/32
f 271/273/155 81/96/46 57/77/35
f 70/75/33 95/88/40 270/275/157
f 59/76/34 87/102/49 272/276/158
f 103/106/51 273/403/268 272/277/158
f 108/119/57 96/120/39 269/279/153
f 106/112/54 81/114/46 271/281/155
f 105/121/58 274/401/266 270/283/157
f 113/285/53 111/115/55 282/286/161
f 284/288/163 274/401/266 105/121/58
f 113/285/53 280/287/162 279/289/162
f 108/119/57 281/280/159 275/290/164
f 278/291/165 273/403/268 103/106/51
f 284/288/163 104/104/50 110/122/59
f 106/112/54 277/282/160 282/286/161
f 278/291/165 114/108/52 109/110/53
f 112/293/59 276/294/167 283/292/166
f 112/293/59 107/116/56 275/290/164
f 436/295/168 434/300/173 168/296/169
f 153/236/122 151/200/104 433/297/170
f 445/299/172 208/221/111 168/296/169
f 160/197/103 209/228/117 446/301/174
f 151/200/104 204/231/120 444/302/175
f 153/236/122 435/298/171 443/303/176
f 450/304/177 444/302/175 204/231/120
f 452/305/178 221/245/130 208/221/111
f 449/306/179 214/247/131 201/235/121
f 448/307/180 446/301/174 209/228/117
f 211/238/124 221/245/130 452/305/178
f 447/309/182 457/314/182 213/246/127
f 453/310/183 447/309/182 212/241/127
f 458/311/184 219/237/123 216/243/125
f 448/307/180 218/248/132 217/244/129
f 451/308/181 456/315/185 215/239/125
f 220/240/126 214/247/131 449/306/179
f 450/304/177 222/242/128 219/237/123
f 454/313/186 217/244/129 213/246/127
f 455/312/185 216/243/125 215/239/125
f 464/316/187 126/149/83 122/157/83
f 467/318/188 121/145/79 116/144/79
f 116/144/79 120/163/91 466/320/189
f 122/157/83 115/158/88 469/321/190
f 121/145/79 467/318/188 465/322/191
f 126/149/83 464/316/187 468/323/192
f 473/324/193 123/160/89 124/162/90
f 471/325/194 469/321/190 115/158/88
f 472/326/195 466/320/189 120/163/91
f 474/327/196 117/146/80 119/148/82
f 471/325/194 125/151/84 135/153/85
f 473/324/193 482/331/200 134/177/96
f 474/327/196 481/332/201 137/175/94
f 472/326/195 118/154/86 129/156/87
f 479/328/197 135/153/85 145/173/92
f 482/331/200 489/337/206 148/176/95
f 481/332/201 487/335/204 144/174/93
f 480/329/198 129/156/87 140/178/97
f 504/334/203 169/179/98 144/174/93
f 506/336/205 159/190/102 148/176/95
f 145/173/92 156/182/100 505/338/207
f 140/178/97 163/188/101 503/339/208
f 198/229/118 190/216/108 496/340/209
f 499/342/211 197/223/113 189/220/110
f 196/224/114 195/217/109 501/344/213
f 498/341/210 491/679/216 187/230/119
f 497/346/215 192/222/112 197/223/113
f 493/345/214 492/671/212 193/225/110
f 193/225/110 492/671/212 495/343/212
f 187/230/119 491/679/216 500/347/216
f 494/348/217 188/226/115 191/227/116
f 502/349/218 191/227/116 194/234/119
f 497/346/215 514/354/223 179/209/107
f 494/348/217 512/353/222 182/350/219
f 501/344/213 195/217/109 177/205/105
f 496/340/209 190/216/108 180/208/106
f 169/179/98 504/334/203 511/351/220
f 163/188/101 182/350/219 512/353/222
f 159/190/102 506/336/205 513/352/221
f 156/182/100 179/209/107 514/354/223
f 226/124/61 295/361/230 293/355/224
f 294/356/225 228/128/65 224/127/64
f 223/123/60 225/125/62 293/355/224
f 294/356/225 292/360/229 227/126/63
f 288/357/226 224/127/64 231/129/66
f 292/360/229 299/365/234 229/131/68
f 232/130/67 302/368/237 295/361/230
f 287/358/227 300/362/231 230/132/69
f 234/134/71 230/132/69 300/362/231
f 237/364/233 313/4994/3410 298/359/228
f 241/133/70 229/131/68 299/365/234
f 239/367/236 317/4995/3411 302/368/237
f 306/369/238 313/4994/3410 237/364/233
f 234/134/71 310/363/232 315/370/239
f 307/371/240 317/4995/3411 239/367/236
f 316/372/241 308/375/241 233/139/76
f 305/373/242 242/140/74 243/137/74
f 235/135/72 242/140/74 305/373/242
f 240/136/73 314/376/243 319/374/242
f 238/138/75 233/139/76 308/375/241
f 236/141/77 315/370/239 316/372/241
f 241/133/70 320/366/235 314/376/243
f 246/261/143 365/389/254 367/377/244
f 354/378/245 362/382/248 251/257/139
f 366/379/246 254/255/138 249/254/137
f 366/379/246 356/381/246 250/256/138
f 356/381/246 363/385/250 252/249/133
f 247/258/140 251/257/139 362/382/248
f 358/384/245 354/378/245 255/253/136
f 358/384/245 245/252/136 256/251/135
f 253/250/134 252/249/133 363/385/250
f 248/263/145 355/391/256 360/380/247
f 369/387/252 259/259/141 253/250/134
f 246/261/143 258/260/142 374/388/253
f 248/263/145 260/262/144 372/390/255
f 371/392/257 257/264/146 247/258/140
f 378/393/258 372/390/255 260/262/144
f 259/259/141 369/387/252 379/394/259
f 257/264/146 371/392/257 377/395/260
f 382/396/261 374/388/253 258/260/142
f 391/397/262 266/272/154 264/266/148
f 262/268/150 265/270/152 386/398/263
f 263/265/147 268/269/151 385/399/264
f 390/400/265 267/274/156 261/267/149
f 391/397/262 398/4996/270 269/271/153
f 390/400/265 400/4997/272 271/273/155
f 270/275/157 396/4998/267 385/399/264
f 272/276/158 395/4999/269 386/398/263
f 274/401/266 414/526/343 396/402/267
f 273/403/268 411/515/338 395/404/269
f 281/280/159 269/279/153 398/405/270
f 277/282/160 271/281/155 400/407/272
f 410/409/274 283/292/166 276/294/167
f 402/411/275 414/526/343 274/401/266
f 275/290/164 413/416/279 412/410/274
f 415/412/276 411/515/338 273/403/268
f 282/286/161 407/414/278 403/413/277
f 284/288/163 283/292/166 410/409/274
f 277/282/160 404/408/273 407/414/278
f 403/413/277 408/415/277 279/289/162
f 278/291/165 279/289/162 408/415/277
f 281/280/159 405/406/271 413/416/279
f 289/417/280 296/424/287 287/358/227
f 294/356/225 288/357/226 286/418/281
f 292/360/229 294/356/225 291/419/282
f 295/361/230 285/495/326 289/417/280
f 288/357/226 298/359/228 303/421/284
f 292/360/229 290/420/283 297/422/285
f 304/423/286 300/362/231 287/358/227
f 301/425/288 285/495/326 295/361/230
f 300/362/231 304/423/286 311/426/289
f 302/368/237 317/4995/3411 318/427/290
f 299/365/234 297/422/285 309/428/291
f 298/359/228 313/4994/3410 312/429/292
f 329/430/293 317/4995/3411 307/371/240
f 332/432/293 335/442/293 319/374/242
f 321/433/294 310/363/232 311/426/289
f 325/435/294 313/4994/3410 306/369/238
f 321/433/294 323/445/294 315/370/239
f 328/437/294 308/375/241 316/372/241
f 318/427/290 317/4995/3411 329/430/293
f 330/440/293 320/366/235 309/428/291
f 335/442/293 336/443/293 305/373/242
f 333/431/293 307/371/240 305/373/242
f 312/429/292 313/4994/3410 325/435/294
f 330/440/293 332/432/293 314/376/243
f 323/445/294 327/438/294 316/372/241
f 334/436/294 306/369/238 308/375/241
f 327/438/294 346/463/294 347/446/294
f 330/440/293 331/441/297 337/447/299
f 341/449/294 334/436/294 328/437/294
f 321/433/294 324/434/295 340/450/300
f 352/452/293 343/462/293 335/442/293
f 325/435/294 342/457/294 350/453/301
f 323/445/294 321/433/294 349/451/294
f 338/454/294 346/463/294 327/438/294
f 345/455/293 333/431/293 336/443/293
f 334/436/294 341/449/294 342/457/294
f 329/430/293 348/459/293 344/458/302
f 333/431/293 345/455/293 348/459/293
f 335/442/293 343/462/293 339/456/293
f 332/432/293 330/440/293 351/448/293
f 367/377/244 365/389/254 342/457/294
f 347/446/294 358/384/245 367/377/244
f 349/451/294 340/450/300 368/460/303
f 360/380/247 355/391/256 348/459/293
f 342/457/294 365/389/254 359/461/304
f 356/381/246 366/379/246 339/456/293
f 349/451/294 353/383/249 362/382/248
f 351/448/293 364/386/251 363/385/250
f 343/462/293 352/452/293 363/385/250
f 354/378/245 358/384/245 347/446/294
f 348/459/293 355/391/256 357/464/305
f 346/463/294 338/454/294 362/382/248
f 351/448/293 337/447/299 361/465/306
f 339/456/293 366/379/246 360/380/247
f 371/392/257 353/383/249 368/460/303
f 369/387/252 364/386/251 361/465/306
f 357/464/305 355/391/256 372/390/255
f 359/461/304 365/389/254 374/388/253
f 380/470/307 375/468/290 372/390/255
f 381/471/308 377/395/260 371/392/257
f 383/472/309 379/394/259 369/387/252
f 384/473/310 370/469/292 374/388/253
f 378/393/258 385/399/264 387/474/307
f 388/475/308 390/400/265 377/395/260
f 389/476/309 391/397/262 379/394/259
f 382/396/261 386/398/263 392/477/310
f 385/399/264 396/4998/267 399/478/311
f 393/479/312 400/4997/272 390/400/265
f 394/480/313 398/4996/270 391/397/262
f 386/398/263 395/4999/269 397/481/314
f 395/404/269 411/515/338 406/482/315
f 396/402/267 414/526/343 409/484/316
f 400/407/272 393/552/312 401/486/317
f 398/405/270 394/550/313 416/487/318
f 296/424/287 289/417/280 438/488/319
f 289/417/280 285/495/326 439/490/321
f 441/491/322 440/492/323 291/419/282
f 440/492/323 437/572/370 290/420/283
f 286/418/281 303/421/284 461/493/324
f 459/494/325 439/490/321 285/495/326
f 460/496/327 304/423/286 296/424/287
f 290/420/283 437/572/370 462/497/328
f 304/423/286 460/496/327 477/498/327
f 301/425/288 318/427/290 475/499/325
f 297/422/285 462/497/328 476/500/328
f 303/421/284 312/429/292 478/501/324
f 484/502/329 478/501/324 312/429/292
f 483/503/330 475/499/325 318/427/290
f 486/504/331 324/434/295 311/426/289
f 485/505/332 331/441/297 309/428/291
f 331/441/297 485/505/332 509/506/332
f 322/444/298 350/453/301 507/507/329
f 326/439/296 344/458/302 510/508/330
f 324/434/295 486/504/331 508/509/331
f 350/453/301 359/461/304 517/510/333
f 337/447/299 509/506/332 518/511/334
f 340/450/300 508/509/331 515/512/335
f 344/458/302 357/464/305 516/513/336
f 418/514/337 422/555/362 406/482/315
f 403/413/277 407/414/278 419/516/339
f 431/518/340 405/406/271 416/487/318
f 432/520/339 415/412/276 408/415/277
f 407/414/278 404/408/273 423/522/337
f 415/412/276 432/520/339 418/514/337
f 413/416/279 405/406/271 431/518/340
f 412/410/274 421/529/342 427/524/342
f 430/525/340 425/554/361 409/484/316
f 429/527/342 402/411/275 410/409/274
f 423/522/337 404/408/273 401/486/317
f 412/410/274 413/416/279 417/523/342
f 403/413/277 420/517/339 426/521/339
f 402/411/275 429/527/342 430/525/340
f 522/530/345 516/513/336 357/464/305
f 519/531/346 376/467/291 361/465/306
f 520/532/347 373/466/289 368/460/303
f 521/533/348 517/510/333 359/461/304
f 526/534/325 522/530/345 375/468/290
f 523/535/328 383/472/309 376/467/291
f 525/536/324 521/533/348 370/469/292
f 524/537/327 381/471/308 373/466/289
f 528/538/349 388/475/308 381/471/308
f 384/473/310 392/477/310 529/539/350
f 380/470/307 387/474/307 527/540/351
f 530/541/352 389/476/309 383/472/309
f 387/474/307 399/478/311 534/542/353
f 533/543/354 394/480/313 389/476/309
f 392/477/310 397/481/314 531/544/355
f 532/545/356 393/479/312 388/475/308
f 399/485/311 409/484/316 538/546/357
f 397/483/314 406/482/315 535/548/358
f 394/550/313 533/619/354 537/551/359
f 393/552/312 532/617/356 536/553/360
f 425/554/361 542/624/406 538/546/357
f 422/555/362 539/626/408 535/548/358
f 424/528/344 401/486/317 536/553/360
f 428/519/341 416/487/318 537/551/359
f 557/558/365 545/570/365 417/523/342
f 556/559/365 430/525/340 429/527/342
f 554/561/365 427/524/342 421/529/342
f 558/563/366 546/693/366 426/521/339
f 427/524/342 554/561/365 549/560/365
f 420/517/339 419/516/339 550/564/366
f 555/565/366 423/522/337 424/528/344
f 547/567/366 418/514/337 432/520/339
f 555/565/366 550/564/366 419/516/339
f 557/558/365 431/518/340 428/519/341
f 556/559/365 548/623/405 425/554/361
f 426/521/339 546/693/366 543/568/366
f 547/567/366 551/625/407 422/555/362
f 421/529/342 417/523/342 545/570/365
f 438/488/319 559/710/476 560/571/369
f 437/572/370 440/492/323 561/573/371
f 440/492/323 441/491/322 563/575/373
f 562/576/374 559/710/476 438/488/319
f 437/572/370 564/574/372 567/577/375
f 565/578/376 563/575/373 441/491/322
f 566/579/377 460/496/327 442/489/320
f 439/490/321 459/494/325 568/580/378
f 571/581/377 477/498/327 460/496/327
f 569/582/376 565/578/376 461/493/324
f 570/583/375 476/500/328 462/497/328
f 572/584/378 568/580/378 459/494/325
f 575/585/379 569/582/376 478/501/324
f 574/586/380 485/505/332 476/500/328
f 573/587/381 572/584/378 475/499/325
f 576/588/382 486/504/331 477/498/327
f 580/589/383 573/587/381 483/503/330
f 578/590/384 575/585/379 484/502/329
f 579/591/385 509/506/332 485/505/332
f 577/592/386 508/509/331 486/504/331
f 507/507/329 517/510/333 582/593/387
f 508/509/331 577/592/386 581/594/388
f 509/506/332 579/591/385 583/595/389
f 510/508/330 516/513/336 584/596/390
f 586/597/391 584/596/390 516/513/336
f 585/598/392 582/593/387 517/510/333
f 587/599/393 520/532/347 515/512/335
f 588/600/394 519/531/346 518/511/334
f 519/531/346 588/600/394 592/601/395
f 590/602/396 585/598/392 521/533/348
f 520/532/347 587/599/393 589/603/397
f 591/604/398 586/597/391 522/530/345
f 524/537/327 589/603/397 594/605/397
f 523/535/328 592/601/395 595/606/395
f 526/534/325 527/540/351 596/607/398
f 525/536/324 529/539/350 593/608/396
f 530/541/352 595/606/395 599/609/394
f 597/610/391 596/607/398 527/540/351
f 528/538/349 594/605/397 598/611/393
f 600/612/392 593/608/396 529/539/350
f 534/547/353 538/546/357 602/613/399
f 531/549/355 535/548/358 604/615/400
f 532/617/356 598/754/393 603/618/401
f 533/619/354 599/758/394 601/620/402
f 553/566/367 424/528/344 541/556/363
f 552/569/368 428/519/341 540/557/364
f 548/623/405 608/957/659 542/624/406
f 551/625/407 607/963/665 539/626/408
f 606/627/409 540/557/364 537/551/359
f 538/546/357 542/624/406 611/628/410
f 535/548/358 539/626/408 609/629/411
f 610/630/412 541/556/363 536/553/360
f 436/295/168 626/635/417 628/631/413
f 435/298/171 433/297/170 627/632/414
f 445/299/172 434/300/173 628/631/413
f 446/301/174 638/640/422 626/635/417
f 625/633/415 633/637/419 443/303/176
f 627/632/414 433/297/170 444/302/175
f 449/306/179 443/303/176 633/637/419
f 452/305/178 445/299/172 637/634/416
f 448/307/180 641/783/541 638/640/422
f 450/304/177 645/785/543 640/636/418
f 646/641/423 447/309/182 453/310/183
f 643/643/425 645/785/543 450/304/177
f 646/641/423 650/645/427 457/314/182
f 644/644/426 641/783/541 448/307/180
f 650/645/427 644/644/426 454/313/186
f 652/646/428 455/312/185 456/315/185
f 652/646/428 643/643/425 458/311/184
f 642/647/428 456/315/185 451/308/181
f 452/305/178 651/639/421 647/648/429
f 449/306/179 648/638/420 649/642/424
f 722/649/430 717/654/433 465/322/191
f 724/650/431 464/316/187 463/317/187
f 469/321/190 719/653/432 720/651/431
f 470/319/188 718/652/430 722/649/430
f 724/650/431 721/656/435 468/323/192
f 466/320/189 723/658/437 718/652/430
f 471/325/194 726/664/443 719/653/432
f 473/324/193 465/322/191 717/654/433
f 474/327/196 468/323/192 721/656/435
f 472/326/195 728/662/441 723/658/437
f 473/324/193 727/655/434 734/659/438
f 474/327/196 725/657/436 736/660/439
f 472/326/195 480/329/198 739/661/440
f 471/325/194 479/328/197 740/663/442
f 479/328/197 490/330/199 746/665/444
f 480/329/198 488/333/202 750/666/445
f 481/332/201 736/660/439 751/667/446
f 482/331/200 734/659/438 749/668/447
f 490/330/199 505/338/207 771/669/448
f 749/668/447 770/687/462 506/336/205
f 503/339/208 776/688/463 750/666/445
f 487/335/204 751/667/446 769/670/449
f 492/671/212 761/680/450 762/672/450
f 501/344/213 764/682/457 760/673/451
f 754/674/452 758/873/593 494/348/217
f 753/675/453 754/674/452 502/349/218
f 762/672/450 759/676/454 499/342/211
f 759/676/454 756/876/596 497/346/215
f 763/677/453 491/679/216 498/341/210
f 753/675/453 500/347/216 491/679/216
f 761/680/450 492/671/212 493/345/214
f 496/340/209 755/684/459 757/678/455
f 501/344/213 511/351/220 781/681/456
f 496/340/209 513/352/221 783/683/458
f 497/346/215 756/876/596 782/685/460
f 494/348/217 758/873/593 786/686/461
f 770/687/462 783/683/458 513/352/221
f 512/353/222 786/686/461 776/688/463
f 514/354/223 782/685/460 771/669/448
f 769/670/449 781/681/456 511/351/220
f 539/626/408 607/963/665 613/689/464
f 615/690/465 612/622/404 540/557/364
f 542/624/406 608/957/659 616/691/466
f 614/692/467 605/621/403 541/556/363
f 546/693/366 874/699/471 881/694/468
f 544/562/365 545/570/365 883/695/469
f 871/697/470 556/559/365 549/560/365
f 558/563/366 872/708/468 874/699/471
f 880/700/469 883/695/469 545/570/365
f 544/562/365 878/696/469 876/701/470
f 869/702/472 548/623/405 556/559/365
f 877/703/468 870/707/468 550/564/366
f 873/704/471 547/567/366 543/568/366
f 875/705/473 551/625/407 547/567/366
f 555/565/366 553/566/367 882/706/474
f 558/563/366 550/564/366 870/707/468
f 557/558/365 552/569/368 879/709/475
f 554/561/365 876/701/470 884/698/469
f 559/710/476 885/5000/815 888/711/477
f 889/712/478 885/5000/815 559/710/476
f 886/713/479 564/574/372 561/573/371
f 561/573/371 563/575/373 890/715/481
f 562/576/374 568/580/378 894/716/482
f 891/717/483 890/715/481 563/575/373
f 893/718/484 566/579/377 560/571/369
f 564/574/372 886/713/479 892/719/485
f 898/720/486 571/581/377 566/579/377
f 895/721/487 894/716/482 568/580/378
f 896/722/488 570/583/375 567/577/375
f 897/723/489 891/717/483 565/578/376
f 901/724/490 576/588/382 571/581/377
f 902/725/491 574/586/380 570/583/375
f 899/726/492 895/721/487 572/584/378
f 900/727/493 897/723/489 569/582/376
f 903/728/494 577/592/386 576/588/382
f 905/729/495 899/726/492 573/587/381
f 904/730/496 579/591/385 574/586/380
f 906/731/497 900/727/493 575/585/379
f 578/590/384 582/593/387 910/732/498
f 579/591/385 904/730/496 909/733/499
f 577/592/386 903/728/494 908/734/500
f 580/589/383 584/596/390 907/735/501
f 914/736/502 907/735/501 584/596/390
f 912/737/503 587/599/393 581/594/388
f 911/738/504 588/600/394 583/595/389
f 913/739/505 910/732/498 582/593/387
f 587/599/393 912/737/503 915/740/506
f 588/600/394 911/738/504 918/741/507
f 917/742/508 914/736/502 586/597/391
f 916/743/509 913/739/505 585/598/392
f 590/602/396 593/608/396 920/744/510
f 592/601/395 918/741/507 922/745/511
f 589/603/397 915/740/506 921/746/512
f 591/604/398 596/607/398 919/747/513
f 926/748/514 919/747/513 596/607/398
f 594/605/397 921/746/512 925/749/515
f 595/606/395 922/745/511 923/750/516
f 924/751/517 920/744/510 593/608/396
f 600/616/392 604/615/400 929/752/518
f 598/754/393 925/5001/515 927/755/519
f 597/614/391 602/613/399 928/756/520
f 599/758/394 923/5002/516 930/759/521
f 936/760/522 608/957/659 548/623/405
f 553/566/367 605/621/403 931/761/523
f 552/569/368 612/622/404 932/762/524
f 933/763/525 607/963/665 551/625/407
f 604/615/400 609/629/411 938/764/526
f 935/765/527 610/630/412 603/618/401
f 937/766/528 606/627/409 601/620/402
f 602/613/399 611/628/410 934/767/529
f 617/768/530 620/905/624 624/769/531
f 621/771/532 622/774/531 618/772/533
f 624/769/531 628/631/413 626/635/417
f 625/633/415 627/632/414 622/774/531
f 623/770/532 636/782/539 629/775/535
f 632/776/536 618/772/533 622/774/531
f 621/771/532 619/773/534 630/778/538
f 624/769/531 620/905/624 631/780/540
f 626/635/417 638/640/422 636/782/539
f 628/631/413 624/769/531 635/781/537
f 634/777/537 622/774/531 627/632/414
f 639/779/539 633/637/419 625/633/415
f 635/781/537 656/792/550 651/639/421
f 636/782/539 638/640/422 641/783/541
f 634/777/537 640/636/418 645/785/543
f 639/779/539 653/795/552 648/638/420
f 658/787/545 629/775/535 636/782/539
f 660/788/546 632/776/536 634/777/537
f 659/789/547 653/795/552 639/779/539
f 657/790/548 656/792/550 635/781/537
f 662/791/549 647/648/429 651/639/421
f 641/783/541 644/644/426 666/793/551
f 664/794/551 649/642/424 648/638/420
f 645/785/543 643/643/425 667/796/549
f 663/797/549 642/647/428 647/648/429
f 661/798/549 667/796/549 643/643/425
f 642/647/428 663/797/549 661/798/549
f 665/799/551 666/793/551 644/644/426
f 668/800/551 646/641/423 649/642/424
f 665/799/551 650/645/427 646/641/423
f 660/788/546 655/786/544 683/801/553
f 658/787/545 654/784/542 679/803/555
f 682/805/555 653/795/552 659/789/547
f 673/807/553 656/792/550 657/790/548
f 681/809/559 664/794/551 653/795/552
f 680/810/560 662/791/549 656/792/550
f 654/784/542 666/793/551 674/811/559
f 655/786/544 667/796/549 677/812/560
f 676/813/559 668/800/551 664/794/551
f 666/793/551 665/799/551 678/814/559
f 678/814/559 665/799/551 668/800/551
f 667/796/549 661/798/549 675/815/560
f 684/816/560 663/797/549 662/791/549
f 663/797/549 684/816/560 675/815/560
f 687/817/561 695/826/559 682/805/555
f 688/818/562 697/832/560 673/807/553
f 686/819/563 669/802/554 683/801/553
f 685/821/564 671/804/556 679/803/555
f 684/816/560 680/810/560 698/823/560
f 700/820/560 683/801/553 677/812/560
f 695/826/559 690/831/559 681/809/559
f 684/816/560 693/824/560 692/827/560
f 694/822/559 679/803/555 674/811/559
f 675/815/560 692/827/560 689/825/560
f 678/814/559 691/829/559 699/828/559
f 691/829/559 678/814/559 676/813/559
f 676/813/559 681/809/559 690/831/559
f 697/832/560 698/823/560 680/810/560
f 691/829/559 706/834/566 701/833/565
f 706/834/566 691/829/559 696/830/559
f 693/824/560 708/848/567 704/836/567
f 705/837/568 708/848/567 693/824/560
f 692/827/560 704/836/567 702/838/569
f 703/839/570 707/835/566 696/830/559
f 689/825/560 702/838/569 715/840/568
f 713/841/569 705/837/568 698/823/560
f 714/842/565 703/839/570 690/831/559
f 699/828/559 701/833/565 716/843/570
f 710/844/571 686/819/563 700/820/560
f 712/845/572 713/841/569 697/832/560
f 711/846/573 685/821/564 694/822/559
f 709/847/574 714/842/565 695/826/559
f 704/836/567 720/651/431 719/653/432
f 707/835/566 703/839/570 717/654/433
f 718/652/430 706/834/566 707/835/566
f 708/848/567 705/837/568 721/656/435
f 706/834/566 718/652/430 723/658/437
f 724/650/431 720/651/431 704/836/567
f 701/833/565 723/658/437 728/662/441
f 703/839/570 714/842/565 727/655/434
f 705/837/568 713/841/569 725/657/436
f 702/838/569 719/653/432 726/664/443
f 738/849/575 714/842/565 709/847/574
f 737/851/577 730/860/584 710/844/571
f 735/852/575 729/862/586 711/846/573
f 733/853/577 713/841/569 712/845/572
f 725/657/436 713/841/569 733/853/577
f 728/662/441 739/661/440 735/852/575
f 726/664/443 740/663/442 737/851/577
f 727/655/434 714/842/565 738/849/575
f 738/849/575 732/850/576 741/855/579
f 733/853/577 731/854/578 742/857/581
f 737/851/577 752/864/582 743/859/583
f 735/852/575 748/863/580 744/861/585
f 736/660/439 733/853/577 747/858/582
f 739/661/440 750/666/445 748/863/580
f 740/663/442 746/665/444 752/864/582
f 734/659/438 738/849/575 745/856/580
f 775/865/587 768/884/604 744/861/585
f 772/866/588 766/880/600 743/859/583
f 747/858/582 742/857/581 765/867/589
f 745/856/580 741/855/579 767/869/590
f 750/666/445 776/688/463 775/865/587
f 746/665/444 771/669/448 772/866/588
f 749/668/447 745/856/580 774/870/587
f 751/667/446 747/858/582 773/868/588
f 774/870/587 767/869/590 778/877/597
f 772/866/588 785/886/606 779/879/599
f 773/868/588 765/867/589 777/881/601
f 775/865/587 788/885/605 780/883/603
f 776/688/463 786/686/461 788/885/605
f 784/878/598 783/683/458 770/687/462
f 771/669/448 782/685/460 785/886/606
f 787/882/602 781/681/456 769/670/449
f 787/882/602 792/871/591 764/682/457
f 785/886/606 782/685/460 756/876/596
f 788/885/605 786/686/461 758/873/593
f 784/878/598 790/874/594 755/684/459
f 761/680/450 797/932/607 798/887/607
f 799/888/608 753/675/453 763/677/453
f 801/890/609 802/889/608 763/677/453
f 804/891/610 797/932/607 761/680/450
f 753/675/453 799/888/608 803/892/611
f 762/672/450 798/887/607 800/893/612
f 793/894/613 780/883/603 788/885/605
f 795/895/614 779/879/599 785/886/606
f 796/896/615 790/874/594 784/878/598
f 794/897/616 792/871/591 787/882/602
f 821/898/617 620/905/624 617/768/530
f 619/773/534 618/772/533 822/900/619
f 618/772/533 632/776/536 827/902/621
f 619/773/534 824/901/620 826/903/622
f 828/904/623 631/780/540 620/905/624
f 617/768/530 629/775/535 825/906/625
f 829/907/626 659/789/547 630/778/538
f 832/908/627 657/790/548 631/780/540
f 831/909/628 825/906/625 629/775/535
f 830/910/629 827/902/621 632/776/536
f 658/787/545 671/804/556 833/911/630
f 660/788/546 669/802/554 834/912/631
f 659/789/547 829/907/626 835/913/632
f 657/790/548 832/908/627 836/914/633
f 837/915/631 834/912/631 669/802/554
f 838/916/630 833/911/630 671/804/556
f 840/917/633 688/818/562 670/808/558
f 839/918/632 687/817/561 672/806/557
f 844/919/634 709/847/574 687/817/561
f 841/920/635 838/916/630 685/821/564
f 842/921/636 837/915/631 686/819/563
f 843/922/637 712/845/572 688/818/562
f 796/896/615 819/968/670 809/923/638
f 794/897/616 820/966/668 812/924/639
f 795/895/614 789/875/595 807/925/639
f 793/894/613 791/872/592 813/927/638
f 807/925/639 789/875/595 800/893/612
f 812/924/639 811/934/642 804/891/610
f 809/923/638 806/935/643 801/890/609
f 813/927/638 791/872/592 803/892/611
f 815/931/642 798/887/607 797/932/607
f 798/887/607 815/931/642 810/929/642
f 797/932/607 804/891/610 811/934/642
f 802/889/608 801/890/609 806/935/643
f 808/937/643 799/888/608 802/889/608
f 799/888/608 808/937/643 805/930/643
f 711/846/573 729/862/586 848/938/644
f 709/847/574 844/919/634 846/939/645
f 712/845/572 843/922/637 847/940/646
f 710/844/571 730/860/584 845/941/647
f 846/939/645 851/944/650 741/855/579
f 845/941/647 730/860/584 743/859/583
f 848/938/644 729/862/586 744/861/585
f 847/940/646 849/946/652 742/857/581
f 851/944/650 853/1023/715 767/869/590
f 852/943/649 744/861/585 768/884/604
f 849/946/652 855/1020/712 765/867/589
f 850/942/648 743/859/583 766/880/600
f 767/869/590 853/1023/715 860/948/634
f 859/949/635 854/945/651 768/884/604
f 765/867/589 855/1020/712 857/950/637
f 858/951/636 856/947/653 766/880/600
f 861/952/654 794/897/616 777/881/601
f 863/953/655 859/949/635 780/883/603
f 862/954/656 858/951/636 779/879/599
f 864/955/657 796/896/615 778/877/597
f 1014/956/658 931/761/523 605/621/403
f 608/957/659 936/760/522 1012/958/660
f 1009/959/661 615/690/465 606/627/409
f 609/629/411 613/689/464 1007/960/662
f 611/628/410 616/691/466 1010/961/663
f 1008/962/664 932/762/524 612/622/404
f 607/963/665 933/763/525 1013/964/666
f 1011/965/667 614/692/467 610/630/412
f 861/952/654 866/1028/720 820/966/668
f 862/954/656 795/895/614 817/926/640
f 864/955/657 867/1032/724 819/968/670
f 863/953/655 793/894/613 818/928/641
f 943/970/672 950/1061/672 815/931/642
f 815/931/642 950/1061/672 946/971/672
f 948/972/672 943/970/672 816/933/642
f 808/937/643 944/1052/673 940/973/673
f 810/929/642 946/971/672 947/974/674
f 805/930/643 940/973/673 939/975/675
f 942/976/673 941/978/673 814/936/643
f 811/934/642 812/924/639 945/977/674
f 941/978/673 944/1052/673 808/937/643
f 806/935/643 809/923/638 949/979/675
f 818/928/641 813/927/638 939/975/675
f 817/926/640 807/925/639 947/974/674
f 820/966/668 951/1029/721 945/977/674
f 819/968/670 953/1033/725 949/979/675
f 958/982/678 821/898/617 823/899/618
f 956/984/680 824/901/620 822/900/619
f 822/900/619 827/902/621 959/986/682
f 960/987/683 828/904/623 821/898/617
f 824/901/620 956/984/680 961/988/684
f 823/899/618 825/906/625 962/989/685
f 827/902/621 830/910/629 966/990/686
f 828/904/623 960/987/683 964/991/687
f 825/906/625 831/909/628 965/992/688
f 826/903/622 961/988/684 963/993/689
f 831/909/628 833/911/630 969/994/690
f 829/907/626 963/993/689 970/995/691
f 830/910/629 834/912/631 967/996/692
f 832/908/627 964/991/687 968/997/693
f 833/911/630 838/916/630 974/998/690
f 834/912/631 837/915/631 973/999/692
f 835/913/632 970/995/691 972/1000/691
f 836/914/633 968/997/693 971/1001/693
f 976/1002/694 974/998/690 838/916/630
f 978/1003/695 844/919/634 839/918/632
f 975/1004/696 843/922/637 840/917/633
f 977/1005/697 973/999/692 837/915/631
f 844/919/634 978/1003/695 979/1006/698
f 841/920/635 848/938/644 982/1007/699
f 843/922/637 975/1004/696 981/1008/700
f 842/921/636 845/941/647 980/1009/701
f 985/1010/702 982/1007/699 848/938/644
f 983/1011/703 851/944/650 846/939/645
f 986/1012/704 980/1009/701 845/941/647
f 984/1013/705 849/946/652 847/940/646
f 987/1014/706 855/1020/712 849/946/652
f 989/1015/707 853/1023/715 851/944/650
f 850/942/648 856/947/653 990/1016/708
f 852/943/649 854/945/651 988/1017/709
f 991/1018/710 990/1016/708 856/947/653
f 992/1019/711 857/950/637 855/1020/712
f 993/1021/713 988/1017/709 854/945/651
f 994/1022/714 860/948/634 853/1023/715
f 998/1024/716 861/952/654 857/950/637
f 996/1025/717 864/955/657 860/948/634
f 995/1026/718 991/1018/710 858/951/636
f 997/1027/719 993/1021/713 859/949/635
f 866/1028/720 1002/1042/734 951/1029/721
f 868/969/671 818/928/641 954/980/676
f 865/967/669 817/926/640 952/981/677
f 867/1032/724 1000/1040/732 953/1033/725
f 864/955/657 996/1025/717 1006/1034/726
f 1005/1035/727 995/1026/718 862/954/656
f 861/952/654 998/1024/716 1004/1036/728
f 1003/1037/729 997/1027/719 863/953/655
f 1017/1038/730 1003/1037/729 868/969/671
f 867/1032/724 1006/1034/726 1015/1039/731
f 866/1028/720 1004/1036/728 1016/1041/733
f 1018/1043/735 1005/1035/727 865/967/669
f 1025/1048/740 1034/1055/745 945/977/674
f 947/974/674 1036/1057/745 1023/1049/741
f 1026/1050/742 1029/1062/747 949/979/675
f 939/975/675 1028/1059/747 1024/1051/743
f 944/1052/673 941/978/673 1030/1053/744
f 948/972/672 945/977/674 1034/1055/745
f 946/971/672 1027/1064/746 1036/1057/745
f 944/1052/673 1035/1054/744 1037/1058/744
f 1033/1056/746 1032/1060/746 943/970/672
f 940/973/673 1037/1058/744 1028/1059/747
f 1032/1060/746 1031/1310/746 950/1061/672
f 942/976/673 949/979/675 1029/1062/747
f 950/1061/672 1031/1310/746 1027/1064/746
f 1038/1063/744 1030/1053/744 941/978/673
f 957/985/681 1041/1069/752 1040/1065/748
f 958/982/678 955/983/679 1042/1066/749
f 957/985/681 959/986/682 1044/1068/751
f 1045/1070/753 960/987/683 958/982/678
f 956/984/680 1040/1065/748 1046/1071/754
f 955/983/679 962/989/685 1043/1072/755
f 960/987/683 1045/1070/753 1048/1073/756
f 962/989/685 965/992/688 1050/1074/757
f 961/988/684 1046/1071/754 1049/1075/758
f 959/986/682 966/990/686 1047/1076/759
f 966/990/686 967/996/692 1054/1077/760
f 963/993/689 1049/1075/758 1052/1078/761
f 965/992/688 969/994/690 1053/1079/762
f 964/991/687 1048/1073/756 1051/1080/763
f 967/996/692 973/999/692 1056/1081/764
f 969/994/690 974/998/690 1058/1082/765
f 970/995/691 1052/1078/761 1055/1083/766
f 968/997/693 1051/1080/763 1057/1084/767
f 1060/1085/768 1058/1082/765 974/998/690
f 1062/1086/769 975/1004/696 971/1001/693
f 1059/1087/770 978/1003/695 972/1000/691
f 1061/1088/771 1056/1081/764 973/999/692
f 978/1003/695 1059/1087/770 1065/1089/772
f 976/1002/694 982/1007/699 1066/1090/773
f 975/1004/696 1062/1086/769 1063/1091/774
f 977/1005/697 980/1009/701 1064/1092/775
f 1070/1093/776 984/1013/705 981/1008/700
f 1068/1094/777 983/1011/703 979/1006/698
f 1069/1095/778 1066/1090/773 982/1007/699
f 1067/1096/779 1064/1092/775 980/1009/701
f 1072/1097/780 987/1014/706 984/1013/705
f 986/1012/704 990/1016/708 1074/1098/781
f 1071/1099/782 989/1015/707 983/1011/703
f 985/1010/702 988/1017/709 1073/1100/783
f 952/981/677 1023/1049/741 1084/1101/784
f 1083/1102/785 1025/1048/740 951/1029/721
f 954/980/676 1024/1051/743 1086/1103/786
f 1085/1104/787 1026/1050/742 953/1033/725
f 1075/1105/788 1074/1098/781 990/1016/708
f 1078/1106/789 994/1022/714 989/1015/707
f 1076/1107/790 992/1019/711 987/1014/706
f 1077/1108/791 1073/1100/783 988/1017/709
f 1080/1109/792 996/1025/717 994/1022/714
f 1082/1110/793 1075/1105/788 991/1018/710
f 1081/1111/794 998/1024/716 992/1019/711
f 1079/1112/795 1077/1108/791 993/1021/713
f 996/1025/717 1080/1109/792 1088/1113/796
f 1089/1114/797 1079/1112/795 997/1027/719
f 998/1024/716 1081/1111/794 1087/1115/798
f 1090/1116/799 1082/1110/793 995/1026/718
f 1096/1117/800 1018/1043/735 999/1031/723
f 1098/1118/801 1017/1038/730 1001/1030/722
f 1000/1040/732 1015/1039/731 1097/1119/802
f 1002/1042/734 1016/1041/733 1095/1120/803
f 1092/1121/804 1090/1116/799 1005/1035/727
f 1004/1036/728 1087/1115/798 1094/1122/805
f 1006/1034/726 1088/1113/796 1093/1123/806
f 1091/1124/807 1089/1114/797 1003/1037/729
f 1111/1129/812 1108/1153/812 876/1130/470
f 1113/1132/813 1112/1156/813 881/1133/468
f 1111/1129/812 878/1131/469 883/1135/469
f 879/1137/475 1104/1431/987 1105/1138/812
f 1117/1140/813 1113/1132/813 874/1134/471
f 1110/1142/813 1103/1252/862 875/1143/473
f 1106/1136/812 883/1135/469 880/1139/469
f 1109/1145/812 1116/1151/812 871/1146/470
f 1118/1148/813 870/1154/468 877/1149/468
f 1116/1151/812 1115/1250/860 869/1152/472
f 1108/1153/812 1109/1145/812 884/1147/469
f 1117/1140/813 872/1141/468 870/1154/468
f 882/1155/474 1114/1430/986 1107/1150/813
f 1112/1156/813 1110/1142/813 873/1144/471
f 1123/1157/814 1121/1165/818 887/1158/480
f 885/1160/815 1122/1445/999 1124/1161/816
f 1119/1163/817 1122/1445/999 885/1160/815
f 1121/1165/818 1120/1390/954 886/1166/479
f 1126/1167/819 1119/1163/817 889/1164/478
f 890/1159/481 891/1175/483 1125/1169/820
f 886/1166/479 1120/1390/954 1128/1170/821
f 1127/1172/822 893/1178/484 888/1162/477
f 892/1171/485 1128/1170/821 1132/1173/823
f 891/1175/483 897/1183/489 1129/1176/824
f 894/1168/482 895/1187/487 1131/1177/825
f 893/1178/484 1127/1172/822 1130/1179/826
f 1135/1181/827 902/1191/491 896/1174/488
f 1136/1182/828 1129/1176/824 897/1183/489
f 1133/1185/829 901/1194/490 898/1180/486
f 1134/1186/830 1131/1177/825 895/1187/487
f 900/1184/493 906/1201/497 1138/1189/831
f 899/1188/492 905/1197/495 1140/1190/832
f 902/1191/491 1135/1181/827 1137/1192/833
f 901/1194/490 1133/1185/829 1139/1195/834
f 905/1197/495 907/1207/501 1144/1198/835
f 903/1196/494 1139/1195/834 1141/1199/836
f 906/1201/497 910/1211/498 1142/1202/837
f 904/1193/496 1137/1192/833 1143/1203/838
f 1147/1205/839 912/1220/503 908/1200/500
f 1145/1206/840 1144/1198/835 907/1207/501
f 1146/1209/841 911/1216/504 909/1204/499
f 1148/1210/842 1142/1202/837 910/1211/498
f 1152/1213/843 1148/1210/842 913/1212/505
f 1149/1215/844 918/1222/507 911/1216/504
f 1150/1217/845 1145/1206/840 914/1208/502
f 1151/1219/846 915/1226/506 912/1220/503
f 917/1218/508 919/1232/513 1155/1221/847
f 918/1222/507 1149/1215/844 1156/1223/848
f 916/1214/509 920/1235/510 1154/1225/849
f 915/1226/506 1151/1219/846 1153/1227/850
f 1159/1229/851 923/5003/516 922/1224/511
f 1157/1230/852 925/5004/515 921/1228/512
f 1158/1231/853 1155/1221/847 919/1232/513
f 1160/1234/854 1154/1225/849 920/1235/510
f 923/1237/516 1159/1437/851 1162/1238/855
f 925/1240/515 1157/1441/852 1164/1241/856
f 924/1243/517 929/5005/518 1161/1244/857
f 926/1246/514 928/1259/520 1163/1247/858
f 1170/1249/859 936/5006/522 869/1152/472
f 1171/1251/861 933/5007/525 875/1143/473
f 1165/1253/863 1104/1431/987 879/1137/475
f 1172/1255/864 1114/1430/986 882/1155/474
f 1168/1257/865 937/5008/528 930/1239/521
f 1166/1258/866 1163/1247/858 928/1259/520
f 1161/1244/857 929/5005/518 938/1261/526
f 935/1263/527 927/1242/519 1164/1241/856
f 1166/1258/866 934/1260/529 1010/1265/663
f 1012/1267/660 936/5006/522 1170/1249/859
f 1165/1253/863 932/1254/524 1008/1269/664
f 1174/1271/872 1169/1262/867 938/1261/526
f 1013/1273/666 933/5007/525 1171/1251/861
f 1009/1275/661 937/5008/528 1168/1257/865
f 1180/1277/875 1011/5009/667 935/1263/527
f 1172/1255/864 931/1256/523 1014/1278/658
f 1173/1266/869 1010/1265/663 1019/1280/736
f 1174/1271/872 1007/1272/662 1020/1282/738
f 1020/1284/738 1013/1273/666 1176/1274/873
f 1022/1286/739 1011/5009/667 1180/1277/875
f 1177/1270/871 1008/1269/664 1021/1288/737
f 1021/1290/737 1009/1275/661 1175/1276/874
f 1019/1292/736 1012/1267/660 1179/1268/870
f 1178/1279/876 1014/1278/658 1022/1294/739
f 1023/1049/741 1036/1057/745 1191/1296/881
f 1199/1298/881 1034/1055/745 1025/1048/740
f 1189/1300/884 1029/1062/747 1026/1050/742
f 1024/1051/743 1028/1059/747 1195/1302/884
f 1029/1062/747 1189/1300/884 1194/1304/887
f 1193/1305/888 1032/1060/746 1033/1056/746
f 1196/1307/887 1030/1053/744 1038/1063/744
f 1028/1059/747 1037/1058/744 1190/1308/887
f 1032/1060/746 1193/1305/888 1198/1309/888
f 1027/1064/746 1031/1310/746 1198/1309/888
f 1034/1055/745 1199/1298/881 1192/1306/888
f 1200/1312/887 1035/1054/744 1030/1053/744
f 1037/1058/744 1035/1054/744 1200/1312/887
f 1036/1057/745 1027/1064/746 1197/1311/888
f 1039/1067/750 1042/1066/749 1205/1313/889
f 1207/1315/891 1206/1499/1043 1040/1065/748
f 1042/1066/749 1043/1072/755 1209/1316/892
f 1041/1069/752 1044/1068/751 1212/1317/893
f 1210/1318/894 1045/1070/753 1039/1067/750
f 1040/1065/748 1206/1499/1043 1211/1319/895
f 1216/1320/892 1209/1316/892 1043/1072/755
f 1215/1321/894 1048/1073/756 1045/1070/753
f 1214/1322/895 1049/1075/758 1046/1071/754
f 1213/1323/893 1212/1317/893 1044/1068/751
f 1048/1073/756 1215/1321/894 1223/1324/896
f 1047/1076/759 1054/1077/760 1222/1325/897
f 1050/1074/757 1053/1079/762 1221/1326/898
f 1049/1075/758 1214/1322/895 1224/1327/899
f 1225/1328/900 1222/1325/897 1054/1077/760
f 1226/1329/901 1055/1083/766 1052/1078/761
f 1227/1330/902 1221/1326/898 1053/1079/762
f 1228/1331/903 1057/1084/767 1051/1080/763
f 1232/1332/904 1062/1086/769 1057/1084/767
f 1229/1333/905 1225/1328/900 1056/1081/764
f 1230/1334/906 1227/1330/902 1058/1082/765
f 1231/1335/907 1059/1087/770 1055/1083/766
f 1026/1050/742 1085/1104/787 1204/1336/908
f 1024/1051/743 1186/1303/886 1201/1337/909
f 1025/1048/740 1083/1102/785 1202/1338/910
f 1023/1049/741 1185/1297/882 1203/1339/911
f 1059/1087/770 1231/1335/907 1236/1340/912
f 1062/1086/769 1232/1332/904 1233/1341/913
f 1061/1088/771 1064/1092/775 1234/1342/914
f 1060/1085/768 1066/1090/773 1235/1343/915
f 1241/1344/916 1234/1342/914 1064/1092/775
f 1242/1345/917 1070/1093/776 1063/1091/774
f 1243/1346/918 1068/1094/777 1065/1089/772
f 1244/1347/919 1235/1343/915 1066/1090/773
f 1247/1348/920 1071/1099/782 1068/1094/777
f 1246/1349/921 1072/1097/780 1070/1093/776
f 1248/1350/922 1241/1344/916 1067/1096/779
f 1245/1351/923 1244/1347/919 1069/1095/778
f 1072/1097/780 1246/1349/921 1252/1352/924
f 1073/1100/783 1077/1108/791 1250/1353/925
f 1074/1098/781 1075/1105/788 1251/1354/926
f 1071/1099/782 1247/1348/920 1249/1355/927
f 1237/1356/928 1251/1354/926 1075/1105/788
f 1239/1357/929 1080/1109/792 1078/1106/789
f 1240/1358/930 1081/1111/794 1076/1107/790
f 1238/1359/931 1250/1353/925 1077/1108/791
f 1079/1112/795 1089/1114/797 1217/1360/932
f 1082/1110/793 1090/1116/799 1219/1361/933
f 1081/1111/794 1240/1358/930 1220/1362/934
f 1080/1109/792 1239/1357/929 1218/1363/935
f 1097/1119/802 1253/1369/941 1204/1336/908
f 1201/1337/909 1254/1368/940 1098/1118/801
f 1203/1339/911 1256/1366/938 1096/1117/800
f 1095/1120/803 1255/1367/939 1202/1338/910
f 1092/1121/804 1260/1370/942 1219/1361/933
f 1088/1113/796 1218/1363/935 1258/1364/936
f 1089/1114/797 1091/1124/807 1257/1365/937
f 1220/1362/934 1259/1371/943 1094/1122/805
f 1256/1366/938 1261/1465/1017 1102/1125/808
f 1100/1128/811 1264/1463/1015 1255/1367/939
f 1254/1368/940 1262/1459/1011 1101/1127/810
f 1099/1126/809 1263/1469/1021 1253/1369/941
f 1102/1125/808 1261/1465/1017 1260/1370/942
f 1258/1364/936 1263/1469/1021 1099/1126/809
f 1101/1127/810 1262/1459/1011 1257/1365/937
f 1259/1371/943 1264/1463/1015 1100/1128/811
f 1170/1249/859 1289/1432/988 1270/1372/944
f 1171/1251/861 1290/1429/985 1272/1373/945
f 1172/1255/864 1178/1279/876 1269/1374/946
f 1165/1253/863 1177/1270/871 1271/1376/948
f 1297/1378/950 1298/1380/950 1113/1132/813
f 1300/1379/951 1299/1381/951 1108/1153/812
f 1118/1148/813 1304/1382/950 1297/1378/950
f 1298/1380/950 1302/1384/950 1112/1156/813
f 1106/1136/812 1303/1386/951 1300/1379/951
f 1299/1381/951 1301/1385/951 1109/1145/812
f 1304/1382/950 1118/1148/813 1107/1150/813
f 1302/1384/950 1306/1690/950 1110/1142/813
f 1301/1385/951 1308/1693/951 1116/1151/812
f 1303/1386/951 1106/1136/812 1105/1138/812
f 1123/1157/814 1125/1169/820 1314/1388/952
f 1120/1390/954 1321/1443/997 1316/1391/955
f 1124/1161/816 1324/1446/1000 1315/1392/956
f 1119/1163/817 1126/1167/819 1313/1393/957
f 1310/1395/955 1132/1173/823 1128/1170/821
f 1312/1396/957 1313/1393/957 1126/1167/819
f 1309/1397/952 1314/1388/952 1125/1169/820
f 1311/1398/956 1130/1179/826 1127/1172/822
f 1166/1258/866 1173/1266/869 1276/1399/959
f 1169/1262/867 1174/1271/872 1273/1401/961
f 1168/1257/865 1293/1436/992 1275/1403/963
f 1167/1264/868 1294/1433/989 1274/1404/964
f 1318/1405/965 1135/1181/827 1132/1173/823
f 1317/1406/966 1309/1397/952 1129/1176/824
f 1319/1407/967 1133/1185/829 1130/1179/826
f 1320/1408/968 1312/1396/957 1131/1177/825
f 1327/1409/965 1137/1192/833 1135/1181/827
f 1328/1410/967 1139/1195/834 1133/1185/829
f 1325/1411/966 1317/1406/966 1136/1182/828
f 1326/1412/968 1320/1408/968 1134/1186/830
f 1182/1295/879 1265/1543/970 1269/1374/946
f 1181/1289/880 1267/1547/969 1271/1376/948
f 1272/1373/945 1268/5010/971 1183/1285/878
f 1270/1372/944 1266/5011/972 1184/1293/877
f 1175/1276/874 1275/1403/963 1267/1413/969
f 1180/1277/875 1274/1404/964 1265/1414/970
f 1174/1271/872 1183/1283/878 1268/1415/971
f 1173/1266/869 1184/1281/877 1266/1416/972
f 1139/1195/834 1328/1410/967 1329/1417/973
f 1140/1190/832 1144/1198/835 1330/1418/974
f 1137/1192/833 1327/1409/965 1332/1419/975
f 1138/1189/831 1142/1202/837 1331/1420/976
f 1333/1421/977 1330/1418/974 1144/1198/835
f 1335/1422/978 1146/1209/841 1143/1203/838
f 1336/1423/979 1331/1420/976 1142/1202/837
f 1334/1424/980 1147/1205/839 1141/1199/836
f 1110/1142/813 1306/1690/950 1345/1425/981
f 1107/1150/813 1114/1430/986 1346/1426/982
f 1105/1138/812 1104/1431/987 1348/1427/983
f 1116/1151/812 1308/1693/951 1347/1428/984
f 1103/1252/862 1345/1425/981 1290/1429/985
f 1114/1430/986 1172/1255/864 1292/1375/947
f 1104/1431/987 1165/1253/863 1291/1377/949
f 1115/1250/860 1347/1428/984 1289/1432/988
f 1164/1241/856 1343/1442/996 1294/1433/989
f 1163/1247/858 1166/1258/866 1295/1400/960
f 1161/1244/857 1169/1262/867 1296/1402/962
f 1162/1238/855 1342/1438/993 1293/1436/992
f 1159/1437/851 1338/1701/1008 1342/1438/993
f 1160/1245/854 1161/1244/857 1344/1435/991
f 1158/1248/853 1163/1247/858 1341/1434/990
f 1157/1441/852 1340/1699/1006 1343/1442/996
f 1321/1443/997 1120/1390/954 1121/1165/818
f 1121/1165/818 1123/1157/814 1322/1389/953
f 1122/1445/999 1418/1667/1189 1324/1446/1000
f 1323/1394/958 1418/1667/1189 1122/1445/999
f 1419/1447/1001 1151/1219/846 1147/1205/839
f 1421/1448/1002 1333/1421/977 1145/1206/840
f 1422/1449/1003 1149/1215/844 1146/1209/841
f 1420/1450/1004 1336/1423/979 1148/1210/842
f 1154/1225/849 1160/1234/854 1337/1451/994
f 1153/1227/850 1424/1457/1009 1340/1453/1006
f 1155/1221/847 1158/1231/853 1339/1454/995
f 1156/1223/848 1425/1458/1010 1338/1456/1008
f 1150/1217/845 1155/1221/847 1423/1455/1007
f 1152/1213/843 1154/1225/849 1426/1452/1005
f 1151/1219/846 1419/1447/1001 1424/1457/1009
f 1149/1215/844 1422/1449/1003 1425/1458/1010
f 1262/1459/1011 1254/1368/940 1287/1460/1012
f 1285/1462/1014 1255/1367/939 1264/1463/1015
f 1261/1465/1017 1256/1366/938 1286/1466/1018
f 1288/1468/1020 1253/1369/941 1263/1469/1021
f 1279/1464/1016 1264/1463/1015 1259/1371/943
f 1277/1470/1022 1263/1469/1021 1258/1364/936
f 1278/1467/1019 1284/1477/1029 1260/1370/942
f 1280/1461/1013 1283/1476/1028 1257/1365/937
f 1288/1468/1020 1355/1481/1033 1204/1336/908
f 1285/1462/1014 1354/1480/1032 1202/1338/910
f 1287/1460/1012 1254/1368/940 1201/1337/909
f 1286/1466/1018 1256/1366/938 1203/1339/911
f 1282/1472/1024 1258/1364/936 1218/1363/935
f 1283/1476/1028 1352/1493/1037 1217/1360/932
f 1284/1477/1029 1349/1495/1039 1219/1361/933
f 1281/1471/1023 1259/1371/943 1220/1362/934
f 1356/1473/1025 1201/1337/909 1186/1303/886
f 1354/1480/1032 1416/1497/1041 1187/1299/883
f 1355/1481/1033 1415/1498/1042 1188/1301/885
f 1353/1474/1026 1203/1339/911 1185/1297/882
f 1393/1483/1035 1200/1312/887 1196/1307/887
f 1193/1305/888 1396/1489/1036 1395/1485/1036
f 1197/1311/888 1198/1309/888 1395/1485/1036
f 1190/1308/887 1200/1312/887 1393/1483/1035
f 1394/1484/1035 1196/1307/887 1194/1304/887
f 1396/1489/1036 1193/1305/888 1192/1306/888
f 1191/1296/881 1197/1311/888 1397/1486/1036
f 1195/1302/884 1190/1308/887 1398/1487/1035
f 1189/1300/884 1403/1636/1035 1400/1488/1035
f 1199/1298/881 1401/1632/1036 1399/1490/1036
f 1352/1493/1037 1411/1540/1080 1238/1359/931
f 1351/1478/1030 1220/1362/934 1240/1358/930
f 1349/1495/1039 1412/1541/1081 1237/1356/928
f 1350/1475/1027 1218/1363/935 1239/1357/929
f 1414/1482/1034 1185/1297/882 1191/1296/881
f 1413/1479/1031 1186/1303/886 1195/1302/884
f 1416/1497/1041 1401/1632/1036 1199/1298/881
f 1415/1498/1042 1403/1636/1035 1189/1300/884
f 1206/1499/1043 1207/1315/891 1369/1500/1044
f 1372/1502/1046 1370/1504/1048 1208/1314/890
f 1363/1503/1047 1210/1318/894 1208/1314/890
f 1207/1315/891 1212/1317/893 1361/1505/1049
f 1206/1499/1043 1371/1501/1045 1362/1506/1050
f 1364/1507/1051 1372/1502/1046 1205/1313/889
f 1210/1318/894 1363/1503/1047 1357/1508/1047
f 1212/1317/893 1213/1323/893 1358/1509/1049
f 1211/1319/895 1362/1506/1050 1359/1510/1050
f 1209/1316/892 1216/1320/892 1360/1511/1051
f 1215/1321/894 1357/1508/1047 1365/1512/1052
f 1216/1320/892 1221/1326/898 1366/1513/1053
f 1214/1322/895 1359/1510/1050 1368/1514/1054
f 1213/1323/893 1222/1325/897 1367/1515/1055
f 1224/1327/899 1368/1514/1054 1374/1516/1056
f 1223/1324/896 1365/1512/1052 1375/1517/1057
f 1221/1326/898 1227/1330/902 1373/1518/1058
f 1222/1325/897 1225/1328/900 1376/1519/1059
f 1378/1520/1060 1232/1332/904 1228/1331/903
f 1379/1521/1061 1373/1518/1058 1227/1330/902
f 1380/1522/1062 1376/1519/1059 1225/1328/900
f 1377/1523/1063 1231/1335/907 1226/1329/901
f 1231/1335/907 1377/1523/1063 1381/1524/1064
f 1230/1334/906 1235/1343/915 1383/1525/1065
f 1229/1333/905 1234/1342/914 1382/1526/1066
f 1232/1332/904 1378/1520/1060 1384/1527/1067
f 1385/1528/1068 1383/1525/1065 1235/1343/915
f 1387/1529/1069 1243/1346/918 1236/1340/912
f 1388/1530/1070 1242/1345/917 1233/1341/913
f 1386/1531/1071 1382/1526/1066 1234/1342/914
f 1392/1532/1072 1386/1531/1071 1241/1344/916
f 1390/1533/1073 1385/1528/1068 1244/1347/919
f 1389/1534/1074 1247/1348/920 1243/1346/918
f 1391/1535/1075 1246/1349/921 1242/1345/917
f 1406/1536/1076 1392/1532/1072 1248/1350/922
f 1408/1537/1077 1249/1355/927 1247/1348/920
f 1405/1538/1078 1390/1533/1073 1245/1351/923
f 1407/1539/1079 1252/1352/924 1246/1349/921
f 1411/1540/1080 1405/1538/1078 1250/1353/925
f 1410/1496/1040 1239/1357/929 1249/1355/927
f 1412/1541/1081 1406/1536/1076 1251/1354/926
f 1409/1494/1038 1240/1358/930 1252/1352/924
f 1428/1542/1082 1433/1601/1135 1269/1374/946
f 1429/1544/1083 1266/5011/972 1270/1372/944
f 1430/1546/1085 1434/1602/1136 1271/1376/948
f 1427/1548/1086 1268/5010/971 1272/1373/945
f 1429/1550/1083 1437/1605/1139 1276/1399/959
f 1427/1551/1086 1438/1606/1140 1273/1401/961
f 1428/1552/1082 1265/1414/970 1274/1404/964
f 1430/1554/1085 1267/1413/969 1275/1403/963
f 1439/1556/1090 1441/1811/1311 1371/1501/1045
f 1440/1557/1091 1442/1560/1094 1370/1504/1048
f 1371/1501/1045 1441/1811/1311 1443/1558/1092
f 1444/1559/1093 1363/1503/1047 1370/1504/1048
f 1369/1500/1044 1361/1505/1049 1446/1561/1095
f 1445/1562/1096 1440/1557/1091 1372/1502/1046
f 1361/1505/1049 1358/1509/1049 1449/1563/1097
f 1363/1503/1047 1444/1559/1093 1447/1564/1098
f 1364/1507/1051 1360/1511/1051 1450/1565/1099
f 1362/1506/1050 1443/1558/1092 1448/1566/1100
f 1457/1567/1101 1365/1512/1052 1357/1508/1047
f 1455/1568/1102 1368/1514/1054 1359/1510/1050
f 1358/1509/1049 1367/1515/1055 1458/1569/1103
f 1360/1511/1051 1366/1513/1053 1456/1570/1104
f 1456/1570/1104 1366/1513/1053 1373/1518/1058
f 1458/1569/1103 1367/1515/1055 1376/1519/1059
f 1374/1516/1056 1368/1514/1054 1455/1568/1102
f 1375/1517/1057 1365/1512/1052 1457/1567/1101
f 1378/1520/1060 1375/1517/1057 1460/1574/1108
f 1377/1523/1063 1374/1516/1056 1459/1573/1107
f 1380/1522/1062 1453/1579/1113 1461/1572/1106
f 1379/1521/1061 1454/1578/1112 1462/1571/1105
f 1384/1527/1067 1378/1520/1060 1452/1575/1109
f 1383/1525/1065 1517/1661/1183 1454/1578/1112
f 1382/1526/1066 1516/1660/1182 1453/1579/1113
f 1381/1524/1064 1377/1523/1063 1451/1576/1110
f 1282/1472/1024 1472/1585/1119 1464/1581/1115
f 1466/1582/1116 1474/1589/1123 1283/1476/1028
f 1465/1583/1117 1473/1591/1125 1284/1477/1029
f 1281/1471/1023 1471/1587/1121 1463/1584/1118
f 1464/1581/1115 1468/1597/1131 1288/1468/1020
f 1286/1466/1018 1470/1594/1128 1465/1583/1117
f 1463/1584/1118 1467/1595/1129 1285/1462/1014
f 1287/1460/1012 1469/1593/1127 1466/1582/1116
f 1472/1585/1119 1282/1472/1024 1350/1475/1027
f 1471/1587/1121 1281/1471/1023 1351/1478/1030
f 1352/1493/1037 1283/1476/1028 1474/1589/1123
f 1349/1495/1039 1284/1477/1029 1473/1591/1125
f 1356/1473/1025 1478/1610/1144 1469/1593/1127
f 1353/1474/1026 1475/1611/1145 1470/1594/1128
f 1354/1480/1032 1285/1462/1014 1467/1595/1129
f 1355/1481/1033 1288/1468/1020 1468/1597/1131
f 1432/1545/1084 1270/1372/944 1289/1432/988
f 1431/1549/1087 1272/1373/945 1290/1429/985
f 1433/1601/1135 1564/1686/1202 1292/1375/947
f 1434/1602/1136 1561/1688/1204 1291/1377/949
f 1435/1553/1088 1274/1404/964 1294/1433/989
f 1436/1555/1089 1275/1403/963 1293/1436/992
f 1437/1605/1139 1572/1694/1208 1295/1400/960
f 1438/1606/1140 1570/1696/1210 1296/1402/962
f 1412/1541/1081 1349/1495/1039 1479/1592/1126
f 1411/1540/1080 1352/1493/1037 1480/1590/1124
f 1409/1494/1038 1512/1663/1185 1482/1588/1122
f 1410/1496/1040 1511/1662/1184 1481/1586/1120
f 1415/1498/1042 1355/1481/1033 1476/1598/1132
f 1413/1479/1031 1497/1648/1170 1478/1610/1144
f 1414/1482/1034 1495/1647/1169 1475/1611/1145
f 1416/1497/1041 1354/1480/1032 1477/1596/1130
f 1321/1443/997 1521/1666/1188 1526/1613/1147
f 1324/1446/1000 1519/1669/1191 1525/1614/1148
f 1322/1389/953 1314/1388/952 1524/1615/1149
f 1323/1394/958 1313/1393/957 1527/1617/1151
f 1316/1391/955 1526/1613/1147 1529/1619/1153
f 1313/1393/957 1312/1396/957 1531/1620/1154
f 1314/1388/952 1309/1397/952 1530/1621/1155
f 1315/1392/956 1525/1614/1148 1528/1622/1156
f 1488/1623/1157 1393/1483/1035 1394/1484/1035
f 1483/1625/1158 1486/1630/1158 1395/1485/1036
f 1394/1484/1035 1400/1488/1035 1487/1626/1157
f 1396/1489/1036 1399/1490/1036 1485/1627/1158
f 1489/1628/1157 1398/1487/1035 1393/1483/1035
f 1490/1629/1158 1397/1486/1036 1395/1485/1036
f 1492/1631/1158 1485/1627/1158 1399/1490/1036
f 1397/1486/1036 1490/1629/1158 1493/1633/1158
f 1398/1487/1035 1489/1628/1157 1494/1634/1157
f 1491/1635/1157 1487/1626/1157 1400/1488/1035
f 1538/1637/1159 1319/1407/967 1311/1398/956
f 1539/1638/1160 1318/1405/965 1310/1395/955
f 1536/1639/1161 1531/1620/1154 1312/1396/957
f 1537/1640/1162 1530/1621/1155 1309/1397/952
f 1536/1639/1161 1320/1408/968 1326/1412/968
f 1537/1640/1162 1317/1406/966 1325/1411/966
f 1538/1637/1159 1542/1644/1166 1328/1410/967
f 1539/1638/1160 1543/1645/1167 1327/1409/965
f 1544/1642/1164 1325/1411/966 1331/1420/976
f 1542/1644/1166 1532/1670/1192 1329/1417/973
f 1543/1645/1167 1535/1673/1195 1332/1419/975
f 1541/1641/1163 1326/1412/968 1330/1418/974
f 1404/1491/1036 1493/1633/1158 1495/1647/1169
f 1401/1632/1036 1416/1497/1041 1498/1612/1146
f 1403/1636/1035 1415/1498/1042 1496/1609/1143
f 1402/1492/1035 1494/1634/1157 1497/1648/1170
f 1386/1531/1071 1392/1532/1072 1504/1649/1171
f 1388/1530/1070 1508/1659/1181 1503/1651/1173
f 1385/1528/1068 1390/1533/1073 1505/1652/1174
f 1387/1529/1069 1509/1664/1186 1506/1654/1176
f 1390/1533/1073 1405/1538/1078 1501/1655/1177
f 1392/1532/1072 1406/1536/1076 1502/1656/1178
f 1389/1534/1074 1506/1654/1176 1500/1657/1179
f 1391/1535/1075 1503/1651/1173 1499/1658/1180
f 1508/1659/1181 1388/1530/1070 1384/1527/1067
f 1382/1526/1066 1386/1531/1071 1507/1650/1172
f 1383/1525/1065 1385/1528/1068 1510/1653/1175
f 1405/1538/1078 1411/1540/1080 1514/1608/1142
f 1406/1536/1076 1412/1541/1081 1513/1607/1141
f 1408/1537/1077 1500/1657/1179 1511/1662/1184
f 1407/1539/1079 1499/1658/1180 1512/1663/1185
f 1509/1664/1186 1387/1529/1069 1381/1524/1064
f 1417/1444/998 1322/1389/953 1520/1616/1150
f 1521/1666/1188 1321/1443/997 1417/1444/998
f 1418/1667/1189 1323/1394/958 1518/1618/1152
f 1519/1669/1191 1324/1446/1000 1418/1667/1189
f 1532/1670/1192 1588/1709/1221 1334/1424/980
f 1533/1643/1165 1331/1420/976 1336/1423/979
f 1534/1646/1168 1330/1418/974 1333/1421/977
f 1535/1673/1195 1585/1711/1222 1335/1422/978
f 1300/1379/951 1548/1680/1196 1545/1674/1196
f 1546/1675/1197 1298/1380/950 1297/1378/950
f 1298/1380/950 1546/1675/1197 1550/1677/1197
f 1299/1381/951 1545/1674/1196 1549/1678/1196
f 1300/1379/951 1303/1386/951 1552/1679/1196
f 1297/1378/950 1304/1382/950 1551/1681/1197
f 1553/1682/1198 1308/1693/951 1301/1385/951
f 1555/1683/1199 1306/1690/950 1302/1384/950
f 1556/1684/1200 1551/1681/1197 1304/1382/950
f 1554/1685/1201 1552/1679/1196 1303/1386/951
f 1564/1686/1202 1574/1691/1206 1346/1426/982
f 1563/1599/1133 1289/1432/988 1347/1428/984
f 1561/1688/1204 1576/1692/1207 1348/1427/983
f 1562/1600/1134 1290/1429/985 1345/1425/981
f 1573/1689/1205 1345/1425/981 1306/1690/950
f 1574/1691/1206 1556/1684/1200 1305/1383/950
f 1576/1692/1207 1554/1685/1201 1307/1387/951
f 1575/1687/1203 1347/1428/984 1308/1693/951
f 1342/1438/993 1583/1702/1214 1571/1604/1138
f 1341/1434/990 1295/1400/960 1572/1694/1208
f 1343/1442/996 1581/1700/1213 1569/1603/1137
f 1344/1435/991 1296/1402/962 1570/1696/1210
f 1339/1440/995 1341/1434/990 1584/1695/1209
f 1340/1699/1006 1579/1706/1218 1581/1700/1213
f 1338/1701/1008 1580/1704/1216 1583/1702/1214
f 1337/1439/994 1344/1435/991 1582/1697/1211
f 1577/1703/1215 1558/1717/1227 1426/1452/1005
f 1578/1698/1212 1557/1715/1225 1423/1455/1007
f 1580/1704/1216 1338/1456/1008 1425/1458/1010
f 1579/1706/1218 1340/1453/1006 1424/1457/1009
f 1592/1708/1220 1419/1447/1001 1334/1424/980
f 1590/1710/1216 1422/1449/1003 1335/1422/978
f 1591/1712/1223 1587/1672/1194 1333/1421/977
f 1589/1713/1215 1586/1671/1193 1336/1423/979
f 1565/1714/1224 1421/1448/1002 1423/1455/1007
f 1568/1716/1226 1420/1450/1004 1426/1452/1005
f 1567/1718/1228 1559/1705/1217 1425/1458/1010
f 1566/1719/1229 1560/1707/1219 1424/1457/1009
f 1597/1724/1234 1609/1757/1263 1433/1601/1135
f 1596/1725/1235 1427/1548/1086 1431/1549/1087
f 1598/1727/1237 1608/1755/1261 1434/1602/1136
f 1595/1728/1238 1429/1544/1083 1432/1545/1084
f 1596/1730/1235 1613/1758/1264 1438/1606/1140
f 1597/1731/1234 1428/1552/1082 1435/1553/1088
f 1595/1733/1238 1611/1761/1267 1437/1605/1139
f 1598/1734/1237 1430/1554/1085 1436/1555/1089
f 1594/1736/1242 1544/1642/1164 1533/1643/1165
f 1603/1738/1244 1601/1749/1255 1535/1673/1195
f 1602/1739/1245 1600/1748/1254 1532/1670/1192
f 1604/1740/1246 1541/1641/1163 1534/1646/1168
f 1544/1642/1164 1594/1736/1242 1660/1742/1248
f 1542/1644/1166 1538/1637/1159 1658/1743/1249
f 1543/1645/1167 1539/1638/1160 1657/1744/1250
f 1541/1641/1163 1604/1740/1246 1659/1745/1251
f 1593/1737/1243 1533/1643/1165 1586/1671/1193
f 1599/1741/1247 1534/1646/1168 1587/1672/1194
f 1600/1748/1254 1631/1773/1279 1588/1709/1221
f 1601/1749/1255 1634/1775/1281 1585/1711/1222
f 1538/1637/1159 1528/1622/1156 1690/1750/1256
f 1688/1751/1257 1530/1621/1155 1537/1640/1162
f 1539/1638/1160 1529/1619/1153 1689/1752/1258
f 1687/1753/1259 1531/1620/1154 1536/1639/1161
f 1607/1726/1236 1431/1549/1087 1562/1600/1134
f 1608/1755/1261 1736/1793/1293 1561/1688/1204
f 1610/1729/1239 1432/1545/1084 1563/1599/1133
f 1609/1757/1263 1735/1794/1294 1564/1686/1202
f 1613/1758/1264 1739/1799/1299 1570/1696/1210
f 1612/1735/1241 1436/1555/1089 1571/1604/1138
f 1614/1732/1240 1435/1553/1088 1569/1603/1137
f 1611/1761/1267 1740/1801/1301 1572/1694/1208
f 1679/1762/1268 1682/2144/1550 1522/1668/1190
f 1521/1666/1188 1523/1665/1187 1680/1763/1269
f 1523/1665/1187 1520/1616/1150 1678/1765/1271
f 1522/1668/1190 1682/2144/1550 1681/1766/1272
f 1518/1618/1152 1527/1617/1151 1684/1767/1273
f 1519/1669/1191 1681/1766/1272 1686/1768/1274
f 1521/1666/1188 1677/1764/1270 1685/1769/1275
f 1520/1616/1150 1524/1615/1149 1683/1770/1276
f 1527/1617/1151 1531/1620/1154 1687/1753/1259
f 1524/1615/1149 1530/1621/1155 1688/1751/1257
f 1525/1614/1148 1686/1768/1274 1690/1750/1256
f 1526/1613/1147 1685/1769/1275 1689/1752/1258
f 1632/1747/1253 1587/1672/1194 1591/1712/1223
f 1633/1746/1252 1586/1671/1193 1589/1713/1215
f 1592/1708/1220 1588/1709/1221 1631/1773/1279
f 1590/1710/1216 1585/1711/1222 1634/1775/1281
f 1547/1676/1197 1715/1782/1283 1716/1777/1283
f 1545/1674/1196 1721/1783/1284 1718/1778/1284
f 1548/1680/1196 1552/1679/1196 1722/1779/1284
f 1547/1676/1197 1551/1681/1197 1719/1781/1283
f 1548/1680/1196 1717/1780/1284 1721/1783/1284
f 1546/1675/1197 1716/1777/1283 1720/1784/1283
f 1724/1785/1285 1722/1779/1284 1552/1679/1196
f 1726/1786/1286 1555/1683/1199 1550/1677/1197
f 1725/1787/1287 1553/1682/1198 1549/1678/1196
f 1723/1788/1288 1719/1781/1283 1551/1681/1197
f 1750/1789/1289 1575/1687/1203 1553/1682/1198
f 1749/1790/1290 1723/1788/1288 1556/1684/1200
f 1747/1791/1291 1573/1689/1205 1555/1683/1199
f 1748/1792/1292 1724/1785/1285 1554/1685/1201
f 1737/1754/1260 1562/1600/1134 1573/1689/1205
f 1738/1756/1262 1563/1599/1133 1575/1687/1203
f 1736/1793/1293 1748/1792/1292 1576/1692/1207
f 1735/1794/1294 1749/1790/1290 1574/1691/1206
f 1558/1717/1227 1577/1703/1215 1757/1795/1295
f 1560/1707/1219 1727/1722/1232 1755/1796/1296
f 1557/1715/1225 1578/1698/1212 1756/1797/1297
f 1559/1705/1217 1729/1723/1233 1758/1798/1298
f 1582/1697/1211 1570/1696/1210 1739/1799/1299
f 1581/1700/1213 1753/1808/1308 1741/1760/1266
f 1583/1702/1214 1751/1807/1307 1742/1759/1265
f 1584/1695/1209 1572/1694/1208 1740/1801/1301
f 1734/1803/1303 1727/1722/1232 1566/1719/1229
f 1733/1804/1304 1729/1723/1233 1567/1718/1228
f 1731/1805/1305 1589/1713/1215 1568/1716/1226
f 1732/1806/1306 1591/1712/1223 1565/1714/1224
f 1580/1704/1216 1758/1798/1298 1751/1807/1307
f 1577/1703/1215 1582/1697/1211 1754/1800/1300
f 1579/1706/1218 1755/1796/1296 1753/1808/1308
f 1578/1698/1212 1584/1695/1209 1752/1802/1302
f 1442/1560/1094 1440/1557/1091 1787/1809/1309
f 1441/1811/1311 1439/1556/1090 1788/1812/1312
f 1793/1814/1314 1787/1809/1309 1440/1557/1091
f 1794/1815/1315 1788/1812/1312 1439/1556/1090
f 1441/1811/1311 1790/1813/1313 1791/1816/1316
f 1792/1817/1317 1444/1559/1093 1442/1560/1094
f 1795/1818/1318 1793/1814/1314 1445/1562/1096
f 1796/1819/1319 1794/1815/1315 1446/1561/1095
f 1444/1559/1093 1792/1817/1317 1797/1820/1320
f 1443/1558/1092 1791/1816/1316 1798/1821/1321
f 1804/1822/1322 1457/1567/1101 1447/1564/1098
f 1805/1823/1323 1455/1568/1102 1448/1566/1100
f 1806/1824/1324 1795/1818/1318 1450/1565/1099
f 1803/1825/1325 1796/1819/1319 1449/1563/1097
f 1810/1826/1326 1800/1830/1330 1452/1575/1109
f 1453/1579/1113 1801/1832/1332 1808/1827/1327
f 1807/1828/1328 1802/1833/1333 1451/1576/1110
f 1454/1578/1112 1799/1831/1331 1809/1829/1329
f 1803/1825/1325 1458/1569/1103 1461/1572/1106
f 1805/1823/1323 1807/1828/1328 1459/1573/1107
f 1804/1822/1322 1810/1826/1326 1460/1574/1108
f 1806/1824/1324 1456/1570/1104 1462/1571/1105
f 1800/1830/1330 1885/1885/1375 1515/1577/1111
f 1517/1661/1183 1884/2258/1642 1799/1831/1331
f 1516/1660/1182 1883/2255/1639 1801/1832/1332
f 1802/1833/1333 1898/1887/1377 1540/1580/1114
f 1845/1834/1334 1852/1843/1343 1467/1595/1129
f 1846/1835/1335 1465/1583/1117 1470/1594/1128
f 1843/1837/1337 1851/1842/1342 1468/1597/1131
f 1844/1838/1338 1466/1582/1116 1469/1593/1127
f 1845/1834/1334 1463/1584/1118 1471/1587/1121
f 1843/1837/1337 1464/1581/1115 1472/1585/1119
f 1844/1838/1338 1850/1846/1346 1474/1589/1123
f 1846/1835/1335 1849/1847/1347 1473/1591/1125
f 1851/1842/1342 1856/1860/1350 1476/1598/1132
f 1852/1843/1343 1855/1861/1351 1477/1596/1130
f 1475/1611/1145 1857/1863/1353 1854/1836/1336
f 1478/1610/1144 1858/1862/1352 1853/1839/1339
f 1847/1841/1341 1472/1585/1119 1481/1586/1120
f 1848/1840/1340 1471/1587/1121 1482/1588/1122
f 1850/1846/1346 1859/1864/1354 1480/1590/1124
f 1849/1847/1347 1860/1865/1355 1479/1592/1126
f 1484/1624/1157 1487/1626/1157 1866/1848/1348
f 1483/1625/1158 1485/1627/1158 1870/1850/1349
f 1488/1623/1157 1484/1624/1157 1863/1849/1348
f 1864/1851/1349 1874/1854/1349 1486/1630/1158
f 1869/1853/1349 1490/1629/1158 1486/1630/1158
f 1873/1855/1349 1870/1850/1349 1485/1627/1158
f 1867/1856/1348 1489/1628/1157 1488/1623/1157
f 1865/1857/1348 1866/1848/1348 1487/1626/1157
f 1871/1858/1348 1494/1634/1157 1489/1628/1157
f 1872/1859/1349 1493/1633/1158 1490/1629/1158
f 1856/1860/1350 1887/1866/1356 1496/1609/1143
f 1855/1861/1351 1889/1868/1358 1498/1612/1146
f 1497/1648/1170 1888/1867/1357 1858/1862/1352
f 1495/1647/1169 1886/1869/1359 1857/1863/1353
f 1859/1864/1354 1882/1879/1369 1514/1608/1142
f 1860/1865/1355 1879/1881/1371 1513/1607/1141
f 1511/1662/1184 1881/1878/1368 1862/1844/1344
f 1512/1663/1185 1880/1880/1370 1861/1845/1345
f 1887/1866/1356 1865/1857/1348 1491/1635/1157
f 1494/1634/1157 1871/1858/1348 1888/1867/1357
f 1889/1868/1358 1873/1855/1349 1492/1631/1158
f 1493/1633/1158 1872/1859/1349 1886/1869/1359
f 1503/1651/1173 1877/1876/1366 1893/1870/1360
f 1892/1871/1361 1876/1875/1365 1505/1652/1174
f 1506/1654/1176 1878/1877/1367 1890/1872/1362
f 1891/1873/1363 1875/1874/1364 1504/1649/1171
f 1875/1874/1364 1896/1882/1372 1507/1650/1172
f 1876/1875/1365 1895/1883/1373 1510/1653/1175
f 1508/1659/1181 1897/1884/1374 1877/1876/1366
f 1509/1664/1186 1894/1886/1376 1878/1877/1367
f 1500/1657/1179 1890/1872/1362 1881/1878/1368
f 1882/1879/1369 1892/1871/1361 1501/1655/1177
f 1499/1658/1180 1893/1870/1360 1880/1880/1370
f 1879/1881/1371 1891/1873/1363 1502/1656/1178
f 1896/1882/1372 1883/2255/1639 1516/1660/1182
f 1895/1883/1373 1884/2258/1642 1517/1661/1183
f 1897/1884/1374 1508/1659/1181 1515/1577/1111
f 1894/1886/1376 1509/1664/1186 1540/1580/1114
f 1606/1888/1378 1594/1736/1242 1593/1737/1243
f 1623/1890/1380 1620/1897/1385 1600/1748/1254
f 1624/1891/1381 1619/1898/1386 1601/1749/1255
f 1622/1892/1382 1604/1740/1246 1599/1741/1247
f 1622/1904/1382 1621/1923/1383 1617/1905/1389
f 1615/1907/1391 1619/1920/1386 1624/1908/1381
f 1635/1906/1390 1617/1905/1389 1626/1926/1402
f 1627/1928/1404 1615/1907/1391 1636/1909/1392
f 1643/1933/1406 1629/1915/1396 1628/1916/1397
f 1625/1913/1395 1630/1912/1394 1641/1935/1408
f 1644/1941/1412 1645/1927/1403 1626/1926/1402
f 1627/1928/1404 1646/1929/1405 1642/1943/1414
f 1666/1952/1420 1643/1933/1406 1638/1934/1407
f 1639/1944/1415 1642/1943/1414 1667/1954/1422
f 1664/1956/1424 1644/1941/1412 1637/1942/1413
f 1641/1935/1408 1665/1965/1433 1674/1958/1426
f 1663/1953/1421 1696/2037/1437 1692/1971/1435
f 1667/1954/1422 1698/2040/1438 1691/1972/1434
f 1662/1957/1425 1693/5012/1449 1697/1973/1439
f 1665/1965/1433 1694/2043/1436 1695/1984/1446
f 1626/1995/1402 1617/1977/1389 1767/1976/1441
f 1627/1997/1404 1778/2086/1508 1768/1998/1440
f 1769/1981/1444 1780/2020/1462 1630/1999/1394
f 1775/2000/1452 1772/2102/1442 1616/1921/1387
f 1770/2002/1445 1618/1911/1384 1629/2003/1396
f 1628/2005/1397 1618/1980/1384 1771/1979/1443
f 1637/2007/1413 1760/2010/1456 1701/1994/1450
f 1761/2008/1455 1778/2086/1508 1627/1997/1404
f 1626/1995/1402 1776/1996/1451 1760/2010/1456
f 1762/2011/1457 1775/2000/1452 1625/2001/1395
f 1628/2005/1397 1777/2006/1454 1759/2013/1458
f 1761/2008/1455 1639/2009/1415 1671/1960/1428
f 1670/1959/1427 1638/2014/1407 1759/2013/1458
f 1640/2012/1409 1674/2018/1426 1702/2017/1461
f 1655/1945/1416 1630/1999/1394 1780/2020/1462
f 1669/1949/1417 1764/2024/1465 1782/2004/1453
f 1635/1938/1390 1645/2028/1403 1781/2022/1464
f 1673/1962/1430 1705/2029/1469 1764/2024/1465
f 1763/2025/1466 1706/2033/1473 1672/1961/1429
f 1765/2021/1463 1704/2031/1471 1675/1963/1431
f 1676/1964/1432 1703/2034/1474 1766/2026/1467
f 1779/2027/1468 1646/5013/1405 1636/1991/1392
f 1656/1950/1418 1766/2026/1467 1781/2022/1464
f 1691/1966/1434 1707/2061/1476 1699/2015/1459
f 1668/1951/1419 1646/5013/1405 1779/2027/1468
f 1705/2029/1469 1673/1962/1430 1692/1967/1435
f 1704/2031/1471 1709/2063/1478 1694/1968/1436
f 1696/1969/1437 1670/1959/1427 1700/2016/1460
f 1706/2033/1473 1711/2068/1477 1698/1970/1438
f 1703/2034/1474 1676/1964/1432 1697/1974/1439
f 1708/2036/1470 1692/1971/1435 1696/2037/1437
f 1707/2039/1476 1691/1972/1434 1698/2040/1438
f 1709/2042/1478 1713/2116/1480 1695/1984/1446
f 1697/1973/1439 1693/5012/1449 1712/2044/1479
f 1770/2052/1445 1784/2051/1484 1660/1742/1248
f 1658/1743/1249 1783/2048/1481 1769/2053/1444
f 1657/1744/1250 1786/2049/1482 1773/2054/1448
f 1774/2055/1447 1785/2050/1483 1659/1745/1251
f 1608/1755/1261 1598/1727/1237 1902/2071/1497
f 1610/1729/1239 2073/2138/1544 1901/2073/1499
f 1609/1757/1263 1597/1724/1234 1899/2074/1500
f 1607/1726/1236 2072/2137/1543 1900/2076/1502
f 1902/2077/1497 1598/1734/1237 1612/1735/1241
f 1899/2079/1500 1597/1731/1234 1614/1732/1240
f 1901/2081/1499 2077/2140/1546 1611/1761/1267
f 1900/2082/1502 2076/2142/1548 1613/1758/1264
f 1777/2006/1454 1821/2100/1519 1828/2083/1505
f 1776/1996/1451 1820/2098/1518 1827/2084/1506
f 1829/2085/1507 1822/2199/1599 1778/2086/1508
f 1830/2087/1509 1819/2204/1601 1775/2000/1452
f 1832/2088/1510 1763/2025/1466 1779/2027/1468
f 1833/2090/1512 1765/2021/1463 1780/2020/1462
f 1781/2022/1464 1766/2026/1467 1834/2092/1514
f 1782/2004/1453 1764/2024/1465 1831/2094/1516
f 1778/2086/1508 1822/2199/1599 1812/2096/1485
f 1776/1996/1451 1767/1976/1441 1813/2097/1486
f 1777/2006/1454 1771/1979/1443 1814/2099/1487
f 1775/2000/1452 1819/2204/1601 1811/2101/1488
f 1815/2103/1520 1770/2002/1445 1782/2004/1453
f 1816/2104/1521 1826/2091/1513 1780/2020/1462
f 1817/2105/1522 1825/2089/1511 1779/2027/1468
f 1818/2106/1523 1774/2023/1447 1781/2022/1464
f 1928/2115/1528 1929/5014/1534 1713/2116/1480
f 1931/2117/1529 1707/2039/1476 1711/2041/1477
f 1927/2119/1531 1714/2045/1475 1712/2044/1479
f 1986/2128/1535 1708/2036/1470 1710/2038/1472
f 1736/1793/1293 1608/1755/1261 2071/2072/1498
f 1735/1794/1294 1609/1757/1263 2074/2075/1501
f 1737/1754/1260 2706/2237/1621 2072/2137/1543
f 1738/1756/1262 2722/2238/1622 2073/2138/1544
f 2078/2078/1503 1612/1735/1241 1742/1759/1265
f 2077/2140/1546 2717/2245/1629 1740/1801/1301
f 2075/2080/1504 1614/1732/1240 1741/1760/1266
f 2076/2142/1548 2732/2243/1627 1739/1799/1299
f 2548/2143/1549 2552/3402/2304 1682/2144/1550
f 2547/2145/1551 1677/1764/1270 1680/1763/1269
f 1682/2144/1550 2552/3402/2304 2550/2147/1553
f 1680/1763/1269 1678/1765/1271 2549/2148/1554
f 1679/1762/1268 1684/1767/1273 2553/2149/1555
f 1677/1764/1270 2547/2145/1551 2556/2150/1556
f 1678/1765/1271 1683/1770/1276 2554/2151/1557
f 1681/1766/1272 2550/2147/1553 2555/2152/1558
f 1685/1769/1275 2556/2150/1556 2560/2153/1559
f 1684/1767/1273 1687/1753/1259 2558/2154/1560
f 1686/1768/1274 2555/2152/1558 2557/2155/1561
f 1683/1770/1276 1688/1751/1257 2559/2156/1562
f 1745/1774/1280 1631/1773/1279 2197/2157/1563
f 2196/2159/1565 1632/1747/1253 1744/1771/1277
f 1746/1776/1282 1634/1775/1281 2199/2161/1567
f 2198/2163/1569 1633/1746/1252 1743/1772/1278
f 1790/1813/1313 1788/1812/1312 1904/2169/1575
f 1789/1810/1310 1787/1809/1309 1903/2171/1577
f 1787/1809/1309 1793/1814/1314 1907/2173/1579
f 1908/2174/1580 1904/2169/1575 1788/1812/1312
f 1789/1810/1310 1905/2172/1578 1909/2175/1581
f 1910/2176/1582 1791/1816/1316 1790/1813/1313
f 1912/2177/1582 1798/1821/1321 1791/1816/1316
f 1911/2178/1581 1797/1820/1320 1792/1817/1317
f 1793/1814/1314 1795/1818/1318 1914/2179/1579
f 1794/1815/1315 1796/1819/1319 1913/2180/1580
f 1797/1820/1320 1911/2178/1581 1919/2181/1583
f 1921/2182/1584 1913/2180/1580 1796/1819/1319
f 1920/2183/1585 1914/2179/1579 1795/1818/1318
f 1798/1821/1321 1912/2177/1582 1922/2184/1586
f 1925/2185/1587 1809/1829/1329 1799/1831/1331
f 1926/2187/1589 1808/1827/1327 1801/1832/1332
f 1800/1830/1330 1810/1826/1326 1924/2189/1591
f 1802/1833/1333 1807/1828/1328 1923/2191/1593
f 1919/2181/1583 1924/2189/1591 1810/1826/1326
f 1922/2184/1586 1923/2191/1593 1807/1828/1328
f 1809/1829/1329 1925/2185/1587 1920/2183/1585
f 1808/1827/1327 1926/2187/1589 1921/2182/1584
f 2558/2154/1560 1687/1753/1259 1785/2050/1483
f 2559/2156/1562 1688/1751/1257 1784/2051/1484
f 2560/2153/1559 2695/2327/1693 1786/2049/1482
f 2557/2155/1561 2684/2326/1692 1783/2048/1481
f 1820/2098/1518 1813/2097/1486 2060/2195/1524
f 1821/2100/1519 1814/2099/1487 2062/2197/1525
f 1822/2199/1599 2099/2210/1604 2061/2200/1526
f 1824/2095/1517 2100/2213/1607 2066/2201/1572
f 1826/2091/1513 1816/2104/1521 2065/2202/1571
f 1819/2204/1601 2098/2211/1605 2079/2205/1527
f 1825/2089/1511 1817/2105/1522 2080/2206/1573
f 1823/2093/1515 2103/2215/1609 2081/2208/1574
f 1827/2084/1506 1820/2098/1518 2096/2196/1597
f 1829/2085/1507 2129/2249/1633 2099/2210/1604
f 1830/2087/1509 2128/2250/1634 2098/2211/1605
f 1828/2083/1505 1821/2100/1519 2097/2198/1598
f 2101/2203/1600 2132/2252/1636 1833/2090/1512
f 2100/2213/1607 1824/2095/1517 1831/2094/1516
f 2102/2207/1602 2134/2253/1637 1832/2088/1510
f 2103/2215/1609 1823/2093/1515 1834/2092/1514
f 1715/1782/1283 1719/1781/1283 2739/2217/1611
f 2710/2219/1612 2707/2223/1612 1722/1779/1284
f 1716/1777/1283 2736/2222/1611 2731/2220/1611
f 1718/1778/1284 2714/2226/1612 2711/2221/1612
f 2736/2222/1611 1716/1777/1283 1715/1782/1283
f 1717/1780/1284 1722/1779/1284 2707/2223/1612
f 2734/2225/1611 2739/2217/1611 1719/1781/1283
f 1721/1783/1284 2725/2227/1612 2714/2226/1612
f 2725/2227/1612 1721/1783/1284 1717/1780/1284
f 1720/1784/1283 2731/2220/1611 2733/2228/1611
f 2720/2229/1613 1744/1771/1277 1732/1806/1306
f 2709/2230/1614 2719/2133/1539 1734/1803/1303
f 2716/2231/1615 2738/2132/1538 1733/1804/1304
f 2726/2232/1616 1743/1772/1278 1731/1805/1305
f 1725/1787/1287 2711/2221/1612 2712/2233/1617
f 1724/1785/1285 1748/1792/1292 2704/2234/1618
f 1726/1786/1286 2733/2228/1611 2727/2235/1619
f 1723/1788/1288 1749/1790/1290 2740/2236/1620
f 1748/1792/1292 1736/1793/1293 2703/2135/1541
f 1749/1790/1290 1735/1794/1294 2742/2136/1542
f 1747/1791/1291 2727/2235/1619 2706/2237/1621
f 1750/1789/1289 2712/2233/1617 2722/2238/1622
f 1727/1722/1232 2719/2133/1539 2724/2239/1623
f 1728/1720/1230 1757/1795/1295 2721/2240/1624
f 1729/1723/1233 2738/2132/1538 2723/2241/1625
f 1730/1721/1231 1756/1797/1297 2715/2242/1626
f 1754/1800/1300 1739/1799/1299 2732/2243/1627
f 1753/1808/1308 2700/2247/1631 2730/2141/1547
f 1752/1802/1302 1740/1801/1301 2717/2245/1629
f 1751/1807/1307 2702/2248/1632 2728/2139/1545
f 1757/1795/1295 1754/1800/1300 2701/2244/1628
f 1756/1797/1297 1752/1802/1302 2699/2246/1630
f 1755/1796/1296 2724/2239/1623 2700/2247/1631
f 1758/1798/1298 2723/2241/1625 2702/2248/1632
f 2130/2209/1603 2137/2267/1647 1836/2067/1494
f 2131/2212/1606 2138/2265/1646 1837/2062/1490
f 1838/2060/1489 2139/2270/1648 2129/2249/1633
f 1835/2066/1493 2136/2261/1644 2128/2250/1634
f 2135/2216/1610 1834/2092/1514 1839/2070/1496
f 2132/2252/1636 2140/2263/1645 1842/2064/1491
f 2134/2253/1637 2143/2271/1649 1841/2069/1495
f 2133/2214/1608 1831/2094/1516 1840/2065/1492
f 1917/2188/1590 1801/1832/1332 1883/2255/1639
f 1885/1885/1375 1800/1830/1330 1915/2190/1592
f 1916/2186/1588 1799/1831/1331 1884/2258/1642
f 2355/2278/1654 2370/2290/1666 1849/1847/1347
f 1848/1840/1340 2368/2293/1669 2357/2279/1655
f 2356/2280/1656 2369/2291/1667 1850/1846/1346
f 1847/1841/1341 2367/2292/1668 2358/2281/1657
f 1854/1836/1336 2374/2288/1664 2355/2278/1654
f 1853/1839/1339 2373/2286/1662 2356/2280/1656
f 1852/1843/1343 1845/1834/1334 2357/2279/1655
f 1851/1842/1342 1843/1837/1337 2358/2281/1657
f 1855/1861/1351 1852/1843/1343 2372/2282/1658
f 1856/1860/1350 1851/1842/1342 2371/2283/1659
f 2373/2286/1662 1853/1839/1339 1858/1862/1352
f 2374/2288/1664 1854/1836/1336 1857/1863/1353
f 2370/2290/1666 2379/2294/1670 1860/1865/1355
f 2369/2291/1667 2380/2296/1672 1859/1864/1354
f 1862/1844/1344 2382/2298/1674 2367/2292/1668
f 1861/1845/1345 2381/2300/1676 2368/2293/1669
f 1879/1881/1371 1860/1865/1355 2379/2294/1670
f 1882/1879/1369 1859/1864/1354 2380/2296/1672
f 2382/2298/1674 1862/1844/1344 1881/1878/1368
f 2381/2300/1676 1861/1845/1345 1880/1880/1370
f 1887/1866/1356 1856/1860/1350 2375/2285/1661
f 1889/1868/1358 1855/1861/1351 2376/2284/1660
f 2378/2287/1663 1858/1862/1352 1888/1867/1357
f 2377/2289/1665 1857/1863/1353 1886/1869/1359
f 1864/1851/1349 1870/1850/1349 2402/2306/1682
f 1863/1849/1348 1866/1848/1348 2400/2308/1683
f 1866/1848/1348 1865/1857/1348 2401/2310/1683
f 1864/1851/1349 2404/2307/1682 2405/2311/1682
f 1870/1850/1349 1873/1855/1349 2398/2312/1682
f 1867/1856/1348 2395/2316/1683 2403/2313/1683
f 1863/1849/1348 2396/2309/1683 2406/2314/1683
f 1869/1853/1349 2399/2317/1682 2397/2315/1682
f 1868/1852/1348 2406/2314/1683 2395/2316/1683
f 1874/1854/1349 2405/2311/1682 2399/2317/1682
f 2421/2305/1681 1886/1869/1359 1872/1859/1349
f 2418/2304/1680 1888/1867/1357 1871/1858/1348
f 1865/1857/1348 1887/1866/1356 2420/2302/1678
f 1873/1855/1349 1889/1868/1358 2419/2303/1679
f 2409/2318/1684 1878/1877/1367 1894/1886/1376
f 2410/2320/1686 1877/1876/1366 1897/1884/1374
f 1895/1883/1373 1876/1875/1365 2407/2322/1688
f 1896/1882/1372 1875/1874/1364 2408/2324/1690
f 2383/2301/1677 1880/1880/1370 1893/1870/1360
f 2385/2299/1675 1881/1878/1368 1890/1872/1362
f 1892/1871/1361 1882/1879/1369 2386/2297/1673
f 1891/1873/1363 1879/1881/1371 2384/2295/1671
f 2417/2323/1689 2413/2259/1643 1884/2258/1642
f 1885/1885/1375 2412/2257/1641 2416/2321/1687
f 2414/2325/1691 2411/2256/1640 1883/2255/1639
f 1898/1887/1377 2434/2456/1800 2415/2319/1685
f 2110/2368/1717 1932/5015/1532 1982/2369/1718
f 2108/2371/1720 2053/5016/1841 1984/2372/1721
f 2059/2331/1695 1932/5015/1532 2110/2368/1717
f 2108/2371/1720 1931/2373/1529 2057/2336/1696
f 2004/2376/1724 2016/2392/1740 1940/2377/1725
f 2005/2379/1727 1960/2422/1768 1948/2380/1728
f 2006/2382/1730 1958/2425/1770 1947/2383/1731
f 2007/2385/1733 2020/2396/1742 1942/2386/1734
f 2009/2388/1736 1939/2541/1858 1935/2389/1737
f 2012/2391/1739 1943/2407/1753 1940/2377/1725
f 1948/2380/1728 1946/5017/1932 2015/2393/1739
f 1947/2383/1731 1949/5018/1749 2018/2394/1741
f 2014/2395/1741 1944/2403/1749 1942/2386/1734
f 2017/2397/1743 1945/2508/1836 1954/2398/1744
f 2018/2394/1741 1949/5018/1749 1951/2400/1746
f 2014/2395/1741 2027/2413/1759 1952/2402/1748
f 2015/2393/1739 1946/5017/1932 1955/2404/1750
f 2012/2391/1739 2022/2493/1822 1950/2406/1752
f 2023/2408/1754 1956/2510/1838 1962/2409/1755
f 2021/2399/1745 1954/2398/1744 1963/2411/1757
f 2027/2413/1759 2029/2428/1773 1961/2414/1760
f 2025/2401/1747 1951/2400/1746 1964/2415/1761
f 1965/2417/1763 1953/2543/1860 2024/2418/1764
f 2049/2420/1766 2004/2376/1724 1959/2378/1726
f 1960/2422/1768 2005/2379/1727 2050/2423/1769
f 1958/2425/1770 2006/2382/1730 2052/2426/1771
f 2029/2428/1773 2043/2446/1791 1971/2429/1774
f 2031/2416/1762 1964/2415/1761 1967/2430/1775
f 2035/2412/1758 1963/2411/1757 1973/2432/1777
f 1966/2434/1779 1965/2417/1763 2036/2419/1765
f 2034/2410/1756 1962/2409/1755 1975/2436/1781
f 1979/2438/1783 1966/2434/1779 2037/2435/1780
f 2044/2440/1785 2047/2445/1790 1980/2441/1786
f 2038/2437/1782 1975/2436/1781 1978/2443/1788
f 2040/2433/1778 1973/2432/1777 1980/2441/1786
f 2043/2446/1791 2045/2444/1789 1978/2443/1788
f 2041/2447/1792 1968/2504/1832 1977/2448/1793
f 1977/2448/1793 1976/2505/1833 2039/2450/1795
f 2042/2431/1776 1967/2430/1775 1979/2438/1783
f 1982/2369/1718 1972/2424/1767 2050/2423/1769
f 1981/2451/1796 1969/2427/1772 2052/2426/1771
f 1983/2355/1704 2056/2466/1810 2049/2420/1766
f 2434/2456/1800 1898/1887/1377 1918/2192/1594
f 2064/2356/1705 2109/2521/1844 2056/2466/1810
f 2063/2467/1536 1981/2451/1796 2055/2452/1797
f 2088/2470/1803 2086/2459/1803 1990/2458/1802
f 2085/2472/1803 2090/2475/1803 1987/2473/1802
f 2090/2475/1803 2094/2483/1803 1991/2476/1802
f 2087/2477/1813 2091/2498/1804 2003/2478/1805
f 1989/2480/1805 1996/2461/1805 2093/2460/1804
f 1995/2474/1802 1985/5019/1802 2089/2482/1803
f 2094/2483/1803 2088/2470/1803 2000/2471/1802
f 2011/2490/1819 2010/2390/1738 1935/2389/1737
f 2022/2493/1822 2032/2503/1831 2172/2494/1823
f 2028/2405/1751 1955/2404/1750 2173/2495/1824
f 2051/2465/1809 2007/2385/1733 1957/2387/1735
f 2091/2498/1804 2125/2487/1817 2002/2486/1816
f 2089/2482/1803 1985/5019/1802 1988/2485/1815
f 2087/2477/1813 2001/2479/1805 1992/2499/1827
f 1997/2501/1829 1989/2480/1805 2092/2481/1804
f 2032/2503/1831 2044/2440/1785 1970/2442/1787
f 2030/2496/1825 2173/2495/1824 1968/2504/1832
f 1976/2505/1833 2166/2539/1856 2033/2506/1834
f 2017/2397/1743 2181/2545/1862 1934/2507/1835
f 2180/2509/1837 1941/2542/1859 1956/2510/1838
f 1984/2372/1721 2053/5016/1841 2051/2465/1809
f 1986/2488/1535 2063/2467/1536 2111/2468/1811
f 2109/2521/1844 2064/2356/1705 2058/2330/1694
f 1992/2499/1827 1997/2501/1829 2124/2502/1830
f 2171/2536/1853 2169/5020/2000 2019/2537/1854
f 2166/2539/1856 2171/2536/1853 2026/2538/1855
f 2009/2388/1736 2175/2586/1883 2170/2540/1857
f 2011/2490/1819 2168/2491/1820 1941/2542/1859
f 1953/2543/1860 2174/5021/1989 2179/2544/1861
f 2181/2545/1862 2176/5022/1864 1938/2546/1863
f 1938/2546/1863 2176/5022/1864 2177/2547/1864
f 2178/2549/1864 1937/2587/1884 1936/2548/1863
f 2109/2521/1844 2149/2585/1882 2122/2530/1849
f 2110/2368/1717 2054/2532/1719 2123/2531/1850
f 2108/2371/1720 2160/2584/1881 2120/2535/1852
f 2111/2468/1811 2055/2534/1797 2121/2533/1851
f 2087/2565/1813 2144/2579/1878 2164/2566/1876
f 2090/2572/1803 2148/5023/1867 2145/2573/1867
f 2161/2575/1867 2148/5023/1867 2090/2572/1803
f 2094/2574/1803 2145/2573/1867 2165/2577/1867
f 2160/2584/1881 2108/2371/1720 2107/2375/1723
f 2105/2489/1818 2111/2468/1811 2156/2551/1866
f 2149/2585/1882 2109/2521/1844 2106/2492/1821
f 2104/2374/1722 2110/2368/1717 2158/2550/1865
f 2019/2537/1854 2169/5020/2000 2170/2540/1857
f 2179/2544/1861 2174/5021/1989 1937/2587/1884
f 2071/2595/1498 1902/2341/1497 2188/2362/1711
f 2204/2602/1892 2203/2604/1893 2127/2578/1828
f 1993/2625/1708 1928/5024/1528 2207/2626/1899
f 2209/2628/1901 1927/5025/1531 1999/2629/1707
f 1994/2635/1713 1933/5026/1530 2214/2636/1904
f 2223/2638/1906 1929/5027/1534 1983/2624/1704
f 2206/2640/1908 2255/2898/2015 1982/2622/1718
f 2208/2642/1909 1931/5028/1529 1984/2634/1721
f 2224/2644/1911 2205/5029/2068 1986/2645/1535
f 2001/2647/1805 2003/2672/1805 2226/2648/1912
f 1990/2650/1802 1993/2625/1708 2222/2627/1900
f 2224/2644/1911 1998/2646/1799 1996/2652/1805
f 2210/2654/1913 2225/2671/1913 1995/2655/1802
f 2002/2657/1816 1994/2635/1713 2221/2637/1905
f 2219/2659/1912 2229/3374/1912 1997/2660/1829
f 1997/2660/1829 2229/3374/1912 2227/2662/1912
f 1991/2664/1802 2000/2670/1802 2213/2665/1913
f 2218/2649/1912 2219/2659/1912 1992/2661/1827
f 2230/2667/1913 1988/2673/1815 1985/2668/1802
f 2000/2670/1802 1990/2650/1802 2211/2651/1913
f 2215/2669/1913 1985/2668/1802 1995/2655/1802
f 2212/2666/1913 2210/2654/1913 1987/2656/1802
f 2228/2653/1912 1996/2652/1805 1989/2663/1805
f 2003/2672/1805 2002/2657/1816 2217/2658/1912
f 2220/2630/1902 1999/2629/1707 1988/2673/1815
f 2216/2674/1890 2282/2899/2016 1981/2623/1796
f 2244/2688/1918 1979/2892/1783 1967/2689/1775
f 1966/2691/1779 1979/2892/1783 2243/2692/1920
f 1971/2694/1774 1978/2619/1788 2245/2695/1922
f 1938/2697/1863 2254/3494/1924 2295/2698/1924
f 2275/2700/1924 2254/3494/1924 1938/2697/1863
f 1939/2702/1858 2257/2840/1991 2284/2703/1925
f 1936/2701/1863 1937/5030/1884 2262/2705/1926
f 2277/2706/1895 1949/2725/1749 1947/2707/1731
f 1942/2709/1734 1944/2735/1749 2268/2710/1895
f 1941/2712/1859 2279/2843/1993 2278/2713/1928
f 1945/2715/1836 2264/2724/1924 2285/2716/1929
f 1940/2718/1725 1943/2722/1753 2260/2719/1894
f 2261/2721/1930 2260/2719/1894 1943/2722/1753
f 2264/2724/1924 1945/2715/1836 1934/2699/1835
f 1949/2725/1749 2277/2706/1895 2247/2726/1931
f 2266/2728/1894 1946/2731/1932 1948/2729/1728
f 1946/2731/1932 2266/2728/1894 2252/2732/1933
f 2248/2734/1934 2268/2710/1895 1944/2735/1749
f 2250/2711/1927 2299/2896/1927 1957/2633/1735
f 2256/2720/1894 2294/2897/1935 1959/2607/1726
f 2265/2730/1894 1948/2729/1728 1960/2611/1768
f 2270/2708/1927 1947/2707/1731 1958/2608/1770
f 1954/2717/1744 2285/2716/1929 2286/2739/1936
f 1951/2727/1746 2247/2726/1931 2283/2741/1937
f 2301/2743/1938 2248/2734/1934 1952/2736/1748
f 1953/2745/1860 1965/2750/1763 2291/2746/1939
f 1956/2714/1838 2278/2713/1928 2276/2748/1941
f 1962/2749/1755 2276/2748/1941 2269/2621/1898
f 1963/2740/1757 2286/2739/1936 2298/2616/1896
f 2290/2696/1923 2301/2743/1938 1961/2744/1760
f 1965/2750/1763 1966/2691/1779 2293/2693/1921
f 1964/2742/1761 2283/2741/1937 2289/2690/1919
f 2306/2751/1942 1977/2901/1793 1968/2752/1832
f 1976/2754/1833 1977/2901/1793 2304/2755/1944
f 2016/2757/1740 2326/2988/2072 2320/2758/1946
f 2020/2760/1742 2321/2981/2067 2323/2761/1947
f 2319/2763/1948 2322/2978/2065 2013/2764/1732
f 2325/2766/1949 2324/2990/2073 2008/2767/1729
f 2308/2769/1950 2009/5031/1736 2010/2770/1738
f 2010/2770/1738 2011/2851/1819 2311/2772/1952
f 2330/2773/1953 2026/2788/1855 2019/2774/1854
f 2015/2768/1739 2028/2799/1751 2331/2776/1955
f 2329/2777/1956 2313/2853/1996 2017/2778/1743
f 2328/2780/1957 2022/2798/1822 2012/2759/1739
f 2018/2765/1741 2025/2785/1747 2327/2781/1958
f 2333/2782/1959 2027/2793/1759 2014/2762/1741
f 2340/2783/1960 2329/2777/1956 2021/2779/1745
f 2025/2785/1747 2031/2801/1762 2339/2786/1961
f 2335/2787/1962 2033/5032/1834 2026/2788/1855
f 2338/2789/1963 2036/5033/1765 2024/2790/1764
f 2336/2792/1965 2029/2812/1773 2027/2793/1759
f 2341/2794/1966 2334/2859/1999 2023/2795/1754
f 2337/2797/1967 2032/2804/1831 2022/2798/1822
f 2028/2799/1751 2030/5034/1825 2342/2800/1968
f 2031/2801/1762 2042/5035/1776 2343/2802/1969
f 2349/2803/1970 2044/2819/1785 2032/2804/1831
f 2341/2794/1966 2034/2796/1756 2038/2805/1782
f 2340/2783/1960 2035/2784/1758 2040/2807/1778
f 2342/2800/1968 2030/5034/1825 2041/2809/1792
f 2336/2792/1965 2344/2820/1977 2043/2811/1791
f 2037/2813/1780 2036/5033/1765 2338/2789/1963
f 2039/2815/1795 2033/5032/1834 2335/2787/1962
f 2349/2803/1970 2351/2823/1979 2047/2818/1790
f 2344/2820/1977 2352/2822/1978 2045/2821/1789
f 2346/2806/1971 2038/2805/1782 2045/2821/1789
f 2350/2808/1972 2040/2807/1778 2047/2818/1790
f 2046/2824/1794 2039/2815/1795 2348/2816/1975
f 2345/2810/1973 2041/2809/1792 2046/2824/1794
f 2343/2802/1969 2042/5035/1776 2048/2826/1784
f 2048/2826/1784 2037/2813/1780 2347/2814/1974
f 2284/2703/1925 2288/2844/1992 2168/2837/1820
f 2262/2705/1926 1937/5030/1884 2174/2838/1989
f 2257/2840/1991 1939/2702/1858 2170/2841/1857
f 2279/2843/1993 1941/2712/1859 2168/2837/1820
f 2173/2845/1824 1955/2733/1750 2252/2732/1933
f 2174/2838/1989 1953/2745/1860 2281/2747/1940
f 2172/2847/1823 2300/3482/2359 2261/2721/1930
f 2173/2845/1824 2251/2846/1994 2249/2753/1943
f 2166/2848/1856 1976/2754/1833 2274/2756/1945
f 2297/2617/1897 2300/3482/2359 2172/2847/1823
f 2180/2850/1837 2317/3176/1998 2311/2772/1952
f 2181/2852/1862 2017/2778/1743 2313/2853/1996
f 2175/2855/1883 2009/5031/1736 2308/2769/1950
f 2175/2855/1883 2312/2856/1998 2314/2775/1954
f 2332/2791/1964 2024/2790/1764 2179/2857/1861
f 2334/2859/1999 2317/3176/1998 2180/2850/1837
f 2271/2860/1992 2263/2842/1992 2170/2841/1857
f 2171/2862/1853 2166/2848/1856 2273/2849/1995
f 2169/2861/2000 2171/2862/1853 2272/2863/2001
f 2176/2864/1864 2315/2869/1997 2316/2865/1997
f 2178/2867/1864 2318/2868/1997 2309/2858/1997
f 2318/2868/1997 2178/2867/1864 2177/2866/1864
f 2176/2864/1864 2181/2852/1862 2310/2854/1997
f 2231/2876/2004 2188/3399/1711 2187/2677/1710
f 2237/2877/2005 2189/3414/1697 2185/2686/1712
f 2234/2878/2006 2238/3018/1915 2186/2681/1715
f 2184/2684/1716 2194/3424/1702 2235/2880/2007
f 2140/2263/1645 2529/3065/2113 2207/2882/1899
f 2223/2883/1906 2534/3064/2112 2136/2261/1644
f 2142/2251/1635 1927/2262/1531 2209/2884/1901
f 1930/2266/1533 2138/2265/1646 2533/2886/2009
f 2208/2887/1909 2531/3063/2111 2139/2270/1648
f 2206/2888/1908 1932/2268/1532 2137/2267/1647
f 2143/2271/1649 2528/3066/2114 2214/2890/1904
f 2570/2904/2020 2569/3659/2481 1906/2170/1576
f 2576/2905/2021 1905/2172/1578 1903/2171/1577
f 2565/2907/2023 2570/2904/2020 1904/2169/1575
f 1906/2170/1576 2569/3659/2481 2568/2908/2024
f 1903/2171/1577 1907/2173/1579 2566/2909/2025
f 1905/2172/1578 2576/2905/2021 2567/2910/2026
f 1907/2173/1579 1914/2179/1579 2561/2911/2027
f 1908/2174/1580 1913/2180/1580 2564/2912/2028
f 2562/2913/2029 1912/2177/1582 1910/2176/1582
f 2563/2914/2030 1911/2178/1581 1909/2175/1581
f 1912/2177/1582 2562/2913/2029 2575/2915/2031
f 1913/2180/1580 1921/2182/1584 2573/2916/2032
f 1914/2179/1579 1920/2183/1585 2574/2917/2033
f 1911/2178/1581 2563/2914/2030 2571/2918/2034
f 1918/2192/1594 1923/2191/1593 2584/2919/2035
f 1915/2190/1592 1924/2189/1591 2581/2920/2036
f 2583/2922/2038 1926/2187/1589 1917/2188/1590
f 2582/2924/2040 1925/2185/1587 1916/2186/1588
f 1924/2189/1591 1919/2181/1583 2571/2918/2034
f 1923/2191/1593 1922/2184/1586 2575/2915/2031
f 1926/2187/1589 2583/2922/2038 2573/2916/2032
f 1925/2185/1587 2582/2924/2040 2574/2917/2033
f 2155/2926/1874 2158/2967/1865 2450/2927/2042
f 2157/2929/1872 2156/2969/1866 2447/2930/2044
f 2449/2932/2046 2149/5036/1882 2147/2933/1875
f 2448/2935/2048 2160/5037/1881 2162/2936/1873
f 2464/2938/2050 2452/2996/2076 2151/2939/1877
f 2459/2941/2051 2464/2938/2050 2154/2940/1869
f 2466/2943/2052 2460/2959/2056 2161/2944/1867
f 2163/2946/1880 2458/2985/2070 2461/2937/2049
f 2144/2947/1878 2453/2999/2078 2456/2948/2053
f 2165/2950/1867 2468/2954/2055 2463/2951/2054
f 2472/2928/2043 2454/2993/2075 2159/2953/1879
f 2451/2931/2045 2459/2941/2051 2153/2942/1871
f 2468/2954/2055 2165/2950/1867 2145/2955/1867
f 2150/2952/1867 2463/2951/2054 2457/2957/2055
f 2460/2959/2056 2455/2961/2057 2148/2960/1867
f 2455/2961/2057 2467/2956/2056 2145/2955/1867
f 2146/2958/1870 2457/2957/2055 2470/2934/2047
f 2122/2962/1849 2149/5036/1882 2449/2932/2046
f 2120/2964/1852 2160/5037/1881 2448/2935/2048
f 2123/2966/1850 2484/3129/2137 2450/2927/2042
f 2121/2968/1851 2483/3128/2141 2447/2930/2044
f 2116/2970/1842 2095/5038/1812 2476/2971/2060
f 2477/2972/2061 2484/3129/2137 2123/2966/1850
f 2480/2973/2062 2118/2992/1840 2120/2964/1852
f 2478/2974/2063 2483/3128/2141 2121/2968/1851
f 2479/2976/2064 2119/3000/1843 2122/2962/1849
f 2006/2977/1730 2013/2764/1732 2322/2978/2065
f 2007/2980/1733 2521/3153/2155 2321/2981/2067
f 2141/2254/1638 1986/2277/1535 2205/2982/2068
f 2183/2984/1886 2462/2986/2071 2458/2985/2070
f 2183/2984/1886 2164/2949/1876 2456/2948/2053
f 2004/2987/1724 2523/3214/2204 2326/2988/2072
f 2005/2989/1727 2008/2767/1729 2324/2990/2073
f 2480/2973/2062 2473/5039/1985 2182/2831/1885
f 2454/2993/2075 2469/5040/2133 2202/2994/1891
f 2204/2995/1892 2151/2939/1877 2452/2996/2076
f 2203/2998/1893 2471/5041/3412 2453/2999/2078
f 2202/2994/1891 2469/5040/2133 2466/2943/2052
f 2201/2874/1888 2474/2873/2003 2478/2974/2063
f 2479/2976/2064 2475/5042/2002 2200/2870/1887
f 2006/2977/1730 2520/2979/2066 2510/3001/2079
f 2508/3003/2080 2521/3153/2155 2007/2980/1733
f 2511/3005/2081 2523/3214/2204 2004/2987/1724
f 2005/2989/1727 2524/2991/2074 2509/3007/2082
f 2465/2997/2077 2471/5041/3412 2203/2998/1893
f 2409/2318/1684 2781/3334/2266 2424/2274/1651
f 2410/2320/1686 2780/3335/2267 2425/2275/1652
f 2408/2324/1690 1875/1874/1364 2423/2273/1650
f 2407/2322/1688 1876/1875/1365 2422/2276/1653
f 2241/3028/2011 2244/5043/1918 2364/3035/2093
f 2362/3029/2090 2365/3378/2286 2305/3037/2018
f 2428/3050/2100 2231/3429/2004 2436/3015/2086
f 2438/3017/2088 2234/3019/2006 2429/3051/2101
f 2437/3016/2087 2426/3044/2097 2431/3053/2102
f 2432/3055/2103 2427/3069/2096 2435/3013/2085
f 2393/3056/2104 2365/3378/2286 2362/3029/2090
f 2392/3058/2106 2389/3068/2115 2361/3036/2089
f 2394/3059/2107 2363/3039/2091 2360/3041/2095
f 2359/3038/2094 2366/3034/2092 2391/3061/2109
f 2130/2209/1603 2653/3079/2121 2532/2889/2010
f 2531/3063/2111 2652/3081/2123 2129/2249/1633
f 2534/3064/2112 2651/3076/2118 2128/2250/1634
f 2131/2212/1606 2654/3077/2119 2533/2886/2009
f 2527/2885/2008 2649/3084/2126 2135/2216/1610
f 2132/2252/1636 2647/3083/2125 2529/3065/2113
f 2530/2983/2069 2648/3082/2124 2133/2214/1608
f 2134/2253/1637 2650/3085/2127 2528/3066/2114
f 2388/3060/2108 2428/3050/2100 2430/3049/2099
f 2432/3055/2103 2393/3056/2104 2390/3057/2105
f 2651/3076/2118 2666/3209/2199 2098/2211/1605
f 2654/3077/2119 2131/2212/1606 2097/2198/1598
f 2653/3079/2121 2130/2209/1603 2096/2196/1597
f 2652/3081/2123 2665/3204/2194 2099/2210/1604
f 2648/3082/2124 2663/3206/2196 2100/2213/1607
f 2101/2203/1600 2661/3207/2197 2647/3083/2125
f 2649/3084/2126 2664/3213/2203 2103/2215/1609
f 2102/2207/1602 2662/3211/2201 2650/3085/2127
f 2447/3086/2044 2486/3141/2147 2488/3087/2128
f 2501/3089/2129 2485/3122/2136 2448/3090/2048
f 2450/3092/2042 2487/3125/2138 2490/3093/2130
f 2500/3095/2131 2460/3136/2056 2466/3096/2052
f 2457/2957/2055 2463/2951/2054 2491/3074/2117
f 2499/3098/2132 2501/3089/2129 2461/3091/2049
f 2469/3100/2133 2492/3108/2117 2496/3097/2117
f 2472/3094/2043 2490/3093/2130 2493/3101/2117
f 2497/3103/2134 2495/3121/2117 2468/3073/2055
f 2502/3105/2132 2465/3114/2077 2452/3106/2076
f 2454/3102/2075 2493/3101/2117 2492/3108/2117
f 2453/3109/2078 2471/5044/3412 2494/3110/2132
f 2456/3112/2053 2453/3109/2078 2489/3111/2132
f 2494/3110/2132 2471/5044/3412 2465/3114/2077
f 2505/3113/2132 2507/3116/2132 2462/3115/2071
f 2507/3116/2132 2499/3098/2132 2458/3099/2070
f 2485/3122/2136 2515/3133/2144 2481/3123/2059
f 2484/3124/2137 2516/3139/2146 2487/3125/2138
f 2451/3088/2045 2488/3087/2128 2517/3130/2142
f 2514/3131/2143 2508/3003/2080 2473/2832/1985
f 2515/3133/2144 2514/3131/2143 2480/3132/2062
f 2504/3119/2135 2518/3147/2152 2449/3134/2046
f 2500/3095/2131 2519/3137/2145 2455/3135/2057
f 2497/3103/2134 2467/3104/2056 2455/3135/2057
f 2483/3140/2141 2522/3150/2153 2486/3141/2147
f 2525/3142/2148 2511/3005/2081 2475/2871/2002
f 2412/2257/1641 1915/2190/1592 2580/2921/2037
f 2578/2925/2041 1916/2186/1588 2413/2259/1643
f 2579/2923/2039 1917/2188/1590 2411/2256/1640
f 2518/3147/2152 2526/3151/2154 2482/3148/2058
f 2526/3151/2154 2525/3142/2148 2479/3143/2064
f 2315/2869/1997 2588/3575/1997 2592/3156/2157
f 2311/2772/1952 2317/3176/1998 2589/3157/1998
f 2310/2854/1997 2313/2853/1996 2597/3159/1997
f 2312/2856/1998 2596/3166/2159 2594/3161/2158
f 2318/2868/1997 2593/3165/2157 2591/3162/2157
f 2595/3160/1997 2588/3575/1997 2315/2869/1997
f 2598/3163/2159 2308/2769/1950 2307/2771/1951
f 2593/3165/2157 2318/2868/1997 2316/2865/1997
f 2596/3166/2159 2312/2856/1998 2308/2769/1950
f 2599/3158/1998 2590/3164/1998 2307/2771/1951
f 2324/2990/2073 2325/2766/1949 2604/3167/2160
f 2322/2978/2065 2319/2763/1948 2605/3169/2162
f 2601/3171/2162 2323/2761/1947 2321/2981/2067
f 2600/3173/2160 2320/2758/1946 2326/2988/2072
f 2614/3175/2166 2589/3157/1998 2317/3176/1998
f 2610/3177/2167 2333/2782/1959 2323/2761/1947
f 2611/3178/2168 2328/2780/1957 2320/2758/1946
f 2615/3179/2169 2332/2791/1964 2309/2858/1997
f 2612/3180/2170 2597/3159/1997 2313/2853/1996
f 2613/3181/2171 2330/2773/1953 2314/2775/1954
f 2609/3182/2172 2605/3169/2162 2319/2763/1948
f 2608/3183/2173 2604/3167/2160 2325/2766/1949
f 2618/3184/2174 2337/2797/1967 2328/2780/1957
f 2616/3185/2175 2336/2792/1965 2333/2782/1959
f 2619/3186/2176 2608/3183/2173 2331/2776/1955
f 2617/3187/2177 2609/3182/2172 2327/2781/1958
f 2620/3188/2178 2614/3175/2166 2334/2859/1999
f 2623/3189/2179 2612/3180/2170 2329/2777/1956
f 2621/3190/2180 2338/2789/1963 2332/2791/1964
f 2622/3191/2181 2335/2787/1962 2330/2773/1953
f 2624/3192/2182 2617/3187/2177 2339/2786/1961
f 2625/3193/2183 2619/3186/2176 2342/2800/1968
f 2627/3194/2184 2349/2803/1970 2337/2797/1967
f 2626/3195/2185 2344/2820/1977 2336/2792/1965
f 2631/3196/2186 2620/3188/2178 2341/2794/1966
f 2630/3197/2187 2348/2816/1975 2335/2787/1962
f 2629/3198/2188 2623/3189/2179 2340/2783/1960
f 2628/3199/2189 2347/2814/1974 2338/2789/1963
f 2632/3200/2190 2624/3192/2182 2343/2802/1969
f 2634/3201/2191 2351/2823/1979 2349/2803/1970
f 2635/3202/2192 2352/2822/1978 2344/2820/1977
f 2633/3203/2193 2625/3193/2183 2345/2810/1973
f 2633/3203/2193 2354/2825/1980 2348/2816/1975
f 2634/3201/2191 2629/3198/2188 2350/2808/1972
f 2632/3200/2190 2353/2827/1981 2347/2814/1974
f 2635/3202/2192 2631/3196/2186 2346/2806/1971
f 2061/2200/1526 2099/2210/1604 2665/3204/2194
f 2060/2195/1524 2676/3685/2226 2668/3080/2122
f 2663/3206/2196 2673/3683/2273 2066/2201/1572
f 2661/3207/2197 2101/2203/1600 2065/2202/1571
f 2062/2197/1525 2694/3688/2228 2667/3078/2120
f 2079/2205/1527 2098/2211/1605 2666/3209/2199
f 2662/3211/2201 2102/2207/1602 2080/2206/1573
f 2664/3213/2203 2687/3686/2274 2081/2208/1574
f 2486/3223/2147 2535/3251/2210 2537/3224/2205
f 2538/3226/2206 2536/3253/2211 2485/3227/2136
f 2542/3233/2156 2539/3237/2156 2505/3234/2132
f 2507/3236/2132 2505/3234/2132 2539/3237/2156
f 2499/3239/2132 2507/3236/2132 2541/3238/2156
f 2506/3241/2132 2546/3243/2156 2540/3242/2156
f 2501/3228/2129 2499/3239/2132 2544/3240/2156
f 2546/3243/2156 2506/3241/2132 2503/3232/2116
f 2536/3253/2211 2587/3267/2217 2515/3254/2144
f 2514/3152/2143 2515/3254/2144 2587/3267/2217
f 2490/3093/2130 2637/3246/2208 2639/3268/2209
f 2640/3265/2215 2646/3250/2209 2495/3121/2117
f 2493/3101/2117 2639/3268/2209 2642/3269/2209
f 2641/3266/2216 2500/3095/2131 2496/3097/2117
f 2492/3108/2117 2642/3269/2209 2644/3270/2209
f 2636/3271/2218 2487/3245/2138 2516/3272/2146
f 2659/3273/2219 2516/3272/2146 2513/3274/2140
f 2513/3274/2140 2524/2991/2074 2655/3282/2222
f 2656/3283/2223 2523/3214/2204 2525/3244/2148
f 2657/3284/2224 2525/3244/2148 2526/3281/2154
f 2675/3286/2195 3070/3631/2456 2199/3287/1567
f 2676/3289/2226 2060/5045/1524 2196/3290/1565
f 2694/3292/2228 2062/5046/1525 2198/3293/1569
f 2686/3295/2200 3038/3638/2460 2197/3296/1563
f 2369/2291/1667 2356/2280/1656 2744/3298/2230
f 2368/2293/1669 2747/3309/2241 2746/3300/2232
f 2370/2290/1666 2355/2278/1654 2743/3301/2233
f 2367/2292/1668 2749/3306/2238 2745/3303/2235
f 2372/2282/1658 2357/2279/1655 2746/3300/2232
f 2371/2283/1659 2358/2281/1657 2745/3303/2235
f 2374/2288/1664 2753/3314/2246 2743/3301/2233
f 2373/2286/1662 2751/3310/2242 2744/3298/2230
f 2382/2298/1674 2758/3320/2252 2749/3306/2238
f 2380/2296/1672 2369/2291/1667 2748/3299/2231
f 2379/2294/1670 2370/2290/1666 2750/3302/2234
f 2381/2300/1676 2756/3316/2248 2747/3309/2241
f 2751/3310/2242 2373/2286/1662 2378/2287/1663
f 2375/2285/1661 2371/2283/1659 2752/3305/2237
f 2376/2284/1660 2372/2282/1658 2754/3304/2236
f 2753/3314/2246 2374/2288/1664 2377/2289/1665
f 2756/3316/2248 2381/2300/1676 2383/2301/1677
f 2384/2295/1671 2379/2294/1670 2755/3308/2240
f 2386/2297/1673 2380/2296/1672 2757/3307/2239
f 2758/3320/2252 2382/2298/1674 2385/2299/1675
f 2760/3315/2247 2377/2289/1665 2421/2305/1681
f 2419/2303/1679 2376/2284/1660 2761/3313/2245
f 2759/3311/2243 2378/2287/1663 2418/2304/1680
f 2420/2302/1678 2375/2285/1661 2762/3312/2244
f 2414/2325/1691 2408/2324/1690 2771/3326/2258
f 2772/3328/2260 2410/2320/1686 2416/2321/1687
f 2773/3330/2262 2409/2318/1684 2415/2319/1685
f 2417/2323/1689 2407/2322/1688 2774/3332/2264
f 2423/2273/1650 2384/2295/1671 2763/3318/2250
f 2764/3321/2253 2385/2299/1675 2424/2274/1651
f 2422/2276/1653 2386/2297/1673 2766/3319/2251
f 2765/3317/2249 2383/2301/1677 2425/2275/1652
f 2398/2312/1682 2419/2303/1679 2769/3323/2255
f 2767/3322/2254 2421/2305/1681 2397/2315/1682
f 2768/3324/2256 2418/2304/1680 2403/2313/1683
f 2401/2310/1683 2420/2302/1678 2770/3325/2257
f 2402/2306/1682 2398/2312/1682 2795/3336/2268
f 2396/2309/1683 2787/3344/2269 2790/3341/2269
f 2395/2316/1683 2788/3345/2269 2793/3338/2269
f 2404/2307/1682 2402/2306/1682 2798/3340/2268
f 2396/2309/1683 2400/2308/1683 2796/3343/2269
f 2406/2314/1683 2790/3341/2269 2788/3345/2269
f 2405/2311/1682 2791/3347/2268 2794/3346/2268
f 2400/2308/1683 2401/2310/1683 2789/3339/2269
f 2399/2317/1682 2794/3346/2268 2797/3337/2268
f 2405/2311/1682 2404/2307/1682 2792/3342/2268
f 2412/2257/1641 2783/3397/2300 2778/3329/2261
f 2411/2256/1640 2414/2325/1691 2776/3327/2259
f 2413/2259/1643 2417/2323/1689 2777/3333/2265
f 2775/3331/2263 2415/2319/1685 2434/2456/1800
f 2799/3355/2275 2205/5029/2068 2224/2644/1911
f 2222/2627/1900 2207/2626/1899 2801/3357/2277
f 2221/2637/1905 2214/2636/1904 2800/3359/2279
f 2802/3361/2281 2209/2628/1901 2220/2630/1902
f 2225/2671/1913 2210/2654/1913 2817/3363/2283
f 2226/2648/1912 2217/2658/1912 2812/3365/2284
f 2210/2654/1913 2212/2666/1913 2819/3367/2283
f 2808/3368/2284 2228/2653/1912 2227/2662/1912
f 2809/3370/2283 2215/2669/1913 2225/2671/1913
f 2212/2666/1913 2213/2665/1913 2821/3371/2283
f 2213/2665/1913 2211/2651/1913 2814/3372/2283
f 2217/2658/1912 2221/2637/1905 2815/3360/2280
f 2811/3373/2284 2813/3845/2284 2229/3374/1912
f 2229/3374/1912 2813/3845/2284 2816/3369/2284
f 2824/3362/2282 2220/2630/1902 2230/2667/1913
f 2211/2651/1913 2222/2627/1900 2818/3358/2278
f 2807/3375/2283 2230/2667/1913 2215/2669/1913
f 2218/2649/1912 2226/2648/1912 2820/3366/2284
f 2810/3376/2284 2811/3373/2284 2219/2659/1912
f 2822/3356/2276 2224/2644/1911 2228/2653/1912
f 2806/3391/2294 2208/2642/1909 2253/2643/1910
f 2803/3393/2296 2922/3933/2632 2255/2898/2015
f 2804/3394/2297 2223/2638/1906 2267/2639/1907
f 2805/3396/2299 2909/3931/2630 2282/2899/2016
f 2678/3400/2302 2547/2145/1551 2551/2146/1552
f 2552/3402/2304 2681/5047/2525 2683/3403/2305
f 2679/3404/2306 2681/5047/2525 2552/3402/2304
f 2551/2146/1552 2549/2148/1554 2685/3405/2307
f 2697/3406/2308 2555/2152/1558 2550/2147/1553
f 2547/2145/1551 2678/3400/2302 2696/3407/2309
f 2688/3408/2310 2685/3405/2307 2549/2148/1554
f 2548/2143/1549 2553/2149/1555 2692/3409/2311
f 2553/2149/1555 2558/2154/1560 2691/3410/2312
f 2555/2152/1558 2697/3406/2308 2677/3411/2313
f 2554/2151/1557 2559/2156/1562 2690/3412/2314
f 2556/2150/1556 2696/3407/2309 2689/3413/2315
f 2530/2983/2069 2205/2982/2068 2799/3435/2275
f 2529/3065/2113 2853/3557/2394 2801/3437/2277
f 2806/3438/2294 2857/3562/2399 2531/3063/2111
f 2803/3439/2296 2206/2888/1908 2532/2889/2010
f 2527/2885/2008 2209/2884/1901 2802/3441/2281
f 2528/3066/2114 2854/3555/2392 2800/3443/2279
f 2805/3444/2299 2216/2598/1890 2533/2886/2009
f 2804/3446/2297 2856/3560/2397 2534/3064/2112
f 2244/2688/1918 2289/2690/1919 2903/3447/2335
f 2876/3449/2337 2932/3475/2353 2290/2696/1923
f 2243/2692/1920 2875/4057/2373 2912/3450/2338
f 2882/3451/2339 2878/4059/2374 2246/2894/2013
f 2249/2753/1943 2895/3476/2354 2871/3452/2340
f 2274/2756/1945 2304/2755/1944 2872/3453/2341
f 2269/2621/1898 2901/3469/2352 2874/3455/2343
f 2877/3456/2344 2879/3491/2363 2297/2617/1897
f 2887/3457/2345 2890/3503/2345 2263/2842/1992
f 2929/3458/2346 2923/3504/2348 2268/2710/1895
f 2259/2613/1894 2911/3495/2347 2910/3459/2347
f 2904/3460/2348 2277/2706/1895 2270/2708/1927
f 2915/3462/2345 2284/2703/1925 2257/2840/1991
f 2291/2746/1939 2293/2693/1921 2912/3450/2338
f 2881/3465/2350 2264/2724/1924 2295/2698/1924
f 2271/2860/1992 2272/2863/2001 2886/3467/2351
f 2893/3468/2347 2265/2730/1894 2302/2737/1935
f 2276/2748/1941 2907/3501/2368 2901/3469/2352
f 2284/2703/1925 2915/3462/2345 2885/3470/2345
f 2282/2899/2016 2909/3931/2630 2920/3471/2348
f 2894/3472/2347 2266/2728/1894 2265/2730/1894
f 2275/2700/1924 2262/2705/1926 2908/3473/2350
f 2932/3475/2353 2934/3496/2365 2301/2743/1938
f 2251/2846/1994 2896/3483/2360 2895/3476/2354
f 2280/2839/1990 2281/2747/1940 2916/3477/2355
f 2272/2863/2001 2273/2849/1995 2888/3479/2356
f 2286/2739/1936 2928/3484/2361 2882/3451/2339
f 2247/2726/1931 2898/3492/2364 2902/3480/2357
f 2880/3481/2358 2892/3485/2362 2261/2721/1930
f 2252/2732/1933 2897/3502/2369 2896/3483/2360
f 2285/2716/1929 2883/3498/2367 2928/3484/2361
f 2892/3485/2362 2931/3499/2347 2260/2719/1894
f 2287/2605/1894 2294/2897/1935 2906/3486/2347
f 2930/3488/2350 2254/3494/1924 2275/2700/1924
f 2891/3489/2348 2899/3392/2295 2253/2643/1910
f 2919/3490/2345 2279/2843/1993 2288/2844/1992
f 2879/3491/2363 2880/3481/2358 2300/3482/2359
f 2277/2706/1895 2904/3460/2348 2898/3492/2364
f 2924/3493/2348 2926/3505/2348 2299/2896/1927
f 2254/3494/1924 2930/3488/2350 2917/3466/2350
f 2914/3478/2350 2908/3473/2350 2262/2705/1926
f 2255/2898/2015 2922/3933/2632 2911/3495/2347
f 2281/2747/1940 2291/2746/1939 2913/3464/2349
f 2934/3496/2365 2929/3458/2346 2248/2734/1934
f 2279/2843/1993 2919/3490/2345 2933/3497/2366
f 2264/2724/1924 2881/3465/2350 2883/3498/2367
f 2900/3487/2347 2925/3395/2298 2267/2639/1907
f 2256/2720/1894 2260/2719/1894 2931/3499/2347
f 2278/2713/1928 2933/3497/2366 2907/3501/2368
f 2884/3500/2347 2906/3486/2347 2294/2897/1935
f 2283/2741/1937 2902/3480/2357 2903/3447/2335
f 2266/2728/1894 2894/3472/2347 2897/3502/2369
f 2257/2840/1991 2263/2842/1992 2890/3503/2345
f 2250/2711/1927 2268/2710/1895 2923/3504/2348
f 2296/2631/1903 2299/2896/1927 2926/3505/2348
f 2905/3461/2348 2270/2708/1927 2258/2738/1927
f 2292/2610/1895 2920/3471/2348 2921/3506/2348
f 2273/2849/1995 2274/2756/1945 2889/3454/2342
f 2836/3510/2372 2830/3527/2380 2543/3231/2207
f 2537/3224/2205 2832/3521/2378 2836/3510/2372
f 2364/3035/2093 2244/5043/1918 2873/3511/2336
f 2363/3032/2091 3097/3381/2289 2876/3512/2337
f 2875/3513/2373 2243/3027/1920 2361/3026/2089
f 2878/3514/2374 3103/3390/2293 2362/3389/2090
f 2306/3023/1942 2871/3942/2340 3100/3387/2292
f 2304/3515/1944 2359/3038/2094 3101/3383/2290
f 3104/3380/2288 2360/3041/2095 2303/3040/2019
f 3099/3377/2285 2877/3945/2344 2305/3037/2018
f 2537/3224/2205 2535/3251/2210 2826/3520/2377
f 2538/3226/2206 2849/3526/2381 2828/3522/2379
f 2542/3233/2156 2545/3255/2156 2840/3523/2380
f 2541/3238/2156 2846/3530/2380 2848/3525/2380
f 2544/3240/2156 2848/3525/2380 2849/3526/2381
f 2830/3527/2380 2831/3531/2380 2546/3243/2156
f 2847/3528/2380 2539/3237/2156 2542/3233/2156
f 2545/3255/2156 2540/3242/2156 2829/3529/2380
f 2539/3237/2156 2847/3528/2380 2846/3530/2380
f 2540/3242/2156 2546/3243/2156 2831/3531/2380
f 2645/3262/2214 2844/3552/2389 2825/3532/2382
f 2833/3533/2383 2838/3913/2388 2640/3534/2215
f 2641/3536/2216 2843/3548/2388 2833/3533/2383
f 2826/3520/2377 2535/3251/2210 2522/3252/2153
f 2587/3267/2217 2536/3253/2211 2828/3522/2379
f 2637/3539/2208 2636/3271/2218 2827/3540/2386
f 2845/3542/2388 2837/3547/2388 2644/3543/2209
f 2841/3541/2387 2842/3551/2388 2639/3545/2209
f 2640/3534/2215 2838/3913/2388 2839/3546/2388
f 2641/3536/2216 2644/3543/2209 2837/3547/2388
f 2638/3276/2209 2834/3550/2388 2850/3549/2388
f 2646/3277/2209 2839/3546/2388 2834/3550/2388
f 2842/3551/2388 2845/3542/2388 2642/3544/2209
f 2643/3278/2209 2850/3549/2388 2844/3552/2389
f 2660/3280/2221 2518/3279/2152 2825/3532/2382
f 2648/3082/2124 2530/2983/2069 2851/3436/2331
f 2854/3555/2392 2528/3066/2114 2650/3085/2127
f 2853/3557/2394 2529/3065/2113 2647/3083/2125
f 2649/3084/2126 2527/2885/2008 2852/3442/2333
f 2654/3077/2119 2864/3626/2452 2858/3445/2334
f 2651/3076/2118 2534/3064/2112 2856/3560/2397
f 2653/3079/2121 2865/3624/2450 2855/3440/2332
f 2652/3081/2123 2531/3063/2111 2857/3562/2399
f 3105/3564/2401 2431/3053/2102 2391/3070/2109
f 3106/3565/2402 2433/3047/2098 2392/3058/2106
f 3110/3566/2403 3101/3383/2290 2387/3062/2110
f 3112/3567/2404 2427/3042/2096 2390/3388/2105
f 3108/3568/2405 3097/3381/2289 2394/3382/2107
f 3111/3569/2406 2428/3050/2100 2388/3060/2108
f 3107/3570/2407 3099/3377/2285 2393/3056/2104
f 3109/3571/2408 3102/3384/2291 2389/3385/2115
f 2952/3509/2371 2973/3572/2409 2586/3256/2212
f 2585/3259/2213 2974/3574/2411 2946/3508/2370
f 2973/3572/2409 2983/3665/2487 2522/3252/2153
f 2827/3540/2386 2636/3271/2218 2659/3273/2219
f 2587/3267/2217 2986/3680/2494 2974/3574/2411
f 2588/3575/1997 2951/4137/2412 2948/3576/2412
f 2950/3577/2412 2951/4137/2412 2588/3575/1997
f 2596/3166/2159 2944/3585/2413 2943/3578/2413
f 2590/3164/1998 2955/4141/2413 2957/3579/2413
f 2960/3580/2413 2955/4141/2413 2590/3164/1998
f 2593/3165/2157 2954/3583/2412 2956/3581/2412
f 2595/3160/1997 2597/3159/1997 2949/3582/2412
f 2954/3583/2412 2593/3165/2157 2592/3156/2157
f 2599/3158/1998 2589/3157/1998 2961/3584/2413
f 2944/3585/2413 2596/3166/2159 2598/3163/2159
f 2602/3172/2164 2946/3508/2370 2959/3586/2414
f 2607/3168/2161 2604/3167/2160 2953/3587/2415
f 2603/3170/2163 2605/3169/2162 2947/3588/2414
f 2606/3174/2165 2945/3518/2375 2962/3589/2415
f 2964/3590/2416 2953/3587/2415 2604/3167/2160
f 2601/3171/2162 2959/3586/2414 2966/3591/2417
f 2965/3592/2418 2947/3588/2414 2605/3169/2162
f 2600/3173/2160 2962/3589/2415 2963/3593/2419
f 2967/3594/2420 2961/3584/2413 2589/3157/1998
f 2969/3595/2421 2615/3179/2169 2591/3162/2157
f 2968/3596/2422 2613/3181/2171 2594/3161/2158
f 2970/3597/2423 2949/3582/2412 2597/3159/1997
f 2611/3178/2168 2963/3593/2419 2975/3598/2424
f 2610/3177/2167 2966/3591/2417 2976/3599/2425
f 2977/3600/2426 2965/3592/2418 2609/3182/2172
f 2978/3601/2427 2964/3590/2416 2608/3183/2173
f 2979/3602/2428 2967/3594/2420 2614/3175/2166
f 2980/3603/2429 2970/3597/2423 2612/3180/2170
f 2982/3604/2430 2622/3191/2181 2613/3181/2171
f 2981/3605/2431 2621/3190/2180 2615/3179/2169
f 2618/3184/2174 2975/3598/2424 2989/3606/2432
f 2616/3185/2175 2976/3599/2425 2990/3607/2433
f 2987/3608/2434 2978/3601/2427 2619/3186/2176
f 2988/3609/2435 2977/3600/2426 2617/3187/2177
f 2991/3610/2436 2628/3199/2189 2621/3190/2180
f 2993/3611/2437 2630/3197/2187 2622/3191/2181
f 2994/3612/2438 2979/3602/2428 2620/3188/2178
f 2992/3613/2439 2980/3603/2429 2623/3189/2179
f 2998/3614/2440 2987/3608/2434 2625/3193/2183
f 2627/3194/2184 2989/3606/2432 2997/3615/2441
f 2626/3195/2185 2990/3607/2433 2995/3616/2442
f 2996/3617/2443 2988/3609/2435 2624/3192/2182
f 2998/3614/2440 2633/3203/2193 2630/3197/2187
f 2996/3617/2443 2632/3200/2190 2628/3199/2189
f 2995/3616/2442 2994/3612/2438 2631/3196/2186
f 2997/3615/2441 2992/3613/2439 2629/3198/2188
f 2862/3556/2393 2650/3085/2127 2662/3211/2201
f 2861/3558/2395 2647/3083/2125 2661/3207/2197
f 2664/3213/2203 2649/3084/2126 2860/3559/2396
f 2663/3206/2196 2648/3082/2124 2859/3554/2391
f 2665/3204/2194 2652/3081/2123 2866/3563/2400
f 2666/3209/2199 2651/3076/2118 2863/3561/2398
f 2865/3624/2450 2653/3079/2121 2668/3080/2122
f 2864/3626/2452 2654/3077/2119 2667/3078/2120
f 2655/3282/2222 2958/3519/2376 2972/3628/2454
f 2656/3283/2223 2657/3284/2224 2971/3629/2455
f 2972/3628/2454 2984/3682/2496 2659/3273/2219
f 2660/3280/2221 2985/3681/2495 2971/3629/2455
f 2737/3630/1568 2199/3287/1567 3070/3631/2456
f 3049/3291/2227 2196/3290/1565 2705/3633/1566
f 3031/3294/2229 2198/3293/1569 2708/3635/1570
f 2718/3637/1564 2197/3296/1563 3038/3638/2460
f 2583/2922/2038 2579/2923/2039 3075/3640/2462
f 3076/3642/2464 2580/2921/2037 2581/2920/2036
f 2582/2924/2040 2578/2925/2041 3074/3644/2466
f 3073/3646/2468 2577/2457/1801 2584/2919/2035
f 3079/3648/2470 3087/3654/2476 2564/2912/2028
f 3078/3649/2471 3083/3656/2478 2561/2911/2027
f 3077/3650/2472 2571/2918/2034 2563/2914/2030
f 3080/3652/2474 2575/2915/2031 2562/2913/2029
f 2567/2910/2026 3091/3661/2483 3085/3651/2473
f 2565/2907/2023 2564/2912/2028 3087/3654/2476
f 2566/2909/2025 2561/2911/2027 3083/3656/2478
f 2568/2908/2024 3092/3660/2482 3084/3653/2475
f 2570/2904/2020 2565/2907/2023 3090/3655/2477
f 2569/3659/2481 3096/3664/2486 3092/3660/2482
f 3091/3661/2483 2567/2910/2026 2576/2905/2021
f 2572/2906/2022 2566/2909/2025 3089/3657/2479
f 3094/3663/2485 3095/3662/2484 2576/2905/2021
f 2569/3659/2481 2570/2904/2020 3093/3658/2480
f 3079/3648/2470 2573/2916/2032 2583/2922/2038
f 3077/3650/2472 3082/3643/2465 2581/2920/2036
f 3078/3649/2471 2574/2917/2033 2582/2924/2040
f 3080/3652/2474 3088/3647/2469 2584/2919/2035
f 2440/2596/1889 2188/2362/1711 3152/3666/2301
f 3150/3668/2316 3186/3716/2514 2445/2817/1976
f 3147/3669/2318 2190/2340/1698 2443/2828/1982
f 3149/3671/2319 3184/3717/2515 2446/2829/1983
f 2439/2830/1984 3183/3713/2511 3151/3672/2317
f 2442/2834/1986 2193/2350/1701 3153/3673/2320
f 3148/3675/2322 2194/2351/1702 2444/2835/1987
f 2441/2836/1988 3188/3714/2512 3154/3677/2321
f 2772/3328/2260 3257/3935/2634 2780/3335/2267
f 2774/3332/2264 2407/2322/1688 2779/3010/2084
f 2771/3326/2258 2408/2324/1690 2782/3009/2083
f 2773/3330/2262 3260/3936/2635 2781/3334/2266
f 2938/3621/2447 2999/4003/2517 2673/3683/2273
f 2675/3205/2195 2665/3204/2194 2942/3622/2448
f 2676/3685/2226 3005/4014/2565 2939/3625/2451
f 2936/3620/2446 3001/4013/2695 2687/3686/2274
f 2935/3618/2444 2662/3211/2201 2698/3212/2202
f 2694/3688/2228 3002/3996/2567 2941/3627/2453
f 2686/3210/2200 2666/3209/2199 2940/3623/2449
f 2937/3619/2445 2661/3207/2197 2674/3208/2198
f 2703/3217/1541 2440/2596/1889 3187/3667/2488
f 2742/3218/1542 2442/2834/1986 3182/3674/2490
f 2706/3216/1621 3035/3786/2545 3183/3713/2511
f 2722/3215/1622 3055/3779/2542 3188/3714/2512
f 3185/3670/2489 2443/2828/1982 2728/3219/1545
f 3186/3716/2514 3037/3793/2547 2717/3222/1629
f 3184/3717/2515 3036/3797/2549 2732/3221/1627
f 3181/3676/2491 2444/2835/1987 2730/3220/1547
f 2999/3719/2517 3009/3752/2531 2682/3720/1596
f 2698/3722/2202 2695/5048/1693 3019/3723/2518
f 2687/3725/2274 3001/4024/2695 3024/3726/2519
f 2684/3728/1692 3015/3754/2532 3022/3729/2500
f 3008/3731/2520 2697/3757/2308 2683/3732/2305
f 3024/3726/2519 3017/3750/2529 2691/3734/2312
f 3016/3735/2522 3021/4029/2709 2678/3736/2302
f 3020/3738/2523 3013/3758/2534 2685/3739/2307
f 2696/3741/2309 3023/3759/2535 3018/3742/2524
f 2681/3744/2525 2679/3747/2306 3012/3745/2526
f 2679/3747/2306 2692/3749/2311 3010/3748/2528
f 2692/3749/2311 2691/3734/2312 3017/3750/2529
f 2688/3740/2310 2690/3753/2314 3007/3751/2530
f 3009/3752/2531 3007/3751/2530 2690/3753/2314
f 2683/3732/2305 2681/3744/2525 3011/3746/2527
f 3015/3754/2532 2684/3728/1692 2677/3755/2313
f 3019/3723/2518 2695/5048/1693 2689/3743/2315
f 2697/3757/2308 3008/3731/2520 3014/3756/2533
f 3013/3758/2534 3016/3735/2522 2680/3737/2303
f 2678/3736/2302 3021/4029/2709 3023/3759/2535
f 2739/3760/1611 2734/3805/1611 3067/3761/2536
f 3048/3763/2537 2738/3708/1538 2716/3692/1615
f 3034/3764/2538 2727/3787/1619 2733/3765/1611
f 2725/3767/1612 3051/3984/2539 3047/3768/2539
f 2707/3770/1612 2710/3801/1612 3061/3771/2539
f 3029/3773/2539 3051/3984/2539 2725/3767/1612
f 2731/3775/1611 3032/3783/2536 3033/3766/2536
f 3040/3776/2540 2719/3705/1539 2709/3710/1614
f 2723/3707/1625 3054/3706/2507 3026/3777/2541
f 3055/3779/2542 2722/3215/1622 2712/3780/1617
f 2736/3782/1611 3058/3792/2536 3032/3783/2536
f 3043/3718/2516 2730/3220/1547 2700/3784/1631
f 3035/3786/2545 2706/3216/1621 2727/3787/1619
f 2721/3699/1624 2701/3798/1628 3025/3788/2546
f 3044/3781/2543 2712/3780/1617 2711/3789/1612
f 2729/3791/1611 3050/3795/2536 3058/3792/2536
f 3037/3793/2547 3028/3796/2548 2699/3794/1630
f 2724/3704/1623 3039/3703/2506 3027/3785/2544
f 2729/3791/1611 2739/3760/1611 3068/3762/2536
f 2715/3694/1626 2699/3794/1630 3028/3796/2548
f 3053/3715/2513 2728/3219/1545 2702/3778/1632
f 2714/3769/1612 3047/3768/2539 3045/3790/2539
f 3036/3797/2549 3025/3788/2546 2701/3798/1628
f 2741/3774/1612 2707/3770/1612 3064/3772/2539
f 3056/3712/2510 3069/3804/2552 2740/3799/1620
f 3063/3800/2550 3061/3771/2539 2710/3801/1612
f 3071/3803/2551 3065/3702/2505 2726/3701/1616
f 3069/3804/2552 3067/3761/2536 2734/3805/1611
f 3060/3711/2509 3063/3800/2550 2704/3802/1618
f 3052/3806/2553 3041/3697/2503 2720/3696/1613
f 2672/3285/2225 2577/2457/1801 3073/3646/2468
f 2671/3144/2149 2580/2921/2037 3076/3642/2464
f 2670/3146/2151 3158/3856/2580 3075/3640/2462
f 2669/3145/2150 3157/3857/2581 3074/3644/2466
f 3070/3631/2456 2675/3286/2195 3003/3821/2497
f 3049/3291/2227 3231/4197/2838 3005/3823/2565
f 3038/3638/2460 2686/3295/2200 3004/3824/2499
f 3031/3294/2229 3228/4200/2841 3002/3826/2567
f 3123/3827/2557 2799/3355/2275 2822/3356/2276
f 3121/3829/2556 3134/3855/2579 2818/3358/2278
f 3122/3830/2558 2802/3361/2281 2824/3362/2282
f 3042/3634/2458 2705/3633/1566 3041/3697/2503
f 3066/3636/2459 2708/3635/1570 3065/3702/2505
f 3057/3639/2461 3213/3977/2668 3062/3709/2508
f 3220/3834/2572 3071/3803/2551 2735/3698/1540
f 3193/3835/2573 3052/3806/2553 2713/3693/1537
f 3232/3836/2574 3054/3706/2507 2738/3708/1538
f 3234/3837/2575 3039/3703/2506 2719/3705/1539
f 3072/3632/2457 3211/3990/2678 3046/3691/2501
f 3135/3838/2561 3139/3853/2578 2815/3360/2280
f 2817/3363/2283 2819/3367/2283 3131/3839/2576
f 2823/3364/2283 2817/3363/2283 3133/3840/2576
f 2810/3376/2284 2820/3366/2284 3145/3842/2577
f 3142/3844/2577 2816/3369/2284 2813/3845/2284
f 3130/3847/2576 3132/3852/2576 2821/3371/2283
f 3127/3848/2576 2807/3375/2283 2809/3370/2283
f 2811/3373/2284 2810/3376/2284 3146/3843/2577
f 3143/3851/2577 2808/3368/2284 2816/3369/2284
f 2807/3375/2283 3127/3848/2576 3129/3831/2569
f 2823/3364/2283 3138/3841/2576 3137/3849/2576
f 3132/3852/2576 3131/3839/2576 2819/3367/2283
f 2812/3365/2284 2815/3360/2280 3139/3853/2578
f 3140/3854/2577 3145/3842/2577 2820/3366/2284
f 2813/3845/2284 2811/3373/2284 3126/3850/2577
f 2808/3368/2284 3143/3851/2577 3144/3828/2568
f 2814/3372/2283 2818/3358/2278 3134/3855/2579
f 2785/3348/2270 3291/4356/2957 3158/3856/2580
f 2786/3349/2271 3292/4360/2961 3157/3857/2581
f 3156/3808/2555 3290/3907/2621 2783/3397/2300
f 3155/3807/2554 3289/3905/2619 2784/3350/2272
f 3280/3858/2582 2749/3306/2238 2758/3320/2252
f 3279/3860/2584 3246/3874/2598 2757/3307/2239
f 3278/3861/2585 3248/3877/2601 2755/3308/2240
f 3277/3862/2586 2747/3309/2241 2756/3316/2248
f 2759/3311/2243 3255/3880/2604 3283/3864/2588
f 2762/3312/2244 2752/3305/2237 3281/3865/2589
f 2761/3313/2245 2754/3304/2236 3282/3867/2591
f 2760/3315/2247 3256/3881/2605 3284/3869/2593
f 3296/3870/2594 2746/3300/2232 2747/3309/2241
f 3293/3871/2595 2745/3303/2235 2749/3306/2238
f 3294/3872/2596 3279/3860/2584 2748/3299/2231
f 3295/3873/2597 3278/3861/2585 2750/3302/2234
f 3246/3874/2598 3252/3883/2607 2766/3319/2251
f 3245/3859/2583 2758/3320/2252 2764/3321/2253
f 3247/3863/2587 2756/3316/2248 2765/3317/2249
f 3248/3877/2601 3250/3882/2606 2763/3318/2250
f 3295/3873/2597 2743/3301/2233 2753/3314/2246
f 3294/3872/2596 2744/3298/2230 2751/3310/2242
f 2754/3304/2236 2746/3300/2232 3296/3870/2594
f 2752/3305/2237 2745/3303/2235 3293/3871/2595
f 2770/3325/2257 2762/3312/2244 3253/3866/2590
f 2769/3323/2255 2761/3313/2245 3254/3868/2592
f 2768/3324/2256 3261/3887/2611 3255/3880/2604
f 2767/3322/2254 3264/3885/2609 3256/3881/2605
f 2782/3009/2083 2763/3318/2250 3250/3882/2606
f 2779/3010/2084 2766/3319/2251 3252/3883/2607
f 2780/3335/2267 3257/3935/2634 3249/3876/2600
f 2781/3334/2266 3260/3936/2635 3251/3875/2599
f 2789/3339/2269 2770/3325/2257 3263/3878/2602
f 2797/3337/2268 3265/3896/2610 3264/3885/2609
f 2795/3336/2268 2769/3323/2255 3262/3879/2603
f 2793/3338/2269 3274/3894/2608 3261/3887/2611
f 3244/3888/2612 3285/3904/2618 2777/3333/2265
f 3241/3889/2613 3288/3906/2620 2776/3327/2259
f 3243/3890/2614 2772/3328/2260 2778/3329/2261
f 3242/3892/2616 2773/3330/2262 2775/3331/2263
f 3274/3894/2608 2793/3338/2269 2788/3345/2269
f 3265/3896/2610 2797/3337/2268 2794/3346/2268
f 2792/3342/2268 2798/3340/2268 3269/3898/2610
f 2796/3343/2269 2789/3339/2269 3276/3884/2608
f 3273/3901/2610 2791/3347/2268 2792/3342/2268
f 2798/3340/2268 2795/3336/2268 3275/3886/2610
f 3268/3902/2608 2790/3341/2269 2787/3344/2269
f 3266/3897/2610 2794/3346/2268 2791/3347/2268
f 2787/3344/2269 2796/3343/2269 3271/3900/2608
f 3267/3895/2608 2788/3345/2269 2790/3341/2269
f 3285/3904/2618 3292/4360/2961 2786/3349/2271
f 3287/3893/2617 2775/3331/2263 2784/3350/2272
f 3288/3906/2620 3291/4356/2957 2785/3348/2270
f 3286/3891/2615 2778/3329/2261 2783/3397/2300
f 3176/3908/2622 3170/3928/2622 2830/3527/2380
f 2850/3549/2388 3162/3926/2624 3174/3909/2623
f 3163/3910/2624 3175/3912/2624 2833/3533/2383
f 2847/3528/2380 3169/3914/2622 3173/3911/2622
f 3175/3912/2624 3167/4334/2624 2838/3913/2388
f 3169/3914/2622 2847/3528/2380 2835/3524/2380
f 2838/3913/2388 3167/4334/2624 3165/3916/2624
f 3166/3917/2622 3159/4333/2622 2840/3523/2380
f 2848/3525/2380 3164/3924/2622 3168/3918/2625
f 2840/3523/2380 3159/4333/2622 3160/3915/2622
f 2839/3546/2388 3165/3916/2624 3161/3919/2624
f 3179/3920/2624 3177/3922/2624 2845/3542/2388
f 2842/3551/2388 2841/3541/2387 3180/3921/2626
f 2837/3547/2388 2845/3542/2388 3177/3922/2624
f 3164/3924/2622 2848/3525/2380 2846/3530/2380
f 2836/3510/2372 2832/3521/2378 3172/3925/2627
f 2843/3548/2388 2837/3547/2388 3178/3923/2624
f 3162/3926/2624 2850/3549/2388 2834/3550/2388
f 2829/3529/2380 2831/3531/2380 3171/3927/2622
f 2831/3531/2380 2830/3527/2380 3170/3928/2622
f 2826/3520/2377 3322/4021/2702 3172/3925/2627
f 3174/3909/2623 3319/4015/2696 2825/3532/2382
f 3168/3918/2625 3320/4019/2700 2828/3522/2379
f 2827/3540/2386 3321/4017/2698 3180/3921/2626
f 3329/3937/2636 2860/3559/2396 2852/3442/2333
f 2853/3557/2394 2861/3558/2395 3330/3939/2638
f 3331/3941/2640 3327/3948/2645 2855/3440/2332
f 2856/3560/2397 3371/4007/2691 3332/3949/2646
f 2854/3555/2392 2862/3556/2393 3415/3950/2647
f 3413/3952/2649 2859/3554/2391 2851/3436/2331
f 2857/3562/2399 3328/3947/2644 3405/3953/2650
f 3054/3706/2507 3232/3836/2574 3224/3954/2651
f 3039/3703/2506 3234/3837/2575 3191/3955/2652
f 3061/3771/2539 3063/3800/2550 3207/3956/2653
f 3044/3781/2543 3201/3986/2674 3200/3958/2655
f 3233/3959/2656 3072/3632/2457 3070/3631/2456
f 3067/3761/2536 3069/3804/2552 3209/3960/2657
f 3218/3962/2659 3194/3833/2571 3065/3702/2505
f 3034/3764/2538 3222/3978/2669 3226/3963/2660
f 3050/3795/2536 3068/3762/2536 3205/3964/2658
f 3064/3772/2539 3061/3771/2539 3202/3957/2654
f 3059/3700/2504 3025/3788/2546 3216/3967/2661
f 3047/3768/2539 3192/3991/2654 3203/3968/2654
f 3063/3800/2550 3060/3711/2509 3199/3969/2662
f 3050/3795/2536 3235/3965/2658 3215/3970/2658
f 3210/3971/2663 3043/3718/2516 3027/3785/2544
f 3032/3783/2536 3225/3982/2658 3198/3972/2658
f 3230/3973/2664 3231/4197/2838 3049/3291/2227
f 3190/3974/2665 3228/4200/2841 3031/3294/2229
f 3196/3975/2666 3229/3832/2570 3041/3697/2503
f 3068/3762/2536 3067/3761/2536 3227/3961/2658
f 3212/3976/2667 3040/3776/2540 3062/3709/2508
f 3033/3766/2536 3198/3972/2658 3222/3978/2669
f 3029/3773/2539 3064/3772/2539 3236/3966/2654
f 3206/3980/2670 3208/3987/2675 3028/3796/2548
f 3221/3981/2671 3057/3639/2461 3038/3638/2460
f 3058/3792/2536 3215/3970/2658 3225/3982/2658
f 3069/3804/2552 3056/3712/2510 3214/3983/2672
f 3219/3979/2654 3195/4397/2654 3051/3984/2539
f 3217/3985/2673 3216/3967/2661 3025/3788/2546
f 3045/3790/2539 3203/3968/2654 3201/3986/2674
f 3030/3695/2502 3028/3796/2548 3208/3987/2675
f 3223/3988/2676 3053/3715/2513 3026/3777/2541
f 3197/3989/2677 3048/3763/2537 3046/3691/2501
f 3051/3984/2539 3195/4397/2654 3192/3991/2654
f 3416/3994/2681 3366/4008/2692 2858/3445/2334
f 3329/3937/2636 3356/4012/2694 2936/3620/2446
f 3331/3941/2640 2865/3624/2450 2939/3625/2451
f 3002/3996/2567 3237/5049/2866 3354/3997/2683
f 3003/3684/2497 2942/3622/2448 3353/3998/2684
f 3358/4000/2686 2935/3618/2444 3000/3687/2498
f 3357/4002/2688 3239/5050/2689 2999/4003/2517
f 3239/4004/2689 3313/4043/2723 3009/3752/2531
f 3240/4005/2687 3000/3724/2498 3019/3723/2518
f 2935/3618/2444 3358/4000/2686 3415/3950/2647
f 3413/3952/2649 3357/4002/2688 2938/3621/2447
f 3416/3994/2681 2864/3626/2452 2941/3627/2453
f 2942/3622/2448 2866/3563/2400 3405/3953/2650
f 2937/3619/2445 3439/4048/2725 3330/3939/2638
f 2940/3623/2449 2863/3561/2398 3332/3949/2646
f 3356/4012/2694 3316/5051/2704 3001/4013/2695
f 3005/4014/2565 3318/5052/2867 3355/3995/2682
f 2870/3553/2390 2825/3532/2382 3319/4015/2696
f 3321/4017/2698 2827/3540/2386 2867/3573/2410
f 2869/3538/2385 2828/3522/2379 3320/4019/2700
f 3322/4021/2702 2826/3520/2377 2868/3537/2384
f 3316/4023/2704 3315/4036/2716 3024/3726/2519
f 3301/4025/2705 3008/3731/2520 3006/3733/2521
f 3299/4027/2707 3298/4042/2722 3020/3738/2523
f 3305/4028/2708 3308/4037/2717 3010/3748/2528
f 3021/4029/2709 3016/3735/2522 3310/4030/2710
f 3311/4032/2712 3022/3729/2500 3015/3754/2532
f 3309/4034/2714 3018/3742/2524 3023/3759/2535
f 3315/4036/2716 3305/4028/2708 3017/3750/2529
f 3021/4029/2709 3297/4031/2711 3307/4035/2715
f 3012/3745/2526 3010/3748/2528 3308/4037/2717
f 3016/3735/2522 3013/3758/2534 3302/4039/2719
f 3303/4040/2720 3014/3756/2533 3008/3731/2520
f 3306/4038/2718 3304/4041/2721 3011/3746/2527
f 3312/4033/2713 3015/3754/2532 3014/3756/2533
f 3304/4041/2721 3300/4026/2706 3006/3733/2521
f 3314/4006/2690 3019/3723/2518 3018/3742/2524
f 3298/4042/2722 3302/4039/2719 3013/3758/2534
f 3313/4043/2723 3299/4027/2707 3007/3751/2530
f 3004/3689/2499 2940/3623/2449 3443/4011/2693
f 2937/3619/2445 3022/3690/2500 3311/4047/2712
f 2895/3476/2354 3508/4072/2741 3456/4049/2641
f 3457/4050/2726 3510/4062/2733 2889/3454/2342
f 2901/3469/2352 3497/4102/2756 3458/4051/2727
f 2877/3456/2344 3455/5053/2642 3477/4052/2728
f 2903/3447/2335 3502/4068/2738 3518/4053/2679
f 2932/3475/2353 2876/3449/2337 3461/4054/2680
f 3517/4056/2730 3493/4096/2752 2912/3450/2338
f 2882/3451/2339 3470/4105/2758 3464/4058/2731
f 3482/4060/2732 2919/3490/2345 2885/3470/2345
f 2900/3487/2347 3465/4107/2749 3504/3934/2633
f 3510/4062/2733 3511/4067/2737 2888/3479/2356
f 2933/3497/2366 3483/4071/2740 3490/4063/2734
f 2887/3457/2345 2886/3467/2351 3514/4064/2735
f 3484/4066/2736 3479/4106/2749 2931/3499/2347
f 3511/4067/2737 3514/4064/2735 2886/3467/2351
f 2902/3480/2357 3503/4093/2751 3502/4068/2738
f 2890/3503/2345 2887/3457/2345 3513/4065/2732
f 2905/3461/2348 3487/4090/2739 3488/4070/2739
f 3483/4071/2740 2933/3497/2366 2919/3490/2345
f 2896/3483/2360 3501/4079/2747 3508/4072/2741
f 2914/3478/2350 2916/3477/2355 3485/4073/2742
f 2926/3505/2348 3467/4088/2739 3473/4075/2739
f 2918/3474/2350 3469/4104/2743 3515/4076/2744
f 2929/3458/2346 2934/3496/2365 3516/4077/2745
f 2897/3502/2369 3500/4097/2753 3501/4079/2747
f 3507/4080/2748 2898/3492/2364 2904/3460/2348
f 2915/3462/2345 3468/4101/2732 3505/4061/2732
f 2930/3488/2350 3515/4076/2744 3475/4081/2744
f 2910/3459/2347 3486/4667/2749 3494/4082/2749
f 3481/4083/2749 3486/4667/2749 2910/3459/2347
f 2920/3471/2348 2909/3931/2630 3498/3930/2629
f 2908/3473/2350 2914/3478/2350 3489/4074/2743
f 2893/3468/2347 3494/4082/2749 3495/4086/2749
f 2926/3505/2348 2924/3493/2348 3466/4087/2739
f 3491/4089/2750 3485/4073/2742 2916/3477/2355
f 3512/4078/2746 3472/4098/2739 2923/3504/2348
f 2921/3506/2348 3476/4654/2739 3487/4090/2739
f 2911/3495/2347 2922/3933/2632 3471/3932/2631
f 2906/3486/2347 2884/3500/2347 3480/4091/2749
f 2898/3492/2364 3507/4080/2748 3503/4093/2751
f 2934/3496/2365 2932/3475/2353 3506/4055/2729
f 2927/3463/2345 2890/3503/2345 3509/4069/2732
f 3474/4095/2744 2881/3465/2350 2917/3466/2350
f 3493/4096/2752 3491/4089/2750 2913/3464/2349
f 3500/4097/2753 2897/3502/2369 2894/3472/2347
f 2924/3493/2348 2923/3504/2348 3472/4098/2739
f 3460/4099/2754 2883/3498/2367 2881/3465/2350
f 2883/3498/2367 3460/4099/2754 3462/4100/2755
f 2891/3489/2348 3473/4075/2739 3459/3929/2628
f 3468/4101/2732 2915/3462/2345 2927/3463/2345
f 2907/3501/2368 3490/4063/2734 3497/4102/2756
f 2880/3481/2358 2879/3491/2363 3477/4052/2728
f 2918/3474/2350 2908/3473/2350 3499/4085/2743
f 2928/3484/2361 3462/4100/2755 3470/4105/2758
f 2892/3485/2362 2880/3481/2358 3478/4103/2757
f 2884/3500/2347 2931/3499/2347 3479/4106/2749
f 2906/3486/2347 3492/4092/2749 3465/4107/2749
f 3496/4084/2739 3476/4654/2739 2921/3506/2348
f 3084/3653/2475 3339/4116/2767 3333/4108/2759
f 3087/3654/2476 3079/3648/2470 3336/4109/2760
f 3083/3656/2478 3078/3649/2471 3334/4111/2762
f 3085/3651/2473 3340/4114/2765 3335/4113/2764
f 3091/3661/2483 3343/4118/2769 3340/4114/2765
f 3089/3657/2479 3083/3656/2478 3337/4112/2763
f 3092/3660/2482 3342/4122/2773 3339/4116/2767
f 3090/3655/2477 3087/3654/2476 3338/4110/2761
f 3343/4118/2769 3091/3661/2483 3095/3662/2484
f 3094/3663/2485 3089/3657/2479 3341/4115/2766
f 3093/3658/2480 3090/3655/2477 3344/4117/2768
f 3096/3664/2486 3346/4123/2774 3342/4122/2773
f 3348/4120/2771 3345/4119/2770 3095/3662/2484
f 3096/3664/2486 3093/3658/2480 3347/4121/2772
f 3079/3648/2470 3086/3641/2463 3350/4124/2775
f 3078/3649/2471 3081/3645/2467 3349/4125/2776
f 3080/3652/2474 3333/4108/2759 3352/4126/2777
f 3077/3650/2472 3335/4113/2764 3351/4127/2778
f 3362/4128/2779 3350/4124/2775 3086/3641/2463
f 3360/4129/2780 3073/3646/2468 3088/3647/2469
f 3361/4130/2781 3349/4125/2776 3081/3645/2467
f 3359/4131/2782 3076/3642/2464 3082/3643/2465
f 2984/3682/2496 3544/4168/2813 3531/4018/2699
f 2983/3665/2487 3543/4169/2814 3532/4022/2703
f 3530/4020/2701 3539/4777/3238 2986/3680/2494
f 3529/4016/2697 3559/4779/3240 2985/3681/2495
f 3541/4136/2787 3556/4838/3279 2951/4137/2412
f 2948/3576/2412 3540/4148/2788 3563/4138/2788
f 3549/4139/2789 3541/4136/2787 2950/3577/2412
f 3553/4140/2790 2957/3579/2413 2955/4141/2413
f 3558/4143/2792 2962/3589/2415 2945/3518/2375
f 3548/4145/2794 3547/4165/2793 2958/3519/2376
f 2957/3579/2413 3553/4140/2790 3551/4146/2790
f 2954/3583/2412 3563/4138/2788 3564/4147/2795
f 2951/4137/2412 3556/4838/3279 3540/4148/2788
f 3562/4149/2796 3557/4152/2799 2960/3580/2413
f 3537/4150/2797 3550/4163/2801 2952/3509/2371
f 2944/3585/2413 3551/4146/2790 3561/4151/2798
f 3557/4152/2799 3560/4142/2791 2955/4141/2413
f 3542/4153/2800 2959/3586/2414 2946/3508/2370
f 2947/3588/2414 2965/3592/2418 3535/4155/2802
f 2953/3587/2415 2964/3590/2416 3534/4156/2803
f 2962/3589/2415 3558/4143/2792 3536/4157/2804
f 2959/3586/2414 3542/4153/2800 3533/4158/2805
f 2956/3581/2412 3564/4147/2795 3565/4159/2806
f 3567/4160/2807 3549/4139/2789 2949/3582/2412
f 3566/4161/2808 3562/4149/2796 2961/3584/2413
f 2943/3578/2413 3561/4151/2798 3568/4162/2809
f 2973/3572/2409 2952/3509/2371 3550/4163/2801
f 2971/3629/2455 3552/4167/2812 3546/4144/2793
f 2972/3628/2454 2958/3519/2376 3547/4165/2793
f 2974/3574/2411 3538/4170/2815 3545/4154/2801
f 2985/3681/2495 3559/4779/3240 3552/4167/2812
f 2984/3682/2496 2972/3628/2454 3555/4166/2811
f 2983/3665/2487 2973/3572/2409 3554/4164/2810
f 2986/3680/2494 3539/4777/3238 3538/4170/2815
f 3570/4171/2816 2975/3598/2424 2963/3593/2419
f 3572/4172/2817 3534/4156/2803 2964/3590/2416
f 3569/4173/2818 3535/4155/2802 2965/3592/2418
f 3571/4174/2819 2976/3599/2425 2966/3591/2417
f 3576/4175/2820 2982/3604/2430 2968/3596/2422
f 3575/4176/2821 2981/3605/2431 2969/3595/2421
f 2970/3597/2423 2980/3603/2429 3573/4177/2822
f 2967/3594/2420 2979/3602/2428 3574/4178/2823
f 3580/4179/2824 3569/4173/2818 2977/3600/2426
f 3577/4180/2825 3572/4172/2817 2978/3601/2427
f 3578/4181/2826 2989/3606/2432 2975/3598/2424
f 3579/4182/2827 2990/3607/2433 2976/3599/2425
f 2979/3602/2428 2994/3612/2438 3581/4183/2828
f 3584/4184/2829 2993/3611/2437 2982/3604/2430
f 2980/3603/2429 2992/3613/2439 3583/4185/2830
f 3582/4186/2831 2991/3610/2436 2981/3605/2431
f 3588/4187/2832 3577/4180/2825 2987/3608/2434
f 3589/4188/2833 3580/4179/2824 2988/3609/2435
f 3586/4189/2834 2997/3615/2441 2989/3606/2432
f 3587/4190/2835 2995/3616/2442 2990/3607/2433
f 2994/3612/2438 2995/3616/2442 3587/4190/2835
f 3588/4187/2832 2998/3614/2440 2993/3611/2437
f 3589/4188/2833 2996/3617/2443 2991/3610/2436
f 2992/3613/2439 2997/3615/2441 3586/4189/2834
f 3144/3828/2568 3380/4217/2855 3324/4191/2643
f 3129/3831/2569 3364/4216/2854 3326/4192/2637
f 3134/3855/2579 3121/3829/2556 3323/4193/2639
f 3139/3853/2578 3135/3838/2561 3325/4195/2648
f 3378/4203/2844 3137/3849/2576 3138/3841/2576
f 3126/3850/2577 3146/3843/2577 3382/4205/2846
f 3140/3854/2577 3139/3853/2578 3377/4196/2837
f 3145/3842/2577 3140/3854/2577 3373/4207/2848
f 3133/3840/2576 3131/3839/2576 3379/4209/2850
f 3146/3843/2577 3145/3842/2577 3372/4208/2849
f 3141/3846/2577 3126/3850/2577 3375/4206/2847
f 3138/3841/2576 3133/3840/2576 3374/4210/2851
f 3130/3847/2576 3134/3855/2579 3369/4194/2836
f 3132/3852/2576 3130/3847/2576 3367/4212/2853
f 3137/3849/2576 3378/4203/2844 3381/4214/2853
f 3141/3846/2577 3363/4211/2852 3368/4215/2849
f 3127/3848/2576 3381/4214/2853 3364/4216/2854
f 3143/3851/2577 3370/4218/2848 3380/4217/2855
f 3365/4213/2844 3379/4209/2850 3131/3839/2576
f 3142/3844/2577 3368/4215/2849 3370/4218/2848
f 3229/3832/2570 3731/4424/3001 3230/3973/2664
f 3213/3977/2668 3057/3639/2461 3221/3981/2671
f 3194/3833/2571 3756/4434/3011 3190/3974/2665
f 3211/3990/2678 3072/3632/2457 3233/3959/2656
f 3157/3857/2581 3761/4455/3026 3361/4130/2781
f 3158/3856/2580 3763/4453/3024 3362/4128/2779
f 3359/4131/2782 3762/4449/3020 3156/3808/2555
f 3360/4129/2780 3764/4451/3022 3155/3807/2554
f 3240/4005/2687 3314/4006/2690 3431/4236/2868
f 3239/4004/2689 3357/5054/2688 3444/4238/2869
f 3772/4221/2858 3105/3564/2401 3100/3387/2292
f 3775/4223/2860 3106/3565/2402 3098/3379/2287
f 3099/3377/2285 3107/3570/2407 3773/4222/2859
f 3097/3381/2289 3108/3568/2405 3774/4224/2861
f 3776/4226/2863 3770/4132/2783 3101/3383/2290
f 3104/3380/2288 3769/4134/2785 3777/4228/2865
f 3778/4227/2864 3771/4133/2784 3102/3384/2291
f 3316/4023/2704 3356/4272/2694 3446/4251/2881
f 3103/3390/2293 3850/4135/2786 3779/4225/2862
f 3309/4034/2714 3307/4035/2715 3441/4252/2882
f 3442/4254/2884 3299/4027/2707 3313/4043/2723
f 3305/4028/2708 3447/4266/2894 3436/4255/2885
f 3301/4025/2705 3300/4026/2706 3434/4256/2886
f 3440/4258/2888 3437/4259/2889 3312/4033/2713
f 3449/4253/2883 3431/4236/2868 3314/4006/2690
f 3311/4032/2712 3312/4033/2713 3437/4259/2889
f 3303/4040/2720 3301/4025/2705 3432/4257/2887
f 3445/4261/2890 3302/4039/2719 3298/4042/2722
f 3435/4263/2890 3441/4252/2882 3307/4035/2715
f 3450/4264/2892 3434/4256/2886 3300/4026/2706
f 3310/4030/2710 3302/4039/2719 3445/4261/2890
f 3447/4266/2894 3305/4028/2708 3315/4036/2716
f 3299/4027/2707 3442/4254/2884 3433/4262/2891
f 3308/4037/2717 3436/4255/2885 3438/4267/2886
f 3435/4263/2890 3297/4031/2711 3310/4030/2710
f 3438/4267/2886 3450/4264/2892 3304/4041/2721
f 3395/4269/2896 3329/4273/2636 3326/4192/2637
f 3401/4270/2897 3369/4194/2836 3323/4193/2639
f 3395/4269/2896 3446/4251/2881 3356/4272/2694
f 3415/4274/2647 3404/4288/2898 3377/4196/2837
f 3413/4275/2649 3324/4191/2643 3380/4217/2855
f 3444/4238/2869 3357/5054/2688 3413/4275/2649
f 3431/4236/2868 3404/4288/2898 3415/4274/2647
f 3439/4260/2725 3437/4259/2889 3401/4270/2897
f 3367/4212/2853 3369/4194/2836 3401/4270/2897
f 3373/4207/2848 3377/4196/2837 3404/4288/2898
f 3394/4276/2898 3380/4217/2855 3370/4218/2848
f 3395/4269/2896 3364/4216/2854 3381/4214/2853
f 3418/4290/2898 3370/4218/2848 3368/4215/2849
f 3402/4283/2905 3382/4205/2846 3372/4208/2849
f 3400/4285/2907 3399/4295/2913 3378/4203/2844
f 3406/4287/2909 3412/4294/2912 3365/4213/2844
f 3409/4286/2908 3379/4209/2850 3365/4213/2844
f 3407/4284/2906 3411/4292/2910 3368/4215/2849
f 3419/4289/2898 3398/4293/2911 3372/4208/2849
f 3396/4291/2909 3381/4214/2853 3378/4203/2844
f 3386/4278/2900 3384/4282/2904 3393/4296/2914
f 3393/4296/2914 3384/4282/2904 3383/4280/2902
f 3390/4297/2915 3417/4317/2932 3408/4299/2917
f 3392/4298/2916 3383/4280/2902 3397/4300/2917
f 3389/4304/2921 3385/4277/2899 3388/4281/2903
f 3391/4306/2923 3430/4305/2922 3388/4281/2903
f 3391/4306/2923 3387/4279/2901 3403/4303/2920
f 3389/4304/2921 3452/4325/2940 3414/4302/2919
f 3423/4316/2931 3428/4311/2928 3408/4299/2917
f 3422/4318/2933 3410/4301/2918 3397/4300/2917
f 3420/4319/2934 3424/4321/2936 3428/4311/2928
f 3427/4308/2925 3424/4321/2936 3420/4319/2934
f 3421/4320/2935 3451/4307/2924 3403/4303/2920
f 3398/4293/2911 3441/4252/2882 3435/4263/2890
f 3441/4252/2882 3398/4293/2911 3419/4289/2898
f 3438/4267/2886 3436/4255/2885 3399/4295/2913
f 3433/4262/2891 3442/4254/2884 3418/4290/2898
f 3445/4261/2890 3433/4262/2891 3411/4292/2910
f 3412/4294/2912 3432/4257/2887 3434/4256/2886
f 3432/4257/2887 3412/4294/2912 3406/4287/2909
f 3436/4255/2885 3447/4266/2894 3396/4291/2909
f 3406/4287/2909 3401/4270/2897 3437/4259/2889
f 3396/4291/2909 3447/4266/2894 3446/4251/2881
f 3419/4289/2898 3404/4288/2898 3431/4236/2868
f 3418/4290/2898 3442/4254/2884 3444/4238/2869
f 3421/4320/2935 3429/4309/2926 3425/4322/2937
f 3454/4324/2939 3426/4310/2927 3414/4302/2919
f 3453/4323/2938 3425/4322/2937 3426/4310/2927
f 3163/3910/2624 3178/3923/2624 3607/4326/2941
f 3166/3917/2622 3171/3927/2622 3598/4328/2943
f 3160/3915/2622 3592/4594/3130 3599/4330/2943
f 3163/3910/2624 3591/4327/2942 3596/4331/2945
f 3594/4332/2946 3592/4594/3130 3160/3915/2622
f 3596/4331/2945 3593/4592/3128 3167/4334/2624
f 3167/4334/2624 3593/4592/3128 3605/4335/2941
f 3595/4329/2944 3594/4332/2946 3159/4333/2622
f 3612/4336/2947 3174/3909/2623 3162/3926/2624
f 3600/4338/2943 3164/3924/2622 3173/3911/2622
f 3601/4340/2941 3161/3919/2624 3165/3916/2624
f 3602/4337/2941 3162/3926/2624 3161/3919/2624
f 3606/4339/2943 3173/3911/2622 3169/3914/2622
f 3611/4341/2948 3168/3918/2625 3164/3924/2622
f 3597/4342/2943 3598/4328/2943 3171/3927/2622
f 3603/4343/2943 3597/4342/2943 3170/3928/2622
f 3615/4344/2949 3608/4347/2941 3179/3920/2624
f 3604/4345/2941 3607/4326/2941 3178/3923/2624
f 3613/4346/2950 3603/4343/2943 3176/3908/2622
f 3608/4347/2941 3604/4345/2941 3177/3922/2624
f 3612/4336/2947 3610/4587/3123 3319/4015/2696
f 3611/4341/2948 3609/4588/3124 3320/4019/2700
f 3322/4021/2702 3616/4586/3122 3613/4346/2950
f 3321/4017/2698 3614/4584/3120 3615/4344/2949
f 3147/3669/2318 3185/3670/2489 3712/4376/2966
f 3150/3668/2316 3700/4694/3094 3727/4378/2968
f 3149/3671/2319 3698/4699/3093 3705/4379/2969
f 3148/3675/2322 3181/3676/2491 3708/4380/2970
f 3154/3677/2321 3188/3714/2512 3709/4382/2972
f 3151/3672/2317 3183/3713/2511 3707/4384/2974
f 3152/3666/2301 3703/4707/3096 3716/4386/2976
f 3153/3673/2320 3704/4703/3095 3706/4387/2977
f 3182/3674/2490 3706/4387/2977 3733/4395/2981
f 3725/4396/2982 3723/4401/2982 3236/3966/2654
f 3195/4397/2654 3719/4412/2982 3718/4398/2982
f 3186/3716/2514 3727/4378/2968 3729/4399/2983
f 3711/4400/2984 3722/4406/2984 3205/3964/2658
f 3723/4401/2982 3713/5055/2982 3219/3979/2654
f 3710/4402/2985 3711/4400/2984 3227/3961/2658
f 3187/3667/2488 3716/4386/2976 3741/4403/2986
f 3215/3970/2658 3721/4720/2984 3720/4404/2984
f 3726/4405/2987 3725/4396/2982 3202/3957/2654
f 3722/4406/2984 3728/4407/2984 3235/3965/2658
f 3728/4407/2984 3721/4720/2984 3215/3970/2658
f 3184/3717/2515 3705/4379/2969 3753/4408/2988
f 3714/4409/2982 3203/3968/2654 3192/3991/2654
f 3181/3676/2491 3210/3971/2663 3736/4410/2989
f 3183/3713/2511 3226/3963/2660 3745/4411/2990
f 3219/3979/2654 3713/5055/2982 3719/4412/2982
f 3203/3968/2654 3714/4409/2982 3717/4413/2991
f 3188/3714/2512 3200/3958/2655 3747/4414/2992
f 3198/3972/2658 3715/4417/2984 3724/4415/2993
f 3185/3670/2489 3223/3988/2676 3744/4416/2994
f 3715/4417/2984 3198/3972/2658 3225/3982/2658
f 3234/3837/2575 3735/4435/3012 3738/4418/2995
f 3211/3990/2678 3749/4220/2857 3743/4419/2996
f 3232/3836/2574 3746/4432/3009 3742/4420/2997
f 3223/3988/2676 3224/3954/2651 3742/4420/2997
f 3217/3985/2673 3753/4408/2988 3752/4421/2998
f 3759/4422/2999 3737/4198/2839 3231/4197/2838
f 3229/3832/2570 3196/3975/2666 3748/4423/3000
f 3226/3963/2660 3222/3978/2669 3724/4415/2993
f 3757/4425/3002 3233/3959/2656 3204/3822/2564
f 3758/4426/3003 3750/4201/2842 3228/4200/2841
f 3196/3975/2666 3193/3835/2573 3760/4427/3004
f 3213/3977/2668 3739/4219/2856 3734/4428/3005
f 3220/3834/2572 3216/3967/2661 3752/4421/2998
f 3193/3835/2573 3208/3987/2675 3730/4430/3007
f 3740/4431/3008 3221/3981/2671 3189/3825/2566
f 3200/3958/2655 3201/3986/2674 3717/4413/2991
f 3199/3969/2662 3741/4403/2986 3726/4405/2987
f 3197/3989/2677 3743/4419/2996 3746/4432/3009
f 3194/3833/2571 3218/3962/2659 3751/4433/3010
f 3206/3980/2670 3729/4399/2983 3730/4430/3007
f 3218/3962/2659 3220/3834/2572 3755/4429/3006
f 3210/3971/2663 3191/3955/2652 3738/4418/2995
f 3212/3976/2667 3734/4428/3005 3735/4435/3012
f 3214/3983/2672 3733/4395/2981 3710/4402/2985
f 3524/4436/3013 3410/5056/2918 3422/4437/2933
f 3523/4439/3015 3528/4443/3017 3423/4440/2931
f 3422/4437/2933 3420/5057/2934 3526/4442/3016
f 3526/4442/3016 3420/5057/2934 3423/4440/2931
f 3522/4445/3018 3393/4364/2914 3392/4447/2916
f 3392/4447/2916 3410/5056/2918 3524/4436/3013
f 3290/3907/2621 3156/3808/2555 3762/4449/3020
f 3289/3905/2619 3155/3807/2554 3764/4451/3022
f 3763/4453/3024 3158/3856/2580 3291/4356/2957
f 3761/4455/3026 3157/3857/2581 3292/4360/2961
f 3333/4108/2759 3339/4116/2767 3686/4457/3028
f 3335/4113/2764 3340/4114/2765 3681/4459/3030
f 3334/4111/2762 3682/4473/3042 3683/4461/3032
f 3336/4109/2760 3679/4471/3040 3685/4462/3033
f 3693/4463/3034 3686/4457/3028 3339/4116/2767
f 3695/4464/3035 3341/4115/2766 3337/4112/2763
f 3696/4465/3036 3681/4459/3030 3340/4114/2765
f 3694/4466/3037 3344/4117/2768 3338/4110/2761
f 3343/4118/2769 3345/4119/2770 3691/4467/3038
f 3341/4115/2766 3695/4464/3035 3689/4468/3038
f 3688/4469/3039 3347/4121/2772 3344/4117/2768
f 3692/4470/3039 3693/4463/3034 3342/4122/2773
f 3680/4460/3031 3673/4480/3049 3351/4127/2778
f 3684/4458/3029 3672/4478/3047 3352/4126/2777
f 3679/4471/3040 3336/4109/2760 3350/4124/2775
f 3682/4473/3042 3334/4111/2762 3349/4125/2776
f 3350/4124/2775 3362/4128/2779 3674/4475/3044
f 3349/4125/2776 3361/4130/2781 3676/4476/3045
f 3677/4477/3046 3360/4129/2780 3352/4126/2777
f 3671/4479/3048 3359/4131/2782 3351/4127/2778
f 3806/4481/3050 3788/4353/2954 3244/3888/2612
f 3805/4482/3051 3789/4354/2955 3241/3889/2613
f 3803/4483/3052 3260/3936/2635 3242/3892/2616
f 3804/4484/3053 3257/3935/2634 3243/3890/2614
f 3801/4485/3054 3800/4493/3054 3273/3901/2610
f 3267/3895/2608 3797/4490/3056 3802/4486/3055
f 3794/4487/3056 3796/4491/3056 3268/3902/2608
f 3266/3897/2610 3795/4492/3054 3798/4488/3057
f 3270/3899/2610 3269/3898/2610 3799/4489/3054
f 3797/4490/3056 3267/3895/2608 3268/3902/2608
f 3795/4492/3054 3266/3897/2610 3273/3901/2610
f 3271/3900/2608 3276/3884/2608 3791/4494/3058
f 3269/3898/2610 3275/3886/2610 3793/4496/3059
f 3272/3903/2608 3271/3900/2608 3792/4495/3056
f 3807/4497/3060 3806/4481/3050 3258/3678/2492
f 3809/4498/3061 3249/3876/2600 3257/3935/2634
f 3808/4499/3062 3251/3875/2599 3260/3936/2635
f 3810/4500/3063 3805/4482/3051 3259/3679/2493
f 3816/4501/3064 3261/3887/2611 3274/3894/2608
f 3815/4502/3065 3264/3885/2609 3265/3896/2610
f 3276/3884/2608 3263/3878/2602 3818/4503/3066
f 3275/3886/2610 3262/3879/2603 3817/4504/3067
f 3809/4498/3061 3833/4516/3078 3247/3863/2587
f 3808/4499/3062 3834/4515/3077 3245/3859/2583
f 3807/4497/3060 3252/3883/2607 3246/3874/2598
f 3810/4500/3063 3250/3882/2606 3248/3877/2601
f 3816/4501/3064 3829/4511/3073 3255/3880/2604
f 3815/4502/3065 3828/4512/3074 3256/3881/2605
f 3818/4503/3066 3263/3878/2602 3253/3866/2590
f 3817/4504/3067 3262/3879/2603 3254/3868/2592
f 3829/4511/3073 3837/4526/3088 3283/3864/2588
f 3828/4512/3074 3835/4527/3089 3284/3869/2593
f 3830/4507/3070 3253/3866/2590 3281/3865/2589
f 3827/4508/3071 3254/3868/2592 3282/3867/2591
f 3834/4515/3077 3840/4520/3082 3280/3858/2582
f 3833/4516/3078 3841/4521/3083 3277/3862/2586
f 3831/4505/3068 3246/3874/2598 3279/3860/2584
f 3832/4506/3069 3248/3877/2601 3278/3861/2585
f 3840/4520/3082 3823/4525/3087 3293/3871/2595
f 3841/4521/3083 3825/4524/3086 3296/3870/2594
f 3842/4517/3079 3279/3860/2584 3294/3872/2596
f 3839/4518/3080 3278/3861/2585 3295/3873/2597
f 3838/4514/3076 3282/3867/2591 3296/3870/2594
f 3836/4513/3075 3281/3865/2589 3293/3871/2595
f 3837/4526/3088 3824/4522/3084 3294/3872/2596
f 3835/4527/3089 3826/4523/3085 3295/3873/2597
f 3454/4528/2939 3452/4540/2940 3590/4529/3090
f 3661/4530/3091 3660/4532/3092 3453/4391/2938
f 3519/4369/2964 3624/5058/3137 3590/4529/3090
f 3626/4510/3072 3624/5058/3137 3519/4369/2964
f 3522/4546/3018 3627/4557/3104 3623/4547/3099
f 3901/4549/3100 3886/4313/2929 3327/4312/2645
f 3623/4547/3099 3636/4568/3111 3523/4543/3015
f 3972/4551/3101 3901/4549/3100 3331/4550/2640
f 3371/4351/2691 3854/4350/2952 3916/4552/3102
f 3328/4315/2644 3884/4314/2930 3900/4554/3103
f 3405/4555/2650 3900/4554/3103 3968/4563/3107
f 3960/4564/3108 3948/4567/3110 3416/4565/2681
f 3332/4553/2646 3916/4552/3102 3989/4566/3109
f 3948/4567/3110 3844/4349/2951 3366/4348/2692
f 3477/4052/2728 3455/5053/2642 3768/4576/2872
f 3767/4578/2870 3456/4049/2641 3508/4072/2741
f 3769/4580/2785 3458/4051/2727 3497/4102/2756
f 3770/4582/2783 3847/4672/3174 3510/4062/2733
f 3617/4591/3127 3619/4596/3132 3627/4557/3104
f 3765/4597/2871 3518/4053/2679 3502/4068/2738
f 3506/4055/2729 3461/4054/2680 3766/4599/2873
f 3771/4601/2784 3882/4681/3179 3493/4096/2752
f 3624/4606/3137 3622/4590/3126 3629/4607/3138
f 3634/4604/3136 3640/4613/3139 3605/4335/2941
f 3632/4603/3136 3591/4327/2942 3607/4326/2941
f 3599/4330/2943 3592/4594/3130 3637/4602/3135
f 3630/4605/3135 3595/4329/2944 3598/4328/2943
f 3639/4612/3139 3601/4340/2941 3605/4335/2941
f 3598/4328/2943 3597/4342/2943 3646/4614/3140
f 3607/4326/2941 3604/4345/2941 3648/4615/3139
f 3653/4616/3140 3606/4339/2943 3599/4330/2943
f 3603/4343/2943 3613/4346/2950 3654/4617/3141
f 3656/4619/3142 3612/4336/2947 3602/4337/2941
f 3650/4618/3140 3646/4614/3140 3597/4342/2943
f 3608/4347/2941 3615/4344/2949 3657/4621/3143
f 3643/4623/3140 3600/4338/2943 3606/4339/2943
f 3644/4624/3144 3611/4341/2948 3600/4338/2943
f 3655/4620/3139 3602/4337/2941 3601/4340/2941
f 3649/4622/3139 3648/4615/3139 3604/4345/2941
f 3656/4619/3142 3651/4636/3153 3610/4587/3123
f 3654/4617/3141 3613/4346/2950 3616/4586/3122
f 3644/4624/3144 3645/4637/3154 3609/4588/3124
f 3657/4621/3143 3615/4344/2949 3614/4584/3120
f 3638/4559/3105 3633/4630/3148 3617/4591/3127
f 3626/4627/3072 3621/4595/3131 3622/4590/3126
f 3620/4593/3129 3621/4595/3131 3626/4627/3072
f 3627/4557/3104 3619/4596/3132 3618/4589/3125
f 3625/4561/3106 3635/4562/3081 3631/4628/3147
f 3623/4547/3099 3618/4589/3125 3628/4629/3148
f 3661/4631/3091 3590/4608/3090 3629/4607/3138
f 3662/4569/3097 3668/4635/3152 3633/4630/3148
f 3663/4570/3112 3670/4633/3150 3631/4628/3147
f 3664/4571/3098 3636/4568/3111 3628/4629/3148
f 3659/4572/3113 3667/4687/3181 3668/4635/3152
f 3660/4573/3092 3669/4688/3182 3670/4633/3150
f 3666/4634/3151 3667/4687/3181 3659/4572/3113
f 3665/4632/3149 3669/4688/3182 3660/4573/3092
f 3673/4480/3049 3657/4621/3143 3658/4626/3146
f 3650/4618/3140 3654/4617/3141 3672/4478/3047
f 3651/4636/3153 3656/4619/3142 3675/4474/3043
f 3649/4622/3139 3657/4621/3143 3673/4480/3049
f 3645/4637/3154 3644/4624/3144 3678/4472/3041
f 3672/4478/3047 3654/4617/3141 3642/4625/3145
f 3639/4612/3139 3640/4613/3139 3695/4464/3035
f 3685/4462/3033 3679/4471/3040 3643/4623/3140
f 3681/4459/3030 3648/4615/3139 3649/4622/3139
f 3689/4468/3038 3695/4464/3035 3640/4613/3139
f 3686/4457/3028 3646/4614/3140 3650/4618/3140
f 3691/4467/3038 3632/4603/3136 3652/4609/3139
f 3653/4616/3140 3641/4610/3140 3694/4466/3037
f 3683/4461/3032 3682/4473/3042 3655/4620/3139
f 3643/4623/3140 3679/4471/3040 3678/4472/3041
f 3655/4620/3139 3682/4473/3042 3675/4474/3043
f 3647/4611/3140 3693/4463/3034 3692/4470/3039
f 3648/4615/3139 3681/4459/3030 3696/4465/3036
f 3646/4614/3140 3686/4457/3028 3693/4463/3034
f 3641/4610/3140 3637/4602/3135 3688/4469/3039
f 3478/4103/2757 3477/4052/2728 3898/4577/3116
f 3484/4066/2736 3478/4103/2757 3848/4638/3155
f 3878/4640/3157 3483/4071/2740 3482/4060/2732
f 3480/4091/2749 3479/4106/2749 3860/4642/3159
f 3873/4644/3160 3486/4667/2749 3481/4083/2749
f 3862/4646/3161 3460/4099/2754 3474/4095/2744
f 3849/4648/3163 3462/4100/2755 3460/4099/2754
f 3852/4649/3164 3496/4084/2739 3498/3930/2629
f 3857/4650/3165 3470/4105/2758 3462/4100/2755
f 3887/4651/3166 3490/4063/2734 3483/4071/2740
f 3850/4652/2786 3464/4058/2731 3470/4105/2758
f 3869/4581/3118 3497/4102/2756 3490/4063/2734
f 3890/4653/3164 3487/4090/2739 3476/4654/2739
f 3880/4656/3167 3500/4097/2753 3495/4086/2749
f 3512/4078/2746 3516/4077/2745 3879/4658/3168
f 3466/4087/2739 3472/4098/2739 3846/4660/3170
f 3509/4069/2732 3513/4065/2732 3877/4662/3158
f 3891/4655/3164 3476/4654/2739 3496/4084/2739
f 3851/4664/3171 3507/4080/2748 3488/4070/2739
f 3516/4077/2745 3506/4055/2729 3863/4600/3134
f 3859/4666/3160 3494/4082/2749 3486/4667/2749
f 3870/4645/3160 3481/4083/2749 3471/3932/2631
f 3499/4085/2743 3489/4074/2743 3896/4668/3172
f 3487/4090/2739 3890/4653/3164 3858/4665/3170
f 3866/4670/3173 3501/4079/2747 3500/4097/2753
f 3845/4661/3164 3894/4677/3164 3467/4088/2739
f 3468/4101/2732 3899/4675/3158 3872/4671/3158
f 3867/4579/3117 3508/4072/2741 3501/4079/2747
f 3885/4669/3172 3871/4685/3172 3469/4104/2743
f 3847/4672/3174 3874/4678/3176 3511/4067/2737
f 3881/4673/3160 3854/4350/2952 3504/3934/2633
f 3494/4082/2749 3859/4666/3160 3855/4657/3159
f 3888/4598/3133 3502/4068/2738 3503/4093/2751
f 3899/4675/3158 3468/4101/2732 3463/4094/2732
f 3894/4677/3164 3893/4682/3164 3473/4075/2739
f 3864/4659/3169 3846/4660/3170 3472/4098/2739
f 3874/4678/3176 3875/4679/3177 3514/4064/2735
f 3875/4679/3177 3877/4662/3158 3513/4065/2732
f 3861/4643/3160 3883/4684/3160 3492/4092/2749
f 3892/4680/3178 3895/4686/3180 3485/4073/2742
f 3882/4681/3179 3892/4680/3178 3491/4089/2750
f 3893/4682/3164 3884/4314/2930 3459/3929/2628
f 3515/4076/2744 3876/4799/3162 3868/4683/3162
f 3856/4639/3156 3860/4642/3159 3479/4106/2749
f 3505/4061/2732 3872/4671/3158 3865/4641/3158
f 3883/4684/3160 3881/4673/3160 3465/4107/2749
f 3843/4674/3175 3503/4093/2751 3507/4080/2748
f 3871/4685/3172 3876/4799/3162 3515/4076/2744
f 3475/4081/2744 3868/4683/3162 3889/4647/3162
f 3897/4663/3158 3853/4676/3158 3463/4094/2732
f 3895/4686/3180 3896/4668/3172 3489/4074/2743
f 3763/4453/3024 4021/4828/3272 3674/4475/3044
f 3762/4449/3020 3359/4131/2782 3671/4479/3048
f 3764/4451/3022 3360/4129/2780 3677/4477/3046
f 3761/4455/3026 4023/4827/3271 3676/4476/3045
f 4013/4585/3121 3322/4021/2702 3532/4022/2703
f 4016/4583/3119 3321/4017/2698 3531/4018/2699
f 3993/4693/3187 3727/4378/2968 3700/4694/3094
f 3697/4381/2971 3708/4380/2970 3982/4696/3188
f 4008/4698/3189 3705/4379/2969 3698/4699/3093
f 4011/4701/3190 3786/4770/2879 3702/4385/2975
f 3956/4702/3191 3706/4387/2977 3704/4703/3095
f 4005/4705/3192 3780/4772/2878 3701/4383/2973
f 3962/4706/3193 3716/4386/2976 3703/4707/3096
f 3699/4377/2967 3712/4376/2966 3981/4709/3194
f 4002/4713/3197 4012/4729/3207 3745/4411/2990
f 3996/4714/3198 4004/4750/3221 3747/4414/2992
f 3997/4715/3199 3996/4714/3198 3717/4413/2991
f 3995/4716/3199 3997/4715/3199 3714/4409/2982
f 4001/4717/3200 3729/4399/2983 3727/4378/2968
f 4003/4718/3201 4002/4713/3197 3724/4415/2993
f 4006/4719/3201 3987/4721/3201 3720/4404/2984
f 3987/4721/3201 4003/4718/3201 3715/4417/2984
f 3971/4722/3199 3995/4716/3199 3718/4398/2982
f 4010/4723/3202 3753/4408/2988 3705/4379/2969
f 3752/4421/2998 4007/4756/3227 3957/4724/2891
f 3958/4725/3203 3734/4428/3005 3739/4219/2856
f 3964/4727/3205 3977/4754/3225 3731/4424/3001
f 3963/4728/3206 3735/4435/3012 3734/4428/3005
f 4012/4729/3207 4011/4701/3190 3707/4384/2974
f 3742/4420/2997 3746/4432/3009 3975/4730/2882
f 3986/4732/3209 3710/4402/2985 3733/4395/2981
f 3978/4734/3211 3726/4405/2987 3741/4403/2986
f 3985/4736/3201 3711/4400/2984 3710/4402/2985
f 3979/4737/3199 3725/4396/2982 3726/4405/2987
f 3991/4738/3201 3728/4407/2984 3722/4406/2984
f 3984/4740/3213 3743/4419/2996 3749/4220/2857
f 3975/4730/2882 3746/4432/3009 3743/4419/2996
f 3961/4735/3212 3741/4403/2986 3716/4386/2976
f 3980/4742/3199 3723/4401/2982 3725/4396/2982
f 3998/4743/3215 3757/4425/3002 3732/4202/2843
f 3719/4412/2982 3713/5055/2982 3959/4744/3199
f 3758/4426/3003 3756/4434/3011 3990/4745/3216
f 3712/4376/2966 3744/4416/2994 3967/4747/3218
f 3744/4416/2994 3742/4420/2997 3973/4731/3208
f 4009/4748/3219 3990/4745/3216 3756/4434/3011
f 3751/4433/3010 3755/4429/3006 3957/4724/2891
f 3738/4418/2995 3735/4435/3012 3963/4728/3206
f 4004/4750/3221 4005/4705/3192 3709/4382/2972
f 3988/4746/3217 3960/4564/3108 3750/4201/2842
f 3969/4751/3222 3740/4431/3008 3754/4199/2840
f 4000/4752/3223 3730/4430/3007 3729/4399/2983
f 3730/4430/3007 4000/4752/3223 3974/4753/3224
f 3757/4425/3002 3998/4743/3215 3999/4741/3214
f 3759/4422/2999 3731/4424/3001 3977/4754/3225
f 4007/4756/3227 3752/4421/2998 3753/4408/2988
f 3736/4410/2989 3738/4418/2995 3994/4749/3220
f 3740/4431/3008 3969/4751/3222 3970/4726/3204
f 3976/4755/3226 3972/4551/3101 3737/4198/2839
f 3966/4733/3210 3733/4395/2981 3706/4387/2977
f 3959/4744/3199 3713/5055/2982 3723/4401/2982
f 3728/4407/2984 3991/4738/3201 4006/4719/3201
f 3748/4423/3000 3760/4427/3004 3974/4753/3224
f 3708/4380/2970 3736/4410/2989 3992/4757/3228
f 3983/4739/3201 3722/4406/2984 3711/4400/2984
f 3772/4758/2858 3767/4578/2870 3867/4579/3117
f 3775/4760/2860 3765/4597/2871 3888/4598/3133
f 3863/4600/3134 3766/4599/2873 3774/4762/2861
f 3898/4577/3116 3768/4576/2872 3773/4764/2859
f 3776/4766/2863 3939/4771/3234 3847/4672/3174
f 3869/4581/3118 3912/4773/3235 3777/4767/2865
f 3778/4768/2864 3954/4769/3233 3882/4681/3179
f 3784/4695/2876 3772/4758/2858 3929/4759/3229
f 3782/4700/2875 3775/4760/2860 3920/4761/3230
f 3954/4769/3233 3778/4768/2864 3786/4770/2879
f 3926/4765/3232 3773/4764/2859 3781/4697/2874
f 3939/4771/3234 3776/4766/2863 3780/4772/2878
f 3912/4773/3235 3962/4706/3193 3785/4708/2877
f 3942/4774/3236 3956/4702/3191 3783/4704/2880
f 3857/4650/3165 3942/4774/3236 3779/4775/2862
f 3530/4020/2701 4015/4575/3115 4061/4776/3237
f 3529/4016/2697 4014/4574/3114 4063/4778/3239
f 3610/4587/3123 3651/4636/3153 4018/4780/3241
f 4019/4781/3242 3642/4625/3145 3616/4586/3122
f 3609/4588/3124 3645/4637/3154 4017/4782/3243
f 4020/4783/3244 3658/4626/3146 3614/4584/3120
f 3915/4763/3231 3774/4762/2861 3965/4710/2895
f 3922/4788/3249 3925/4802/3259 3864/4659/3169
f 3855/4657/3159 3902/4819/3267 3933/4789/3250
f 3943/4790/3251 3900/4554/3103 3884/4314/2930
f 3936/4791/3252 3935/4809/3253 3877/4662/3158
f 3955/4792/3253 3930/4801/3253 3853/4676/3158
f 3947/4793/3254 3940/4804/3254 3885/4669/3172
f 3880/4656/3167 3933/4789/3250 3934/4794/3255
f 3928/4795/3251 3852/4649/3164 3844/4349/2951
f 3919/4796/3256 3918/4803/3260 3856/4639/3156
f 3910/4797/3257 3870/4645/3160 3886/4313/2929
f 3858/4665/3170 3951/4810/3263 3944/4798/3258
f 3876/4799/3162 3904/4826/3254 3923/4800/3254
f 3930/4801/3253 3953/4829/3253 3899/4675/3158
f 3925/4802/3259 3903/4816/3263 3846/4660/3170
f 3918/4803/3260 3914/4825/3267 3860/4642/3159
f 3940/4804/3254 3931/4830/3254 3871/4685/3172
f 3907/4805/3257 3916/4552/3102 3854/4350/2952
f 3899/4675/3158 3953/4829/3253 3937/4806/3253
f 3949/4807/3261 3947/4793/3254 3896/4668/3172
f 3851/4664/3171 3944/4798/3258 3945/4808/3262
f 3935/4809/3253 3955/4792/3253 3897/4663/3158
f 3890/4653/3164 3946/4815/3251 3951/4810/3263
f 3906/4811/3264 3862/4646/3161 3889/4647/3162
f 3883/4684/3160 3861/4643/3160 3911/4813/3257
f 3891/4655/3164 3924/4824/3270 3946/4815/3251
f 3845/4661/3164 3846/4660/3170 3903/4816/3263
f 3909/4818/3266 3873/4644/3160 3870/4645/3160
f 3881/4673/3160 3883/4684/3160 3908/4814/3265
f 3859/4666/3160 3913/4820/3257 3902/4819/3267
f 3873/4644/3160 3909/4818/3266 3913/4820/3257
f 3927/4821/3253 3865/4641/3158 3872/4671/3158
f 3894/4677/3164 3845/4661/3164 3917/4817/3251
f 3932/4823/3269 3878/4640/3157 3865/4641/3158
f 3905/4812/3254 3889/4647/3162 3868/4683/3162
f 3893/4682/3164 3894/4677/3164 3941/4822/3268
f 3924/4824/3270 3891/4655/3164 3852/4649/3164
f 3861/4643/3160 3860/4642/3159 3914/4825/3267
f 3871/4685/3172 3931/4830/3254 3904/4826/3254
f 3651/4636/3153 3676/4476/3045 4023/4827/3271
f 3645/4637/3154 3674/4475/3044 4021/4828/3272
f 4024/4690/3184 3677/4477/3046 3642/4625/3145
f 4022/4689/3183 3671/4479/3048 3658/4626/3146
f 3952/4785/3246 4012/4729/3207 3949/4807/3261
f 3938/4784/3245 4004/4750/3221 3936/4791/3252
f 3938/4784/3245 3874/4678/3176 3939/4771/3234
f 3926/4765/3232 3982/4696/3188 3919/4796/3256
f 3920/4761/3230 3843/4674/3175 3945/4808/3262
f 3921/4786/3247 3962/4706/3193 3912/4773/3235
f 3915/4763/3231 3981/4709/3194 3922/4788/3249
f 3921/4786/3247 3878/4640/3157 3932/4823/3269
f 3950/4787/3248 3862/4646/3161 3906/4811/3264
f 3952/4785/3246 3892/4680/3178 3954/4769/3233
f 3929/4759/3229 3866/4670/3173 3934/4794/3255
f 3950/4787/3248 3956/4702/3191 3942/4774/3236
f 3976/4755/3226 3910/4797/3257 3901/4549/3100
f 3998/4743/3215 3968/4563/3107 3900/4554/3103
f 3951/4810/3263 3957/4724/2891 4007/4756/3227
f 3967/4747/3218 3973/4731/3208 3925/4802/3259
f 3944/4798/3258 4007/4756/3227 4010/4723/3202
f 3992/4757/3228 3994/4749/3220 3918/4803/3260
f 3933/4789/3250 4000/4752/3223 4001/4717/3200
f 3969/4751/3222 3989/4566/3109 3916/4552/3102
f 3988/4746/3217 3928/4795/3251 3948/4567/3110
f 3959/4744/3199 3953/4829/3253 3930/4801/3253
f 3953/4829/3253 3959/4744/3199 3980/4742/3199
f 3902/4819/3267 3974/4753/3224 4000/4752/3223
f 3904/4826/3254 3991/4738/3201 3983/4739/3201
f 3904/4826/3254 3931/4830/3254 4006/4719/3201
f 3928/4795/3251 3988/4746/3217 3990/4745/3216
f 3947/4793/3254 3949/4807/3261 4002/4713/3197
f 3903/4816/3263 3925/4802/3259 3973/4731/3208
f 3907/4805/3257 3908/4814/3265 3970/4726/3204
f 3917/4817/3251 3984/4740/3213 3999/4741/3214
f 3955/4792/3253 3935/4809/3253 3997/4715/3199
f 3911/4813/3257 3914/4825/3267 3963/4728/3206
f 3985/4736/3201 3905/4812/3254 3923/4800/3254
f 3946/4815/3251 4009/4748/3219 3957/4724/2891
f 3910/4797/3257 3976/4755/3226 3977/4754/3225
f 3914/4825/3267 3918/4803/3260 3994/4749/3220
f 3913/4820/3257 3964/4727/3205 3974/4753/3224
f 3917/4817/3251 3903/4816/3263 3975/4730/2882
f 3911/4813/3257 3958/4725/3203 3970/4726/3204
f 3986/4732/3209 3906/4811/3264 3905/4812/3254
f 3979/4737/3199 3927/4821/3253 3937/4806/3253
f 3978/4734/3211 3932/4823/3269 3927/4821/3253
f 3930/4801/3253 3955/4792/3253 3995/4716/3199
f 3943/4790/3251 3941/4822/3268 3999/4741/3214
f 3940/4804/3254 3947/4793/3254 4003/4718/3201
f 3913/4820/3257 3909/4818/3266 3977/4754/3225
f 3946/4815/3251 3924/4824/3270 3990/4745/3216
f 3931/4830/3254 3940/4804/3254 3987/4721/3201
f 3935/4809/3253 3936/4791/3252 3996/4714/3198
f 3531/4018/2699 3544/4168/2813 4057/4712/3196
f 3532/4022/2703 3543/4169/2814 4059/4711/3195
f 4032/4831/3273 4033/4839/3275 3541/4136/2787
f 4037/4832/3274 4034/4957/3274 3553/4140/2790
f 3540/4148/2788 4029/4842/3275 4030/4833/3275
f 4040/4834/3276 4036/4841/3274 3557/4152/2799
f 3553/4140/2790 4034/4957/3274 4035/4835/3274
f 4031/4836/3277 3564/4147/2795 3563/4138/2788
f 4039/4837/3278 3561/4151/2798 3551/4146/2790
f 3556/4838/3279 3541/4136/2787 4033/4839/3275
f 3560/4142/2791 3557/4152/2799 4036/4841/3274
f 3556/4838/3279 4038/4840/3275 4029/4842/3275
f 3548/4145/2794 3534/4156/2803 4046/4843/3280
f 3537/4150/2797 3535/4155/2802 4047/4845/3282
f 3542/4153/2800 4056/4849/3286 4048/4847/3284
f 3558/4143/2792 4054/4851/3288 4045/4848/3285
f 4053/4844/3281 4051/4853/3290 3547/4165/2793
f 4056/4849/3286 3542/4153/2800 3545/4154/2801
f 4055/4846/3283 4052/4854/3291 3550/4163/2801
f 4054/4851/3288 3558/4143/2792 3546/4144/2793
f 3555/4166/2811 3547/4165/2793 4051/4853/3290
f 3538/4170/2815 4060/4855/3292 4050/4850/3287
f 3552/4167/2812 4058/4856/3293 4049/4852/3289
f 3554/4164/2810 3550/4163/2801 4052/4854/3291
f 4060/4855/3292 3538/4170/2815 3539/4777/3238
f 4058/4856/3293 3552/4167/2812 3559/4779/3240
f 3564/4147/2795 4031/4836/3277 4027/4857/3294
f 3549/4139/2789 3567/4160/2807 4026/4858/3295
f 3561/4151/2798 4039/4837/3278 4028/4859/3296
f 3562/4149/2796 3566/4161/2808 4025/4860/3297
f 3536/4157/2804 4045/4848/3285 4043/4861/3298
f 4042/4862/3299 4046/4843/3280 3534/4156/2803
f 3533/4158/2805 4048/4847/3284 4044/4863/3300
f 4041/4864/3301 4047/4845/3282 3535/4155/2802
f 3565/4159/2806 4027/4857/3294 4065/4865/3302
f 3568/4162/2809 4028/4859/3296 4067/4866/3303
f 3567/4160/2807 3573/4177/2822 4066/4867/3304
f 3566/4161/2808 3574/4178/2823 4068/4868/3305
f 4072/4869/3306 4041/4864/3301 3569/4173/2818
f 3570/4171/2816 4043/4861/3298 4071/4870/3307
f 3571/4174/2819 4044/4863/3300 4070/4871/3308
f 4069/4872/3309 4042/4862/3299 3572/4172/2817
f 3576/4175/2820 4067/4866/3303 4073/4873/3310
f 3574/4178/2823 3581/4183/2828 4075/4874/3311
f 3575/4176/2821 4065/4865/3302 4074/4875/3312
f 3573/4177/2822 3583/4185/2830 4076/4876/3313
f 3578/4181/2826 4071/4870/3307 4077/4877/3314
f 4080/4878/3315 4072/4869/3306 3580/4179/2824
f 3579/4182/2827 4070/4871/3308 4078/4879/3316
f 4079/4880/3317 4069/4872/3309 3577/4180/2825
f 3584/4184/2829 4073/4873/3310 4079/4880/3317
f 3583/4185/2830 3586/4189/2834 4077/4877/3314
f 3581/4183/2828 3587/4190/2835 4078/4879/3316
f 3582/4186/2831 4074/4875/3312 4080/4878/3315
f 3761/4455/3026 3819/4456/3027 4189/4881/3318
f 4190/4882/3319 3822/4452/3023 3764/4451/3022
f 3763/4453/3024 3820/4454/3025 4191/4883/3320
f 4192/4884/3321 3821/4450/3021 3762/4449/3020
f 3787/4355/2956 4170/4901/3332 4168/4885/3322
f 3790/4352/2953 4171/4903/3334 4165/4886/3323
f 4166/4887/3324 4169/4900/3331 3789/4354/2955
f 4167/4888/3325 4172/4899/3330 3788/4353/2954
f 3791/4494/3058 4174/4907/3338 4182/4889/3326
f 3795/4492/3054 3800/4493/3054 4177/4890/3327
f 3802/4486/3055 3797/4490/3056 4181/4892/3326
f 3798/4488/3057 3795/4492/3054 4179/4891/3327
f 3793/4496/3059 4176/4909/3340 4180/4895/3327
f 3801/4485/3054 4178/4897/3327 4177/4890/3327
f 3797/4490/3056 3796/4491/3056 4175/4896/3326
f 4178/4897/3327 3801/4485/3054 3799/4489/3054
f 4183/4898/3326 4175/4896/3326 3796/4491/3056
f 4183/4898/3326 3794/4487/3056 3792/4495/3056
f 4172/4899/3330 4186/4911/3342 3814/4361/2962
f 4169/4900/3331 4185/4912/3343 3813/4357/2958
f 4170/4901/3332 3787/4355/2956 3812/4359/2960
f 4171/4903/3334 3790/4352/2953 3811/4358/2959
f 4167/4888/3325 3806/4481/3050 3807/4497/3060
f 4165/4886/3323 4158/4913/3344 3809/4498/3061
f 4166/4887/3324 3805/4482/3051 3810/4500/3063
f 4168/4885/3322 4157/4914/3345 3808/4499/3062
f 3818/4503/3066 4162/4915/3346 4174/4907/3338
f 3816/4501/3064 3802/4486/3055 4173/4893/3328
f 3817/4504/3067 4164/4916/3347 4176/4909/3340
f 3815/4502/3065 3798/4488/3057 4184/4894/3329
f 4188/4902/3333 3812/4359/2960 3822/4452/3023
f 4187/4904/3335 3811/4358/2959 3821/4450/3021
f 4186/4911/3342 4189/4881/3318 3819/4456/3027
f 4185/4912/3343 4191/4883/3320 3820/4454/3025
f 4158/4913/3344 4155/4934/3365 3833/4516/3078
f 3832/4506/3069 4156/4931/3362 4160/4906/3337
f 4157/4914/3345 4153/4933/3364 3834/4515/3077
f 3831/4505/3068 4154/4932/3363 4159/4905/3336
f 3830/4507/3070 4151/4929/3360 4162/4915/3346
f 3827/4508/3071 4150/4930/3361 4164/4916/3347
f 3829/4511/3073 3816/4501/3064 4161/4908/3339
f 3828/4512/3074 3815/4502/3065 4163/4910/3341
f 3823/4525/3087 4139/4992/3409 4146/4919/3350
f 3825/4524/3086 4138/4991/3408 4142/4920/3351
f 3826/4523/3085 3835/4527/3089 4145/4921/3352
f 3824/4522/3084 3837/4526/3088 4147/4923/3354
f 3824/4522/3084 4137/4924/3355 4144/4925/3356
f 3826/4523/3085 4140/4922/3353 4141/4926/3357
f 4148/4927/3358 4139/4992/3409 3823/4525/3087
f 4143/4928/3359 4138/4991/3408 3825/4524/3086
f 3835/4527/3089 3828/4512/3074 4149/4918/3349
f 3836/4513/3075 4146/4919/3350 4151/4929/3360
f 3838/4514/3076 4142/4920/3351 4150/4930/3361
f 3837/4526/3088 3829/4511/3073 4152/4917/3348
f 3839/4518/3080 4141/4926/3357 4156/4931/3362
f 3842/4517/3079 4144/4925/3356 4154/4932/3363
f 4153/4933/3364 4148/4927/3358 3840/4520/3082
f 4155/4934/3365 4143/4928/3359 3841/4521/3083
f 4135/4935/3366 4061/4776/3237 4015/4575/3115
f 4016/4583/3119 4064/4692/3186 4134/4936/3367
f 4136/4937/3368 4063/4778/3239 4014/4574/3114
f 4013/4585/3121 4062/4691/3185 4133/4938/3369
f 4020/4783/3244 4134/4936/3367 4192/4884/3321
f 4019/4781/3242 4133/4938/3369 4190/4882/3319
f 4189/4881/3318 4136/4937/3368 4018/4780/3241
f 4191/4883/3320 4135/4935/3366 4017/4782/3243
f 4039/4837/3278 4111/4965/3386 4088/4951/3382
f 4031/4836/3277 4101/4963/3387 4085/4952/3383
f 4086/4953/3384 4106/4956/3387 4032/4831/3273
f 4087/4954/3385 4102/4955/3386 4040/4834/3276
f 4102/4955/3386 4103/4960/3386 4036/4841/3274
f 4106/4956/3387 4109/4964/3387 4033/4839/3275
f 4034/4957/3274 4112/4959/3386 4110/4958/3386
f 4037/4832/3274 4107/4993/3386 4112/4959/3386
f 4103/4960/3386 4107/4993/3386 4037/4832/3274
f 4105/4961/3387 4029/4842/3275 4038/4840/3275
f 4030/4833/3275 4104/4966/3387 4101/4963/3387
f 4109/4964/3387 4108/4962/3387 4038/4840/3275
f 4035/4835/3274 4110/4958/3386 4111/4965/3386
f 4029/4842/3275 4105/4961/3387 4104/4966/3387
f 4046/4843/3280 4042/4862/3299 4084/4967/3388
f 4081/4969/3390 4043/4861/3298 4045/4848/3285
f 4083/4971/3392 4044/4863/3300 4048/4847/3284
f 4047/4845/3282 4041/4864/3301 4082/4973/3394
f 4097/4968/3389 4124/4979/3397 4053/4844/3281
f 4099/4972/3393 4048/4847/3284 4056/4849/3286
f 4098/4970/3391 4045/4848/3285 4054/4851/3288
f 4100/4974/3395 4121/4978/3396 4055/4846/3283
f 4123/4976/3397 4054/4851/3288 4049/4852/3289
f 4121/4978/3396 4125/4981/3399 4052/4854/3291
f 4124/4979/3397 4128/4982/3398 4051/4853/3290
f 4122/4975/3396 4056/4849/3286 4050/4850/3287
f 4060/4855/3292 4129/4988/3405 4127/4980/3399
f 4058/4856/3293 4132/4990/3407 4126/4977/3398
f 4125/4981/3399 4130/4989/3406 4059/4711/3195
f 4128/4982/3398 4131/4987/3404 4057/4712/3196
f 4090/4983/3400 4113/4946/3377 4069/4872/3309
f 4092/4984/3401 4116/4947/3378 4076/4876/3313
f 4070/4871/3308 4117/4944/3375 4089/4985/3402
f 4091/4986/3403 4114/4943/3374 4072/4869/3306
f 4089/4985/3402 4120/4949/3380 4075/4874/3311
f 4071/4870/3307 4119/4945/3376 4092/4984/3401
f 4091/4986/3403 4080/4878/3315 4074/4875/3312
f 4090/4983/3400 4079/4880/3317 4073/4873/3310
f 4131/4987/3404 4134/4936/3367 4064/4692/3186
f 4061/4776/3237 4135/4935/3366 4129/4988/3405
f 4130/4989/3406 4133/4938/3369 4062/4691/3185
f 4063/4778/3239 4136/4937/3368 4132/4990/3407
f 4082/4973/3394 4041/4864/3301 4114/4943/3374
f 4083/4971/3392 4141/4926/3357 4117/4944/3375
f 4081/4969/3390 4144/4925/3356 4119/4945/3376
f 4084/4967/3388 4042/4862/3299 4113/4946/3377
f 4088/4951/3382 4150/4930/3361 4093/4940/3371
f 4085/4952/3383 4151/4929/3360 4095/4942/3373
f 4087/4954/3385 4025/4860/3297 4096/4939/3370
f 4118/4948/3379 4065/4865/3302 4095/4942/3373
f 4115/4950/3381 4067/4866/3303 4093/4940/3371
f 4086/4953/3384 4026/4858/3295 4094/4941/3372
f 4120/4949/3380 4145/4921/3352 4096/4939/3370
f 4116/4947/3378 4147/4923/3354 4094/4941/3372
f 4138/4991/3408 4143/4928/3359 4113/4946/3377
f 4119/4945/3376 4144/4925/3356 4137/4924/3355
f 4139/4992/3409 4148/4927/3358 4114/4943/3374
f 4117/4944/3375 4141/4926/3357 4140/4922/3353
f 4138/4991/3408 4090/4983/3400 4115/4950/3381
f 4116/4947/3378 4092/4984/3401 4137/4924/3355
f 4120/4949/3380 4089/4985/3402 4140/4922/3353
f 4139/4992/3409 4091/4986/3403 4118/4948/3379
f 4156/4931/3362 4083/4971/3392 4099/4972/3393
f 4097/4968/3389 4084/4967/3388 4155/4934/3365
f 4154/4932/3363 4081/4969/3390 4098/4970/3391
f 4100/4974/3395 4082/4973/3394 4153/4933/3364
f 4159/4905/3336 4098/4970/3391 4123/4976/3397
f 4101/4963/3387 4174/4907/3338 4162/4915/3346
f 4124/4979/3397 4097/4968/3389 4158/4913/3344
f 4160/4906/3337 4099/4972/3393 4122/4975/3396
f 4121/4978/3396 4100/4974/3395 4157/4914/3345
f 4111/4965/3386 4176/4909/3340 4164/4916/3347
f 4102/4955/3386 4087/4954/3385 4163/4910/3341
f 4106/4956/3387 4086/4953/3384 4161/4908/3339
f 4168/4885/3322 4170/4901/3332 4125/4981/3399
f 4112/4959/3386 4178/4897/3327 4180/4895/3327
f 4183/4898/3326 4105/4961/3387 4108/4962/3387
f 4110/4958/3386 4180/4895/3327 4176/4909/3340
f 4165/4886/3323 4171/4903/3334 4128/4982/3398
f 4105/4961/3387 4183/4898/3326 4182/4889/3326
f 4104/4966/3387 4182/4889/3326 4174/4907/3338
f 4178/4897/3327 4112/4959/3386 4107/4993/3386
f 4107/4993/3386 4103/4960/3386 4179/4891/3327
f 4109/4964/3387 4106/4956/3387 4173/4893/3328
f 4167/4888/3325 4123/4976/3397 4126/4977/3398
f 4166/4887/3324 4122/4975/3396 4127/4980/3399
f 4108/4962/3387 4109/4964/3387 4181/4892/3326
f 4103/4960/3386 4102/4955/3386 4184/4894/3329
f 4171/4903/3334 4187/4904/3335 4131/4987/3404
f 4170/4901/3332 4188/4902/3333 4130/4989/3406
f 4132/4990/3407 4186/4911/3342 4172/4899/3330
f 4129/4988/3405 4185/4912/3343 4169/4900/3331
f 4187/4904/3335 4192/4884/3321 4134/4936/3367
f 4136/4937/3368 4189/4881/3318 4186/4911/3342
f 4135/4935/3366 4191/4883/3320 4185/4912/3343
f 4188/4902/3333 4190/4882/3319 4133/4938/3369
