# OBJ file
v -0.200000 -19.000000 87.666809
v -0.200000 -13.100000 87.666809
v -0.203600 -13.100000 87.836464
f -3 -2 -1
v -0.200000 -19.000000 87.666809
v -0.203600 -13.100000 87.836464
v -0.203600 -19.000000 87.836464
f -3 -2 -1
v -0.203600 -13.100000 87.836464
v -0.214392 -13.100000 88.005814
v -0.203600 -19.000000 87.836464
f -3 -2 -1
v -0.203600 -19.000000 87.836464
v -0.214392 -13.100000 88.005814
v -0.214392 -19.000000 88.005814
f -3 -2 -1
v -0.214392 -13.100000 88.005814
v -0.232357 -13.100000 88.174561
v -0.214392 -19.000000 88.005814
f -3 -2 -1
v -0.214392 -19.000000 88.005814
v -0.232357 -13.100000 88.174561
v -0.232357 -19.000000 88.174561
f -3 -2 -1
v -0.232357 -13.100000 88.174561
v -0.257463 -13.100000 88.342384
v -0.232357 -19.000000 88.174561
f -3 -2 -1
v -0.232357 -19.000000 88.174561
v -0.257463 -13.100000 88.342384
v -0.257463 -19.000000 88.342384
f -3 -2 -1
v -0.257463 -13.100000 88.342384
v -0.289665 -13.100000 88.508995
v -0.257463 -19.000000 88.342384
f -3 -2 -1
v -0.257463 -19.000000 88.342384
v -0.289665 -13.100000 88.508995
v -0.289665 -19.000000 88.508995
f -3 -2 -1
v -0.289665 -13.100000 88.508995
v -0.328904 -13.100000 88.674088
v -0.289665 -19.000000 88.508995
f -3 -2 -1
v -0.289665 -19.000000 88.508995
v -0.328904 -13.100000 88.674088
v -0.328904 -19.000000 88.674088
f -3 -2 -1
v -0.328904 -13.100000 88.674088
v -0.375111 -13.100000 88.837372
v -0.328904 -19.000000 88.674088
f -3 -2 -1
v -0.328904 -19.000000 88.674088
v -0.375111 -13.100000 88.837372
v -0.375111 -19.000000 88.837372
f -3 -2 -1
v -0.375111 -13.100000 88.837372
v -0.428202 -13.100000 88.998550
v -0.375111 -19.000000 88.837372
f -3 -2 -1
v -0.375111 -19.000000 88.837372
v -0.428202 -13.100000 88.998550
v -0.428202 -19.000000 88.998550
f -3 -2 -1
v -0.428202 -13.100000 88.998550
v -0.488080 -13.100000 89.157326
v -0.428202 -19.000000 88.998550
f -3 -2 -1
v -0.428202 -19.000000 88.998550
v -0.488080 -13.100000 89.157326
v -0.488080 -19.000000 89.157326
f -3 -2 -1
v -0.488080 -13.100000 89.157326
v -0.554640 -13.100000 89.313423
v -0.488080 -19.000000 89.157326
f -3 -2 -1
v -0.488080 -19.000000 89.157326
v -0.554640 -13.100000 89.313423
v -0.554640 -19.000000 89.313423
f -3 -2 -1
v -0.554640 -13.100000 89.313423
v -0.627760 -13.100000 89.466560
v -0.554640 -19.000000 89.313423
f -3 -2 -1
v -0.554640 -19.000000 89.313423
v -0.627760 -13.100000 89.466560
v -0.627760 -19.000000 89.466560
f -3 -2 -1
v -0.627760 -13.100000 89.466560
v -0.707310 -13.100000 89.616447
v -0.627760 -19.000000 89.466560
f -3 -2 -1
v -0.627760 -19.000000 89.466560
v -0.707310 -13.100000 89.616447
v -0.707310 -19.000000 89.616447
f -3 -2 -1
v -0.707310 -13.100000 89.616447
v -0.793145 -13.100000 89.762840
v -0.707310 -19.000000 89.616447
f -3 -2 -1
v -0.707310 -19.000000 89.616447
v -0.793145 -13.100000 89.762840
v -0.793145 -19.000000 89.762840
f -3 -2 -1
v -0.793145 -13.100000 89.762840
v -0.885112 -13.100000 89.905449
v -0.793145 -19.000000 89.762840
f -3 -2 -1
v -0.793145 -19.000000 89.762840
v -0.885112 -13.100000 89.905449
v -0.885112 -19.000000 89.905449
f -3 -2 -1
v -0.885112 -13.100000 89.905449
v -0.983045 -13.100000 90.044029
v -0.885112 -19.000000 89.905449
f -3 -2 -1
v -0.885112 -19.000000 89.905449
v -0.983045 -13.100000 90.044029
v -0.983045 -19.000000 90.044029
f -3 -2 -1
v -0.983045 -13.100000 90.044029
v -1.086768 -13.100000 90.178337
v -0.983045 -19.000000 90.044029
f -3 -2 -1
v -0.983045 -19.000000 90.044029
v -1.086768 -13.100000 90.178337
v -1.086768 -19.000000 90.178337
f -3 -2 -1
v -1.086768 -13.100000 90.178337
v -1.196094 -13.100000 90.308121
v -1.086768 -19.000000 90.178337
f -3 -2 -1
v -1.086768 -19.000000 90.178337
v -1.196094 -13.100000 90.308121
v -1.196094 -19.000000 90.308121
f -3 -2 -1
v -1.196094 -13.100000 90.308121
v -1.310826 -13.100000 90.433151
v -1.196094 -19.000000 90.308121
f -3 -2 -1
v -1.196094 -19.000000 90.308121
v -1.310826 -13.100000 90.433151
v -1.310826 -19.000000 90.433151
f -3 -2 -1
v -1.310826 -13.100000 90.433151
v -1.430758 -13.100000 90.553207
v -1.310826 -19.000000 90.433151
f -3 -2 -1
v -1.310826 -19.000000 90.433151
v -1.430758 -13.100000 90.553207
v -1.430758 -19.000000 90.553207
f -3 -2 -1
v -1.430758 -13.100000 90.553207
v -1.555675 -13.100000 90.668068
v -1.430758 -19.000000 90.553207
f -3 -2 -1
v -1.430758 -19.000000 90.553207
v -1.555675 -13.100000 90.668068
v -1.555675 -19.000000 90.668068
f -3 -2 -1
v -1.555675 -13.100000 90.668068
v -1.685350 -13.100000 90.777519
v -1.555675 -19.000000 90.668068
f -3 -2 -1
v -1.555675 -19.000000 90.668068
v -1.685350 -13.100000 90.777519
v -1.685350 -19.000000 90.777519
f -3 -2 -1
v -1.685350 -13.100000 90.777519
v -1.819551 -13.100000 90.881378
v -1.685350 -19.000000 90.777519
f -3 -2 -1
v -1.685350 -19.000000 90.777519
v -1.819551 -13.100000 90.881378
v -1.819551 -19.000000 90.881378
f -3 -2 -1
v -1.819551 -13.100000 90.881378
v -1.958036 -13.100000 90.979446
v -1.819551 -19.000000 90.881378
f -3 -2 -1
v -1.819551 -19.000000 90.881378
v -1.958036 -13.100000 90.979446
v -1.958036 -19.000000 90.979446
f -3 -2 -1
v -1.958036 -13.100000 90.979446
v -2.100557 -13.100000 91.071564
v -1.958036 -19.000000 90.979446
f -3 -2 -1
v -1.958036 -19.000000 90.979446
v -2.100557 -13.100000 91.071564
v -2.100557 -19.000000 91.071564
f -3 -2 -1
v -2.100557 -13.100000 91.071564
v -2.246855 -13.100000 91.157539
v -2.100557 -19.000000 91.071564
f -3 -2 -1
v -2.100557 -19.000000 91.071564
v -2.246855 -13.100000 91.157539
v -2.246855 -19.000000 91.157539
f -3 -2 -1
v -2.246855 -13.100000 91.157539
v -2.396670 -13.100000 91.237236
v -2.246855 -19.000000 91.157539
f -3 -2 -1
v -2.246855 -19.000000 91.157539
v -2.396670 -13.100000 91.237236
v -2.396670 -19.000000 91.237236
f -3 -2 -1
v -2.396670 -13.100000 91.237236
v -2.549729 -13.100000 91.310516
v -2.396670 -19.000000 91.237236
f -3 -2 -1
v -2.396670 -19.000000 91.237236
v -2.549729 -13.100000 91.310516
v -2.549729 -19.000000 91.310516
f -3 -2 -1
v -2.549729 -13.100000 91.310516
v -2.705759 -13.100000 91.377228
v -2.549729 -19.000000 91.310516
f -3 -2 -1
v -2.549729 -19.000000 91.310516
v -2.705759 -13.100000 91.377228
v -2.705759 -19.000000 91.377228
f -3 -2 -1
v -2.705759 -13.100000 91.377228
v -2.864478 -13.100000 91.437263
v -2.705759 -19.000000 91.377228
f -3 -2 -1
v -2.705759 -19.000000 91.377228
v -2.864478 -13.100000 91.437263
v -2.864478 -19.000000 91.437263
f -3 -2 -1
v -2.864478 -13.100000 91.437263
v -3.025601 -13.100000 91.490524
v -2.864478 -19.000000 91.437263
f -3 -2 -1
v -2.864478 -19.000000 91.437263
v -3.025601 -13.100000 91.490524
v -3.025601 -19.000000 91.490524
f -3 -2 -1
v -3.025601 -13.100000 91.490524
v -3.188837 -13.100000 91.536896
v -3.025601 -19.000000 91.490524
f -3 -2 -1
v -3.025601 -19.000000 91.490524
v -3.188837 -13.100000 91.536896
v -3.188837 -19.000000 91.536896
f -3 -2 -1
v -3.188837 -13.100000 91.536896
v -3.353893 -13.100000 91.576294
v -3.188837 -19.000000 91.536896
f -3 -2 -1
v -3.188837 -19.000000 91.536896
v -3.353893 -13.100000 91.576294
v -3.353893 -19.000000 91.576294
f -3 -2 -1
v -3.353893 -13.100000 91.576294
v -3.520473 -13.100000 91.608665
v -3.353893 -19.000000 91.576294
f -3 -2 -1
v -3.353893 -19.000000 91.576294
v -3.520473 -13.100000 91.608665
v -3.520473 -19.000000 91.608665
f -3 -2 -1
v -3.520473 -13.100000 91.608665
v -3.688274 -13.100000 91.633942
v -3.520473 -19.000000 91.608665
f -3 -2 -1
v -3.520473 -19.000000 91.608665
v -3.688274 -13.100000 91.633942
v -3.688274 -19.000000 91.633942
f -3 -2 -1
v -3.688274 -13.100000 91.633942
v -3.856997 -13.100000 91.652077
v -3.688274 -19.000000 91.633942
f -3 -2 -1
v -3.688274 -19.000000 91.633942
v -3.856997 -13.100000 91.652077
v -3.856997 -19.000000 91.652077
f -3 -2 -1
v -3.856997 19.000000 91.652077
v -3.856997 13.100000 91.652077
v -3.688274 13.100000 91.633942
f -3 -2 -1
v -3.856997 19.000000 91.652077
v -3.688274 13.100000 91.633942
v -3.688274 19.000000 91.633942
f -3 -2 -1
v -3.688274 13.100000 91.633942
v -3.520473 13.100000 91.608665
v -3.688274 19.000000 91.633942
f -3 -2 -1
v -3.688274 19.000000 91.633942
v -3.520473 13.100000 91.608665
v -3.520473 19.000000 91.608665
f -3 -2 -1
v -3.520473 13.100000 91.608665
v -3.353893 13.100000 91.576294
v -3.520473 19.000000 91.608665
f -3 -2 -1
v -3.520473 19.000000 91.608665
v -3.353893 13.100000 91.576294
v -3.353893 19.000000 91.576294
f -3 -2 -1
v -3.353893 13.100000 91.576294
v -3.188837 13.100000 91.536896
v -3.353893 19.000000 91.576294
f -3 -2 -1
v -3.353893 19.000000 91.576294
v -3.188837 13.100000 91.536896
v -3.188837 19.000000 91.536896
f -3 -2 -1
v -3.188837 13.100000 91.536896
v -3.025601 13.100000 91.490524
v -3.188837 19.000000 91.536896
f -3 -2 -1
v -3.188837 19.000000 91.536896
v -3.025601 13.100000 91.490524
v -3.025601 19.000000 91.490524
f -3 -2 -1
v -3.025601 13.100000 91.490524
v -2.864478 13.100000 91.437263
v -3.025601 19.000000 91.490524
f -3 -2 -1
v -3.025601 19.000000 91.490524
v -2.864478 13.100000 91.437263
v -2.864478 19.000000 91.437263
f -3 -2 -1
v -2.864478 13.100000 91.437263
v -2.705759 13.100000 91.377228
v -2.864478 19.000000 91.437263
f -3 -2 -1
v -2.864478 19.000000 91.437263
v -2.705759 13.100000 91.377228
v -2.705759 19.000000 91.377228
f -3 -2 -1
v -2.705759 13.100000 91.377228
v -2.549729 13.100000 91.310516
v -2.705759 19.000000 91.377228
f -3 -2 -1
v -2.705759 19.000000 91.377228
v -2.549729 13.100000 91.310516
v -2.549729 19.000000 91.310516
f -3 -2 -1
v -2.549729 13.100000 91.310516
v -2.396670 13.100000 91.237236
v -2.549729 19.000000 91.310516
f -3 -2 -1
v -2.549729 19.000000 91.310516
v -2.396670 13.100000 91.237236
v -2.396670 19.000000 91.237236
f -3 -2 -1
v -2.396670 13.100000 91.237236
v -2.246855 13.100000 91.157539
v -2.396670 19.000000 91.237236
f -3 -2 -1
v -2.396670 19.000000 91.237236
v -2.246855 13.100000 91.157539
v -2.246855 19.000000 91.157539
f -3 -2 -1
v -2.246855 13.100000 91.157539
v -2.100557 13.100000 91.071564
v -2.246855 19.000000 91.157539
f -3 -2 -1
v -2.246855 19.000000 91.157539
v -2.100557 13.100000 91.071564
v -2.100557 19.000000 91.071564
f -3 -2 -1
v -2.100557 13.100000 91.071564
v -1.958036 13.100000 90.979446
v -2.100557 19.000000 91.071564
f -3 -2 -1
v -2.100557 19.000000 91.071564
v -1.958036 13.100000 90.979446
v -1.958036 19.000000 90.979446
f -3 -2 -1
v -1.958036 13.100000 90.979446
v -1.819551 13.100000 90.881378
v -1.958036 19.000000 90.979446
f -3 -2 -1
v -1.958036 19.000000 90.979446
v -1.819551 13.100000 90.881378
v -1.819551 19.000000 90.881378
f -3 -2 -1
v -1.819551 13.100000 90.881378
v -1.685350 13.100000 90.777519
v -1.819551 19.000000 90.881378
f -3 -2 -1
v -1.819551 19.000000 90.881378
v -1.685350 13.100000 90.777519
v -1.685350 19.000000 90.777519
f -3 -2 -1
v -1.685350 13.100000 90.777519
v -1.555675 13.100000 90.668068
v -1.685350 19.000000 90.777519
f -3 -2 -1
v -1.685350 19.000000 90.777519
v -1.555675 13.100000 90.668068
v -1.555675 19.000000 90.668068
f -3 -2 -1
v -1.555675 13.100000 90.668068
v -1.430758 13.100000 90.553207
v -1.555675 19.000000 90.668068
f -3 -2 -1
v -1.555675 19.000000 90.668068
v -1.430758 13.100000 90.553207
v -1.430758 19.000000 90.553207
f -3 -2 -1
v -1.430758 13.100000 90.553207
v -1.310826 13.100000 90.433151
v -1.430758 19.000000 90.553207
f -3 -2 -1
v -1.430758 19.000000 90.553207
v -1.310826 13.100000 90.433151
v -1.310826 19.000000 90.433151
f -3 -2 -1
v -1.310826 13.100000 90.433151
v -1.196094 13.100000 90.308121
v -1.310826 19.000000 90.433151
f -3 -2 -1
v -1.310826 19.000000 90.433151
v -1.196094 13.100000 90.308121
v -1.196094 19.000000 90.308121
f -3 -2 -1
v -1.196094 13.100000 90.308121
v -1.086768 13.100000 90.178337
v -1.196094 19.000000 90.308121
f -3 -2 -1
v -1.196094 19.000000 90.308121
v -1.086768 13.100000 90.178337
v -1.086768 19.000000 90.178337
f -3 -2 -1
v -1.086768 13.100000 90.178337
v -0.983045 13.100000 90.044029
v -1.086768 19.000000 90.178337
f -3 -2 -1
v -1.086768 19.000000 90.178337
v -0.983045 13.100000 90.044029
v -0.983045 19.000000 90.044029
f -3 -2 -1
v -0.983045 13.100000 90.044029
v -0.885112 13.100000 89.905449
v -0.983045 19.000000 90.044029
f -3 -2 -1
v -0.983045 19.000000 90.044029
v -0.885112 13.100000 89.905449
v -0.885112 19.000000 89.905449
f -3 -2 -1
v -0.885112 13.100000 89.905449
v -0.793145 13.100000 89.762840
v -0.885112 19.000000 89.905449
f -3 -2 -1
v -0.885112 19.000000 89.905449
v -0.793145 13.100000 89.762840
v -0.793145 19.000000 89.762840
f -3 -2 -1
v -0.793145 13.100000 89.762840
v -0.707310 13.100000 89.616447
v -0.793145 19.000000 89.762840
f -3 -2 -1
v -0.793145 19.000000 89.762840
v -0.707310 13.100000 89.616447
v -0.707310 19.000000 89.616447
f -3 -2 -1
v -0.707310 13.100000 89.616447
v -0.627760 13.100000 89.466560
v -0.707310 19.000000 89.616447
f -3 -2 -1
v -0.707310 19.000000 89.616447
v -0.627760 13.100000 89.466560
v -0.627760 19.000000 89.466560
f -3 -2 -1
v -0.627760 13.100000 89.466560
v -0.554640 13.100000 89.313423
v -0.627760 19.000000 89.466560
f -3 -2 -1
v -0.627760 19.000000 89.466560
v -0.554640 13.100000 89.313423
v -0.554640 19.000000 89.313423
f -3 -2 -1
v -0.554640 13.100000 89.313423
v -0.488080 13.100000 89.157326
v -0.554640 19.000000 89.313423
f -3 -2 -1
v -0.554640 19.000000 89.313423
v -0.488080 13.100000 89.157326
v -0.488080 19.000000 89.157326
f -3 -2 -1
v -0.488080 13.100000 89.157326
v -0.428202 13.100000 88.998550
v -0.488080 19.000000 89.157326
f -3 -2 -1
v -0.488080 19.000000 89.157326
v -0.428202 13.100000 88.998550
v -0.428202 19.000000 88.998550
f -3 -2 -1
v -0.428202 13.100000 88.998550
v -0.375111 13.100000 88.837372
v -0.428202 19.000000 88.998550
f -3 -2 -1
v -0.428202 19.000000 88.998550
v -0.375111 13.100000 88.837372
v -0.375111 19.000000 88.837372
f -3 -2 -1
v -0.375111 13.100000 88.837372
v -0.328904 13.100000 88.674088
v -0.375111 19.000000 88.837372
f -3 -2 -1
v -0.375111 19.000000 88.837372
v -0.328904 13.100000 88.674088
v -0.328904 19.000000 88.674088
f -3 -2 -1
v -0.328904 13.100000 88.674088
v -0.289665 13.100000 88.508995
v -0.328904 19.000000 88.674088
f -3 -2 -1
v -0.328904 19.000000 88.674088
v -0.289665 13.100000 88.508995
v -0.289665 19.000000 88.508995
f -3 -2 -1
v -0.289665 13.100000 88.508995
v -0.257463 13.100000 88.342384
v -0.289665 19.000000 88.508995
f -3 -2 -1
v -0.289665 19.000000 88.508995
v -0.257463 13.100000 88.342384
v -0.257463 19.000000 88.342384
f -3 -2 -1
v -0.257463 13.100000 88.342384
v -0.232357 13.100000 88.174561
v -0.257463 19.000000 88.342384
f -3 -2 -1
v -0.257463 19.000000 88.342384
v -0.232357 13.100000 88.174561
v -0.232357 19.000000 88.174561
f -3 -2 -1
v -0.232357 13.100000 88.174561
v -0.214392 13.100000 88.005814
v -0.232357 19.000000 88.174561
f -3 -2 -1
v -0.232357 19.000000 88.174561
v -0.214392 13.100000 88.005814
v -0.214392 19.000000 88.005814
f -3 -2 -1
v -0.214392 13.100000 88.005814
v -0.203600 13.100000 87.836464
v -0.214392 19.000000 88.005814
f -3 -2 -1
v -0.214392 19.000000 88.005814
v -0.203600 13.100000 87.836464
v -0.203600 19.000000 87.836464
f -3 -2 -1
v -0.203600 13.100000 87.836464
v -0.200000 13.100000 87.666809
v -0.203600 19.000000 87.836464
f -3 -2 -1
v -0.203600 19.000000 87.836464
v -0.200000 13.100000 87.666809
v -0.200000 19.000000 87.666809
f -3 -2 -1
v -29.113083 -19.000000 123.487457
v -29.113083 -13.100000 123.487457
v -29.125029 -13.100000 123.661201
f -3 -2 -1
v -29.113083 -19.000000 123.487457
v -29.125029 -13.100000 123.661201
v -29.125029 -19.000000 123.661201
f -3 -2 -1
v -29.125029 -13.100000 123.661201
v -29.144526 -13.100000 123.834251
v -29.125029 -19.000000 123.661201
f -3 -2 -1
v -29.125029 -19.000000 123.661201
v -29.144526 -13.100000 123.834251
v -29.144526 -19.000000 123.834251
f -3 -2 -1
v -29.144526 -13.100000 123.834251
v -29.171535 -13.100000 124.006287
v -29.144526 -19.000000 123.834251
f -3 -2 -1
v -29.144526 -19.000000 123.834251
v -29.171535 -13.100000 124.006287
v -29.171535 -19.000000 124.006287
f -3 -2 -1
v -29.171535 -13.100000 124.006287
v -29.206009 -13.100000 124.176994
v -29.171535 -19.000000 124.006287
f -3 -2 -1
v -29.171535 -19.000000 124.006287
v -29.206009 -13.100000 124.176994
v -29.206009 -19.000000 124.176994
f -3 -2 -1
v -29.206009 -13.100000 124.176994
v -29.247881 -13.100000 124.346031
v -29.206009 -19.000000 124.176994
f -3 -2 -1
v -29.206009 -19.000000 124.176994
v -29.247881 -13.100000 124.346031
v -29.247881 -19.000000 124.346031
f -3 -2 -1
v -29.247881 -13.100000 124.346031
v -29.297071 -13.100000 124.513092
v -29.247881 -19.000000 124.346031
f -3 -2 -1
v -29.247881 -19.000000 124.346031
v -29.297071 -13.100000 124.513092
v -29.297071 -19.000000 124.513092
f -3 -2 -1
v -29.297071 -13.100000 124.513092
v -29.353485 -13.100000 124.677841
v -29.297071 -19.000000 124.513092
f -3 -2 -1
v -29.297071 -19.000000 124.513092
v -29.353485 -13.100000 124.677841
v -29.353485 -19.000000 124.677841
f -3 -2 -1
v -29.353485 -13.100000 124.677841
v -29.417017 -13.100000 124.839989
v -29.353485 -19.000000 124.677841
f -3 -2 -1
v -29.353485 -19.000000 124.677841
v -29.417017 -13.100000 124.839989
v -29.417017 -19.000000 124.839989
f -3 -2 -1
v -29.417017 -13.100000 124.839989
v -29.487547 -13.100000 124.999214
v -29.417017 -19.000000 124.839989
f -3 -2 -1
v -29.417017 -19.000000 124.839989
v -29.487547 -13.100000 124.999214
v -29.487547 -19.000000 124.999214
f -3 -2 -1
v -29.487547 -13.100000 124.999214
v -29.564939 -13.100000 125.155228
v -29.487547 -19.000000 124.999214
f -3 -2 -1
v -29.487547 -19.000000 124.999214
v -29.564939 -13.100000 125.155228
v -29.564939 -19.000000 125.155228
f -3 -2 -1
v -29.564939 -13.100000 125.155228
v -29.649050 -13.100000 125.307709
v -29.564939 -19.000000 125.155228
f -3 -2 -1
v -29.564939 -19.000000 125.155228
v -29.649050 -13.100000 125.307709
v -29.649050 -19.000000 125.307709
f -3 -2 -1
v -29.649050 -13.100000 125.307709
v -29.739717 -13.100000 125.456390
v -29.649050 -19.000000 125.307709
f -3 -2 -1
v -29.649050 -19.000000 125.307709
v -29.739717 -13.100000 125.456390
v -29.739717 -19.000000 125.456390
f -3 -2 -1
v -29.739717 -13.100000 125.456390
v -29.836771 -13.100000 125.600990
v -29.739717 -19.000000 125.456390
f -3 -2 -1
v -29.739717 -19.000000 125.456390
v -29.836771 -13.100000 125.600990
v -29.836771 -19.000000 125.600990
f -3 -2 -1
v -29.836771 -13.100000 125.600990
v -29.940025 -13.100000 125.741226
v -29.836771 -19.000000 125.600990
f -3 -2 -1
v -29.836771 -19.000000 125.600990
v -29.940025 -13.100000 125.741226
v -29.940025 -19.000000 125.741226
f -3 -2 -1
v -29.940025 -13.100000 125.741226
v -30.049286 -13.100000 125.876831
v -29.940025 -19.000000 125.741226
f -3 -2 -1
v -29.940025 -19.000000 125.741226
v -30.049286 -13.100000 125.876831
v -30.049286 -19.000000 125.876831
f -3 -2 -1
v -30.049286 -13.100000 125.876831
v -30.164349 -13.100000 126.007553
v -30.049286 -19.000000 125.876831
f -3 -2 -1
v -30.049286 -19.000000 125.876831
v -30.164349 -13.100000 126.007553
v -30.164349 -19.000000 126.007553
f -3 -2 -1
v -30.164349 -13.100000 126.007553
v -30.284990 -13.100000 126.133141
v -30.164349 -19.000000 126.007553
f -3 -2 -1
v -30.164349 -19.000000 126.007553
v -30.284990 -13.100000 126.133141
v -30.284990 -19.000000 126.133141
f -3 -2 -1
v -30.284990 -13.100000 126.133141
v -30.410982 -13.100000 126.253365
v -30.284990 -19.000000 126.133141
f -3 -2 -1
v -30.284990 -19.000000 126.133141
v -30.410982 -13.100000 126.253365
v -30.410982 -19.000000 126.253365
f -3 -2 -1
v -30.410982 -13.100000 126.253365
v -30.542091 -13.100000 126.367989
v -30.410982 -19.000000 126.253365
f -3 -2 -1
v -30.410982 -19.000000 126.253365
v -30.542091 -13.100000 126.367989
v -30.542091 -19.000000 126.367989
f -3 -2 -1
v -30.542091 -13.100000 126.367989
v -30.678062 -13.100000 126.476791
v -30.542091 -19.000000 126.367989
f -3 -2 -1
v -30.542091 -19.000000 126.367989
v -30.678062 -13.100000 126.476791
v -30.678062 -19.000000 126.476791
f -3 -2 -1
v -30.678062 -13.100000 126.476791
v -30.818642 -13.100000 126.579582
v -30.678062 -19.000000 126.476791
f -3 -2 -1
v -30.678062 -19.000000 126.476791
v -30.818642 -13.100000 126.579582
v -30.818642 -19.000000 126.579582
f -3 -2 -1
v -30.818642 -13.100000 126.579582
v -30.963560 -13.100000 126.676155
v -30.818642 -19.000000 126.579582
f -3 -2 -1
v -30.818642 -19.000000 126.579582
v -30.963560 -13.100000 126.676155
v -30.963560 -19.000000 126.676155
f -3 -2 -1
v -30.963560 -13.100000 126.676155
v -31.112547 -13.100000 126.766327
v -30.963560 -19.000000 126.676155
f -3 -2 -1
v -30.963560 -19.000000 126.676155
v -31.112547 -13.100000 126.766327
v -31.112547 -19.000000 126.766327
f -3 -2 -1
v -31.112547 -13.100000 126.766327
v -31.265314 -13.100000 126.849937
v -31.112547 -19.000000 126.766327
f -3 -2 -1
v -31.112547 -19.000000 126.766327
v -31.265314 -13.100000 126.849937
v -31.265314 -19.000000 126.849937
f -3 -2 -1
v -31.265314 -13.100000 126.849937
v -31.421579 -13.100000 126.926796
v -31.265314 -19.000000 126.849937
f -3 -2 -1
v -31.265314 -19.000000 126.849937
v -31.421579 -13.100000 126.926796
v -31.421579 -19.000000 126.926796
f -3 -2 -1
v -31.421579 -13.100000 126.926796
v -31.581041 -13.100000 126.996803
v -31.421579 -19.000000 126.926796
f -3 -2 -1
v -31.421579 -19.000000 126.926796
v -31.581041 -13.100000 126.996803
v -31.581041 -19.000000 126.996803
f -3 -2 -1
v -31.581041 -13.100000 126.996803
v -31.743401 -13.100000 127.059784
v -31.581041 -19.000000 126.996803
f -3 -2 -1
v -31.581041 -19.000000 126.996803
v -31.743401 -13.100000 127.059784
v -31.743401 -19.000000 127.059784
f -3 -2 -1
v -31.743401 -13.100000 127.059784
v -31.908344 -13.100000 127.115654
v -31.743401 -19.000000 127.059784
f -3 -2 -1
v -31.743401 -19.000000 127.059784
v -31.908344 -13.100000 127.115654
v -31.908344 -19.000000 127.115654
f -3 -2 -1
v -31.908344 -13.100000 127.115654
v -32.075562 -13.100000 127.164276
v -31.908344 -19.000000 127.115654
f -3 -2 -1
v -31.908344 -19.000000 127.115654
v -32.075562 -13.100000 127.164276
v -32.075562 -19.000000 127.164276
f -3 -2 -1
v -32.075562 -13.100000 127.164276
v -32.244743 -13.100000 127.205582
v -32.075562 -19.000000 127.164276
f -3 -2 -1
v -32.075562 -19.000000 127.164276
v -32.244743 -13.100000 127.205582
v -32.244743 -19.000000 127.205582
f -3 -2 -1
v -32.244743 -13.100000 127.205582
v -32.415558 -13.100000 127.239494
v -32.244743 -19.000000 127.205582
f -3 -2 -1
v -32.244743 -19.000000 127.205582
v -32.415558 -13.100000 127.239494
v -32.415558 -19.000000 127.239494
f -3 -2 -1
v -32.415558 -13.100000 127.239494
v -32.587688 -13.100000 127.265930
v -32.415558 -19.000000 127.239494
f -3 -2 -1
v -32.415558 -19.000000 127.239494
v -32.587688 -13.100000 127.265930
v -32.587688 -19.000000 127.265930
f -3 -2 -1
v -32.587688 -13.100000 127.265930
v -32.760803 -13.100000 127.284843
v -32.587688 -19.000000 127.265930
f -3 -2 -1
v -32.587688 -19.000000 127.265930
v -32.760803 -13.100000 127.284843
v -32.760803 -19.000000 127.284843
f -3 -2 -1
v -32.760803 -13.100000 127.284843
v -32.934582 -13.100000 127.296211
v -32.760803 -19.000000 127.284843
f -3 -2 -1
v -32.760803 -19.000000 127.284843
v -32.934582 -13.100000 127.296211
v -32.934582 -19.000000 127.296211
f -3 -2 -1
v -32.934582 -13.100000 127.296211
v -33.108688 -13.100000 127.299995
v -32.934582 -19.000000 127.296211
f -3 -2 -1
v -32.934582 -19.000000 127.296211
v -33.108688 -13.100000 127.299995
v -33.108688 -19.000000 127.299995
f -3 -2 -1
v -33.108688 19.000000 127.299995
v -33.108688 13.100000 127.299995
v -32.934582 13.100000 127.296211
f -3 -2 -1
v -33.108688 19.000000 127.299995
v -32.934582 13.100000 127.296211
v -32.934582 19.000000 127.296211
f -3 -2 -1
v -32.934582 13.100000 127.296211
v -32.760803 13.100000 127.284843
v -32.934582 19.000000 127.296211
f -3 -2 -1
v -32.934582 19.000000 127.296211
v -32.760803 13.100000 127.284843
v -32.760803 19.000000 127.284843
f -3 -2 -1
v -32.760803 13.100000 127.284843
v -32.587688 13.100000 127.265930
v -32.760803 19.000000 127.284843
f -3 -2 -1
v -32.760803 19.000000 127.284843
v -32.587688 13.100000 127.265930
v -32.587688 19.000000 127.265930
f -3 -2 -1
v -32.587688 13.100000 127.265930
v -32.415558 13.100000 127.239494
v -32.587688 19.000000 127.265930
f -3 -2 -1
v -32.587688 19.000000 127.265930
v -32.415558 13.100000 127.239494
v -32.415558 19.000000 127.239494
f -3 -2 -1
v -32.415558 13.100000 127.239494
v -32.244743 13.100000 127.205582
v -32.415558 19.000000 127.239494
f -3 -2 -1
v -32.415558 19.000000 127.239494
v -32.244743 13.100000 127.205582
v -32.244743 19.000000 127.205582
f -3 -2 -1
v -32.244743 13.100000 127.205582
v -32.075562 13.100000 127.164276
v -32.244743 19.000000 127.205582
f -3 -2 -1
v -32.244743 19.000000 127.205582
v -32.075562 13.100000 127.164276
v -32.075562 19.000000 127.164276
f -3 -2 -1
v -32.075562 13.100000 127.164276
v -31.908344 13.100000 127.115654
v -32.075562 19.000000 127.164276
f -3 -2 -1
v -32.075562 19.000000 127.164276
v -31.908344 13.100000 127.115654
v -31.908344 19.000000 127.115654
f -3 -2 -1
v -31.908344 13.100000 127.115654
v -31.743401 13.100000 127.059784
v -31.908344 19.000000 127.115654
f -3 -2 -1
v -31.908344 19.000000 127.115654
v -31.743401 13.100000 127.059784
v -31.743401 19.000000 127.059784
f -3 -2 -1
v -31.743401 13.100000 127.059784
v -31.581041 13.100000 126.996803
v -31.743401 19.000000 127.059784
f -3 -2 -1
v -31.743401 19.000000 127.059784
v -31.581041 13.100000 126.996803
v -31.581041 19.000000 126.996803
f -3 -2 -1
v -31.581041 13.100000 126.996803
v -31.421579 13.100000 126.926796
v -31.581041 19.000000 126.996803
f -3 -2 -1
v -31.581041 19.000000 126.996803
v -31.421579 13.100000 126.926796
v -31.421579 19.000000 126.926796
f -3 -2 -1
v -31.421579 13.100000 126.926796
v -31.265314 13.100000 126.849937
v -31.421579 19.000000 126.926796
f -3 -2 -1
v -31.421579 19.000000 126.926796
v -31.265314 13.100000 126.849937
v -31.265314 19.000000 126.849937
f -3 -2 -1
v -31.265314 13.100000 126.849937
v -31.112547 13.100000 126.766327
v -31.265314 19.000000 126.849937
f -3 -2 -1
v -31.265314 19.000000 126.849937
v -31.112547 13.100000 126.766327
v -31.112547 19.000000 126.766327
f -3 -2 -1
v -31.112547 13.100000 126.766327
v -30.963560 13.100000 126.676155
v -31.112547 19.000000 126.766327
f -3 -2 -1
v -31.112547 19.000000 126.766327
v -30.963560 13.100000 126.676155
v -30.963560 19.000000 126.676155
f -3 -2 -1
v -30.963560 13.100000 126.676155
v -30.818642 13.100000 126.579582
v -30.963560 19.000000 126.676155
f -3 -2 -1
v -30.963560 19.000000 126.676155
v -30.818642 13.100000 126.579582
v -30.818642 19.000000 126.579582
f -3 -2 -1
v -30.818642 13.100000 126.579582
v -30.678062 13.100000 126.476791
v -30.818642 19.000000 126.579582
f -3 -2 -1
v -30.818642 19.000000 126.579582
v -30.678062 13.100000 126.476791
v -30.678062 19.000000 126.476791
f -3 -2 -1
v -30.678062 13.100000 126.476791
v -30.542091 13.100000 126.367989
v -30.678062 19.000000 126.476791
f -3 -2 -1
v -30.678062 19.000000 126.476791
v -30.542091 13.100000 126.367989
v -30.542091 19.000000 126.367989
f -3 -2 -1
v -30.542091 13.100000 126.367989
v -30.410982 13.100000 126.253365
v -30.542091 19.000000 126.367989
f -3 -2 -1
v -30.542091 19.000000 126.367989
v -30.410982 13.100000 126.253365
v -30.410982 19.000000 126.253365
f -3 -2 -1
v -30.410982 13.100000 126.253365
v -30.284990 13.100000 126.133141
v -30.410982 19.000000 126.253365
f -3 -2 -1
v -30.410982 19.000000 126.253365
v -30.284990 13.100000 126.133141
v -30.284990 19.000000 126.133141
f -3 -2 -1
v -30.284990 13.100000 126.133141
v -30.164349 13.100000 126.007553
v -30.284990 19.000000 126.133141
f -3 -2 -1
v -30.284990 19.000000 126.133141
v -30.164349 13.100000 126.007553
v -30.164349 19.000000 126.007553
f -3 -2 -1
v -30.164349 13.100000 126.007553
v -30.049286 13.100000 125.876831
v -30.164349 19.000000 126.007553
f -3 -2 -1
v -30.164349 19.000000 126.007553
v -30.049286 13.100000 125.876831
v -30.049286 19.000000 125.876831
f -3 -2 -1
v -30.049286 13.100000 125.876831
v -29.940025 13.100000 125.741226
v -30.049286 19.000000 125.876831
f -3 -2 -1
v -30.049286 19.000000 125.876831
v -29.940025 13.100000 125.741226
v -29.940025 19.000000 125.741226
f -3 -2 -1
v -29.940025 13.100000 125.741226
v -29.836771 13.100000 125.600990
v -29.940025 19.000000 125.741226
f -3 -2 -1
v -29.940025 19.000000 125.741226
v -29.836771 13.100000 125.600990
v -29.836771 19.000000 125.600990
f -3 -2 -1
v -29.836771 13.100000 125.600990
v -29.739717 13.100000 125.456390
v -29.836771 19.000000 125.600990
f -3 -2 -1
v -29.836771 19.000000 125.600990
v -29.739717 13.100000 125.456390
v -29.739717 19.000000 125.456390
f -3 -2 -1
v -29.739717 13.100000 125.456390
v -29.649050 13.100000 125.307709
v -29.739717 19.000000 125.456390
f -3 -2 -1
v -29.739717 19.000000 125.456390
v -29.649050 13.100000 125.307709
v -29.649050 19.000000 125.307709
f -3 -2 -1
v -29.649050 13.100000 125.307709
v -29.564939 13.100000 125.155228
v -29.649050 19.000000 125.307709
f -3 -2 -1
v -29.649050 19.000000 125.307709
v -29.564939 13.100000 125.155228
v -29.564939 19.000000 125.155228
f -3 -2 -1
v -29.564939 13.100000 125.155228
v -29.487547 13.100000 124.999214
v -29.564939 19.000000 125.155228
f -3 -2 -1
v -29.564939 19.000000 125.155228
v -29.487547 13.100000 124.999214
v -29.487547 19.000000 124.999214
f -3 -2 -1
v -29.487547 13.100000 124.999214
v -29.417017 13.100000 124.839989
v -29.487547 19.000000 124.999214
f -3 -2 -1
v -29.487547 19.000000 124.999214
v -29.417017 13.100000 124.839989
v -29.417017 19.000000 124.839989
f -3 -2 -1
v -29.417017 13.100000 124.839989
v -29.353485 13.100000 124.677841
v -29.417017 19.000000 124.839989
f -3 -2 -1
v -29.417017 19.000000 124.839989
v -29.353485 13.100000 124.677841
v -29.353485 19.000000 124.677841
f -3 -2 -1
v -29.353485 13.100000 124.677841
v -29.297071 13.100000 124.513092
v -29.353485 19.000000 124.677841
f -3 -2 -1
v -29.353485 19.000000 124.677841
v -29.297071 13.100000 124.513092
v -29.297071 19.000000 124.513092
f -3 -2 -1
v -29.297071 13.100000 124.513092
v -29.247881 13.100000 124.346031
v -29.297071 19.000000 124.513092
f -3 -2 -1
v -29.297071 19.000000 124.513092
v -29.247881 13.100000 124.346031
v -29.247881 19.000000 124.346031
f -3 -2 -1
v -29.247881 13.100000 124.346031
v -29.206009 13.100000 124.176994
v -29.247881 19.000000 124.346031
f -3 -2 -1
v -29.247881 19.000000 124.346031
v -29.206009 13.100000 124.176994
v -29.206009 19.000000 124.176994
f -3 -2 -1
v -29.206009 13.100000 124.176994
v -29.171535 13.100000 124.006287
v -29.206009 19.000000 124.176994
f -3 -2 -1
v -29.206009 19.000000 124.176994
v -29.171535 13.100000 124.006287
v -29.171535 19.000000 124.006287
f -3 -2 -1
v -29.171535 13.100000 124.006287
v -29.144526 13.100000 123.834251
v -29.171535 19.000000 124.006287
f -3 -2 -1
v -29.171535 19.000000 124.006287
v -29.144526 13.100000 123.834251
v -29.144526 19.000000 123.834251
f -3 -2 -1
v -29.144526 13.100000 123.834251
v -29.125029 13.100000 123.661201
v -29.144526 19.000000 123.834251
f -3 -2 -1
v -29.144526 19.000000 123.834251
v -29.125029 13.100000 123.661201
v -29.125029 19.000000 123.661201
f -3 -2 -1
v -29.125029 13.100000 123.661201
v -29.113083 13.100000 123.487457
v -29.125029 19.000000 123.661201
f -3 -2 -1
v -29.125029 19.000000 123.661201
v -29.113083 13.100000 123.487457
v -29.113083 19.000000 123.487457
f -3 -2 -1
v -36.200001 -19.000000 127.299995
v -36.200001 -13.100000 127.299995
v -36.374477 -13.100000 127.296196
f -3 -2 -1
v -36.200001 -19.000000 127.299995
v -36.374477 -13.100000 127.296196
v -36.374477 -19.000000 127.296196
f -3 -2 -1
v -36.374477 -13.100000 127.296196
v -36.548622 -13.100000 127.284782
v -36.374477 -19.000000 127.296196
f -3 -2 -1
v -36.374477 -19.000000 127.296196
v -36.548622 -13.100000 127.284782
v -36.548622 -19.000000 127.284782
f -3 -2 -1
v -36.548622 -13.100000 127.284782
v -36.722103 -13.100000 127.265778
v -36.548622 -19.000000 127.284782
f -3 -2 -1
v -36.548622 -19.000000 127.284782
v -36.722103 -13.100000 127.265778
v -36.722103 -19.000000 127.265778
f -3 -2 -1
v -36.722103 -13.100000 127.265778
v -36.894592 -13.100000 127.239227
v -36.722103 -19.000000 127.265778
f -3 -2 -1
v -36.722103 -19.000000 127.265778
v -36.894592 -13.100000 127.239227
v -36.894592 -19.000000 127.239227
f -3 -2 -1
v -36.894592 -13.100000 127.239227
v -37.065758 -13.100000 127.205177
v -36.894592 -19.000000 127.239227
f -3 -2 -1
v -36.894592 -19.000000 127.239227
v -37.065758 -13.100000 127.205177
v -37.065758 -19.000000 127.205177
f -3 -2 -1
v -37.065758 -13.100000 127.205177
v -37.235275 -13.100000 127.163712
v -37.065758 -19.000000 127.205177
f -3 -2 -1
v -37.065758 -19.000000 127.205177
v -37.235275 -13.100000 127.163712
v -37.235275 -19.000000 127.163712
f -3 -2 -1
v -37.235275 -13.100000 127.163712
v -37.402824 -13.100000 127.114861
v -37.235275 -19.000000 127.163712
f -3 -2 -1
v -37.235275 -19.000000 127.163712
v -37.402824 -13.100000 127.114861
v -37.402824 -19.000000 127.114861
f -3 -2 -1
v -37.402824 -13.100000 127.114861
v -37.568081 -13.100000 127.058777
v -37.402824 -19.000000 127.114861
f -3 -2 -1
v -37.402824 -19.000000 127.114861
v -37.568081 -13.100000 127.058777
v -37.568081 -19.000000 127.058777
f -3 -2 -1
v -37.568081 -13.100000 127.058777
v -37.730736 -13.100000 126.995522
v -37.568081 -19.000000 127.058777
f -3 -2 -1
v -37.568081 -19.000000 127.058777
v -37.730736 -13.100000 126.995522
v -37.730736 -19.000000 126.995522
f -3 -2 -1
v -37.730736 -13.100000 126.995522
v -37.890472 -13.100000 126.925232
v -37.730736 -19.000000 126.995522
f -3 -2 -1
v -37.730736 -19.000000 126.995522
v -37.890472 -13.100000 126.925232
v -37.890472 -19.000000 126.925232
f -3 -2 -1
v -37.890472 -13.100000 126.925232
v -38.046993 -13.100000 126.848045
v -37.890472 -19.000000 126.925232
f -3 -2 -1
v -37.890472 -19.000000 126.925232
v -38.046993 -13.100000 126.848045
v -38.046993 -19.000000 126.848045
f -3 -2 -1
v -38.046993 -13.100000 126.848045
v -38.199997 -13.100000 126.764107
v -38.046993 -19.000000 126.848045
f -3 -2 -1
v -38.046993 -19.000000 126.848045
v -38.199997 -13.100000 126.764107
v -38.199997 -19.000000 126.764107
f -3 -2 -1
v -38.199997 -13.100000 126.764107
v -38.349201 -13.100000 126.673561
v -38.199997 -19.000000 126.764107
f -3 -2 -1
v -38.199997 -19.000000 126.764107
v -38.349201 -13.100000 126.673561
v -38.349201 -19.000000 126.673561
f -3 -2 -1
v -38.349201 -13.100000 126.673561
v -38.494308 -13.100000 126.576599
v -38.349201 -19.000000 126.673561
f -3 -2 -1
v -38.349201 -19.000000 126.673561
v -38.494308 -13.100000 126.576599
v -38.494308 -19.000000 126.576599
f -3 -2 -1
v -38.494308 -13.100000 126.576599
v -38.635044 -13.100000 126.473412
v -38.494308 -19.000000 126.576599
f -3 -2 -1
v -38.494308 -19.000000 126.576599
v -38.635044 -13.100000 126.473412
v -38.635044 -19.000000 126.473412
f -3 -2 -1
v -38.635044 -13.100000 126.473412
v -38.771149 -13.100000 126.364174
v -38.635044 -19.000000 126.473412
f -3 -2 -1
v -38.635044 -19.000000 126.473412
v -38.771149 -13.100000 126.364174
v -38.771149 -19.000000 126.364174
f -3 -2 -1
v -38.771149 -13.100000 126.364174
v -38.902363 -13.100000 126.249107
v -38.771149 -19.000000 126.364174
f -3 -2 -1
v -38.771149 -19.000000 126.364174
v -38.902363 -13.100000 126.249107
v -38.902363 -19.000000 126.249107
f -3 -2 -1
v -38.902363 -13.100000 126.249107
v -39.028427 -13.100000 126.128418
v -38.902363 -19.000000 126.249107
f -3 -2 -1
v -38.902363 -19.000000 126.249107
v -39.028427 -13.100000 126.128418
v -39.028427 -19.000000 126.128418
f -3 -2 -1
v -39.028427 -13.100000 126.128418
v -39.149109 -13.100000 126.002357
v -39.028427 -19.000000 126.128418
f -3 -2 -1
v -39.028427 -19.000000 126.128418
v -39.149109 -13.100000 126.002357
v -39.149109 -19.000000 126.002357
f -3 -2 -1
v -39.149109 -13.100000 126.002357
v -39.264175 -13.100000 125.871155
v -39.149109 -19.000000 126.002357
f -3 -2 -1
v -39.149109 -19.000000 126.002357
v -39.264175 -13.100000 125.871155
v -39.264175 -19.000000 125.871155
f -3 -2 -1
v -39.264175 -13.100000 125.871155
v -39.373413 -13.100000 125.735046
v -39.264175 -19.000000 125.871155
f -3 -2 -1
v -39.264175 -19.000000 125.871155
v -39.373413 -13.100000 125.735046
v -39.373413 -19.000000 125.735046
f -3 -2 -1
v -39.373413 -13.100000 125.735046
v -39.476608 -13.100000 125.594299
v -39.373413 -19.000000 125.735046
f -3 -2 -1
v -39.373413 -19.000000 125.735046
v -39.476608 -13.100000 125.594299
v -39.476608 -19.000000 125.594299
f -3 -2 -1
v -39.476608 -13.100000 125.594299
v -39.573566 -13.100000 125.449196
v -39.476608 -19.000000 125.594299
f -3 -2 -1
v -39.476608 -19.000000 125.594299
v -39.573566 -13.100000 125.449196
v -39.573566 -19.000000 125.449196
f -3 -2 -1
v -39.573566 -13.100000 125.449196
v -39.664101 -13.100000 125.300003
v -39.573566 -19.000000 125.449196
f -3 -2 -1
v -39.573566 -19.000000 125.449196
v -39.664101 -13.100000 125.300003
v -39.664101 -19.000000 125.300003
f -3 -2 -1
v -39.664101 -13.100000 125.300003
v -39.748043 -13.100000 125.147003
v -39.664101 -19.000000 125.300003
f -3 -2 -1
v -39.664101 -19.000000 125.300003
v -39.748043 -13.100000 125.147003
v -39.748043 -19.000000 125.147003
f -3 -2 -1
v -39.748043 -13.100000 125.147003
v -39.825230 -13.100000 124.990471
v -39.748043 -19.000000 125.147003
f -3 -2 -1
v -39.748043 -19.000000 125.147003
v -39.825230 -13.100000 124.990471
v -39.825230 -19.000000 124.990471
f -3 -2 -1
v -39.825230 -13.100000 124.990471
v -39.895519 -13.100000 124.830727
v -39.825230 -19.000000 124.990471
f -3 -2 -1
v -39.825230 -19.000000 124.990471
v -39.895519 -13.100000 124.830727
v -39.895519 -19.000000 124.830727
f -3 -2 -1
v -39.895519 -13.100000 124.830727
v -39.958771 -13.100000 124.668083
v -39.895519 -19.000000 124.830727
f -3 -2 -1
v -39.895519 -19.000000 124.830727
v -39.958771 -13.100000 124.668083
v -39.958771 -19.000000 124.668083
f -3 -2 -1
v -39.958771 -13.100000 124.668083
v -40.014866 -13.100000 124.502823
v -39.958771 -19.000000 124.668083
f -3 -2 -1
v -39.958771 -19.000000 124.668083
v -40.014866 -13.100000 124.502823
v -40.014866 -19.000000 124.502823
f -3 -2 -1
v -40.014866 -13.100000 124.502823
v -40.063702 -13.100000 124.335274
v -40.014866 -19.000000 124.502823
f -3 -2 -1
v -40.014866 -19.000000 124.502823
v -40.063702 -13.100000 124.335274
v -40.063702 -19.000000 124.335274
f -3 -2 -1
v -40.063702 -13.100000 124.335274
v -40.105183 -13.100000 124.165756
v -40.063702 -19.000000 124.335274
f -3 -2 -1
v -40.063702 -19.000000 124.335274
v -40.105183 -13.100000 124.165756
v -40.105183 -19.000000 124.165756
f -3 -2 -1
v -40.105183 -13.100000 124.165756
v -40.139233 -13.100000 123.994598
v -40.105183 -19.000000 124.165756
f -3 -2 -1
v -40.105183 -19.000000 124.165756
v -40.139233 -13.100000 123.994598
v -40.139233 -19.000000 123.994598
f -3 -2 -1
v -40.139233 -13.100000 123.994598
v -40.165779 -13.100000 123.822105
v -40.139233 -19.000000 123.994598
f -3 -2 -1
v -40.139233 -19.000000 123.994598
v -40.165779 -13.100000 123.822105
v -40.165779 -19.000000 123.822105
f -3 -2 -1
v -40.165779 -13.100000 123.822105
v -40.184776 -13.100000 123.648621
v -40.165779 -19.000000 123.822105
f -3 -2 -1
v -40.165779 -19.000000 123.822105
v -40.184776 -13.100000 123.648621
v -40.184776 -19.000000 123.648621
f -3 -2 -1
v -40.184776 -13.100000 123.648621
v -40.196190 -13.100000 123.474480
v -40.184776 -19.000000 123.648621
f -3 -2 -1
v -40.184776 -19.000000 123.648621
v -40.196190 -13.100000 123.474480
v -40.196190 -19.000000 123.474480
f -3 -2 -1
v -40.196190 -13.100000 123.474480
v -40.199997 -13.100000 123.300003
v -40.196190 -19.000000 123.474480
f -3 -2 -1
v -40.196190 -19.000000 123.474480
v -40.199997 -13.100000 123.300003
v -40.199997 -19.000000 123.300003
f -3 -2 -1
v -40.199997 19.000000 123.300003
v -40.199997 13.100000 123.300003
v -40.196190 13.100000 123.474480
f -3 -2 -1
v -40.199997 19.000000 123.300003
v -40.196190 13.100000 123.474480
v -40.196190 19.000000 123.474480
f -3 -2 -1
v -40.196190 13.100000 123.474480
v -40.184776 13.100000 123.648621
v -40.196190 19.000000 123.474480
f -3 -2 -1
v -40.196190 19.000000 123.474480
v -40.184776 13.100000 123.648621
v -40.184776 19.000000 123.648621
f -3 -2 -1
v -40.184776 13.100000 123.648621
v -40.165779 13.100000 123.822105
v -40.184776 19.000000 123.648621
f -3 -2 -1
v -40.184776 19.000000 123.648621
v -40.165779 13.100000 123.822105
v -40.165779 19.000000 123.822105
f -3 -2 -1
v -40.165779 13.100000 123.822105
v -40.139233 13.100000 123.994598
v -40.165779 19.000000 123.822105
f -3 -2 -1
v -40.165779 19.000000 123.822105
v -40.139233 13.100000 123.994598
v -40.139233 19.000000 123.994598
f -3 -2 -1
v -40.139233 13.100000 123.994598
v -40.105183 13.100000 124.165756
v -40.139233 19.000000 123.994598
f -3 -2 -1
v -40.139233 19.000000 123.994598
v -40.105183 13.100000 124.165756
v -40.105183 19.000000 124.165756
f -3 -2 -1
v -40.105183 13.100000 124.165756
v -40.063702 13.100000 124.335274
v -40.105183 19.000000 124.165756
f -3 -2 -1
v -40.105183 19.000000 124.165756
v -40.063702 13.100000 124.335274
v -40.063702 19.000000 124.335274
f -3 -2 -1
v -40.063702 13.100000 124.335274
v -40.014866 13.100000 124.502823
v -40.063702 19.000000 124.335274
f -3 -2 -1
v -40.063702 19.000000 124.335274
v -40.014866 13.100000 124.502823
v -40.014866 19.000000 124.502823
f -3 -2 -1
v -40.014866 13.100000 124.502823
v -39.958771 13.100000 124.668083
v -40.014866 19.000000 124.502823
f -3 -2 -1
v -40.014866 19.000000 124.502823
v -39.958771 13.100000 124.668083
v -39.958771 19.000000 124.668083
f -3 -2 -1
v -39.958771 13.100000 124.668083
v -39.895519 13.100000 124.830727
v -39.958771 19.000000 124.668083
f -3 -2 -1
v -39.958771 19.000000 124.668083
v -39.895519 13.100000 124.830727
v -39.895519 19.000000 124.830727
f -3 -2 -1
v -39.895519 13.100000 124.830727
v -39.825230 13.100000 124.990471
v -39.895519 19.000000 124.830727
f -3 -2 -1
v -39.895519 19.000000 124.830727
v -39.825230 13.100000 124.990471
v -39.825230 19.000000 124.990471
f -3 -2 -1
v -39.825230 13.100000 124.990471
v -39.748043 13.100000 125.147003
v -39.825230 19.000000 124.990471
f -3 -2 -1
v -39.825230 19.000000 124.990471
v -39.748043 13.100000 125.147003
v -39.748043 19.000000 125.147003
f -3 -2 -1
v -39.748043 13.100000 125.147003
v -39.664101 13.100000 125.300003
v -39.748043 19.000000 125.147003
f -3 -2 -1
v -39.748043 19.000000 125.147003
v -39.664101 13.100000 125.300003
v -39.664101 19.000000 125.300003
f -3 -2 -1
v -39.664101 13.100000 125.300003
v -39.573566 13.100000 125.449196
v -39.664101 19.000000 125.300003
f -3 -2 -1
v -39.664101 19.000000 125.300003
v -39.573566 13.100000 125.449196
v -39.573566 19.000000 125.449196
f -3 -2 -1
v -39.573566 13.100000 125.449196
v -39.476608 13.100000 125.594299
v -39.573566 19.000000 125.449196
f -3 -2 -1
v -39.573566 19.000000 125.449196
v -39.476608 13.100000 125.594299
v -39.476608 19.000000 125.594299
f -3 -2 -1
v -39.476608 13.100000 125.594299
v -39.373413 13.100000 125.735046
v -39.476608 19.000000 125.594299
f -3 -2 -1
v -39.476608 19.000000 125.594299
v -39.373413 13.100000 125.735046
v -39.373413 19.000000 125.735046
f -3 -2 -1
v -39.373413 13.100000 125.735046
v -39.264175 13.100000 125.871155
v -39.373413 19.000000 125.735046
f -3 -2 -1
v -39.373413 19.000000 125.735046
v -39.264175 13.100000 125.871155
v -39.264175 19.000000 125.871155
f -3 -2 -1
v -39.264175 13.100000 125.871155
v -39.149109 13.100000 126.002357
v -39.264175 19.000000 125.871155
f -3 -2 -1
v -39.264175 19.000000 125.871155
v -39.149109 13.100000 126.002357
v -39.149109 19.000000 126.002357
f -3 -2 -1
v -39.149109 13.100000 126.002357
v -39.028427 13.100000 126.128418
v -39.149109 19.000000 126.002357
f -3 -2 -1
v -39.149109 19.000000 126.002357
v -39.028427 13.100000 126.128418
v -39.028427 19.000000 126.128418
f -3 -2 -1
v -39.028427 13.100000 126.128418
v -38.902363 13.100000 126.249107
v -39.028427 19.000000 126.128418
f -3 -2 -1
v -39.028427 19.000000 126.128418
v -38.902363 13.100000 126.249107
v -38.902363 19.000000 126.249107
f -3 -2 -1
v -38.902363 13.100000 126.249107
v -38.771149 13.100000 126.364174
v -38.902363 19.000000 126.249107
f -3 -2 -1
v -38.902363 19.000000 126.249107
v -38.771149 13.100000 126.364174
v -38.771149 19.000000 126.364174
f -3 -2 -1
v -38.771149 13.100000 126.364174
v -38.635044 13.100000 126.473412
v -38.771149 19.000000 126.364174
f -3 -2 -1
v -38.771149 19.000000 126.364174
v -38.635044 13.100000 126.473412
v -38.635044 19.000000 126.473412
f -3 -2 -1
v -38.635044 13.100000 126.473412
v -38.494308 13.100000 126.576599
v -38.635044 19.000000 126.473412
f -3 -2 -1
v -38.635044 19.000000 126.473412
v -38.494308 13.100000 126.576599
v -38.494308 19.000000 126.576599
f -3 -2 -1
v -38.494308 13.100000 126.576599
v -38.349201 13.100000 126.673561
v -38.494308 19.000000 126.576599
f -3 -2 -1
v -38.494308 19.000000 126.576599
v -38.349201 13.100000 126.673561
v -38.349201 19.000000 126.673561
f -3 -2 -1
v -38.349201 13.100000 126.673561
v -38.199997 13.100000 126.764107
v -38.349201 19.000000 126.673561
f -3 -2 -1
v -38.349201 19.000000 126.673561
v -38.199997 13.100000 126.764107
v -38.199997 19.000000 126.764107
f -3 -2 -1
v -38.199997 13.100000 126.764107
v -38.046993 13.100000 126.848045
v -38.199997 19.000000 126.764107
f -3 -2 -1
v -38.199997 19.000000 126.764107
v -38.046993 13.100000 126.848045
v -38.046993 19.000000 126.848045
f -3 -2 -1
v -38.046993 13.100000 126.848045
v -37.890472 13.100000 126.925232
v -38.046993 19.000000 126.848045
f -3 -2 -1
v -38.046993 19.000000 126.848045
v -37.890472 13.100000 126.925232
v -37.890472 19.000000 126.925232
f -3 -2 -1
v -37.890472 13.100000 126.925232
v -37.730736 13.100000 126.995522
v -37.890472 19.000000 126.925232
f -3 -2 -1
v -37.890472 19.000000 126.925232
v -37.730736 13.100000 126.995522
v -37.730736 19.000000 126.995522
f -3 -2 -1
v -37.730736 13.100000 126.995522
v -37.568081 13.100000 127.058777
v -37.730736 19.000000 126.995522
f -3 -2 -1
v -37.730736 19.000000 126.995522
v -37.568081 13.100000 127.058777
v -37.568081 19.000000 127.058777
f -3 -2 -1
v -37.568081 13.100000 127.058777
v -37.402824 13.100000 127.114861
v -37.568081 19.000000 127.058777
f -3 -2 -1
v -37.568081 19.000000 127.058777
v -37.402824 13.100000 127.114861
v -37.402824 19.000000 127.114861
f -3 -2 -1
v -37.402824 13.100000 127.114861
v -37.235275 13.100000 127.163712
v -37.402824 19.000000 127.114861
f -3 -2 -1
v -37.402824 19.000000 127.114861
v -37.235275 13.100000 127.163712
v -37.235275 19.000000 127.163712
f -3 -2 -1
v -37.235275 13.100000 127.163712
v -37.065758 13.100000 127.205177
v -37.235275 19.000000 127.163712
f -3 -2 -1
v -37.235275 19.000000 127.163712
v -37.065758 13.100000 127.205177
v -37.065758 19.000000 127.205177
f -3 -2 -1
v -37.065758 13.100000 127.205177
v -36.894592 13.100000 127.239227
v -37.065758 19.000000 127.205177
f -3 -2 -1
v -37.065758 19.000000 127.205177
v -36.894592 13.100000 127.239227
v -36.894592 19.000000 127.239227
f -3 -2 -1
v -36.894592 13.100000 127.239227
v -36.722103 13.100000 127.265778
v -36.894592 19.000000 127.239227
f -3 -2 -1
v -36.894592 19.000000 127.239227
v -36.722103 13.100000 127.265778
v -36.722103 19.000000 127.265778
f -3 -2 -1
v -36.722103 13.100000 127.265778
v -36.548622 13.100000 127.284782
v -36.722103 19.000000 127.265778
f -3 -2 -1
v -36.722103 19.000000 127.265778
v -36.548622 13.100000 127.284782
v -36.548622 19.000000 127.284782
f -3 -2 -1
v -36.548622 13.100000 127.284782
v -36.374477 13.100000 127.296196
v -36.548622 19.000000 127.284782
f -3 -2 -1
v -36.548622 19.000000 127.284782
v -36.374477 13.100000 127.296196
v -36.374477 19.000000 127.296196
f -3 -2 -1
v -36.374477 13.100000 127.296196
v -36.200001 13.100000 127.299995
v -36.374477 19.000000 127.296196
f -3 -2 -1
v -36.374477 19.000000 127.296196
v -36.200001 13.100000 127.299995
v -36.200001 19.000000 127.299995
f -3 -2 -1
v -27.631861 -7.886895 66.831856
v -27.673624 -7.965966 66.873627
v -27.500000 -7.965966 66.873627
f -3 -2 -1
v -27.500000 -4.395124 66.699997
v -27.500000 -4.355489 66.716988
v -27.516983 -4.355489 66.716988
f -3 -2 -1
v -27.516983 -4.355489 66.716988
v -27.500000 -4.355489 66.716988
v -27.553520 -4.273870 66.753525
f -3 -2 -1
v -27.500000 -4.355489 66.716988
v -27.500000 -4.193063 66.791817
v -27.553520 -4.273870 66.753525
f -3 -2 -1
v -27.553520 -4.273870 66.753525
v -27.500000 -4.193063 66.791817
v -27.591820 -4.193063 66.791817
f -3 -2 -1
v -27.591820 -4.193063 66.791817
v -27.500000 -4.193063 66.791817
v -27.631861 -4.113105 66.831856
f -3 -2 -1
v -27.500000 -4.193063 66.791817
v -27.500000 -4.034034 66.873627
v -27.631861 -4.113105 66.831856
f -3 -2 -1
v -27.631861 -4.113105 66.831856
v -27.500000 -4.034034 66.873627
v -27.673624 -4.034034 66.873627
f -3 -2 -1
v -27.673624 -4.034034 66.873627
v -27.500000 -4.034034 66.873627
v -27.717093 -3.955887 66.917091
f -3 -2 -1
v -27.500000 -4.034034 66.873627
v -27.500000 -3.878700 66.962242
v -27.717093 -3.955887 66.917091
f -3 -2 -1
v -27.717093 -3.955887 66.917091
v -27.500000 -3.878700 66.962242
v -27.762245 -3.878700 66.962242
f -3 -2 -1
v -27.762245 -3.878700 66.962242
v -27.500000 -3.878700 66.962242
v -27.809059 -3.802510 67.009064
f -3 -2 -1
v -27.500000 -3.878700 66.962242
v -27.500000 -3.727353 67.057510
v -27.809059 -3.802510 67.009064
f -3 -2 -1
v -27.809059 -3.802510 67.009064
v -27.500000 -3.727353 67.057510
v -27.857515 -3.727353 67.057510
f -3 -2 -1
v -27.857515 -3.727353 67.057510
v -27.500000 -3.727353 67.057510
v -27.907589 -3.653264 67.107590
f -3 -2 -1
v -27.500000 -3.727353 67.057510
v -27.500000 -3.580278 67.159256
v -27.907589 -3.653264 67.107590
f -3 -2 -1
v -27.907589 -3.653264 67.107590
v -27.500000 -3.580278 67.159256
v -27.959255 -3.580278 67.159256
f -3 -2 -1
v -27.959255 -3.580278 67.159256
v -27.500000 -3.580278 67.159256
v -28.012493 -3.508429 67.212494
f -3 -2 -1
v -27.500000 -3.580278 67.159256
v -27.500000 -3.437751 67.267273
v -28.012493 -3.508429 67.212494
f -3 -2 -1
v -28.012493 -3.508429 67.212494
v -27.500000 -3.437751 67.267273
v -28.067276 -3.437751 67.267273
f -3 -2 -1
v -27.500000 -3.437751 67.267273
v -27.500000 -3.300040 67.381378
v -28.067276 -3.437751 67.267273
f -3 -2 -1
v -28.067276 -3.437751 67.267273
v -27.500000 -3.300040 67.381378
v -28.181372 -3.300040 67.381378
f -3 -2 -1
v -27.500000 -3.300040 67.381378
v -27.500000 -3.167403 67.501328
v -28.181372 -3.300040 67.381378
f -3 -2 -1
v -28.181372 -3.300040 67.381378
v -27.500000 -3.167403 67.501328
v -28.301331 -3.167403 67.501328
f -3 -2 -1
v -27.500000 -3.167403 67.501328
v -27.500000 -3.040091 67.626923
v -28.301331 -3.167403 67.501328
f -3 -2 -1
v -28.301331 -3.167403 67.501328
v -27.500000 -3.040091 67.626923
v -28.426926 -3.040091 67.626923
f -3 -2 -1
v -27.500000 -3.040091 67.626923
v -27.500000 -2.918342 67.757919
v -28.426926 -3.040091 67.626923
f -3 -2 -1
v -28.426926 -3.040091 67.626923
v -27.500000 -2.918342 67.757919
v -28.557919 -2.918342 67.757919
f -3 -2 -1
v -27.500000 -2.918342 67.757919
v -27.500000 -2.802386 67.894066
v -28.557919 -2.918342 67.757919
f -3 -2 -1
v -28.557919 -2.918342 67.757919
v -27.500000 -2.802386 67.894066
v -28.694067 -2.802386 67.894066
f -3 -2 -1
v -27.500000 -2.802386 67.894066
v -27.500000 -2.692439 68.035110
v -28.694067 -2.802386 67.894066
f -3 -2 -1
v -28.694067 -2.802386 67.894066
v -27.500000 -2.692439 68.035110
v -28.835114 -2.692439 68.035110
f -3 -2 -1
v -27.500000 -2.692439 68.035110
v -27.500000 -2.588709 68.180794
v -28.835114 -2.692439 68.035110
f -3 -2 -1
v -28.835114 -2.692439 68.035110
v -27.500000 -2.588709 68.180794
v -28.980793 -2.588709 68.180794
f -3 -2 -1
v -27.500000 -2.588709 68.180794
v -27.500000 -2.491392 68.330833
v -28.980793 -2.588709 68.180794
f -3 -2 -1
v -28.980793 -2.588709 68.180794
v -27.500000 -2.491392 68.330833
v -29.130831 -2.491392 68.330833
f -3 -2 -1
v -27.500000 -2.491392 68.330833
v -27.500000 -2.400669 68.484947
v -29.130831 -2.491392 68.330833
f -3 -2 -1
v -29.130831 -2.491392 68.330833
v -27.500000 -2.400669 68.484947
v -29.284946 -2.400669 68.484947
f -3 -2 -1
v -27.500000 -2.400669 68.484947
v -27.500000 -2.316711 68.642845
v -29.284946 -2.400669 68.484947
f -3 -2 -1
v -29.284946 -2.400669 68.484947
v -27.500000 -2.316711 68.642845
v -29.442850 -2.316711 68.642845
f -3 -2 -1
v -27.500000 -2.316711 68.642845
v -27.500000 -2.239676 68.804245
v -29.442850 -2.316711 68.642845
f -3 -2 -1
v -29.442850 -2.316711 68.642845
v -27.500000 -2.239676 68.804245
v -29.604242 -2.239676 68.804245
f -3 -2 -1
v -27.500000 -2.239676 68.804245
v -27.500000 -2.169709 68.968826
v -29.604242 -2.239676 68.804245
f -3 -2 -1
v -29.604242 -2.239676 68.804245
v -27.500000 -2.169709 68.968826
v -29.768826 -2.169709 68.968826
f -3 -2 -1
v -27.500000 -2.169709 68.968826
v -27.500000 -2.106941 69.136284
v -29.768826 -2.169709 68.968826
f -3 -2 -1
v -29.768826 -2.169709 68.968826
v -27.500000 -2.106941 69.136284
v -29.936283 -2.106941 69.136284
f -3 -2 -1
v -27.500000 -2.106941 69.136284
v -27.500000 -2.051491 69.306305
v -29.936283 -2.106941 69.136284
f -3 -2 -1
v -29.936283 -2.106941 69.136284
v -27.500000 -2.051491 69.306305
v -30.106306 -2.051491 69.306305
f -3 -2 -1
v -27.500000 -2.051491 69.306305
v -27.500000 -2.003463 69.478569
v -30.106306 -2.051491 69.306305
f -3 -2 -1
v -30.106306 -2.051491 69.306305
v -27.500000 -2.003463 69.478569
v -30.278572 -2.003463 69.478569
f -3 -2 -1
v -27.500000 -2.003463 69.478569
v -27.500000 -1.962946 69.652756
v -30.278572 -2.003463 69.478569
f -3 -2 -1
v -30.278572 -2.003463 69.478569
v -27.500000 -1.962946 69.652756
v -30.452759 -1.962946 69.652756
f -3 -2 -1
v -27.500000 -1.962946 69.652756
v -27.500000 -1.930017 69.828537
v -30.452759 -1.962946 69.652756
f -3 -2 -1
v -30.452759 -1.962946 69.652756
v -27.500000 -1.930017 69.828537
v -30.628536 -1.930017 69.828537
f -3 -2 -1
v -27.500000 -1.930017 69.828537
v -27.500000 -1.904738 70.005577
v -30.628536 -1.930017 69.828537
f -3 -2 -1
v -30.628536 -1.930017 69.828537
v -27.500000 -1.904738 70.005577
v -30.805576 -1.904738 70.005577
f -3 -2 -1
v -27.500000 -1.904738 70.005577
v -27.500000 -1.887156 70.183548
v -30.805576 -1.904738 70.005577
f -3 -2 -1
v -30.805576 -1.904738 70.005577
v -27.500000 -1.887156 70.183548
v -30.983547 -1.887156 70.183548
f -3 -2 -1
v -27.500000 -1.887156 70.183548
v -27.500000 -1.877305 70.362114
v -30.983547 -1.887156 70.183548
f -3 -2 -1
v -30.983547 -1.887156 70.183548
v -27.500000 -1.877305 70.362114
v -31.162111 -1.877305 70.362114
f -3 -2 -1
v -27.500000 -1.877305 70.362114
v -27.500000 -1.875203 70.540932
v -31.162111 -1.877305 70.362114
f -3 -2 -1
v -31.162111 -1.877305 70.362114
v -27.500000 -1.875203 70.540932
v -31.340935 -1.875203 70.540932
f -3 -2 -1
v -27.500000 -1.875203 70.540932
v -27.500000 -1.880854 70.719681
v -31.340935 -1.875203 70.540932
f -3 -2 -1
v -31.340935 -1.875203 70.540932
v -27.500000 -1.880854 70.719681
v -31.519682 -1.880854 70.719681
f -3 -2 -1
v -27.500000 -1.880854 70.719681
v -27.500000 -1.894247 70.898010
v -31.519682 -1.880854 70.719681
f -3 -2 -1
v -31.519682 -1.880854 70.719681
v -27.500000 -1.894247 70.898010
v -31.698015 -1.894247 70.898010
f -3 -2 -1
v -27.500000 -1.894247 70.898010
v -27.500000 -1.915357 71.075600
v -31.698015 -1.894247 70.898010
f -3 -2 -1
v -31.698015 -1.894247 70.898010
v -27.500000 -1.915357 71.075600
v -31.875599 -1.915357 71.075600
f -3 -2 -1
v -27.500000 -1.915357 71.075600
v -27.500000 -1.944144 71.252106
v -31.875599 -1.915357 71.075600
f -3 -2 -1
v -31.875599 -1.915357 71.075600
v -27.500000 -1.944144 71.252106
v -32.052105 -1.944144 71.252106
f -3 -2 -1
v -27.500000 -1.944144 71.252106
v -27.500000 -1.980556 71.427193
v -32.052105 -1.944144 71.252106
f -3 -2 -1
v -32.052105 -1.944144 71.252106
v -27.500000 -1.980556 71.427193
v -32.227196 -1.980556 71.427193
f -3 -2 -1
v -27.500000 -1.980556 71.427193
v -27.500000 -2.024521 71.600540
v -32.227196 -1.980556 71.427193
f -3 -2 -1
v -32.227196 -1.980556 71.427193
v -27.500000 -2.024521 71.600540
v -32.400539 -2.024521 71.600540
f -3 -2 -1
v -27.500000 -2.024521 71.600540
v -27.500000 -2.075959 71.771820
v -32.400539 -2.024521 71.600540
f -3 -2 -1
v -32.400539 -2.024521 71.600540
v -27.500000 -2.075959 71.771820
v -32.571823 -2.075959 71.771820
f -3 -2 -1
v -27.500000 -2.075959 71.771820
v -27.500000 -2.134773 71.940712
v -32.571823 -2.075959 71.771820
f -3 -2 -1
v -32.571823 -2.075959 71.771820
v -27.500000 -2.134773 71.940712
v -32.740707 -2.134773 71.940712
f -3 -2 -1
v -27.500000 -2.134773 71.940712
v -27.500000 -2.200851 72.106888
v -32.740707 -2.134773 71.940712
f -3 -2 -1
v -32.740707 -2.134773 71.940712
v -27.500000 -2.200851 72.106888
v -32.906891 -2.200851 72.106888
f -3 -2 -1
v -27.500000 -2.200851 72.106888
v -27.500000 -2.274071 72.270050
v -32.906891 -2.200851 72.106888
f -3 -2 -1
v -32.906891 -2.200851 72.106888
v -27.500000 -2.274071 72.270050
v -33.070049 -2.274071 72.270050
f -3 -2 -1
v -27.500000 -2.274071 72.270050
v -27.500000 -2.354293 72.429878
v -33.070049 -2.274071 72.270050
f -3 -2 -1
v -33.070049 -2.274071 72.270050
v -27.500000 -2.354293 72.429878
v -33.229885 -2.354293 72.429878
f -3 -2 -1
v -27.500000 -2.354293 72.429878
v -27.500000 -2.441368 72.586090
v -33.229885 -2.354293 72.429878
f -3 -2 -1
v -33.229885 -2.354293 72.429878
v -27.500000 -2.441368 72.586090
v -33.386089 -2.441368 72.586090
f -3 -2 -1
v -27.500000 -2.441368 72.586090
v -27.500000 -2.535132 72.738373
v -33.386089 -2.441368 72.586090
f -3 -2 -1
v -33.386089 -2.441368 72.586090
v -27.500000 -2.535132 72.738373
v -33.538376 -2.535132 72.738373
f -3 -2 -1
v -27.500000 -2.535132 72.738373
v -27.500000 -2.635408 72.886452
v -33.538376 -2.535132 72.738373
f -3 -2 -1
v -33.538376 -2.535132 72.738373
v -27.500000 -2.635408 72.886452
v -33.686451 -2.635408 72.886452
f -3 -2 -1
v -27.500000 -2.635408 72.886452
v -27.500000 -2.742009 73.030037
v -33.686451 -2.635408 72.886452
f -3 -2 -1
v -33.686451 -2.635408 72.886452
v -27.500000 -2.742009 73.030037
v -33.830044 -2.742009 73.030037
f -3 -2 -1
v -27.500000 -2.742009 73.030037
v -27.500000 -2.854733 73.168884
v -33.830044 -2.742009 73.030037
f -3 -2 -1
v -33.830044 -2.742009 73.030037
v -27.500000 -2.854733 73.168884
v -33.968880 -2.854733 73.168884
f -3 -2 -1
v -27.500000 -2.854733 73.168884
v -27.500000 -2.973369 73.302704
v -33.968880 -2.854733 73.168884
f -3 -2 -1
v -33.968880 -2.854733 73.168884
v -27.500000 -2.973369 73.302704
v -34.102699 -2.973369 73.302704
f -3 -2 -1
v -27.500000 -2.973369 73.302704
v -27.500000 -3.097693 73.431252
v -34.102699 -2.973369 73.302704
f -3 -2 -1
v -34.102699 -2.973369 73.302704
v -27.500000 -3.097693 73.431252
v -34.231255 -3.097693 73.431252
f -3 -2 -1
v -27.500000 -3.097693 73.431252
v -27.500000 -3.227473 73.554291
v -34.231255 -3.097693 73.431252
f -3 -2 -1
v -34.231255 -3.097693 73.431252
v -27.500000 -3.227473 73.554291
v -34.354294 -3.227473 73.554291
f -3 -2 -1
v -27.500000 -3.227473 73.554291
v -27.500000 -3.362464 73.671593
v -34.354294 -3.227473 73.554291
f -3 -2 -1
v -34.354294 -3.227473 73.554291
v -27.500000 -3.362464 73.671593
v -34.471596 -3.362464 73.671593
f -3 -2 -1
v -34.471596 -3.362464 73.671593
v -27.500000 -3.362464 73.671593
v -34.528023 -3.431834 73.728027
f -3 -2 -1
v -27.500000 -3.362464 73.671593
v -27.500000 -3.502412 73.782936
v -34.528023 -3.431834 73.728027
f -3 -2 -1
v -34.528023 -3.431834 73.728027
v -27.500000 -3.502412 73.782936
v -34.582939 -3.502412 73.782936
f -3 -2 -1
v -34.582939 -3.502412 73.782936
v -27.500000 -3.502412 73.782936
v -34.636307 -3.574164 73.836304
f -3 -2 -1
v -27.500000 -3.502412 73.782936
v -27.500000 -3.647055 73.888107
v -34.636307 -3.574164 73.836304
f -3 -2 -1
v -34.636307 -3.574164 73.836304
v -27.500000 -3.647055 73.888107
v -34.688107 -3.647055 73.888107
f -3 -2 -1
v -34.688107 -3.647055 73.888107
v -27.500000 -3.647055 73.888107
v -34.738316 -3.721052 73.938316
f -3 -2 -1
v -27.500000 -3.647055 73.888107
v -27.500000 -3.796120 73.986908
v -34.738316 -3.721052 73.938316
f -3 -2 -1
v -34.738316 -3.721052 73.938316
v -27.500000 -3.796120 73.986908
v -34.786911 -3.796120 73.986908
f -3 -2 -1
v -34.786911 -3.796120 73.986908
v -27.500000 -3.796120 73.986908
v -34.833862 -3.872224 74.033867
f -3 -2 -1
v -27.500000 -3.796120 73.986908
v -27.500000 -3.949328 74.079155
v -34.833862 -3.872224 74.033867
f -3 -2 -1
v -34.833862 -3.872224 74.033867
v -27.500000 -3.949328 74.079155
v -34.879158 -3.949328 74.079155
f -3 -2 -1
v -34.879158 -3.949328 74.079155
v -27.500000 -3.949328 74.079155
v -34.922771 -4.027396 74.122772
f -3 -2 -1
v -27.500000 -3.949328 74.079155
v -27.500000 -4.106390 74.164680
v -34.922771 -4.027396 74.122772
f -3 -2 -1
v -34.922771 -4.027396 74.122772
v -27.500000 -4.106390 74.164680
v -34.964676 -4.106390 74.164680
f -3 -2 -1
v -34.964676 -4.106390 74.164680
v -27.500000 -4.106390 74.164680
v -35.004864 -4.186275 74.204865
f -3 -2 -1
v -27.500000 -4.106390 74.164680
v -27.500000 -4.267012 74.243317
v -35.004864 -4.186275 74.204865
f -3 -2 -1
v -35.004864 -4.186275 74.204865
v -27.500000 -4.267012 74.243317
v -35.043312 -4.267012 74.243317
f -3 -2 -1
v -35.043312 -4.267012 74.243317
v -27.500000 -4.267012 74.243317
v -35.079998 -4.348563 74.279999
f -3 -2 -1
v -27.500000 -4.267012 74.243317
v -27.500000 -4.430891 74.314911
v -35.079998 -4.348563 74.279999
f -3 -2 -1
v -35.079998 -4.348563 74.279999
v -27.500000 -4.430891 74.314911
v -35.114906 -4.430891 74.314911
f -3 -2 -1
v -35.114906 -4.430891 74.314911
v -27.500000 -4.430891 74.314911
v -35.148026 -4.513955 74.348022
f -3 -2 -1
v -27.500000 -4.430891 74.314911
v -27.500000 -4.597718 74.379333
v -35.148026 -4.513955 74.348022
f -3 -2 -1
v -35.148026 -4.513955 74.348022
v -27.500000 -4.597718 74.379333
v -35.179337 -4.597718 74.379333
f -3 -2 -1
v -35.179337 -4.597718 74.379333
v -27.500000 -4.597718 74.379333
v -35.208820 -4.682140 74.408821
f -3 -2 -1
v -27.500000 -4.597718 74.379333
v -27.500000 -4.767182 74.436470
v -35.208820 -4.682140 74.408821
f -3 -2 -1
v -35.208820 -4.682140 74.408821
v -27.500000 -4.767182 74.436470
v -35.236469 -4.767182 74.436470
f -3 -2 -1
v -35.236469 -4.767182 74.436470
v -27.500000 -4.767182 74.436470
v -35.262268 -4.852803 74.462265
f -3 -2 -1
v -27.500000 -4.767182 74.436470
v -27.500000 -4.938963 74.486206
v -35.262268 -4.852803 74.462265
f -3 -2 -1
v -35.262268 -4.852803 74.462265
v -27.500000 -4.938963 74.486206
v -35.286201 -4.938963 74.486206
f -3 -2 -1
v -35.286201 -4.938963 74.486206
v -27.500000 -4.938963 74.486206
v -35.308270 -5.025621 74.508263
f -3 -2 -1
v -27.500000 -4.938963 74.486206
v -27.500000 -5.112738 74.528450
v -35.308270 -5.025621 74.508263
f -3 -2 -1
v -35.308270 -5.025621 74.508263
v -27.500000 -5.112738 74.528450
v -35.328449 -5.112738 74.528450
f -3 -2 -1
v -35.328449 -5.112738 74.528450
v -27.500000 -5.112738 74.528450
v -35.346737 -5.200272 74.546730
f -3 -2 -1
v -27.500000 -5.112738 74.528450
v -27.500000 -5.288181 74.563118
v -35.346737 -5.200272 74.546730
f -3 -2 -1
v -35.346737 -5.200272 74.546730
v -27.500000 -5.288181 74.563118
v -35.363117 -5.288181 74.563118
f -3 -2 -1
v -35.363117 -5.288181 74.563118
v -27.500000 -5.288181 74.563118
v -35.377594 -5.376425 74.577591
f -3 -2 -1
v -27.500000 -5.288181 74.563118
v -27.500000 -5.464962 74.590157
v -35.377594 -5.376425 74.577591
f -3 -2 -1
v -35.377594 -5.376425 74.577591
v -27.500000 -5.464962 74.590157
v -35.390152 -5.464962 74.590157
f -3 -2 -1
v -35.390152 -5.464962 74.590157
v -27.500000 -5.464962 74.590157
v -35.400787 -5.553750 74.600792
f -3 -2 -1
v -27.500000 -5.464962 74.590157
v -27.500000 -5.642748 74.609505
v -35.400787 -5.553750 74.600792
f -3 -2 -1
v -35.400787 -5.553750 74.600792
v -27.500000 -5.642748 74.609505
v -35.409500 -5.642748 74.609505
f -3 -2 -1
v -35.409500 -5.642748 74.609505
v -27.500000 -5.642748 74.609505
v -35.416279 -5.731914 74.616272
f -3 -2 -1
v -27.500000 -5.642748 74.609505
v -27.500000 -5.821206 74.621124
v -35.416279 -5.731914 74.616272
f -3 -2 -1
v -35.416279 -5.731914 74.616272
v -27.500000 -5.821206 74.621124
v -35.421124 -5.821206 74.621124
f -3 -2 -1
v -35.421124 -5.821206 74.621124
v -27.500000 -5.821206 74.621124
v -35.424030 -5.910582 74.624031
f -3 -2 -1
v -27.500000 -5.821206 74.621124
v -27.500000 -6.000000 74.625000
v -35.424030 -5.910582 74.624031
f -3 -2 -1
v -35.424030 -5.910582 74.624031
v -27.500000 -6.000000 74.625000
v -35.424999 -6.000000 74.625000
f -3 -2 -1
v -35.424999 -6.000000 74.625000
v -27.500000 -6.000000 74.625000
v -35.424030 -6.089418 74.624031
f -3 -2 -1
v -27.500000 -6.000000 74.625000
v -27.500000 -6.178794 74.621124
v -35.424030 -6.089418 74.624031
f -3 -2 -1
v -35.424030 -6.089418 74.624031
v -27.500000 -6.178794 74.621124
v -35.421124 -6.178794 74.621124
f -3 -2 -1
v -35.421124 -6.178794 74.621124
v -27.500000 -6.178794 74.621124
v -35.416279 -6.268086 74.616272
f -3 -2 -1
v -27.500000 -6.178794 74.621124
v -27.500000 -6.357252 74.609505
v -35.416279 -6.268086 74.616272
f -3 -2 -1
v -35.416279 -6.268086 74.616272
v -27.500000 -6.357252 74.609505
v -35.409500 -6.357252 74.609505
f -3 -2 -1
v -35.409500 -6.357252 74.609505
v -27.500000 -6.357252 74.609505
v -35.400787 -6.446250 74.600792
f -3 -2 -1
v -27.500000 -6.357252 74.609505
v -27.500000 -6.535038 74.590157
v -35.400787 -6.446250 74.600792
f -3 -2 -1
v -35.400787 -6.446250 74.600792
v -27.500000 -6.535038 74.590157
v -35.390152 -6.535038 74.590157
f -3 -2 -1
v -35.390152 -6.535038 74.590157
v -27.500000 -6.535038 74.590157
v -35.377594 -6.623575 74.577591
f -3 -2 -1
v -27.500000 -6.535038 74.590157
v -27.500000 -6.711819 74.563118
v -35.377594 -6.623575 74.577591
f -3 -2 -1
v -35.377594 -6.623575 74.577591
v -27.500000 -6.711819 74.563118
v -35.363117 -6.711819 74.563118
f -3 -2 -1
v -35.363117 -6.711819 74.563118
v -27.500000 -6.711819 74.563118
v -35.346737 -6.799728 74.546730
f -3 -2 -1
v -27.500000 -6.711819 74.563118
v -27.500000 -6.887262 74.528450
v -35.346737 -6.799728 74.546730
f -3 -2 -1
v -35.346737 -6.799728 74.546730
v -27.500000 -6.887262 74.528450
v -35.328449 -6.887262 74.528450
f -3 -2 -1
v -35.328449 -6.887262 74.528450
v -27.500000 -6.887262 74.528450
v -35.308270 -6.974379 74.508263
f -3 -2 -1
v -27.500000 -6.887262 74.528450
v -27.500000 -7.061037 74.486206
v -35.308270 -6.974379 74.508263
f -3 -2 -1
v -35.308270 -6.974379 74.508263
v -27.500000 -7.061037 74.486206
v -35.286201 -7.061037 74.486206
f -3 -2 -1
v -35.286201 -7.061037 74.486206
v -27.500000 -7.061037 74.486206
v -35.262268 -7.147197 74.462265
f -3 -2 -1
v -27.500000 -7.061037 74.486206
v -27.500000 -7.232818 74.436470
v -35.262268 -7.147197 74.462265
f -3 -2 -1
v -35.262268 -7.147197 74.462265
v -27.500000 -7.232818 74.436470
v -35.236469 -7.232818 74.436470
f -3 -2 -1
v -35.236469 -7.232818 74.436470
v -27.500000 -7.232818 74.436470
v -35.208820 -7.317859 74.408821
f -3 -2 -1
v -27.500000 -7.232818 74.436470
v -27.500000 -7.402282 74.379333
v -35.208820 -7.317859 74.408821
f -3 -2 -1
v -35.208820 -7.317859 74.408821
v -27.500000 -7.402282 74.379333
v -35.179337 -7.402282 74.379333
f -3 -2 -1
v -35.179337 -7.402282 74.379333
v -27.500000 -7.402282 74.379333
v -35.148026 -7.486045 74.348022
f -3 -2 -1
v -27.500000 -7.402282 74.379333
v -27.500000 -7.569109 74.314911
v -35.148026 -7.486045 74.348022
f -3 -2 -1
v -35.148026 -7.486045 74.348022
v -27.500000 -7.569109 74.314911
v -35.114906 -7.569109 74.314911
f -3 -2 -1
v -35.114906 -7.569109 74.314911
v -27.500000 -7.569109 74.314911
v -35.079998 -7.651437 74.279999
f -3 -2 -1
v -27.500000 -7.569109 74.314911
v -27.500000 -7.732988 74.243317
v -35.079998 -7.651437 74.279999
f -3 -2 -1
v -35.079998 -7.651437 74.279999
v -27.500000 -7.732988 74.243317
v -35.043312 -7.732988 74.243317
f -3 -2 -1
v -35.043312 -7.732988 74.243317
v -27.500000 -7.732988 74.243317
v -35.004864 -7.813725 74.204865
f -3 -2 -1
v -27.500000 -7.732988 74.243317
v -27.500000 -7.893610 74.164680
v -35.004864 -7.813725 74.204865
f -3 -2 -1
v -35.004864 -7.813725 74.204865
v -27.500000 -7.893610 74.164680
v -34.964676 -7.893610 74.164680
f -3 -2 -1
v -34.964676 -7.893610 74.164680
v -27.500000 -7.893610 74.164680
v -34.922771 -7.972605 74.122772
f -3 -2 -1
v -27.500000 -7.893610 74.164680
v -27.500000 -8.050672 74.079155
v -34.922771 -7.972605 74.122772
f -3 -2 -1
v -34.922771 -7.972605 74.122772
v -27.500000 -8.050672 74.079155
v -34.879158 -8.050672 74.079155
f -3 -2 -1
v -34.879158 -8.050672 74.079155
v -27.500000 -8.050672 74.079155
v -34.833862 -8.127776 74.033867
f -3 -2 -1
v -27.500000 -8.050672 74.079155
v -27.500000 -8.203880 73.986908
v -34.833862 -8.127776 74.033867
f -3 -2 -1
v -34.833862 -8.127776 74.033867
v -27.500000 -8.203880 73.986908
v -34.786911 -8.203880 73.986908
f -3 -2 -1
v -34.786911 -8.203880 73.986908
v -27.500000 -8.203880 73.986908
v -34.738316 -8.278947 73.938316
f -3 -2 -1
v -27.500000 -8.203880 73.986908
v -27.500000 -8.352944 73.888107
v -34.738316 -8.278947 73.938316
f -3 -2 -1
v -34.738316 -8.278947 73.938316
v -27.500000 -8.352944 73.888107
v -34.688107 -8.352944 73.888107
f -3 -2 -1
v -34.471596 -8.637536 73.671593
v -34.528023 -8.568166 73.728027
v -27.500000 -8.497587 73.782936
f -3 -2 -1
v -34.528023 -8.568166 73.728027
v -34.582939 -8.497587 73.782936
v -27.500000 -8.497587 73.782936
f -3 -2 -1
v -27.500000 -8.497587 73.782936
v -34.582939 -8.497587 73.782936
v -27.500000 -8.352944 73.888107
f -3 -2 -1
v -34.582939 -8.497587 73.782936
v -34.636307 -8.425837 73.836304
v -27.500000 -8.352944 73.888107
f -3 -2 -1
v -27.500000 -8.352944 73.888107
v -34.636307 -8.425837 73.836304
v -34.688107 -8.352944 73.888107
f -3 -2 -1
v -27.500000 -8.497587 73.782936
v -27.500000 -8.637536 73.671593
v -34.471596 -8.637536 73.671593
f -3 -2 -1
v -27.500000 -8.637536 73.671593
v -27.500000 -8.772527 73.554291
v -34.471596 -8.637536 73.671593
f -3 -2 -1
v -34.471596 -8.637536 73.671593
v -27.500000 -8.772527 73.554291
v -34.354294 -8.772527 73.554291
f -3 -2 -1
v -27.500000 -8.772527 73.554291
v -27.500000 -8.902307 73.431252
v -34.354294 -8.772527 73.554291
f -3 -2 -1
v -34.354294 -8.772527 73.554291
v -27.500000 -8.902307 73.431252
v -34.231255 -8.902307 73.431252
f -3 -2 -1
v -27.500000 -8.902307 73.431252
v -27.500000 -9.026631 73.302704
v -34.231255 -8.902307 73.431252
f -3 -2 -1
v -34.231255 -8.902307 73.431252
v -27.500000 -9.026631 73.302704
v -34.102699 -9.026631 73.302704
f -3 -2 -1
v -27.500000 -9.026631 73.302704
v -27.500000 -9.145267 73.168884
v -34.102699 -9.026631 73.302704
f -3 -2 -1
v -34.102699 -9.026631 73.302704
v -27.500000 -9.145267 73.168884
v -33.968880 -9.145267 73.168884
f -3 -2 -1
v -27.500000 -9.145267 73.168884
v -27.500000 -9.257991 73.030037
v -33.968880 -9.145267 73.168884
f -3 -2 -1
v -33.968880 -9.145267 73.168884
v -27.500000 -9.257991 73.030037
v -33.830044 -9.257991 73.030037
f -3 -2 -1
v -27.500000 -9.257991 73.030037
v -27.500000 -9.364592 72.886452
v -33.830044 -9.257991 73.030037
f -3 -2 -1
v -33.830044 -9.257991 73.030037
v -27.500000 -9.364592 72.886452
v -33.686451 -9.364592 72.886452
f -3 -2 -1
v -27.500000 -9.364592 72.886452
v -27.500000 -9.464868 72.738373
v -33.686451 -9.364592 72.886452
f -3 -2 -1
v -33.686451 -9.364592 72.886452
v -27.500000 -9.464868 72.738373
v -33.538376 -9.464868 72.738373
f -3 -2 -1
v -27.500000 -9.464868 72.738373
v -27.500000 -9.558632 72.586090
v -33.538376 -9.464868 72.738373
f -3 -2 -1
v -33.538376 -9.464868 72.738373
v -27.500000 -9.558632 72.586090
v -33.386089 -9.558632 72.586090
f -3 -2 -1
v -27.500000 -9.558632 72.586090
v -27.500000 -9.645707 72.429878
v -33.386089 -9.558632 72.586090
f -3 -2 -1
v -33.386089 -9.558632 72.586090
v -27.500000 -9.645707 72.429878
v -33.229885 -9.645707 72.429878
f -3 -2 -1
v -27.500000 -9.645707 72.429878
v -27.500000 -9.725929 72.270050
v -33.229885 -9.645707 72.429878
f -3 -2 -1
v -33.229885 -9.645707 72.429878
v -27.500000 -9.725929 72.270050
v -33.070049 -9.725929 72.270050
f -3 -2 -1
v -27.500000 -9.725929 72.270050
v -27.500000 -9.799149 72.106888
v -33.070049 -9.725929 72.270050
f -3 -2 -1
v -33.070049 -9.725929 72.270050
v -27.500000 -9.799149 72.106888
v -32.906891 -9.799149 72.106888
f -3 -2 -1
v -27.500000 -9.799149 72.106888
v -27.500000 -9.865227 71.940712
v -32.906891 -9.799149 72.106888
f -3 -2 -1
v -32.906891 -9.799149 72.106888
v -27.500000 -9.865227 71.940712
v -32.740707 -9.865227 71.940712
f -3 -2 -1
v -27.500000 -9.865227 71.940712
v -27.500000 -9.924041 71.771820
v -32.740707 -9.865227 71.940712
f -3 -2 -1
v -32.740707 -9.865227 71.940712
v -27.500000 -9.924041 71.771820
v -32.571823 -9.924041 71.771820
f -3 -2 -1
v -27.500000 -9.924041 71.771820
v -27.500000 -9.975479 71.600540
v -32.571823 -9.924041 71.771820
f -3 -2 -1
v -32.571823 -9.924041 71.771820
v -27.500000 -9.975479 71.600540
v -32.400539 -9.975479 71.600540
f -3 -2 -1
v -27.500000 -9.975479 71.600540
v -27.500000 -10.019444 71.427193
v -32.400539 -9.975479 71.600540
f -3 -2 -1
v -32.400539 -9.975479 71.600540
v -27.500000 -10.019444 71.427193
v -32.227196 -10.019444 71.427193
f -3 -2 -1
v -27.500000 -10.019444 71.427193
v -27.500000 -10.055856 71.252106
v -32.227196 -10.019444 71.427193
f -3 -2 -1
v -32.227196 -10.019444 71.427193
v -27.500000 -10.055856 71.252106
v -32.052105 -10.055856 71.252106
f -3 -2 -1
v -27.500000 -10.055856 71.252106
v -27.500000 -10.084643 71.075600
v -32.052105 -10.055856 71.252106
f -3 -2 -1
v -32.052105 -10.055856 71.252106
v -27.500000 -10.084643 71.075600
v -31.875599 -10.084643 71.075600
f -3 -2 -1
v -27.500000 -10.084643 71.075600
v -27.500000 -10.105753 70.898010
v -31.875599 -10.084643 71.075600
f -3 -2 -1
v -31.875599 -10.084643 71.075600
v -27.500000 -10.105753 70.898010
v -31.698015 -10.105753 70.898010
f -3 -2 -1
v -27.500000 -10.105753 70.898010
v -27.500000 -10.119145 70.719681
v -31.698015 -10.105753 70.898010
f -3 -2 -1
v -31.698015 -10.105753 70.898010
v -27.500000 -10.119145 70.719681
v -31.519682 -10.119145 70.719681
f -3 -2 -1
v -27.500000 -10.119145 70.719681
v -27.500000 -10.124797 70.540932
v -31.519682 -10.119145 70.719681
f -3 -2 -1
v -31.519682 -10.119145 70.719681
v -27.500000 -10.124797 70.540932
v -31.340935 -10.124797 70.540932
f -3 -2 -1
v -27.500000 -10.124797 70.540932
v -27.500000 -10.122695 70.362114
v -31.340935 -10.124797 70.540932
f -3 -2 -1
v -31.340935 -10.124797 70.540932
v -27.500000 -10.122695 70.362114
v -31.162111 -10.122695 70.362114
f -3 -2 -1
v -27.500000 -10.122695 70.362114
v -27.500000 -10.112844 70.183548
v -31.162111 -10.122695 70.362114
f -3 -2 -1
v -31.162111 -10.122695 70.362114
v -27.500000 -10.112844 70.183548
v -30.983547 -10.112844 70.183548
f -3 -2 -1
v -27.500000 -10.112844 70.183548
v -27.500000 -10.095262 70.005577
v -30.983547 -10.112844 70.183548
f -3 -2 -1
v -30.983547 -10.112844 70.183548
v -27.500000 -10.095262 70.005577
v -30.805576 -10.095262 70.005577
f -3 -2 -1
v -27.500000 -10.095262 70.005577
v -27.500000 -10.069983 69.828537
v -30.805576 -10.095262 70.005577
f -3 -2 -1
v -30.805576 -10.095262 70.005577
v -27.500000 -10.069983 69.828537
v -30.628536 -10.069983 69.828537
f -3 -2 -1
v -27.500000 -10.069983 69.828537
v -27.500000 -10.037054 69.652756
v -30.628536 -10.069983 69.828537
f -3 -2 -1
v -30.628536 -10.069983 69.828537
v -27.500000 -10.037054 69.652756
v -30.452759 -10.037054 69.652756
f -3 -2 -1
v -27.500000 -10.037054 69.652756
v -27.500000 -9.996537 69.478569
v -30.452759 -10.037054 69.652756
f -3 -2 -1
v -30.452759 -10.037054 69.652756
v -27.500000 -9.996537 69.478569
v -30.278572 -9.996537 69.478569
f -3 -2 -1
v -27.500000 -9.996537 69.478569
v -27.500000 -9.948509 69.306305
v -30.278572 -9.996537 69.478569
f -3 -2 -1
v -30.278572 -9.996537 69.478569
v -27.500000 -9.948509 69.306305
v -30.106306 -9.948509 69.306305
f -3 -2 -1
v -27.500000 -9.948509 69.306305
v -27.500000 -9.893059 69.136284
v -30.106306 -9.948509 69.306305
f -3 -2 -1
v -30.106306 -9.948509 69.306305
v -27.500000 -9.893059 69.136284
v -29.936283 -9.893059 69.136284
f -3 -2 -1
v -27.500000 -9.893059 69.136284
v -27.500000 -9.830291 68.968826
v -29.936283 -9.893059 69.136284
f -3 -2 -1
v -29.936283 -9.893059 69.136284
v -27.500000 -9.830291 68.968826
v -29.768826 -9.830291 68.968826
f -3 -2 -1
v -27.500000 -9.830291 68.968826
v -27.500000 -9.760324 68.804245
v -29.768826 -9.830291 68.968826
f -3 -2 -1
v -29.768826 -9.830291 68.968826
v -27.500000 -9.760324 68.804245
v -29.604242 -9.760324 68.804245
f -3 -2 -1
v -27.500000 -9.760324 68.804245
v -27.500000 -9.683290 68.642845
v -29.604242 -9.760324 68.804245
f -3 -2 -1
v -29.604242 -9.760324 68.804245
v -27.500000 -9.683290 68.642845
v -29.442850 -9.683290 68.642845
f -3 -2 -1
v -27.500000 -9.683290 68.642845
v -27.500000 -9.599332 68.484947
v -29.442850 -9.683290 68.642845
f -3 -2 -1
v -29.442850 -9.683290 68.642845
v -27.500000 -9.599332 68.484947
v -29.284946 -9.599332 68.484947
f -3 -2 -1
v -27.500000 -9.599332 68.484947
v -27.500000 -9.508608 68.330833
v -29.284946 -9.599332 68.484947
f -3 -2 -1
v -29.284946 -9.599332 68.484947
v -27.500000 -9.508608 68.330833
v -29.130831 -9.508608 68.330833
f -3 -2 -1
v -27.500000 -9.508608 68.330833
v -27.500000 -9.411290 68.180794
v -29.130831 -9.508608 68.330833
f -3 -2 -1
v -29.130831 -9.508608 68.330833
v -27.500000 -9.411290 68.180794
v -28.980793 -9.411290 68.180794
f -3 -2 -1
v -27.500000 -9.411290 68.180794
v -27.500000 -9.307562 68.035110
v -28.980793 -9.411290 68.180794
f -3 -2 -1
v -28.980793 -9.411290 68.180794
v -27.500000 -9.307562 68.035110
v -28.835114 -9.307562 68.035110
f -3 -2 -1
v -27.500000 -9.307562 68.035110
v -27.500000 -9.197614 67.894066
v -28.835114 -9.307562 68.035110
f -3 -2 -1
v -28.835114 -9.307562 68.035110
v -27.500000 -9.197614 67.894066
v -28.694067 -9.197614 67.894066
f -3 -2 -1
v -27.500000 -9.197614 67.894066
v -27.500000 -9.081658 67.757919
v -28.694067 -9.197614 67.894066
f -3 -2 -1
v -28.694067 -9.197614 67.894066
v -27.500000 -9.081658 67.757919
v -28.557919 -9.081658 67.757919
f -3 -2 -1
v -27.500000 -9.081658 67.757919
v -27.500000 -8.959909 67.626923
v -28.557919 -9.081658 67.757919
f -3 -2 -1
v -28.557919 -9.081658 67.757919
v -27.500000 -8.959909 67.626923
v -28.426926 -8.959909 67.626923
f -3 -2 -1
v -27.500000 -8.959909 67.626923
v -27.500000 -8.832597 67.501328
v -28.426926 -8.959909 67.626923
f -3 -2 -1
v -28.426926 -8.959909 67.626923
v -27.500000 -8.832597 67.501328
v -28.301331 -8.832597 67.501328
f -3 -2 -1
v -27.500000 -8.832597 67.501328
v -27.500000 -8.699960 67.381378
v -28.301331 -8.832597 67.501328
f -3 -2 -1
v -28.301331 -8.832597 67.501328
v -27.500000 -8.699960 67.381378
v -28.181372 -8.699960 67.381378
f -3 -2 -1
v -27.500000 -8.699960 67.381378
v -27.500000 -8.562249 67.267273
v -28.181372 -8.699960 67.381378
f -3 -2 -1
v -28.181372 -8.699960 67.381378
v -27.500000 -8.562249 67.267273
v -28.067276 -8.562249 67.267273
f -3 -2 -1
v -27.500000 -8.419723 67.159256
v -27.500000 -8.272647 67.057510
v -27.857515 -8.272647 67.057510
f -3 -2 -1
v -27.857515 -8.272647 67.057510
v -27.907589 -8.346737 67.107590
v -27.500000 -8.419723 67.159256
f -3 -2 -1
v -27.907589 -8.346737 67.107590
v -27.959255 -8.419723 67.159256
v -27.500000 -8.419723 67.159256
f -3 -2 -1
v -27.500000 -8.419723 67.159256
v -27.959255 -8.419723 67.159256
v -27.500000 -8.562249 67.267273
f -3 -2 -1
v -27.959255 -8.419723 67.159256
v -28.012493 -8.491571 67.212494
v -27.500000 -8.562249 67.267273
f -3 -2 -1
v -27.500000 -8.562249 67.267273
v -28.012493 -8.491571 67.212494
v -28.067276 -8.562249 67.267273
f -3 -2 -1
v -27.500000 -7.965966 66.873627
v -27.673624 -7.965966 66.873627
v -27.500000 -8.121301 66.962242
f -3 -2 -1
v -27.673624 -7.965966 66.873627
v -27.717093 -8.044113 66.917091
v -27.500000 -8.121301 66.962242
f -3 -2 -1
v -27.717093 -8.044113 66.917091
v -27.762245 -8.121301 66.962242
v -27.500000 -8.121301 66.962242
f -3 -2 -1
v -27.500000 -8.121301 66.962242
v -27.762245 -8.121301 66.962242
v -27.500000 -8.272647 67.057510
f -3 -2 -1
v -27.762245 -8.121301 66.962242
v -27.809059 -8.197490 67.009064
v -27.500000 -8.272647 67.057510
f -3 -2 -1
v -27.500000 -8.272647 67.057510
v -27.809059 -8.197490 67.009064
v -27.857515 -8.272647 67.057510
f -3 -2 -1
v -27.631861 -7.886895 66.831856
v -27.500000 -7.965966 66.873627
v -27.591820 -7.806937 66.791817
f -3 -2 -1
v -27.500000 -7.965966 66.873627
v -27.500000 -7.806937 66.791817
v -27.591820 -7.806937 66.791817
f -3 -2 -1
v -27.591820 -7.806937 66.791817
v -27.500000 -7.806937 66.791817
v -27.553520 -7.726130 66.753525
f -3 -2 -1
v -27.500000 -7.806937 66.791817
v -27.500000 -7.644511 66.716988
v -27.553520 -7.726130 66.753525
f -3 -2 -1
v -27.553520 -7.726130 66.753525
v -27.500000 -7.644511 66.716988
v -27.500000 -7.604876 66.699997
f -3 -2 -1
v -27.500000 -6.582343 68.326668
v -27.500000 -7.604876 66.699997
v -27.500000 -6.676588 68.354134
f -3 -2 -1
v -27.500000 -7.604876 66.699997
v -27.500000 -6.769546 68.385689
v -27.500000 -6.676588 68.354134
f -3 -2 -1
v -27.500000 -6.582343 68.326668
v -27.500000 -6.486989 68.303329
v -27.500000 -7.604876 66.699997
f -3 -2 -1
v -27.500000 -6.486989 68.303329
v -27.500000 -6.390708 68.284187
v -27.500000 -7.604876 66.699997
f -3 -2 -1
v -27.500000 -7.604876 66.699997
v -27.500000 -6.390708 68.284187
v -27.500000 -6.293684 68.269257
f -3 -2 -1
v -27.500000 -5.901856 68.252136
v -27.500000 -5.803899 68.258560
v -27.500000 -4.395124 66.699997
f -3 -2 -1
v -27.500000 -5.803899 68.258560
v -27.500000 -5.706316 68.269257
v -27.500000 -4.395124 66.699997
f -3 -2 -1
v -27.500000 -4.395124 66.699997
v -27.500000 -5.706316 68.269257
v -27.500000 -5.609292 68.284187
f -3 -2 -1
v -27.500000 -5.609292 68.284187
v -27.500000 -5.513011 68.303329
v -27.500000 -4.395124 66.699997
f -3 -2 -1
v -27.500000 -5.513011 68.303329
v -27.500000 -5.417657 68.326668
v -27.500000 -4.395124 66.699997
f -3 -2 -1
v -27.500000 -4.395124 66.699997
v -27.500000 -5.417657 68.326668
v -27.500000 -5.323412 68.354134
f -3 -2 -1
v -27.500000 -6.293684 68.269257
v -27.500000 -6.196100 68.258560
v -27.500000 -7.604876 66.699997
f -3 -2 -1
v -27.500000 -6.196100 68.258560
v -27.500000 -6.098144 68.252136
v -27.500000 -7.604876 66.699997
f -3 -2 -1
v -27.500000 -7.604876 66.699997
v -27.500000 -6.098144 68.252136
v -27.500000 -4.395124 66.699997
f -3 -2 -1
v -27.500000 -6.098144 68.252136
v -27.500000 -6.000000 68.250000
v -27.500000 -4.395124 66.699997
f -3 -2 -1
v -27.500000 -4.395124 66.699997
v -27.500000 -6.000000 68.250000
v -27.500000 -5.901856 68.252136
f -3 -2 -1
v -27.500000 -5.323412 68.354134
v -27.500000 -5.230455 68.385689
v -27.500000 -4.395124 66.699997
f -3 -2 -1
v -27.500000 -5.230455 68.385689
v -27.500000 -5.138962 68.421272
v -27.500000 -4.395124 66.699997
f -3 -2 -1
v -27.500000 -4.395124 66.699997
v -27.500000 -5.138962 68.421272
v -27.500000 -4.355489 66.716988
f -3 -2 -1
v -27.500000 -5.138962 68.421272
v -27.500000 -5.049109 68.460808
v -27.500000 -4.355489 66.716988
f -3 -2 -1
v -27.500000 -6.769546 68.385689
v -27.500000 -7.604876 66.699997
v -27.500000 -6.861038 68.421272
f -3 -2 -1
v -27.500000 -7.604876 66.699997
v -27.500000 -7.644511 66.716988
v -27.500000 -6.861038 68.421272
f -3 -2 -1
v -27.500000 -6.861038 68.421272
v -27.500000 -7.644511 66.716988
v -27.500000 -6.950891 68.460808
f -3 -2 -1
v -27.500000 -7.644511 66.716988
v -27.500000 -7.806937 66.791817
v -27.500000 -6.950891 68.460808
f -3 -2 -1
v -27.500000 -6.950891 68.460808
v -27.500000 -7.806937 66.791817
v -27.500000 -7.038934 68.504227
f -3 -2 -1
v -27.500000 -7.806937 66.791817
v -27.500000 -7.965966 66.873627
v -27.500000 -7.038934 68.504227
f -3 -2 -1
v -27.500000 -7.038934 68.504227
v -27.500000 -7.965966 66.873627
v -27.500000 -7.125000 68.551445
f -3 -2 -1
v -27.500000 -7.965966 66.873627
v -27.500000 -8.121301 66.962242
v -27.500000 -7.125000 68.551445
f -3 -2 -1
v -27.500000 -7.125000 68.551445
v -27.500000 -8.121301 66.962242
v -27.500000 -7.208924 68.602371
f -3 -2 -1
v -27.500000 -8.121301 66.962242
v -27.500000 -8.272647 67.057510
v -27.500000 -7.208924 68.602371
f -3 -2 -1
v -27.500000 -7.208924 68.602371
v -27.500000 -8.272647 67.057510
v -27.500000 -7.290547 68.656906
f -3 -2 -1
v -27.500000 -8.272647 67.057510
v -27.500000 -8.419723 67.159256
v -27.500000 -7.290547 68.656906
f -3 -2 -1
v -27.500000 -7.290547 68.656906
v -27.500000 -8.419723 67.159256
v -27.500000 -7.369713 68.714951
f -3 -2 -1
v -27.500000 -8.419723 67.159256
v -27.500000 -8.562249 67.267273
v -27.500000 -7.369713 68.714951
f -3 -2 -1
v -27.500000 -7.369713 68.714951
v -27.500000 -8.562249 67.267273
v -27.500000 -7.446272 68.776398
f -3 -2 -1
v -27.500000 -8.562249 67.267273
v -27.500000 -8.699960 67.381378
v -27.500000 -7.446272 68.776398
f -3 -2 -1
v -27.500000 -7.446272 68.776398
v -27.500000 -8.699960 67.381378
v -27.500000 -7.520078 68.841133
f -3 -2 -1
v -27.500000 -8.699960 67.381378
v -27.500000 -8.832597 67.501328
v -27.500000 -7.520078 68.841133
f -3 -2 -1
v -27.500000 -7.520078 68.841133
v -27.500000 -8.832597 67.501328
v -27.500000 -7.590990 68.909012
f -3 -2 -1
v -27.500000 -8.832597 67.501328
v -27.500000 -8.959909 67.626923
v -27.500000 -7.590990 68.909012
f -3 -2 -1
v -27.500000 -7.590990 68.909012
v -27.500000 -8.959909 67.626923
v -27.500000 -7.658874 68.979919
f -3 -2 -1
v -27.500000 -8.959909 67.626923
v -27.500000 -9.081658 67.757919
v -27.500000 -7.658874 68.979919
f -3 -2 -1
v -27.500000 -7.658874 68.979919
v -27.500000 -9.081658 67.757919
v -27.500000 -7.723600 69.053726
f -3 -2 -1
v -27.500000 -9.081658 67.757919
v -27.500000 -9.197614 67.894066
v -27.500000 -7.723600 69.053726
f -3 -2 -1
v -27.500000 -7.723600 69.053726
v -27.500000 -9.197614 67.894066
v -27.500000 -7.785045 69.130287
f -3 -2 -1
v -27.500000 -9.197614 67.894066
v -27.500000 -9.307562 68.035110
v -27.500000 -7.785045 69.130287
f -3 -2 -1
v -27.500000 -7.785045 69.130287
v -27.500000 -9.307562 68.035110
v -27.500000 -7.843092 69.209457
f -3 -2 -1
v -27.500000 -9.307562 68.035110
v -27.500000 -9.411290 68.180794
v -27.500000 -7.843092 69.209457
f -3 -2 -1
v -27.500000 -7.843092 69.209457
v -27.500000 -9.411290 68.180794
v -27.500000 -7.897630 69.291077
f -3 -2 -1
v -27.500000 -9.411290 68.180794
v -27.500000 -9.508608 68.330833
v -27.500000 -7.897630 69.291077
f -3 -2 -1
v -27.500000 -7.897630 69.291077
v -27.500000 -9.508608 68.330833
v -27.500000 -7.948557 69.375000
f -3 -2 -1
v -27.500000 -9.508608 68.330833
v -27.500000 -9.599332 68.484947
v -27.500000 -7.948557 69.375000
f -3 -2 -1
v -27.500000 -7.948557 69.375000
v -27.500000 -9.599332 68.484947
v -27.500000 -7.995774 69.461060
f -3 -2 -1
v -27.500000 -9.599332 68.484947
v -27.500000 -9.683290 68.642845
v -27.500000 -7.995774 69.461060
f -3 -2 -1
v -27.500000 -7.995774 69.461060
v -27.500000 -9.683290 68.642845
v -27.500000 -8.039192 69.549103
f -3 -2 -1
v -27.500000 -9.683290 68.642845
v -27.500000 -9.760324 68.804245
v -27.500000 -8.039192 69.549103
f -3 -2 -1
v -27.500000 -8.039192 69.549103
v -27.500000 -9.760324 68.804245
v -27.500000 -8.078729 69.638962
f -3 -2 -1
v -27.500000 -9.760324 68.804245
v -27.500000 -9.830291 68.968826
v -27.500000 -8.078729 69.638962
f -3 -2 -1
v -27.500000 -8.078729 69.638962
v -27.500000 -9.830291 68.968826
v -27.500000 -8.114308 69.730453
f -3 -2 -1
v -27.500000 -9.830291 68.968826
v -27.500000 -9.893059 69.136284
v -27.500000 -8.114308 69.730453
f -3 -2 -1
v -27.500000 -8.114308 69.730453
v -27.500000 -9.893059 69.136284
v -27.500000 -8.145864 69.823418
f -3 -2 -1
v -27.500000 -9.893059 69.136284
v -27.500000 -9.948509 69.306305
v -27.500000 -8.145864 69.823418
f -3 -2 -1
v -27.500000 -8.145864 69.823418
v -27.500000 -9.948509 69.306305
v -27.500000 -8.173333 69.917656
f -3 -2 -1
v -27.500000 -9.948509 69.306305
v -27.500000 -9.996537 69.478569
v -27.500000 -8.173333 69.917656
f -3 -2 -1
v -27.500000 -8.173333 69.917656
v -27.500000 -9.996537 69.478569
v -27.500000 -8.196666 70.013008
f -3 -2 -1
v -27.500000 -9.996537 69.478569
v -27.500000 -10.037054 69.652756
v -27.500000 -8.196666 70.013008
f -3 -2 -1
v -27.500000 -8.196666 70.013008
v -27.500000 -10.037054 69.652756
v -27.500000 -8.215817 70.109291
f -3 -2 -1
v -27.500000 -10.037054 69.652756
v -27.500000 -10.069983 69.828537
v -27.500000 -8.215817 70.109291
f -3 -2 -1
v -27.500000 -8.215817 70.109291
v -27.500000 -10.069983 69.828537
v -27.500000 -8.230751 70.206314
f -3 -2 -1
v -27.500000 -10.069983 69.828537
v -27.500000 -10.095262 70.005577
v -27.500000 -8.230751 70.206314
f -3 -2 -1
v -27.500000 -8.230751 70.206314
v -27.500000 -10.095262 70.005577
v -27.500000 -8.241438 70.303902
f -3 -2 -1
v -27.500000 -10.095262 70.005577
v -27.500000 -10.112844 70.183548
v -27.500000 -8.241438 70.303902
f -3 -2 -1
v -27.500000 -8.241438 70.303902
v -27.500000 -10.112844 70.183548
v -27.500000 -8.247859 70.401855
f -3 -2 -1
v -27.500000 -10.112844 70.183548
v -27.500000 -10.122695 70.362114
v -27.500000 -8.247859 70.401855
f -3 -2 -1
v -27.500000 -8.247859 70.401855
v -27.500000 -10.122695 70.362114
v -27.500000 -8.250000 70.500000
f -3 -2 -1
v -27.500000 -10.122695 70.362114
v -27.500000 -10.124797 70.540932
v -27.500000 -8.250000 70.500000
f -3 -2 -1
v -27.500000 -8.250000 70.500000
v -27.500000 -10.124797 70.540932
v -27.500000 -8.247859 70.598137
f -3 -2 -1
v -27.500000 -10.124797 70.540932
v -27.500000 -10.119145 70.719681
v -27.500000 -8.247859 70.598137
f -3 -2 -1
v -27.500000 -8.247859 70.598137
v -27.500000 -10.119145 70.719681
v -27.500000 -8.241438 70.696098
f -3 -2 -1
v -27.500000 -10.119145 70.719681
v -27.500000 -10.105753 70.898010
v -27.500000 -8.241438 70.696098
f -3 -2 -1
v -27.500000 -8.241438 70.696098
v -27.500000 -10.105753 70.898010
v -27.500000 -8.230751 70.793678
f -3 -2 -1
v -27.500000 -10.105753 70.898010
v -27.500000 -10.084643 71.075600
v -27.500000 -8.230751 70.793678
f -3 -2 -1
v -27.500000 -8.230751 70.793678
v -27.500000 -10.084643 71.075600
v -27.500000 -8.215817 70.890709
f -3 -2 -1
v -27.500000 -10.084643 71.075600
v -27.500000 -10.055856 71.252106
v -27.500000 -8.215817 70.890709
f -3 -2 -1
v -27.500000 -8.215817 70.890709
v -27.500000 -10.055856 71.252106
v -27.500000 -8.196666 70.986984
f -3 -2 -1
v -27.500000 -10.055856 71.252106
v -27.500000 -10.019444 71.427193
v -27.500000 -8.196666 70.986984
f -3 -2 -1
v -27.500000 -8.196666 70.986984
v -27.500000 -10.019444 71.427193
v -27.500000 -8.173333 71.082344
f -3 -2 -1
v -27.500000 -10.019444 71.427193
v -27.500000 -9.975479 71.600540
v -27.500000 -8.173333 71.082344
f -3 -2 -1
v -27.500000 -8.173333 71.082344
v -27.500000 -9.975479 71.600540
v -27.500000 -8.145864 71.176590
f -3 -2 -1
v -27.500000 -9.975479 71.600540
v -27.500000 -9.924041 71.771820
v -27.500000 -8.145864 71.176590
f -3 -2 -1
v -27.500000 -8.145864 71.176590
v -27.500000 -9.924041 71.771820
v -27.500000 -8.114308 71.269539
f -3 -2 -1
v -27.500000 -9.924041 71.771820
v -27.500000 -9.865227 71.940712
v -27.500000 -8.114308 71.269539
f -3 -2 -1
v -27.500000 -8.114308 71.269539
v -27.500000 -9.865227 71.940712
v -27.500000 -8.078729 71.361038
f -3 -2 -1
v -27.500000 -9.865227 71.940712
v -27.500000 -9.799149 72.106888
v -27.500000 -8.078729 71.361038
f -3 -2 -1
v -27.500000 -8.078729 71.361038
v -27.500000 -9.799149 72.106888
v -27.500000 -8.039192 71.450890
f -3 -2 -1
v -27.500000 -9.799149 72.106888
v -27.500000 -9.725929 72.270050
v -27.500000 -8.039192 71.450890
f -3 -2 -1
v -27.500000 -8.039192 71.450890
v -27.500000 -9.725929 72.270050
v -27.500000 -7.995774 71.538933
f -3 -2 -1
v -27.500000 -9.725929 72.270050
v -27.500000 -9.645707 72.429878
v -27.500000 -7.995774 71.538933
f -3 -2 -1
v -27.500000 -7.995774 71.538933
v -27.500000 -9.645707 72.429878
v -27.500000 -7.948557 71.625000
f -3 -2 -1
v -27.500000 -9.645707 72.429878
v -27.500000 -9.558632 72.586090
v -27.500000 -7.948557 71.625000
f -3 -2 -1
v -27.500000 -7.948557 71.625000
v -27.500000 -9.558632 72.586090
v -27.500000 -7.897630 71.708923
f -3 -2 -1
v -27.500000 -9.558632 72.586090
v -27.500000 -9.464868 72.738373
v -27.500000 -7.897630 71.708923
f -3 -2 -1
v -27.500000 -7.897630 71.708923
v -27.500000 -9.464868 72.738373
v -27.500000 -7.843092 71.790543
f -3 -2 -1
v -27.500000 -9.464868 72.738373
v -27.500000 -9.364592 72.886452
v -27.500000 -7.843092 71.790543
f -3 -2 -1
v -27.500000 -7.843092 71.790543
v -27.500000 -9.364592 72.886452
v -27.500000 -7.785045 71.869713
f -3 -2 -1
v -27.500000 -9.364592 72.886452
v -27.500000 -9.257991 73.030037
v -27.500000 -7.785045 71.869713
f -3 -2 -1
v -27.500000 -7.785045 71.869713
v -27.500000 -9.257991 73.030037
v -27.500000 -7.723600 71.946274
f -3 -2 -1
v -27.500000 -9.257991 73.030037
v -27.500000 -9.145267 73.168884
v -27.500000 -7.723600 71.946274
f -3 -2 -1
v -27.500000 -7.723600 71.946274
v -27.500000 -9.145267 73.168884
v -27.500000 -7.658874 72.020073
f -3 -2 -1
v -27.500000 -9.145267 73.168884
v -27.500000 -9.026631 73.302704
v -27.500000 -7.658874 72.020073
f -3 -2 -1
v -27.500000 -7.658874 72.020073
v -27.500000 -9.026631 73.302704
v -27.500000 -7.590990 72.090988
f -3 -2 -1
v -27.500000 -9.026631 73.302704
v -27.500000 -8.902307 73.431252
v -27.500000 -7.590990 72.090988
f -3 -2 -1
v -27.500000 -7.590990 72.090988
v -27.500000 -8.902307 73.431252
v -27.500000 -7.520078 72.158875
f -3 -2 -1
v -27.500000 -8.902307 73.431252
v -27.500000 -8.772527 73.554291
v -27.500000 -7.520078 72.158875
f -3 -2 -1
v -27.500000 -7.520078 72.158875
v -27.500000 -8.772527 73.554291
v -27.500000 -7.446272 72.223595
f -3 -2 -1
v -27.500000 -8.772527 73.554291
v -27.500000 -8.637536 73.671593
v -27.500000 -7.446272 72.223595
f -3 -2 -1
v -27.500000 -7.446272 72.223595
v -27.500000 -8.637536 73.671593
v -27.500000 -7.369713 72.285049
f -3 -2 -1
v -27.500000 -8.637536 73.671593
v -27.500000 -8.497587 73.782936
v -27.500000 -7.369713 72.285049
f -3 -2 -1
v -27.500000 -7.369713 72.285049
v -27.500000 -8.497587 73.782936
v -27.500000 -7.290547 72.343086
f -3 -2 -1
v -27.500000 -8.497587 73.782936
v -27.500000 -8.352944 73.888107
v -27.500000 -7.290547 72.343086
f -3 -2 -1
v -27.500000 -7.290547 72.343086
v -27.500000 -8.352944 73.888107
v -27.500000 -7.208924 72.397636
f -3 -2 -1
v -27.500000 -8.352944 73.888107
v -27.500000 -8.203880 73.986908
v -27.500000 -7.208924 72.397636
f -3 -2 -1
v -27.500000 -7.208924 72.397636
v -27.500000 -8.203880 73.986908
v -27.500000 -7.125000 72.448563
f -3 -2 -1
v -27.500000 -8.203880 73.986908
v -27.500000 -8.050672 74.079155
v -27.500000 -7.125000 72.448563
f -3 -2 -1
v -27.500000 -7.125000 72.448563
v -27.500000 -8.050672 74.079155
v -27.500000 -7.038934 72.495773
f -3 -2 -1
v -27.500000 -8.050672 74.079155
v -27.500000 -7.893610 74.164680
v -27.500000 -7.038934 72.495773
f -3 -2 -1
v -27.500000 -7.038934 72.495773
v -27.500000 -7.893610 74.164680
v -27.500000 -6.950891 72.539192
f -3 -2 -1
v -27.500000 -7.893610 74.164680
v -27.500000 -7.732988 74.243317
v -27.500000 -6.950891 72.539192
f -3 -2 -1
v -27.500000 -6.950891 72.539192
v -27.500000 -7.732988 74.243317
v -27.500000 -6.861038 72.578728
f -3 -2 -1
v -27.500000 -7.732988 74.243317
v -27.500000 -7.569109 74.314911
v -27.500000 -6.861038 72.578728
f -3 -2 -1
v -27.500000 -6.861038 72.578728
v -27.500000 -7.569109 74.314911
v -27.500000 -6.769546 72.614304
f -3 -2 -1
v -27.500000 -7.569109 74.314911
v -27.500000 -7.402282 74.379333
v -27.500000 -6.769546 72.614304
f -3 -2 -1
v -27.500000 -6.769546 72.614304
v -27.500000 -7.402282 74.379333
v -27.500000 -6.676588 72.645866
f -3 -2 -1
v -27.500000 -7.402282 74.379333
v -27.500000 -7.232818 74.436470
v -27.500000 -6.676588 72.645866
f -3 -2 -1
v -27.500000 -6.676588 72.645866
v -27.500000 -7.232818 74.436470
v -27.500000 -6.582343 72.673332
f -3 -2 -1
v -27.500000 -7.232818 74.436470
v -27.500000 -7.061037 74.486206
v -27.500000 -6.582343 72.673332
f -3 -2 -1
v -27.500000 -6.582343 72.673332
v -27.500000 -7.061037 74.486206
v -27.500000 -6.486989 72.696663
f -3 -2 -1
v -27.500000 -7.061037 74.486206
v -27.500000 -6.887262 74.528450
v -27.500000 -6.486989 72.696663
f -3 -2 -1
v -27.500000 -6.486989 72.696663
v -27.500000 -6.887262 74.528450
v -27.500000 -6.390708 72.715820
f -3 -2 -1
v -27.500000 -6.887262 74.528450
v -27.500000 -6.711819 74.563118
v -27.500000 -6.390708 72.715820
f -3 -2 -1
v -27.500000 -6.390708 72.715820
v -27.500000 -6.711819 74.563118
v -27.500000 -6.293684 72.730751
f -3 -2 -1
v -27.500000 -6.711819 74.563118
v -27.500000 -6.535038 74.590157
v -27.500000 -6.293684 72.730751
f -3 -2 -1
v -27.500000 -6.293684 72.730751
v -27.500000 -6.535038 74.590157
v -27.500000 -6.196100 72.741440
f -3 -2 -1
v -27.500000 -6.535038 74.590157
v -27.500000 -6.357252 74.609505
v -27.500000 -6.196100 72.741440
f -3 -2 -1
v -27.500000 -6.196100 72.741440
v -27.500000 -6.357252 74.609505
v -27.500000 -6.098144 72.747856
f -3 -2 -1
v -27.500000 -6.357252 74.609505
v -27.500000 -6.178794 74.621124
v -27.500000 -6.098144 72.747856
f -3 -2 -1
v -27.500000 -6.098144 72.747856
v -27.500000 -6.178794 74.621124
v -27.500000 -6.000000 72.750000
f -3 -2 -1
v -27.500000 -6.178794 74.621124
v -27.500000 -6.000000 74.625000
v -27.500000 -6.000000 72.750000
f -3 -2 -1
v -27.500000 -6.000000 72.750000
v -27.500000 -6.000000 74.625000
v -27.500000 -5.901856 72.747856
f -3 -2 -1
v -27.500000 -6.000000 74.625000
v -27.500000 -5.821206 74.621124
v -27.500000 -5.901856 72.747856
f -3 -2 -1
v -27.500000 -5.901856 72.747856
v -27.500000 -5.821206 74.621124
v -27.500000 -5.803899 72.741440
f -3 -2 -1
v -27.500000 -5.821206 74.621124
v -27.500000 -5.642748 74.609505
v -27.500000 -5.803899 72.741440
f -3 -2 -1
v -27.500000 -5.803899 72.741440
v -27.500000 -5.642748 74.609505
v -27.500000 -5.706316 72.730751
f -3 -2 -1
v -27.500000 -5.642748 74.609505
v -27.500000 -5.464962 74.590157
v -27.500000 -5.706316 72.730751
f -3 -2 -1
v -27.500000 -5.706316 72.730751
v -27.500000 -5.464962 74.590157
v -27.500000 -5.609292 72.715820
f -3 -2 -1
v -27.500000 -5.464962 74.590157
v -27.500000 -5.288181 74.563118
v -27.500000 -5.609292 72.715820
f -3 -2 -1
v -27.500000 -5.609292 72.715820
v -27.500000 -5.288181 74.563118
v -27.500000 -5.513011 72.696663
f -3 -2 -1
v -27.500000 -5.288181 74.563118
v -27.500000 -5.112738 74.528450
v -27.500000 -5.513011 72.696663
f -3 -2 -1
v -27.500000 -5.513011 72.696663
v -27.500000 -5.112738 74.528450
v -27.500000 -5.417657 72.673332
f -3 -2 -1
v -27.500000 -5.112738 74.528450
v -27.500000 -4.938963 74.486206
v -27.500000 -5.417657 72.673332
f -3 -2 -1
v -27.500000 -5.417657 72.673332
v -27.500000 -4.938963 74.486206
v -27.500000 -5.323412 72.645866
f -3 -2 -1
v -27.500000 -4.938963 74.486206
v -27.500000 -4.767182 74.436470
v -27.500000 -5.323412 72.645866
f -3 -2 -1
v -27.500000 -5.323412 72.645866
v -27.500000 -4.767182 74.436470
v -27.500000 -5.230455 72.614304
f -3 -2 -1
v -27.500000 -4.767182 74.436470
v -27.500000 -4.597718 74.379333
v -27.500000 -5.230455 72.614304
f -3 -2 -1
v -27.500000 -5.230455 72.614304
v -27.500000 -4.597718 74.379333
v -27.500000 -5.138962 72.578728
f -3 -2 -1
v -27.500000 -4.597718 74.379333
v -27.500000 -4.430891 74.314911
v -27.500000 -5.138962 72.578728
f -3 -2 -1
v -27.500000 -5.138962 72.578728
v -27.500000 -4.430891 74.314911
v -27.500000 -5.049109 72.539192
f -3 -2 -1
v -27.500000 -4.430891 74.314911
v -27.500000 -4.267012 74.243317
v -27.500000 -5.049109 72.539192
f -3 -2 -1
v -27.500000 -5.049109 72.539192
v -27.500000 -4.267012 74.243317
v -27.500000 -4.961065 72.495773
f -3 -2 -1
v -27.500000 -4.267012 74.243317
v -27.500000 -4.106390 74.164680
v -27.500000 -4.961065 72.495773
f -3 -2 -1
v -27.500000 -4.961065 72.495773
v -27.500000 -4.106390 74.164680
v -27.500000 -4.875000 72.448563
f -3 -2 -1
v -27.500000 -4.106390 74.164680
v -27.500000 -3.949328 74.079155
v -27.500000 -4.875000 72.448563
f -3 -2 -1
v -27.500000 -4.875000 72.448563
v -27.500000 -3.949328 74.079155
v -27.500000 -4.791076 72.397636
f -3 -2 -1
v -27.500000 -3.949328 74.079155
v -27.500000 -3.796120 73.986908
v -27.500000 -4.791076 72.397636
f -3 -2 -1
v -27.500000 -4.791076 72.397636
v -27.500000 -3.796120 73.986908
v -27.500000 -4.709453 72.343086
f -3 -2 -1
v -27.500000 -3.796120 73.986908
v -27.500000 -3.647055 73.888107
v -27.500000 -4.709453 72.343086
f -3 -2 -1
v -27.500000 -4.709453 72.343086
v -27.500000 -3.647055 73.888107
v -27.500000 -4.630287 72.285049
f -3 -2 -1
v -27.500000 -3.647055 73.888107
v -27.500000 -3.502412 73.782936
v -27.500000 -4.630287 72.285049
f -3 -2 -1
v -27.500000 -4.630287 72.285049
v -27.500000 -3.502412 73.782936
v -27.500000 -4.553728 72.223595
f -3 -2 -1
v -27.500000 -3.502412 73.782936
v -27.500000 -3.362464 73.671593
v -27.500000 -4.553728 72.223595
f -3 -2 -1
v -27.500000 -4.553728 72.223595
v -27.500000 -3.362464 73.671593
v -27.500000 -4.479922 72.158875
f -3 -2 -1
v -27.500000 -3.362464 73.671593
v -27.500000 -3.227473 73.554291
v -27.500000 -4.479922 72.158875
f -3 -2 -1
v -27.500000 -4.479922 72.158875
v -27.500000 -3.227473 73.554291
v -27.500000 -4.409009 72.090988
f -3 -2 -1
v -27.500000 -3.227473 73.554291
v -27.500000 -3.097693 73.431252
v -27.500000 -4.409009 72.090988
f -3 -2 -1
v -27.500000 -4.409009 72.090988
v -27.500000 -3.097693 73.431252
v -27.500000 -4.341126 72.020073
f -3 -2 -1
v -27.500000 -3.097693 73.431252
v -27.500000 -2.973369 73.302704
v -27.500000 -4.341126 72.020073
f -3 -2 -1
v -27.500000 -4.341126 72.020073
v -27.500000 -2.973369 73.302704
v -27.500000 -4.276400 71.946274
f -3 -2 -1
v -27.500000 -2.973369 73.302704
v -27.500000 -2.854733 73.168884
v -27.500000 -4.276400 71.946274
f -3 -2 -1
v -27.500000 -4.276400 71.946274
v -27.500000 -2.854733 73.168884
v -27.500000 -4.214955 71.869713
f -3 -2 -1
v -27.500000 -2.854733 73.168884
v -27.500000 -2.742009 73.030037
v -27.500000 -4.214955 71.869713
f -3 -2 -1
v -27.500000 -4.214955 71.869713
v -27.500000 -2.742009 73.030037
v -27.500000 -4.156908 71.790543
f -3 -2 -1
v -27.500000 -2.742009 73.030037
v -27.500000 -2.635408 72.886452
v -27.500000 -4.156908 71.790543
f -3 -2 -1
v -27.500000 -4.156908 71.790543
v -27.500000 -2.635408 72.886452
v -27.500000 -4.102369 71.708923
f -3 -2 -1
v -27.500000 -2.635408 72.886452
v -27.500000 -2.535132 72.738373
v -27.500000 -4.102369 71.708923
f -3 -2 -1
v -27.500000 -4.102369 71.708923
v -27.500000 -2.535132 72.738373
v -27.500000 -4.051443 71.625000
f -3 -2 -1
v -27.500000 -2.535132 72.738373
v -27.500000 -2.441368 72.586090
v -27.500000 -4.051443 71.625000
f -3 -2 -1
v -27.500000 -4.051443 71.625000
v -27.500000 -2.441368 72.586090
v -27.500000 -4.004226 71.538933
f -3 -2 -1
v -27.500000 -2.441368 72.586090
v -27.500000 -2.354293 72.429878
v -27.500000 -4.004226 71.538933
f -3 -2 -1
v -27.500000 -4.004226 71.538933
v -27.500000 -2.354293 72.429878
v -27.500000 -3.960807 71.450890
f -3 -2 -1
v -27.500000 -2.354293 72.429878
v -27.500000 -2.274071 72.270050
v -27.500000 -3.960807 71.450890
f -3 -2 -1
v -27.500000 -3.960807 71.450890
v -27.500000 -2.274071 72.270050
v -27.500000 -3.921271 71.361038
f -3 -2 -1
v -27.500000 -2.274071 72.270050
v -27.500000 -2.200851 72.106888
v -27.500000 -3.921271 71.361038
f -3 -2 -1
v -27.500000 -3.921271 71.361038
v -27.500000 -2.200851 72.106888
v -27.500000 -3.885691 71.269539
f -3 -2 -1
v -27.500000 -2.200851 72.106888
v -27.500000 -2.134773 71.940712
v -27.500000 -3.885691 71.269539
f -3 -2 -1
v -27.500000 -3.885691 71.269539
v -27.500000 -2.134773 71.940712
v -27.500000 -3.854137 71.176590
f -3 -2 -1
v -27.500000 -2.134773 71.940712
v -27.500000 -2.075959 71.771820
v -27.500000 -3.854137 71.176590
f -3 -2 -1
v -27.500000 -3.854137 71.176590
v -27.500000 -2.075959 71.771820
v -27.500000 -3.826667 71.082344
f -3 -2 -1
v -27.500000 -2.075959 71.771820
v -27.500000 -2.024521 71.600540
v -27.500000 -3.826667 71.082344
f -3 -2 -1
v -27.500000 -3.826667 71.082344
v -27.500000 -2.024521 71.600540
v -27.500000 -3.803334 70.986984
f -3 -2 -1
v -27.500000 -2.024521 71.600540
v -27.500000 -1.980556 71.427193
v -27.500000 -3.803334 70.986984
f -3 -2 -1
v -27.500000 -3.803334 70.986984
v -27.500000 -1.980556 71.427193
v -27.500000 -3.784183 70.890709
f -3 -2 -1
v -27.500000 -1.980556 71.427193
v -27.500000 -1.944144 71.252106
v -27.500000 -3.784183 70.890709
f -3 -2 -1
v -27.500000 -3.784183 70.890709
v -27.500000 -1.944144 71.252106
v -27.500000 -3.769249 70.793678
f -3 -2 -1
v -27.500000 -1.944144 71.252106
v -27.500000 -1.915357 71.075600
v -27.500000 -3.769249 70.793678
f -3 -2 -1
v -27.500000 -3.769249 70.793678
v -27.500000 -1.915357 71.075600
v -27.500000 -3.758562 70.696098
f -3 -2 -1
v -27.500000 -1.915357 71.075600
v -27.500000 -1.894247 70.898010
v -27.500000 -3.758562 70.696098
f -3 -2 -1
v -27.500000 -3.758562 70.696098
v -27.500000 -1.894247 70.898010
v -27.500000 -3.752141 70.598137
f -3 -2 -1
v -27.500000 -1.894247 70.898010
v -27.500000 -1.880854 70.719681
v -27.500000 -3.752141 70.598137
f -3 -2 -1
v -27.500000 -3.752141 70.598137
v -27.500000 -1.880854 70.719681
v -27.500000 -3.750000 70.500000
f -3 -2 -1
v -27.500000 -1.880854 70.719681
v -27.500000 -1.875203 70.540932
v -27.500000 -3.750000 70.500000
f -3 -2 -1
v -27.500000 -3.750000 70.500000
v -27.500000 -1.875203 70.540932
v -27.500000 -3.752141 70.401855
f -3 -2 -1
v -27.500000 -1.875203 70.540932
v -27.500000 -1.877305 70.362114
v -27.500000 -3.752141 70.401855
f -3 -2 -1
v -27.500000 -3.752141 70.401855
v -27.500000 -1.877305 70.362114
v -27.500000 -3.758562 70.303902
f -3 -2 -1
v -27.500000 -1.877305 70.362114
v -27.500000 -1.887156 70.183548
v -27.500000 -3.758562 70.303902
f -3 -2 -1
v -27.500000 -3.758562 70.303902
v -27.500000 -1.887156 70.183548
v -27.500000 -3.769249 70.206314
f -3 -2 -1
v -27.500000 -1.887156 70.183548
v -27.500000 -1.904738 70.005577
v -27.500000 -3.769249 70.206314
f -3 -2 -1
v -27.500000 -3.769249 70.206314
v -27.500000 -1.904738 70.005577
v -27.500000 -3.784183 70.109291
f -3 -2 -1
v -27.500000 -1.904738 70.005577
v -27.500000 -1.930017 69.828537
v -27.500000 -3.784183 70.109291
f -3 -2 -1
v -27.500000 -3.784183 70.109291
v -27.500000 -1.930017 69.828537
v -27.500000 -3.803334 70.013008
f -3 -2 -1
v -27.500000 -1.930017 69.828537
v -27.500000 -1.962946 69.652756
v -27.500000 -3.803334 70.013008
f -3 -2 -1
v -27.500000 -3.803334 70.013008
v -27.500000 -1.962946 69.652756
v -27.500000 -3.826667 69.917656
f -3 -2 -1
v -27.500000 -1.962946 69.652756
v -27.500000 -2.003463 69.478569
v -27.500000 -3.826667 69.917656
f -3 -2 -1
v -27.500000 -3.826667 69.917656
v -27.500000 -2.003463 69.478569
v -27.500000 -3.854137 69.823418
f -3 -2 -1
v -27.500000 -2.003463 69.478569
v -27.500000 -2.051491 69.306305
v -27.500000 -3.854137 69.823418
f -3 -2 -1
v -27.500000 -3.854137 69.823418
v -27.500000 -2.051491 69.306305
v -27.500000 -3.885691 69.730453
f -3 -2 -1
v -27.500000 -2.051491 69.306305
v -27.500000 -2.106941 69.136284
v -27.500000 -3.885691 69.730453
f -3 -2 -1
v -27.500000 -3.885691 69.730453
v -27.500000 -2.106941 69.136284
v -27.500000 -3.921271 69.638962
f -3 -2 -1
v -27.500000 -2.106941 69.136284
v -27.500000 -2.169709 68.968826
v -27.500000 -3.921271 69.638962
f -3 -2 -1
v -27.500000 -3.921271 69.638962
v -27.500000 -2.169709 68.968826
v -27.500000 -3.960807 69.549103
f -3 -2 -1
v -27.500000 -2.169709 68.968826
v -27.500000 -2.239676 68.804245
v -27.500000 -3.960807 69.549103
f -3 -2 -1
v -27.500000 -3.960807 69.549103
v -27.500000 -2.239676 68.804245
v -27.500000 -4.004226 69.461060
f -3 -2 -1
v -27.500000 -2.239676 68.804245
v -27.500000 -2.316711 68.642845
v -27.500000 -4.004226 69.461060
f -3 -2 -1
v -27.500000 -4.004226 69.461060
v -27.500000 -2.316711 68.642845
v -27.500000 -4.051443 69.375000
f -3 -2 -1
v -27.500000 -2.316711 68.642845
v -27.500000 -2.400669 68.484947
v -27.500000 -4.051443 69.375000
f -3 -2 -1
v -27.500000 -4.051443 69.375000
v -27.500000 -2.400669 68.484947
v -27.500000 -4.102369 69.291077
f -3 -2 -1
v -27.500000 -2.400669 68.484947
v -27.500000 -2.491392 68.330833
v -27.500000 -4.102369 69.291077
f -3 -2 -1
v -27.500000 -4.102369 69.291077
v -27.500000 -2.491392 68.330833
v -27.500000 -4.156908 69.209457
f -3 -2 -1
v -27.500000 -2.491392 68.330833
v -27.500000 -2.588709 68.180794
v -27.500000 -4.156908 69.209457
f -3 -2 -1
v -27.500000 -4.156908 69.209457
v -27.500000 -2.588709 68.180794
v -27.500000 -4.214955 69.130287
f -3 -2 -1
v -27.500000 -2.588709 68.180794
v -27.500000 -2.692439 68.035110
v -27.500000 -4.214955 69.130287
f -3 -2 -1
v -27.500000 -4.214955 69.130287
v -27.500000 -2.692439 68.035110
v -27.500000 -4.276400 69.053726
f -3 -2 -1
v -27.500000 -2.692439 68.035110
v -27.500000 -2.802386 67.894066
v -27.500000 -4.276400 69.053726
f -3 -2 -1
v -27.500000 -4.276400 69.053726
v -27.500000 -2.802386 67.894066
v -27.500000 -4.341126 68.979919
f -3 -2 -1
v -27.500000 -2.802386 67.894066
v -27.500000 -2.918342 67.757919
v -27.500000 -4.341126 68.979919
f -3 -2 -1
v -27.500000 -4.341126 68.979919
v -27.500000 -2.918342 67.757919
v -27.500000 -4.409009 68.909012
f -3 -2 -1
v -27.500000 -2.918342 67.757919
v -27.500000 -3.040091 67.626923
v -27.500000 -4.409009 68.909012
f -3 -2 -1
v -27.500000 -4.409009 68.909012
v -27.500000 -3.040091 67.626923
v -27.500000 -4.479922 68.841133
f -3 -2 -1
v -27.500000 -3.040091 67.626923
v -27.500000 -3.167403 67.501328
v -27.500000 -4.479922 68.841133
f -3 -2 -1
v -27.500000 -4.479922 68.841133
v -27.500000 -3.167403 67.501328
v -27.500000 -4.553728 68.776398
f -3 -2 -1
v -27.500000 -3.167403 67.501328
v -27.500000 -3.300040 67.381378
v -27.500000 -4.553728 68.776398
f -3 -2 -1
v -27.500000 -4.553728 68.776398
v -27.500000 -3.300040 67.381378
v -27.500000 -4.630287 68.714951
f -3 -2 -1
v -27.500000 -3.300040 67.381378
v -27.500000 -3.437751 67.267273
v -27.500000 -4.630287 68.714951
f -3 -2 -1
v -27.500000 -4.630287 68.714951
v -27.500000 -3.437751 67.267273
v -27.500000 -4.709453 68.656906
f -3 -2 -1
v -27.500000 -3.437751 67.267273
v -27.500000 -3.580278 67.159256
v -27.500000 -4.709453 68.656906
f -3 -2 -1
v -27.500000 -4.709453 68.656906
v -27.500000 -3.580278 67.159256
v -27.500000 -4.791076 68.602371
f -3 -2 -1
v -27.500000 -3.580278 67.159256
v -27.500000 -3.727353 67.057510
v -27.500000 -4.791076 68.602371
f -3 -2 -1
v -27.500000 -4.791076 68.602371
v -27.500000 -3.727353 67.057510
v -27.500000 -4.875000 68.551445
f -3 -2 -1
v -27.500000 -3.727353 67.057510
v -27.500000 -3.878700 66.962242
v -27.500000 -4.875000 68.551445
f -3 -2 -1
v -27.500000 -4.875000 68.551445
v -27.500000 -3.878700 66.962242
v -27.500000 -4.961065 68.504227
f -3 -2 -1
v -27.500000 -3.878700 66.962242
v -27.500000 -4.034034 66.873627
v -27.500000 -4.961065 68.504227
f -3 -2 -1
v -27.500000 -4.961065 68.504227
v -27.500000 -4.034034 66.873627
v -27.500000 -5.049109 68.460808
f -3 -2 -1
v -27.500000 -4.034034 66.873627
v -27.500000 -4.193063 66.791817
v -27.500000 -5.049109 68.460808
f -3 -2 -1
v -27.500000 -5.049109 68.460808
v -27.500000 -4.193063 66.791817
v -27.500000 -4.355489 66.716988
f -3 -2 -1
v -27.500000 -6.000000 72.750000
v -17.500000 -6.000000 72.750000
v -27.500000 -6.098144 72.747856
f -3 -2 -1
v -17.500000 -6.000000 72.750000
v -17.500000 -6.098144 72.747856
v -27.500000 -6.098144 72.747856
f -3 -2 -1
v -27.500000 -6.098144 72.747856
v -17.500000 -6.098144 72.747856
v -27.500000 -6.196100 72.741440
f -3 -2 -1
v -17.500000 -6.098144 72.747856
v -17.500000 -6.196100 72.741440
v -27.500000 -6.196100 72.741440
f -3 -2 -1
v -27.500000 -6.196100 72.741440
v -17.500000 -6.196100 72.741440
v -27.500000 -6.293684 72.730751
f -3 -2 -1
v -17.500000 -6.196100 72.741440
v -17.500000 -6.293684 72.730751
v -27.500000 -6.293684 72.730751
f -3 -2 -1
v -27.500000 -6.293684 72.730751
v -17.500000 -6.293684 72.730751
v -27.500000 -6.390708 72.715820
f -3 -2 -1
v -17.500000 -6.293684 72.730751
v -17.500000 -6.390708 72.715820
v -27.500000 -6.390708 72.715820
f -3 -2 -1
v -27.500000 -6.390708 72.715820
v -17.500000 -6.390708 72.715820
v -27.500000 -6.486989 72.696663
f -3 -2 -1
v -17.500000 -6.390708 72.715820
v -17.500000 -6.486989 72.696663
v -27.500000 -6.486989 72.696663
f -3 -2 -1
v -27.500000 -6.486989 72.696663
v -17.500000 -6.486989 72.696663
v -27.500000 -6.582343 72.673332
f -3 -2 -1
v -17.500000 -6.486989 72.696663
v -17.500000 -6.582343 72.673332
v -27.500000 -6.582343 72.673332
f -3 -2 -1
v -27.500000 -6.582343 72.673332
v -17.500000 -6.582343 72.673332
v -27.500000 -6.676588 72.645866
f -3 -2 -1
v -17.500000 -6.582343 72.673332
v -17.500000 -6.676588 72.645866
v -27.500000 -6.676588 72.645866
f -3 -2 -1
v -27.500000 -6.676588 72.645866
v -17.500000 -6.676588 72.645866
v -27.500000 -6.769546 72.614304
f -3 -2 -1
v -17.500000 -6.676588 72.645866
v -17.500000 -6.769546 72.614304
v -27.500000 -6.769546 72.614304
f -3 -2 -1
v -27.500000 -6.769546 72.614304
v -17.500000 -6.769546 72.614304
v -27.500000 -6.861038 72.578728
f -3 -2 -1
v -17.500000 -6.769546 72.614304
v -17.500000 -6.861038 72.578728
v -27.500000 -6.861038 72.578728
f -3 -2 -1
v -27.500000 -6.861038 72.578728
v -17.500000 -6.861038 72.578728
v -27.500000 -6.950891 72.539192
f -3 -2 -1
v -17.500000 -6.861038 72.578728
v -17.500000 -6.950891 72.539192
v -27.500000 -6.950891 72.539192
f -3 -2 -1
v -27.500000 -6.950891 72.539192
v -17.500000 -6.950891 72.539192
v -27.500000 -7.038934 72.495773
f -3 -2 -1
v -17.500000 -6.950891 72.539192
v -17.500000 -7.038934 72.495773
v -27.500000 -7.038934 72.495773
f -3 -2 -1
v -27.500000 -7.038934 72.495773
v -17.500000 -7.038934 72.495773
v -27.500000 -7.125000 72.448563
f -3 -2 -1
v -17.500000 -7.038934 72.495773
v -17.500000 -7.125000 72.448563
v -27.500000 -7.125000 72.448563
f -3 -2 -1
v -27.500000 -7.125000 72.448563
v -17.500000 -7.125000 72.448563
v -27.500000 -7.208924 72.397636
f -3 -2 -1
v -17.500000 -7.125000 72.448563
v -17.500000 -7.208924 72.397636
v -27.500000 -7.208924 72.397636
f -3 -2 -1
v -27.500000 -7.208924 72.397636
v -17.500000 -7.208924 72.397636
v -27.500000 -7.290547 72.343086
f -3 -2 -1
v -17.500000 -7.208924 72.397636
v -17.500000 -7.290547 72.343086
v -27.500000 -7.290547 72.343086
f -3 -2 -1
v -27.500000 -7.290547 72.343086
v -17.500000 -7.290547 72.343086
v -27.500000 -7.369713 72.285049
f -3 -2 -1
v -17.500000 -7.290547 72.343086
v -17.500000 -7.369713 72.285049
v -27.500000 -7.369713 72.285049
f -3 -2 -1
v -27.500000 -7.369713 72.285049
v -17.500000 -7.369713 72.285049
v -27.500000 -7.446272 72.223595
f -3 -2 -1
v -17.500000 -7.369713 72.285049
v -17.500000 -7.446272 72.223595
v -27.500000 -7.446272 72.223595
f -3 -2 -1
v -27.500000 -7.446272 72.223595
v -17.500000 -7.446272 72.223595
v -27.500000 -7.520078 72.158875
f -3 -2 -1
v -17.500000 -7.446272 72.223595
v -17.500000 -7.520078 72.158875
v -27.500000 -7.520078 72.158875
f -3 -2 -1
v -27.500000 -7.520078 72.158875
v -17.500000 -7.520078 72.158875
v -27.500000 -7.590990 72.090988
f -3 -2 -1
v -17.500000 -7.520078 72.158875
v -17.500000 -7.590990 72.090988
v -27.500000 -7.590990 72.090988
f -3 -2 -1
v -27.500000 -7.590990 72.090988
v -17.500000 -7.590990 72.090988
v -27.500000 -7.658874 72.020073
f -3 -2 -1
v -17.500000 -7.590990 72.090988
v -17.500000 -7.658874 72.020073
v -27.500000 -7.658874 72.020073
f -3 -2 -1
v -27.500000 -7.658874 72.020073
v -17.500000 -7.658874 72.020073
v -27.500000 -7.723600 71.946274
f -3 -2 -1
v -17.500000 -7.658874 72.020073
v -17.500000 -7.723600 71.946274
v -27.500000 -7.723600 71.946274
f -3 -2 -1
v -27.500000 -7.723600 71.946274
v -17.500000 -7.723600 71.946274
v -27.500000 -7.785045 71.869713
f -3 -2 -1
v -17.500000 -7.723600 71.946274
v -17.500000 -7.785045 71.869713
v -27.500000 -7.785045 71.869713
f -3 -2 -1
v -27.500000 -7.785045 71.869713
v -17.500000 -7.785045 71.869713
v -27.500000 -7.843092 71.790543
f -3 -2 -1
v -17.500000 -7.785045 71.869713
v -17.500000 -7.843092 71.790543
v -27.500000 -7.843092 71.790543
f -3 -2 -1
v -27.500000 -7.843092 71.790543
v -17.500000 -7.843092 71.790543
v -27.500000 -7.897630 71.708923
f -3 -2 -1
v -17.500000 -7.843092 71.790543
v -17.500000 -7.897630 71.708923
v -27.500000 -7.897630 71.708923
f -3 -2 -1
v -27.500000 -7.897630 71.708923
v -17.500000 -7.897630 71.708923
v -27.500000 -7.948557 71.625000
f -3 -2 -1
v -17.500000 -7.897630 71.708923
v -17.500000 -7.948557 71.625000
v -27.500000 -7.948557 71.625000
f -3 -2 -1
v -27.500000 -7.948557 71.625000
v -17.500000 -7.948557 71.625000
v -27.500000 -7.995774 71.538933
f -3 -2 -1
v -17.500000 -7.948557 71.625000
v -17.500000 -7.995774 71.538933
v -27.500000 -7.995774 71.538933
f -3 -2 -1
v -27.500000 -7.995774 71.538933
v -17.500000 -7.995774 71.538933
v -27.500000 -8.039192 71.450890
f -3 -2 -1
v -17.500000 -7.995774 71.538933
v -17.500000 -8.039192 71.450890
v -27.500000 -8.039192 71.450890
f -3 -2 -1
v -27.500000 -8.039192 71.450890
v -17.500000 -8.039192 71.450890
v -27.500000 -8.078729 71.361038
f -3 -2 -1
v -17.500000 -8.039192 71.450890
v -17.500000 -8.078729 71.361038
v -27.500000 -8.078729 71.361038
f -3 -2 -1
v -27.500000 -8.078729 71.361038
v -17.500000 -8.078729 71.361038
v -27.500000 -8.114308 71.269539
f -3 -2 -1
v -17.500000 -8.078729 71.361038
v -17.500000 -8.114308 71.269539
v -27.500000 -8.114308 71.269539
f -3 -2 -1
v -27.500000 -8.114308 71.269539
v -17.500000 -8.114308 71.269539
v -27.500000 -8.145864 71.176590
f -3 -2 -1
v -17.500000 -8.114308 71.269539
v -17.500000 -8.145864 71.176590
v -27.500000 -8.145864 71.176590
f -3 -2 -1
v -27.500000 -8.145864 71.176590
v -17.500000 -8.145864 71.176590
v -27.500000 -8.173333 71.082344
f -3 -2 -1
v -17.500000 -8.145864 71.176590
v -17.500000 -8.173333 71.082344
v -27.500000 -8.173333 71.082344
f -3 -2 -1
v -27.500000 -8.173333 71.082344
v -17.500000 -8.173333 71.082344
v -27.500000 -8.196666 70.986984
f -3 -2 -1
v -17.500000 -8.173333 71.082344
v -17.500000 -8.196666 70.986984
v -27.500000 -8.196666 70.986984
f -3 -2 -1
v -27.500000 -8.196666 70.986984
v -17.500000 -8.196666 70.986984
v -27.500000 -8.215817 70.890709
f -3 -2 -1
v -17.500000 -8.196666 70.986984
v -17.500000 -8.215817 70.890709
v -27.500000 -8.215817 70.890709
f -3 -2 -1
v -27.500000 -8.215817 70.890709
v -17.500000 -8.215817 70.890709
v -27.500000 -8.230751 70.793678
f -3 -2 -1
v -17.500000 -8.215817 70.890709
v -17.500000 -8.230751 70.793678
v -27.500000 -8.230751 70.793678
f -3 -2 -1
v -27.500000 -8.230751 70.793678
v -17.500000 -8.230751 70.793678
v -27.500000 -8.241438 70.696098
f -3 -2 -1
v -17.500000 -8.230751 70.793678
v -17.500000 -8.241438 70.696098
v -27.500000 -8.241438 70.696098
f -3 -2 -1
v -27.500000 -8.241438 70.696098
v -17.500000 -8.241438 70.696098
v -27.500000 -8.247859 70.598137
f -3 -2 -1
v -17.500000 -8.241438 70.696098
v -17.500000 -8.247859 70.598137
v -27.500000 -8.247859 70.598137
f -3 -2 -1
v -27.500000 -8.247859 70.598137
v -17.500000 -8.247859 70.598137
v -27.500000 -8.250000 70.500000
f -3 -2 -1
v -17.500000 -8.247859 70.598137
v -17.500000 -8.250000 70.500000
v -27.500000 -8.250000 70.500000
f -3 -2 -1
v -27.500000 -8.250000 70.500000
v -17.500000 -8.250000 70.500000
v -27.500000 -8.247859 70.401855
f -3 -2 -1
v -17.500000 -8.250000 70.500000
v -17.500000 -8.247859 70.401855
v -27.500000 -8.247859 70.401855
f -3 -2 -1
v -27.500000 -8.247859 70.401855
v -17.500000 -8.247859 70.401855
v -27.500000 -8.241438 70.303902
f -3 -2 -1
v -17.500000 -8.247859 70.401855
v -17.500000 -8.241438 70.303902
v -27.500000 -8.241438 70.303902
f -3 -2 -1
v -27.500000 -8.241438 70.303902
v -17.500000 -8.241438 70.303902
v -27.500000 -8.230751 70.206314
f -3 -2 -1
v -17.500000 -8.241438 70.303902
v -17.500000 -8.230751 70.206314
v -27.500000 -8.230751 70.206314
f -3 -2 -1
v -27.500000 -8.230751 70.206314
v -17.500000 -8.230751 70.206314
v -27.500000 -8.215817 70.109291
f -3 -2 -1
v -17.500000 -8.230751 70.206314
v -17.500000 -8.215817 70.109291
v -27.500000 -8.215817 70.109291
f -3 -2 -1
v -27.500000 -8.215817 70.109291
v -17.500000 -8.215817 70.109291
v -27.500000 -8.196666 70.013008
f -3 -2 -1
v -17.500000 -8.215817 70.109291
v -17.500000 -8.196666 70.013008
v -27.500000 -8.196666 70.013008
f -3 -2 -1
v -27.500000 -8.196666 70.013008
v -17.500000 -8.196666 70.013008
v -27.500000 -8.173333 69.917656
f -3 -2 -1
v -17.500000 -8.196666 70.013008
v -17.500000 -8.173333 69.917656
v -27.500000 -8.173333 69.917656
f -3 -2 -1
v -27.500000 -8.173333 69.917656
v -17.500000 -8.173333 69.917656
v -27.500000 -8.145864 69.823418
f -3 -2 -1
v -17.500000 -8.173333 69.917656
v -17.500000 -8.145864 69.823418
v -27.500000 -8.145864 69.823418
f -3 -2 -1
v -27.500000 -8.145864 69.823418
v -17.500000 -8.145864 69.823418
v -27.500000 -8.114308 69.730453
f -3 -2 -1
v -17.500000 -8.145864 69.823418
v -17.500000 -8.114308 69.730453
v -27.500000 -8.114308 69.730453
f -3 -2 -1
v -27.500000 -8.114308 69.730453
v -17.500000 -8.114308 69.730453
v -27.500000 -8.078729 69.638962
f -3 -2 -1
v -17.500000 -8.114308 69.730453
v -17.500000 -8.078729 69.638962
v -27.500000 -8.078729 69.638962
f -3 -2 -1
v -27.500000 -8.078729 69.638962
v -17.500000 -8.078729 69.638962
v -27.500000 -8.039192 69.549103
f -3 -2 -1
v -17.500000 -8.078729 69.638962
v -17.500000 -8.039192 69.549103
v -27.500000 -8.039192 69.549103
f -3 -2 -1
v -27.500000 -8.039192 69.549103
v -17.500000 -8.039192 69.549103
v -27.500000 -7.995774 69.461060
f -3 -2 -1
v -17.500000 -8.039192 69.549103
v -17.500000 -7.995774 69.461060
v -27.500000 -7.995774 69.461060
f -3 -2 -1
v -27.500000 -7.995774 69.461060
v -17.500000 -7.995774 69.461060
v -27.500000 -7.948557 69.375000
f -3 -2 -1
v -17.500000 -7.995774 69.461060
v -17.500000 -7.948557 69.375000
v -27.500000 -7.948557 69.375000
f -3 -2 -1
v -27.500000 -7.948557 69.375000
v -17.500000 -7.948557 69.375000
v -27.500000 -7.897630 69.291077
f -3 -2 -1
v -17.500000 -7.948557 69.375000
v -17.500000 -7.897630 69.291077
v -27.500000 -7.897630 69.291077
f -3 -2 -1
v -27.500000 -7.897630 69.291077
v -17.500000 -7.897630 69.291077
v -27.500000 -7.843092 69.209457
f -3 -2 -1
v -17.500000 -7.897630 69.291077
v -17.500000 -7.843092 69.209457
v -27.500000 -7.843092 69.209457
f -3 -2 -1
v -27.500000 -7.843092 69.209457
v -17.500000 -7.843092 69.209457
v -27.500000 -7.785045 69.130287
f -3 -2 -1
v -17.500000 -7.843092 69.209457
v -17.500000 -7.785045 69.130287
v -27.500000 -7.785045 69.130287
f -3 -2 -1
v -27.500000 -7.785045 69.130287
v -17.500000 -7.785045 69.130287
v -27.500000 -7.723600 69.053726
f -3 -2 -1
v -17.500000 -7.785045 69.130287
v -17.500000 -7.723600 69.053726
v -27.500000 -7.723600 69.053726
f -3 -2 -1
v -27.500000 -7.723600 69.053726
v -17.500000 -7.723600 69.053726
v -27.500000 -7.658874 68.979919
f -3 -2 -1
v -17.500000 -7.723600 69.053726
v -17.500000 -7.658874 68.979919
v -27.500000 -7.658874 68.979919
f -3 -2 -1
v -27.500000 -7.658874 68.979919
v -17.500000 -7.658874 68.979919
v -27.500000 -7.590990 68.909012
f -3 -2 -1
v -17.500000 -7.658874 68.979919
v -17.500000 -7.590990 68.909012
v -27.500000 -7.590990 68.909012
f -3 -2 -1
v -27.500000 -7.590990 68.909012
v -17.500000 -7.590990 68.909012
v -27.500000 -7.520078 68.841133
f -3 -2 -1
v -17.500000 -7.590990 68.909012
v -17.500000 -7.520078 68.841133
v -27.500000 -7.520078 68.841133
f -3 -2 -1
v -27.500000 -7.520078 68.841133
v -17.500000 -7.520078 68.841133
v -27.500000 -7.446272 68.776398
f -3 -2 -1
v -17.500000 -7.520078 68.841133
v -17.500000 -7.446272 68.776398
v -27.500000 -7.446272 68.776398
f -3 -2 -1
v -27.500000 -7.446272 68.776398
v -17.500000 -7.446272 68.776398
v -27.500000 -7.369713 68.714951
f -3 -2 -1
v -17.500000 -7.446272 68.776398
v -17.500000 -7.369713 68.714951
v -27.500000 -7.369713 68.714951
f -3 -2 -1
v -27.500000 -7.369713 68.714951
v -17.500000 -7.369713 68.714951
v -27.500000 -7.290547 68.656906
f -3 -2 -1
v -17.500000 -7.369713 68.714951
v -17.500000 -7.290547 68.656906
v -27.500000 -7.290547 68.656906
f -3 -2 -1
v -27.500000 -7.290547 68.656906
v -17.500000 -7.290547 68.656906
v -27.500000 -7.208924 68.602371
f -3 -2 -1
v -17.500000 -7.290547 68.656906
v -17.500000 -7.208924 68.602371
v -27.500000 -7.208924 68.602371
f -3 -2 -1
v -27.500000 -7.208924 68.602371
v -17.500000 -7.208924 68.602371
v -27.500000 -7.125000 68.551445
f -3 -2 -1
v -17.500000 -7.208924 68.602371
v -17.500000 -7.125000 68.551445
v -27.500000 -7.125000 68.551445
f -3 -2 -1
v -27.500000 -7.125000 68.551445
v -17.500000 -7.125000 68.551445
v -27.500000 -7.038934 68.504227
f -3 -2 -1
v -17.500000 -7.125000 68.551445
v -17.500000 -7.038934 68.504227
v -27.500000 -7.038934 68.504227
f -3 -2 -1
v -27.500000 -7.038934 68.504227
v -17.500000 -7.038934 68.504227
v -27.500000 -6.950891 68.460808
f -3 -2 -1
v -17.500000 -7.038934 68.504227
v -17.500000 -6.950891 68.460808
v -27.500000 -6.950891 68.460808
f -3 -2 -1
v -27.500000 -6.950891 68.460808
v -17.500000 -6.950891 68.460808
v -27.500000 -6.861038 68.421272
f -3 -2 -1
v -17.500000 -6.950891 68.460808
v -17.500000 -6.861038 68.421272
v -27.500000 -6.861038 68.421272
f -3 -2 -1
v -27.500000 -6.861038 68.421272
v -17.500000 -6.861038 68.421272
v -27.500000 -6.769546 68.385689
f -3 -2 -1
v -17.500000 -6.861038 68.421272
v -17.500000 -6.769546 68.385689
v -27.500000 -6.769546 68.385689
f -3 -2 -1
v -27.500000 -6.769546 68.385689
v -17.500000 -6.769546 68.385689
v -27.500000 -6.676588 68.354134
f -3 -2 -1
v -17.500000 -6.769546 68.385689
v -17.500000 -6.676588 68.354134
v -27.500000 -6.676588 68.354134
f -3 -2 -1
v -27.500000 -6.676588 68.354134
v -17.500000 -6.676588 68.354134
v -27.500000 -6.582343 68.326668
f -3 -2 -1
v -17.500000 -6.676588 68.354134
v -17.500000 -6.582343 68.326668
v -27.500000 -6.582343 68.326668
f -3 -2 -1
v -27.500000 -6.582343 68.326668
v -17.500000 -6.582343 68.326668
v -27.500000 -6.486989 68.303329
f -3 -2 -1
v -17.500000 -6.582343 68.326668
v -17.500000 -6.486989 68.303329
v -27.500000 -6.486989 68.303329
f -3 -2 -1
v -27.500000 -6.486989 68.303329
v -17.500000 -6.486989 68.303329
v -27.500000 -6.390708 68.284187
f -3 -2 -1
v -17.500000 -6.486989 68.303329
v -17.500000 -6.390708 68.284187
v -27.500000 -6.390708 68.284187
f -3 -2 -1
v -27.500000 -6.390708 68.284187
v -17.500000 -6.390708 68.284187
v -27.500000 -6.293684 68.269257
f -3 -2 -1
v -17.500000 -6.390708 68.284187
v -17.500000 -6.293684 68.269257
v -27.500000 -6.293684 68.269257
f -3 -2 -1
v -27.500000 -6.293684 68.269257
v -17.500000 -6.293684 68.269257
v -27.500000 -6.196100 68.258560
f -3 -2 -1
v -17.500000 -6.293684 68.269257
v -17.500000 -6.196100 68.258560
v -27.500000 -6.196100 68.258560
f -3 -2 -1
v -27.500000 -6.196100 68.258560
v -17.500000 -6.196100 68.258560
v -27.500000 -6.098144 68.252136
f -3 -2 -1
v -17.500000 -6.196100 68.258560
v -17.500000 -6.098144 68.252136
v -27.500000 -6.098144 68.252136
f -3 -2 -1
v -27.500000 -6.098144 68.252136
v -17.500000 -6.098144 68.252136
v -27.500000 -6.000000 68.250000
f -3 -2 -1
v -17.500000 -6.098144 68.252136
v -17.500000 -6.000000 68.250000
v -27.500000 -6.000000 68.250000
f -3 -2 -1
v -27.500000 -6.000000 68.250000
v -17.500000 -6.000000 68.250000
v -27.500000 -5.901856 68.252136
f -3 -2 -1
v -17.500000 -6.000000 68.250000
v -17.500000 -5.901856 68.252136
v -27.500000 -5.901856 68.252136
f -3 -2 -1
v -27.500000 -5.901856 68.252136
v -17.500000 -5.901856 68.252136
v -27.500000 -5.803899 68.258560
f -3 -2 -1
v -17.500000 -5.901856 68.252136
v -17.500000 -5.803899 68.258560
v -27.500000 -5.803899 68.258560
f -3 -2 -1
v -27.500000 -5.803899 68.258560
v -17.500000 -5.803899 68.258560
v -27.500000 -5.706316 68.269257
f -3 -2 -1
v -17.500000 -5.803899 68.258560
v -17.500000 -5.706316 68.269257
v -27.500000 -5.706316 68.269257
f -3 -2 -1
v -27.500000 -5.706316 68.269257
v -17.500000 -5.706316 68.269257
v -27.500000 -5.609292 68.284187
f -3 -2 -1
v -17.500000 -5.706316 68.269257
v -17.500000 -5.609292 68.284187
v -27.500000 -5.609292 68.284187
f -3 -2 -1
v -27.500000 -5.609292 68.284187
v -17.500000 -5.609292 68.284187
v -27.500000 -5.513011 68.303329
f -3 -2 -1
v -17.500000 -5.609292 68.284187
v -17.500000 -5.513011 68.303329
v -27.500000 -5.513011 68.303329
f -3 -2 -1
v -27.500000 -5.513011 68.303329
v -17.500000 -5.513011 68.303329
v -27.500000 -5.417657 68.326668
f -3 -2 -1
v -17.500000 -5.513011 68.303329
v -17.500000 -5.417657 68.326668
v -27.500000 -5.417657 68.326668
f -3 -2 -1
v -27.500000 -5.417657 68.326668
v -17.500000 -5.417657 68.326668
v -27.500000 -5.323412 68.354134
f -3 -2 -1
v -17.500000 -5.417657 68.326668
v -17.500000 -5.323412 68.354134
v -27.500000 -5.323412 68.354134
f -3 -2 -1
v -27.500000 -5.323412 68.354134
v -17.500000 -5.323412 68.354134
v -27.500000 -5.230455 68.385689
f -3 -2 -1
v -17.500000 -5.323412 68.354134
v -17.500000 -5.230455 68.385689
v -27.500000 -5.230455 68.385689
f -3 -2 -1
v -27.500000 -5.230455 68.385689
v -17.500000 -5.230455 68.385689
v -27.500000 -5.138962 68.421272
f -3 -2 -1
v -17.500000 -5.230455 68.385689
v -17.500000 -5.138962 68.421272
v -27.500000 -5.138962 68.421272
f -3 -2 -1
v -27.500000 -5.138962 68.421272
v -17.500000 -5.138962 68.421272
v -27.500000 -5.049109 68.460808
f -3 -2 -1
v -17.500000 -5.138962 68.421272
v -17.500000 -5.049109 68.460808
v -27.500000 -5.049109 68.460808
f -3 -2 -1
v -27.500000 -5.049109 68.460808
v -17.500000 -5.049109 68.460808
v -27.500000 -4.961065 68.504227
f -3 -2 -1
v -17.500000 -5.049109 68.460808
v -17.500000 -4.961065 68.504227
v -27.500000 -4.961065 68.504227
f -3 -2 -1
v -27.500000 -4.961065 68.504227
v -17.500000 -4.961065 68.504227
v -27.500000 -4.875000 68.551445
f -3 -2 -1
v -17.500000 -4.961065 68.504227
v -17.500000 -4.875000 68.551445
v -27.500000 -4.875000 68.551445
f -3 -2 -1
v -27.500000 -4.875000 68.551445
v -17.500000 -4.875000 68.551445
v -27.500000 -4.791076 68.602371
f -3 -2 -1
v -17.500000 -4.875000 68.551445
v -17.500000 -4.791076 68.602371
v -27.500000 -4.791076 68.602371
f -3 -2 -1
v -27.500000 -4.791076 68.602371
v -17.500000 -4.791076 68.602371
v -27.500000 -4.709453 68.656906
f -3 -2 -1
v -17.500000 -4.791076 68.602371
v -17.500000 -4.709453 68.656906
v -27.500000 -4.709453 68.656906
f -3 -2 -1
v -27.500000 -4.709453 68.656906
v -17.500000 -4.709453 68.656906
v -27.500000 -4.630287 68.714951
f -3 -2 -1
v -17.500000 -4.709453 68.656906
v -17.500000 -4.630287 68.714951
v -27.500000 -4.630287 68.714951
f -3 -2 -1
v -27.500000 -4.630287 68.714951
v -17.500000 -4.630287 68.714951
v -27.500000 -4.553728 68.776398
f -3 -2 -1
v -17.500000 -4.630287 68.714951
v -17.500000 -4.553728 68.776398
v -27.500000 -4.553728 68.776398
f -3 -2 -1
v -27.500000 -4.553728 68.776398
v -17.500000 -4.553728 68.776398
v -27.500000 -4.479922 68.841133
f -3 -2 -1
v -17.500000 -4.553728 68.776398
v -17.500000 -4.479922 68.841133
v -27.500000 -4.479922 68.841133
f -3 -2 -1
v -27.500000 -4.479922 68.841133
v -17.500000 -4.479922 68.841133
v -27.500000 -4.409009 68.909012
f -3 -2 -1
v -17.500000 -4.479922 68.841133
v -17.500000 -4.409009 68.909012
v -27.500000 -4.409009 68.909012
f -3 -2 -1
v -27.500000 -4.409009 68.909012
v -17.500000 -4.409009 68.909012
v -27.500000 -4.341126 68.979919
f -3 -2 -1
v -17.500000 -4.409009 68.909012
v -17.500000 -4.341126 68.979919
v -27.500000 -4.341126 68.979919
f -3 -2 -1
v -27.500000 -4.341126 68.979919
v -17.500000 -4.341126 68.979919
v -27.500000 -4.276400 69.053726
f -3 -2 -1
v -17.500000 -4.341126 68.979919
v -17.500000 -4.276400 69.053726
v -27.500000 -4.276400 69.053726
f -3 -2 -1
v -27.500000 -4.276400 69.053726
v -17.500000 -4.276400 69.053726
v -27.500000 -4.214955 69.130287
f -3 -2 -1
v -17.500000 -4.276400 69.053726
v -17.500000 -4.214955 69.130287
v -27.500000 -4.214955 69.130287
f -3 -2 -1
v -27.500000 -4.214955 69.130287
v -17.500000 -4.214955 69.130287
v -27.500000 -4.156908 69.209457
f -3 -2 -1
v -17.500000 -4.214955 69.130287
v -17.500000 -4.156908 69.209457
v -27.500000 -4.156908 69.209457
f -3 -2 -1
v -27.500000 -4.156908 69.209457
v -17.500000 -4.156908 69.209457
v -27.500000 -4.102369 69.291077
f -3 -2 -1
v -17.500000 -4.156908 69.209457
v -17.500000 -4.102369 69.291077
v -27.500000 -4.102369 69.291077
f -3 -2 -1
v -27.500000 -4.102369 69.291077
v -17.500000 -4.102369 69.291077
v -27.500000 -4.051443 69.375000
f -3 -2 -1
v -17.500000 -4.102369 69.291077
v -17.500000 -4.051443 69.375000
v -27.500000 -4.051443 69.375000
f -3 -2 -1
v -27.500000 -4.051443 69.375000
v -17.500000 -4.051443 69.375000
v -27.500000 -4.004226 69.461060
f -3 -2 -1
v -17.500000 -4.051443 69.375000
v -17.500000 -4.004226 69.461060
v -27.500000 -4.004226 69.461060
f -3 -2 -1
v -27.500000 -4.004226 69.461060
v -17.500000 -4.004226 69.461060
v -27.500000 -3.960807 69.549103
f -3 -2 -1
v -17.500000 -4.004226 69.461060
v -17.500000 -3.960807 69.549103
v -27.500000 -3.960807 69.549103
f -3 -2 -1
v -27.500000 -3.960807 69.549103
v -17.500000 -3.960807 69.549103
v -27.500000 -3.921271 69.638962
f -3 -2 -1
v -17.500000 -3.960807 69.549103
v -17.500000 -3.921271 69.638962
v -27.500000 -3.921271 69.638962
f -3 -2 -1
v -27.500000 -3.921271 69.638962
v -17.500000 -3.921271 69.638962
v -27.500000 -3.885691 69.730453
f -3 -2 -1
v -17.500000 -3.921271 69.638962
v -17.500000 -3.885691 69.730453
v -27.500000 -3.885691 69.730453
f -3 -2 -1
v -27.500000 -3.885691 69.730453
v -17.500000 -3.885691 69.730453
v -27.500000 -3.854137 69.823418
f -3 -2 -1
v -17.500000 -3.885691 69.730453
v -17.500000 -3.854137 69.823418
v -27.500000 -3.854137 69.823418
f -3 -2 -1
v -27.500000 -3.854137 69.823418
v -17.500000 -3.854137 69.823418
v -27.500000 -3.826667 69.917656
f -3 -2 -1
v -17.500000 -3.854137 69.823418
v -17.500000 -3.826667 69.917656
v -27.500000 -3.826667 69.917656
f -3 -2 -1
v -27.500000 -3.826667 69.917656
v -17.500000 -3.826667 69.917656
v -27.500000 -3.803334 70.013008
f -3 -2 -1
v -17.500000 -3.826667 69.917656
v -17.500000 -3.803334 70.013008
v -27.500000 -3.803334 70.013008
f -3 -2 -1
v -27.500000 -3.803334 70.013008
v -17.500000 -3.803334 70.013008
v -27.500000 -3.784183 70.109291
f -3 -2 -1
v -17.500000 -3.803334 70.013008
v -17.500000 -3.784183 70.109291
v -27.500000 -3.784183 70.109291
f -3 -2 -1
v -27.500000 -3.784183 70.109291
v -17.500000 -3.784183 70.109291
v -27.500000 -3.769249 70.206314
f -3 -2 -1
v -17.500000 -3.784183 70.109291
v -17.500000 -3.769249 70.206314
v -27.500000 -3.769249 70.206314
f -3 -2 -1
v -27.500000 -3.769249 70.206314
v -17.500000 -3.769249 70.206314
v -27.500000 -3.758562 70.303902
f -3 -2 -1
v -17.500000 -3.769249 70.206314
v -17.500000 -3.758562 70.303902
v -27.500000 -3.758562 70.303902
f -3 -2 -1
v -27.500000 -3.758562 70.303902
v -17.500000 -3.758562 70.303902
v -27.500000 -3.752141 70.401855
f -3 -2 -1
v -17.500000 -3.758562 70.303902
v -17.500000 -3.752141 70.401855
v -27.500000 -3.752141 70.401855
f -3 -2 -1
v -27.500000 -3.752141 70.401855
v -17.500000 -3.752141 70.401855
v -27.500000 -3.750000 70.500000
f -3 -2 -1
v -17.500000 -3.752141 70.401855
v -17.500000 -3.750000 70.500000
v -27.500000 -3.750000 70.500000
f -3 -2 -1
v -27.500000 -3.750000 70.500000
v -17.500000 -3.750000 70.500000
v -27.500000 -3.752141 70.598137
f -3 -2 -1
v -17.500000 -3.750000 70.500000
v -17.500000 -3.752141 70.598137
v -27.500000 -3.752141 70.598137
f -3 -2 -1
v -27.500000 -3.752141 70.598137
v -17.500000 -3.752141 70.598137
v -27.500000 -3.758562 70.696098
f -3 -2 -1
v -17.500000 -3.752141 70.598137
v -17.500000 -3.758562 70.696098
v -27.500000 -3.758562 70.696098
f -3 -2 -1
v -27.500000 -3.758562 70.696098
v -17.500000 -3.758562 70.696098
v -27.500000 -3.769249 70.793678
f -3 -2 -1
v -17.500000 -3.758562 70.696098
v -17.500000 -3.769249 70.793678
v -27.500000 -3.769249 70.793678
f -3 -2 -1
v -27.500000 -3.769249 70.793678
v -17.500000 -3.769249 70.793678
v -27.500000 -3.784183 70.890709
f -3 -2 -1
v -17.500000 -3.769249 70.793678
v -17.500000 -3.784183 70.890709
v -27.500000 -3.784183 70.890709
f -3 -2 -1
v -27.500000 -3.784183 70.890709
v -17.500000 -3.784183 70.890709
v -27.500000 -3.803334 70.986984
f -3 -2 -1
v -17.500000 -3.784183 70.890709
v -17.500000 -3.803334 70.986984
v -27.500000 -3.803334 70.986984
f -3 -2 -1
v -27.500000 -3.803334 70.986984
v -17.500000 -3.803334 70.986984
v -27.500000 -3.826667 71.082344
f -3 -2 -1
v -17.500000 -3.803334 70.986984
v -17.500000 -3.826667 71.082344
v -27.500000 -3.826667 71.082344
f -3 -2 -1
v -27.500000 -3.826667 71.082344
v -17.500000 -3.826667 71.082344
v -27.500000 -3.854137 71.176590
f -3 -2 -1
v -17.500000 -3.826667 71.082344
v -17.500000 -3.854137 71.176590
v -27.500000 -3.854137 71.176590
f -3 -2 -1
v -27.500000 -3.854137 71.176590
v -17.500000 -3.854137 71.176590
v -27.500000 -3.885691 71.269539
f -3 -2 -1
v -17.500000 -3.854137 71.176590
v -17.500000 -3.885691 71.269539
v -27.500000 -3.885691 71.269539
f -3 -2 -1
v -27.500000 -3.885691 71.269539
v -17.500000 -3.885691 71.269539
v -27.500000 -3.921271 71.361038
f -3 -2 -1
v -17.500000 -3.885691 71.269539
v -17.500000 -3.921271 71.361038
v -27.500000 -3.921271 71.361038
f -3 -2 -1
v -27.500000 -3.921271 71.361038
v -17.500000 -3.921271 71.361038
v -27.500000 -3.960807 71.450890
f -3 -2 -1
v -17.500000 -3.921271 71.361038
v -17.500000 -3.960807 71.450890
v -27.500000 -3.960807 71.450890
f -3 -2 -1
v -27.500000 -3.960807 71.450890
v -17.500000 -3.960807 71.450890
v -27.500000 -4.004226 71.538933
f -3 -2 -1
v -17.500000 -3.960807 71.450890
v -17.500000 -4.004226 71.538933
v -27.500000 -4.004226 71.538933
f -3 -2 -1
v -27.500000 -4.004226 71.538933
v -17.500000 -4.004226 71.538933
v -27.500000 -4.051443 71.625000
f -3 -2 -1
v -17.500000 -4.004226 71.538933
v -17.500000 -4.051443 71.625000
v -27.500000 -4.051443 71.625000
f -3 -2 -1
v -27.500000 -4.051443 71.625000
v -17.500000 -4.051443 71.625000
v -27.500000 -4.102369 71.708923
f -3 -2 -1
v -17.500000 -4.051443 71.625000
v -17.500000 -4.102369 71.708923
v -27.500000 -4.102369 71.708923
f -3 -2 -1
v -27.500000 -4.102369 71.708923
v -17.500000 -4.102369 71.708923
v -27.500000 -4.156908 71.790543
f -3 -2 -1
v -17.500000 -4.102369 71.708923
v -17.500000 -4.156908 71.790543
v -27.500000 -4.156908 71.790543
f -3 -2 -1
v -27.500000 -4.156908 71.790543
v -17.500000 -4.156908 71.790543
v -27.500000 -4.214955 71.869713
f -3 -2 -1
v -17.500000 -4.156908 71.790543
v -17.500000 -4.214955 71.869713
v -27.500000 -4.214955 71.869713
f -3 -2 -1
v -27.500000 -4.214955 71.869713
v -17.500000 -4.214955 71.869713
v -27.500000 -4.276400 71.946274
f -3 -2 -1
v -17.500000 -4.214955 71.869713
v -17.500000 -4.276400 71.946274
v -27.500000 -4.276400 71.946274
f -3 -2 -1
v -27.500000 -4.276400 71.946274
v -17.500000 -4.276400 71.946274
v -27.500000 -4.341126 72.020073
f -3 -2 -1
v -17.500000 -4.276400 71.946274
v -17.500000 -4.341126 72.020073
v -27.500000 -4.341126 72.020073
f -3 -2 -1
v -27.500000 -4.341126 72.020073
v -17.500000 -4.341126 72.020073
v -27.500000 -4.409009 72.090988
f -3 -2 -1
v -17.500000 -4.341126 72.020073
v -17.500000 -4.409009 72.090988
v -27.500000 -4.409009 72.090988
f -3 -2 -1
v -27.500000 -4.409009 72.090988
v -17.500000 -4.409009 72.090988
v -27.500000 -4.479922 72.158875
f -3 -2 -1
v -17.500000 -4.409009 72.090988
v -17.500000 -4.479922 72.158875
v -27.500000 -4.479922 72.158875
f -3 -2 -1
v -27.500000 -4.479922 72.158875
v -17.500000 -4.479922 72.158875
v -27.500000 -4.553728 72.223595
f -3 -2 -1
v -17.500000 -4.479922 72.158875
v -17.500000 -4.553728 72.223595
v -27.500000 -4.553728 72.223595
f -3 -2 -1
v -27.500000 -4.553728 72.223595
v -17.500000 -4.553728 72.223595
v -27.500000 -4.630287 72.285049
f -3 -2 -1
v -17.500000 -4.553728 72.223595
v -17.500000 -4.630287 72.285049
v -27.500000 -4.630287 72.285049
f -3 -2 -1
v -27.500000 -4.630287 72.285049
v -17.500000 -4.630287 72.285049
v -27.500000 -4.709453 72.343086
f -3 -2 -1
v -17.500000 -4.630287 72.285049
v -17.500000 -4.709453 72.343086
v -27.500000 -4.709453 72.343086
f -3 -2 -1
v -27.500000 -4.709453 72.343086
v -17.500000 -4.709453 72.343086
v -27.500000 -4.791076 72.397636
f -3 -2 -1
v -17.500000 -4.709453 72.343086
v -17.500000 -4.791076 72.397636
v -27.500000 -4.791076 72.397636
f -3 -2 -1
v -27.500000 -4.791076 72.397636
v -17.500000 -4.791076 72.397636
v -27.500000 -4.875000 72.448563
f -3 -2 -1
v -17.500000 -4.791076 72.397636
v -17.500000 -4.875000 72.448563
v -27.500000 -4.875000 72.448563
f -3 -2 -1
v -27.500000 -4.875000 72.448563
v -17.500000 -4.875000 72.448563
v -27.500000 -4.961065 72.495773
f -3 -2 -1
v -17.500000 -4.875000 72.448563
v -17.500000 -4.961065 72.495773
v -27.500000 -4.961065 72.495773
f -3 -2 -1
v -27.500000 -4.961065 72.495773
v -17.500000 -4.961065 72.495773
v -27.500000 -5.049109 72.539192
f -3 -2 -1
v -17.500000 -4.961065 72.495773
v -17.500000 -5.049109 72.539192
v -27.500000 -5.049109 72.539192
f -3 -2 -1
v -27.500000 -5.049109 72.539192
v -17.500000 -5.049109 72.539192
v -27.500000 -5.138962 72.578728
f -3 -2 -1
v -17.500000 -5.049109 72.539192
v -17.500000 -5.138962 72.578728
v -27.500000 -5.138962 72.578728
f -3 -2 -1
v -27.500000 -5.138962 72.578728
v -17.500000 -5.138962 72.578728
v -27.500000 -5.230455 72.614304
f -3 -2 -1
v -17.500000 -5.138962 72.578728
v -17.500000 -5.230455 72.614304
v -27.500000 -5.230455 72.614304
f -3 -2 -1
v -27.500000 -5.230455 72.614304
v -17.500000 -5.230455 72.614304
v -27.500000 -5.323412 72.645866
f -3 -2 -1
v -17.500000 -5.230455 72.614304
v -17.500000 -5.323412 72.645866
v -27.500000 -5.323412 72.645866
f -3 -2 -1
v -27.500000 -5.323412 72.645866
v -17.500000 -5.323412 72.645866
v -27.500000 -5.417657 72.673332
f -3 -2 -1
v -17.500000 -5.323412 72.645866
v -17.500000 -5.417657 72.673332
v -27.500000 -5.417657 72.673332
f -3 -2 -1
v -27.500000 -5.417657 72.673332
v -17.500000 -5.417657 72.673332
v -27.500000 -5.513011 72.696663
f -3 -2 -1
v -17.500000 -5.417657 72.673332
v -17.500000 -5.513011 72.696663
v -27.500000 -5.513011 72.696663
f -3 -2 -1
v -27.500000 -5.513011 72.696663
v -17.500000 -5.513011 72.696663
v -27.500000 -5.609292 72.715820
f -3 -2 -1
v -17.500000 -5.513011 72.696663
v -17.500000 -5.609292 72.715820
v -27.500000 -5.609292 72.715820
f -3 -2 -1
v -27.500000 -5.609292 72.715820
v -17.500000 -5.609292 72.715820
v -27.500000 -5.706316 72.730751
f -3 -2 -1
v -17.500000 -5.609292 72.715820
v -17.500000 -5.706316 72.730751
v -27.500000 -5.706316 72.730751
f -3 -2 -1
v -27.500000 -5.706316 72.730751
v -17.500000 -5.706316 72.730751
v -27.500000 -5.803899 72.741440
f -3 -2 -1
v -17.500000 -5.706316 72.730751
v -17.500000 -5.803899 72.741440
v -27.500000 -5.803899 72.741440
f -3 -2 -1
v -27.500000 -5.803899 72.741440
v -17.500000 -5.803899 72.741440
v -27.500000 -5.901856 72.747856
f -3 -2 -1
v -17.500000 -5.803899 72.741440
v -17.500000 -5.901856 72.747856
v -27.500000 -5.901856 72.747856
f -3 -2 -1
v -27.500000 -5.901856 72.747856
v -17.500000 -5.901856 72.747856
v -27.500000 -6.000000 72.750000
f -3 -2 -1
v -17.500000 -5.901856 72.747856
v -17.500000 -6.000000 72.750000
v -27.500000 -6.000000 72.750000
f -3 -2 -1
v -27.631861 4.113105 66.831856
v -27.673624 4.034034 66.873627
v -27.500000 4.034034 66.873627
f -3 -2 -1
v -27.500000 7.604876 66.699997
v -27.500000 7.644511 66.716988
v -27.516983 7.644511 66.716988
f -3 -2 -1
v -27.516983 7.644511 66.716988
v -27.500000 7.644511 66.716988
v -27.553520 7.726130 66.753525
f -3 -2 -1
v -27.500000 7.644511 66.716988
v -27.500000 7.806937 66.791817
v -27.553520 7.726130 66.753525
f -3 -2 -1
v -27.553520 7.726130 66.753525
v -27.500000 7.806937 66.791817
v -27.591820 7.806937 66.791817
f -3 -2 -1
v -27.591820 7.806937 66.791817
v -27.500000 7.806937 66.791817
v -27.631861 7.886895 66.831856
f -3 -2 -1
v -27.500000 7.806937 66.791817
v -27.500000 7.965966 66.873627
v -27.631861 7.886895 66.831856
f -3 -2 -1
v -27.631861 7.886895 66.831856
v -27.500000 7.965966 66.873627
v -27.673624 7.965966 66.873627
f -3 -2 -1
v -27.673624 7.965966 66.873627
v -27.500000 7.965966 66.873627
v -27.717093 8.044113 66.917091
f -3 -2 -1
v -27.500000 7.965966 66.873627
v -27.500000 8.121301 66.962242
v -27.717093 8.044113 66.917091
f -3 -2 -1
v -27.717093 8.044113 66.917091
v -27.500000 8.121301 66.962242
v -27.762245 8.121301 66.962242
f -3 -2 -1
v -27.762245 8.121301 66.962242
v -27.500000 8.121301 66.962242
v -27.809059 8.197490 67.009064
f -3 -2 -1
v -27.500000 8.121301 66.962242
v -27.500000 8.272647 67.057510
v -27.809059 8.197490 67.009064
f -3 -2 -1
v -27.809059 8.197490 67.009064
v -27.500000 8.272647 67.057510
v -27.857515 8.272647 67.057510
f -3 -2 -1
v -27.857515 8.272647 67.057510
v -27.500000 8.272647 67.057510
v -27.907589 8.346737 67.107590
f -3 -2 -1
v -27.500000 8.272647 67.057510
v -27.500000 8.419723 67.159256
v -27.907589 8.346737 67.107590
f -3 -2 -1
v -27.907589 8.346737 67.107590
v -27.500000 8.419723 67.159256
v -27.959255 8.419723 67.159256
f -3 -2 -1
v -27.959255 8.419723 67.159256
v -27.500000 8.419723 67.159256
v -28.012493 8.491571 67.212494
f -3 -2 -1
v -27.500000 8.419723 67.159256
v -27.500000 8.562249 67.267273
v -28.012493 8.491571 67.212494
f -3 -2 -1
v -28.012493 8.491571 67.212494
v -27.500000 8.562249 67.267273
v -28.067276 8.562249 67.267273
f -3 -2 -1
v -27.500000 8.562249 67.267273
v -27.500000 8.699960 67.381378
v -28.067276 8.562249 67.267273
f -3 -2 -1
v -28.067276 8.562249 67.267273
v -27.500000 8.699960 67.381378
v -28.181372 8.699960 67.381378
f -3 -2 -1
v -27.500000 8.699960 67.381378
v -27.500000 8.832597 67.501328
v -28.181372 8.699960 67.381378
f -3 -2 -1
v -28.181372 8.699960 67.381378
v -27.500000 8.832597 67.501328
v -28.301331 8.832597 67.501328
f -3 -2 -1
v -27.500000 8.832597 67.501328
v -27.500000 8.959909 67.626923
v -28.301331 8.832597 67.501328
f -3 -2 -1
v -28.301331 8.832597 67.501328
v -27.500000 8.959909 67.626923
v -28.426926 8.959909 67.626923
f -3 -2 -1
v -27.500000 8.959909 67.626923
v -27.500000 9.081658 67.757919
v -28.426926 8.959909 67.626923
f -3 -2 -1
v -28.426926 8.959909 67.626923
v -27.500000 9.081658 67.757919
v -28.557919 9.081658 67.757919
f -3 -2 -1
v -27.500000 9.081658 67.757919
v -27.500000 9.197614 67.894066
v -28.557919 9.081658 67.757919
f -3 -2 -1
v -28.557919 9.081658 67.757919
v -27.500000 9.197614 67.894066
v -28.694067 9.197614 67.894066
f -3 -2 -1
v -27.500000 9.197614 67.894066
v -27.500000 9.307562 68.035110
v -28.694067 9.197614 67.894066
f -3 -2 -1
v -28.694067 9.197614 67.894066
v -27.500000 9.307562 68.035110
v -28.835114 9.307562 68.035110
f -3 -2 -1
v -27.500000 9.307562 68.035110
v -27.500000 9.411290 68.180794
v -28.835114 9.307562 68.035110
f -3 -2 -1
v -28.835114 9.307562 68.035110
v -27.500000 9.411290 68.180794
v -28.980793 9.411290 68.180794
f -3 -2 -1
v -27.500000 9.411290 68.180794
v -27.500000 9.508608 68.330833
v -28.980793 9.411290 68.180794
f -3 -2 -1
v -28.980793 9.411290 68.180794
v -27.500000 9.508608 68.330833
v -29.130831 9.508608 68.330833
f -3 -2 -1
v -27.500000 9.508608 68.330833
v -27.500000 9.599332 68.484947
v -29.130831 9.508608 68.330833
f -3 -2 -1
v -29.130831 9.508608 68.330833
v -27.500000 9.599332 68.484947
v -29.284946 9.599332 68.484947
f -3 -2 -1
v -27.500000 9.599332 68.484947
v -27.500000 9.683290 68.642845
v -29.284946 9.599332 68.484947
f -3 -2 -1
v -29.284946 9.599332 68.484947
v -27.500000 9.683290 68.642845
v -29.442850 9.683290 68.642845
f -3 -2 -1
v -27.500000 9.683290 68.642845
v -27.500000 9.760324 68.804245
v -29.442850 9.683290 68.642845
f -3 -2 -1
v -29.442850 9.683290 68.642845
v -27.500000 9.760324 68.804245
v -29.604242 9.760324 68.804245
f -3 -2 -1
v -27.500000 9.760324 68.804245
v -27.500000 9.830291 68.968826
v -29.604242 9.760324 68.804245
f -3 -2 -1
v -29.604242 9.760324 68.804245
v -27.500000 9.830291 68.968826
v -29.768826 9.830291 68.968826
f -3 -2 -1
v -27.500000 9.830291 68.968826
v -27.500000 9.893059 69.136284
v -29.768826 9.830291 68.968826
f -3 -2 -1
v -29.768826 9.830291 68.968826
v -27.500000 9.893059 69.136284
v -29.936283 9.893059 69.136284
f -3 -2 -1
v -27.500000 9.893059 69.136284
v -27.500000 9.948509 69.306305
v -29.936283 9.893059 69.136284
f -3 -2 -1
v -29.936283 9.893059 69.136284
v -27.500000 9.948509 69.306305
v -30.106306 9.948509 69.306305
f -3 -2 -1
v -27.500000 9.948509 69.306305
v -27.500000 9.996537 69.478569
v -30.106306 9.948509 69.306305
f -3 -2 -1
v -30.106306 9.948509 69.306305
v -27.500000 9.996537 69.478569
v -30.278572 9.996537 69.478569
f -3 -2 -1
v -27.500000 9.996537 69.478569
v -27.500000 10.037054 69.652756
v -30.278572 9.996537 69.478569
f -3 -2 -1
v -30.278572 9.996537 69.478569
v -27.500000 10.037054 69.652756
v -30.452759 10.037054 69.652756
f -3 -2 -1
v -27.500000 10.037054 69.652756
v -27.500000 10.069983 69.828537
v -30.452759 10.037054 69.652756
f -3 -2 -1
v -30.452759 10.037054 69.652756
v -27.500000 10.069983 69.828537
v -30.628536 10.069983 69.828537
f -3 -2 -1
v -27.500000 10.069983 69.828537
v -27.500000 10.095262 70.005577
v -30.628536 10.069983 69.828537
f -3 -2 -1
v -30.628536 10.069983 69.828537
v -27.500000 10.095262 70.005577
v -30.805576 10.095262 70.005577
f -3 -2 -1
v -27.500000 10.095262 70.005577
v -27.500000 10.112844 70.183548
v -30.805576 10.095262 70.005577
f -3 -2 -1
v -30.805576 10.095262 70.005577
v -27.500000 10.112844 70.183548
v -30.983547 10.112844 70.183548
f -3 -2 -1
v -27.500000 10.112844 70.183548
v -27.500000 10.122695 70.362114
v -30.983547 10.112844 70.183548
f -3 -2 -1
v -30.983547 10.112844 70.183548
v -27.500000 10.122695 70.362114
v -31.162111 10.122695 70.362114
f -3 -2 -1
v -27.500000 10.122695 70.362114
v -27.500000 10.124797 70.540932
v -31.162111 10.122695 70.362114
f -3 -2 -1
v -31.162111 10.122695 70.362114
v -27.500000 10.124797 70.540932
v -31.340935 10.124797 70.540932
f -3 -2 -1
v -27.500000 10.124797 70.540932
v -27.500000 10.119145 70.719681
v -31.340935 10.124797 70.540932
f -3 -2 -1
v -31.340935 10.124797 70.540932
v -27.500000 10.119145 70.719681
v -31.519682 10.119145 70.719681
f -3 -2 -1
v -27.500000 10.119145 70.719681
v -27.500000 10.105753 70.898010
v -31.519682 10.119145 70.719681
f -3 -2 -1
v -31.519682 10.119145 70.719681
v -27.500000 10.105753 70.898010
v -31.698015 10.105753 70.898010
f -3 -2 -1
v -27.500000 10.105753 70.898010
v -27.500000 10.084643 71.075600
v -31.698015 10.105753 70.898010
f -3 -2 -1
v -31.698015 10.105753 70.898010
v -27.500000 10.084643 71.075600
v -31.875599 10.084643 71.075600
f -3 -2 -1
v -27.500000 10.084643 71.075600
v -27.500000 10.055856 71.252106
v -31.875599 10.084643 71.075600
f -3 -2 -1
v -31.875599 10.084643 71.075600
v -27.500000 10.055856 71.252106
v -32.052105 10.055856 71.252106
f -3 -2 -1
v -27.500000 10.055856 71.252106
v -27.500000 10.019444 71.427193
v -32.052105 10.055856 71.252106
f -3 -2 -1
v -32.052105 10.055856 71.252106
v -27.500000 10.019444 71.427193
v -32.227196 10.019444 71.427193
f -3 -2 -1
v -27.500000 10.019444 71.427193
v -27.500000 9.975479 71.600540
v -32.227196 10.019444 71.427193
f -3 -2 -1
v -32.227196 10.019444 71.427193
v -27.500000 9.975479 71.600540
v -32.400539 9.975479 71.600540
f -3 -2 -1
v -27.500000 9.975479 71.600540
v -27.500000 9.924041 71.771820
v -32.400539 9.975479 71.600540
f -3 -2 -1
v -32.400539 9.975479 71.600540
v -27.500000 9.924041 71.771820
v -32.571823 9.924041 71.771820
f -3 -2 -1
v -27.500000 9.924041 71.771820
v -27.500000 9.865227 71.940712
v -32.571823 9.924041 71.771820
f -3 -2 -1
v -32.571823 9.924041 71.771820
v -27.500000 9.865227 71.940712
v -32.740707 9.865227 71.940712
f -3 -2 -1
v -27.500000 9.865227 71.940712
v -27.500000 9.799149 72.106888
v -32.740707 9.865227 71.940712
f -3 -2 -1
v -32.740707 9.865227 71.940712
v -27.500000 9.799149 72.106888
v -32.906891 9.799149 72.106888
f -3 -2 -1
v -27.500000 9.799149 72.106888
v -27.500000 9.725929 72.270050
v -32.906891 9.799149 72.106888
f -3 -2 -1
v -32.906891 9.799149 72.106888
v -27.500000 9.725929 72.270050
v -33.070049 9.725929 72.270050
f -3 -2 -1
v -27.500000 9.725929 72.270050
v -27.500000 9.645707 72.429878
v -33.070049 9.725929 72.270050
f -3 -2 -1
v -33.070049 9.725929 72.270050
v -27.500000 9.645707 72.429878
v -33.229885 9.645707 72.429878
f -3 -2 -1
v -27.500000 9.645707 72.429878
v -27.500000 9.558632 72.586090
v -33.229885 9.645707 72.429878
f -3 -2 -1
v -33.229885 9.645707 72.429878
v -27.500000 9.558632 72.586090
v -33.386089 9.558632 72.586090
f -3 -2 -1
v -27.500000 9.558632 72.586090
v -27.500000 9.464868 72.738373
v -33.386089 9.558632 72.586090
f -3 -2 -1
v -33.386089 9.558632 72.586090
v -27.500000 9.464868 72.738373
v -33.538376 9.464868 72.738373
f -3 -2 -1
v -27.500000 9.464868 72.738373
v -27.500000 9.364592 72.886452
v -33.538376 9.464868 72.738373
f -3 -2 -1
v -33.538376 9.464868 72.738373
v -27.500000 9.364592 72.886452
v -33.686451 9.364592 72.886452
f -3 -2 -1
v -27.500000 9.364592 72.886452
v -27.500000 9.257991 73.030037
v -33.686451 9.364592 72.886452
f -3 -2 -1
v -33.686451 9.364592 72.886452
v -27.500000 9.257991 73.030037
v -33.830044 9.257991 73.030037
f -3 -2 -1
v -27.500000 9.257991 73.030037
v -27.500000 9.145267 73.168884
v -33.830044 9.257991 73.030037
f -3 -2 -1
v -33.830044 9.257991 73.030037
v -27.500000 9.145267 73.168884
v -33.968880 9.145267 73.168884
f -3 -2 -1
v -27.500000 9.145267 73.168884
v -27.500000 9.026631 73.302704
v -33.968880 9.145267 73.168884
f -3 -2 -1
v -33.968880 9.145267 73.168884
v -27.500000 9.026631 73.302704
v -34.102699 9.026631 73.302704
f -3 -2 -1
v -27.500000 9.026631 73.302704
v -27.500000 8.902307 73.431252
v -34.102699 9.026631 73.302704
f -3 -2 -1
v -34.102699 9.026631 73.302704
v -27.500000 8.902307 73.431252
v -34.231255 8.902307 73.431252
f -3 -2 -1
v -27.500000 8.902307 73.431252
v -27.500000 8.772527 73.554291
v -34.231255 8.902307 73.431252
f -3 -2 -1
v -34.231255 8.902307 73.431252
v -27.500000 8.772527 73.554291
v -34.354294 8.772527 73.554291
f -3 -2 -1
v -27.500000 8.772527 73.554291
v -27.500000 8.637536 73.671593
v -34.354294 8.772527 73.554291
f -3 -2 -1
v -34.354294 8.772527 73.554291
v -27.500000 8.637536 73.671593
v -34.471596 8.637536 73.671593
f -3 -2 -1
v -34.471596 8.637536 73.671593
v -27.500000 8.637536 73.671593
v -34.528023 8.568166 73.728027
f -3 -2 -1
v -27.500000 8.637536 73.671593
v -27.500000 8.497587 73.782936
v -34.528023 8.568166 73.728027
f -3 -2 -1
v -34.528023 8.568166 73.728027
v -27.500000 8.497587 73.782936
v -34.582939 8.497587 73.782936
f -3 -2 -1
v -34.582939 8.497587 73.782936
v -27.500000 8.497587 73.782936
v -34.636307 8.425837 73.836304
f -3 -2 -1
v -27.500000 8.497587 73.782936
v -27.500000 8.352944 73.888107
v -34.636307 8.425837 73.836304
f -3 -2 -1
v -34.636307 8.425837 73.836304
v -27.500000 8.352944 73.888107
v -34.688107 8.352944 73.888107
f -3 -2 -1
v -34.688107 8.352944 73.888107
v -27.500000 8.352944 73.888107
v -34.738316 8.278947 73.938316
f -3 -2 -1
v -27.500000 8.352944 73.888107
v -27.500000 8.203880 73.986908
v -34.738316 8.278947 73.938316
f -3 -2 -1
v -34.738316 8.278947 73.938316
v -27.500000 8.203880 73.986908
v -34.786911 8.203880 73.986908
f -3 -2 -1
v -34.786911 8.203880 73.986908
v -27.500000 8.203880 73.986908
v -34.833862 8.127776 74.033867
f -3 -2 -1
v -27.500000 8.203880 73.986908
v -27.500000 8.050672 74.079155
v -34.833862 8.127776 74.033867
f -3 -2 -1
v -34.833862 8.127776 74.033867
v -27.500000 8.050672 74.079155
v -34.879158 8.050672 74.079155
f -3 -2 -1
v -34.879158 8.050672 74.079155
v -27.500000 8.050672 74.079155
v -34.922771 7.972605 74.122772
f -3 -2 -1
v -27.500000 8.050672 74.079155
v -27.500000 7.893610 74.164680
v -34.922771 7.972605 74.122772
f -3 -2 -1
v -34.922771 7.972605 74.122772
v -27.500000 7.893610 74.164680
v -34.964676 7.893610 74.164680
f -3 -2 -1
v -34.964676 7.893610 74.164680
v -27.500000 7.893610 74.164680
v -35.004864 7.813725 74.204865
f -3 -2 -1
v -27.500000 7.893610 74.164680
v -27.500000 7.732988 74.243317
v -35.004864 7.813725 74.204865
f -3 -2 -1
v -35.004864 7.813725 74.204865
v -27.500000 7.732988 74.243317
v -35.043312 7.732988 74.243317
f -3 -2 -1
v -35.043312 7.732988 74.243317
v -27.500000 7.732988 74.243317
v -35.079998 7.651437 74.279999
f -3 -2 -1
v -27.500000 7.732988 74.243317
v -27.500000 7.569109 74.314911
v -35.079998 7.651437 74.279999
f -3 -2 -1
v -35.079998 7.651437 74.279999
v -27.500000 7.569109 74.314911
v -35.114906 7.569109 74.314911
f -3 -2 -1
v -35.114906 7.569109 74.314911
v -27.500000 7.569109 74.314911
v -35.148026 7.486045 74.348022
f -3 -2 -1
v -27.500000 7.569109 74.314911
v -27.500000 7.402282 74.379333
v -35.148026 7.486045 74.348022
f -3 -2 -1
v -35.148026 7.486045 74.348022
v -27.500000 7.402282 74.379333
v -35.179337 7.402282 74.379333
f -3 -2 -1
v -35.179337 7.402282 74.379333
v -27.500000 7.402282 74.379333
v -35.208820 7.317859 74.408821
f -3 -2 -1
v -27.500000 7.402282 74.379333
v -27.500000 7.232818 74.436470
v -35.208820 7.317859 74.408821
f -3 -2 -1
v -35.208820 7.317859 74.408821
v -27.500000 7.232818 74.436470
v -35.236469 7.232818 74.436470
f -3 -2 -1
v -35.236469 7.232818 74.436470
v -27.500000 7.232818 74.436470
v -35.262268 7.147197 74.462265
f -3 -2 -1
v -27.500000 7.232818 74.436470
v -27.500000 7.061037 74.486206
v -35.262268 7.147197 74.462265
f -3 -2 -1
v -35.262268 7.147197 74.462265
v -27.500000 7.061037 74.486206
v -35.286201 7.061037 74.486206
f -3 -2 -1
v -35.286201 7.061037 74.486206
v -27.500000 7.061037 74.486206
v -35.308270 6.974379 74.508263
f -3 -2 -1
v -27.500000 7.061037 74.486206
v -27.500000 6.887262 74.528450
v -35.308270 6.974379 74.508263
f -3 -2 -1
v -35.308270 6.974379 74.508263
v -27.500000 6.887262 74.528450
v -35.328449 6.887262 74.528450
f -3 -2 -1
v -35.328449 6.887262 74.528450
v -27.500000 6.887262 74.528450
v -35.346737 6.799728 74.546730
f -3 -2 -1
v -27.500000 6.887262 74.528450
v -27.500000 6.711819 74.563118
v -35.346737 6.799728 74.546730
f -3 -2 -1
v -35.346737 6.799728 74.546730
v -27.500000 6.711819 74.563118
v -35.363117 6.711819 74.563118
f -3 -2 -1
v -35.363117 6.711819 74.563118
v -27.500000 6.711819 74.563118
v -35.377594 6.623575 74.577591
f -3 -2 -1
v -27.500000 6.711819 74.563118
v -27.500000 6.535038 74.590157
v -35.377594 6.623575 74.577591
f -3 -2 -1
v -35.377594 6.623575 74.577591
v -27.500000 6.535038 74.590157
v -35.390152 6.535038 74.590157
f -3 -2 -1
v -35.390152 6.535038 74.590157
v -27.500000 6.535038 74.590157
v -35.400787 6.446250 74.600792
f -3 -2 -1
v -27.500000 6.535038 74.590157
v -27.500000 6.357252 74.609505
v -35.400787 6.446250 74.600792
f -3 -2 -1
v -35.400787 6.446250 74.600792
v -27.500000 6.357252 74.609505
v -35.409500 6.357252 74.609505
f -3 -2 -1
v -35.409500 6.357252 74.609505
v -27.500000 6.357252 74.609505
v -35.416279 6.268086 74.616272
f -3 -2 -1
v -27.500000 6.357252 74.609505
v -27.500000 6.178794 74.621124
v -35.416279 6.268086 74.616272
f -3 -2 -1
v -35.416279 6.268086 74.616272
v -27.500000 6.178794 74.621124
v -35.421124 6.178794 74.621124
f -3 -2 -1
v -35.421124 6.178794 74.621124
v -27.500000 6.178794 74.621124
v -35.424030 6.089418 74.624031
f -3 -2 -1
v -27.500000 6.178794 74.621124
v -27.500000 6.000000 74.625000
v -35.424030 6.089418 74.624031
f -3 -2 -1
v -35.424030 6.089418 74.624031
v -27.500000 6.000000 74.625000
v -35.424999 6.000000 74.625000
f -3 -2 -1
v -35.424999 6.000000 74.625000
v -27.500000 6.000000 74.625000
v -35.424030 5.910582 74.624031
f -3 -2 -1
v -27.500000 6.000000 74.625000
v -27.500000 5.821206 74.621124
v -35.424030 5.910582 74.624031
f -3 -2 -1
v -35.424030 5.910582 74.624031
v -27.500000 5.821206 74.621124
v -35.421124 5.821206 74.621124
f -3 -2 -1
v -35.421124 5.821206 74.621124
v -27.500000 5.821206 74.621124
v -35.416279 5.731914 74.616272
f -3 -2 -1
v -27.500000 5.821206 74.621124
v -27.500000 5.642748 74.609505
v -35.416279 5.731914 74.616272
f -3 -2 -1
v -35.416279 5.731914 74.616272
v -27.500000 5.642748 74.609505
v -35.409500 5.642748 74.609505
f -3 -2 -1
v -35.409500 5.642748 74.609505
v -27.500000 5.642748 74.609505
v -35.400787 5.553750 74.600792
f -3 -2 -1
v -27.500000 5.642748 74.609505
v -27.500000 5.464962 74.590157
v -35.400787 5.553750 74.600792
f -3 -2 -1
v -35.400787 5.553750 74.600792
v -27.500000 5.464962 74.590157
v -35.390152 5.464962 74.590157
f -3 -2 -1
v -35.390152 5.464962 74.590157
v -27.500000 5.464962 74.590157
v -35.377594 5.376425 74.577591
f -3 -2 -1
v -27.500000 5.464962 74.590157
v -27.500000 5.288181 74.563118
v -35.377594 5.376425 74.577591
f -3 -2 -1
v -35.377594 5.376425 74.577591
v -27.500000 5.288181 74.563118
v -35.363117 5.288181 74.563118
f -3 -2 -1
v -35.363117 5.288181 74.563118
v -27.500000 5.288181 74.563118
v -35.346737 5.200272 74.546730
f -3 -2 -1
v -27.500000 5.288181 74.563118
v -27.500000 5.112738 74.528450
v -35.346737 5.200272 74.546730
f -3 -2 -1
v -35.346737 5.200272 74.546730
v -27.500000 5.112738 74.528450
v -35.328449 5.112738 74.528450
f -3 -2 -1
v -35.328449 5.112738 74.528450
v -27.500000 5.112738 74.528450
v -35.308270 5.025621 74.508263
f -3 -2 -1
v -27.500000 5.112738 74.528450
v -27.500000 4.938963 74.486206
v -35.308270 5.025621 74.508263
f -3 -2 -1
v -35.308270 5.025621 74.508263
v -27.500000 4.938963 74.486206
v -35.286201 4.938963 74.486206
f -3 -2 -1
v -35.286201 4.938963 74.486206
v -27.500000 4.938963 74.486206
v -35.262268 4.852803 74.462265
f -3 -2 -1
v -27.500000 4.938963 74.486206
v -27.500000 4.767182 74.436470
v -35.262268 4.852803 74.462265
f -3 -2 -1
v -35.262268 4.852803 74.462265
v -27.500000 4.767182 74.436470
v -35.236469 4.767182 74.436470
f -3 -2 -1
v -35.236469 4.767182 74.436470
v -27.500000 4.767182 74.436470
v -35.208820 4.682140 74.408821
f -3 -2 -1
v -27.500000 4.767182 74.436470
v -27.500000 4.597718 74.379333
v -35.208820 4.682140 74.408821
f -3 -2 -1
v -35.208820 4.682140 74.408821
v -27.500000 4.597718 74.379333
v -35.179337 4.597718 74.379333
f -3 -2 -1
v -35.179337 4.597718 74.379333
v -27.500000 4.597718 74.379333
v -35.148026 4.513955 74.348022
f -3 -2 -1
v -27.500000 4.597718 74.379333
v -27.500000 4.430891 74.314911
v -35.148026 4.513955 74.348022
f -3 -2 -1
v -35.148026 4.513955 74.348022
v -27.500000 4.430891 74.314911
v -35.114906 4.430891 74.314911
f -3 -2 -1
v -35.114906 4.430891 74.314911
v -27.500000 4.430891 74.314911
v -35.079998 4.348563 74.279999
f -3 -2 -1
v -27.500000 4.430891 74.314911
v -27.500000 4.267012 74.243317
v -35.079998 4.348563 74.279999
f -3 -2 -1
v -35.079998 4.348563 74.279999
v -27.500000 4.267012 74.243317
v -35.043312 4.267012 74.243317
f -3 -2 -1
v -35.043312 4.267012 74.243317
v -27.500000 4.267012 74.243317
v -35.004864 4.186275 74.204865
f -3 -2 -1
v -27.500000 4.267012 74.243317
v -27.500000 4.106390 74.164680
v -35.004864 4.186275 74.204865
f -3 -2 -1
v -35.004864 4.186275 74.204865
v -27.500000 4.106390 74.164680
v -34.964676 4.106390 74.164680
f -3 -2 -1
v -34.964676 4.106390 74.164680
v -27.500000 4.106390 74.164680
v -34.922771 4.027396 74.122772
f -3 -2 -1
v -27.500000 4.106390 74.164680
v -27.500000 3.949328 74.079155
v -34.922771 4.027396 74.122772
f -3 -2 -1
v -34.922771 4.027396 74.122772
v -27.500000 3.949328 74.079155
v -34.879158 3.949328 74.079155
f -3 -2 -1
v -34.879158 3.949328 74.079155
v -27.500000 3.949328 74.079155
v -34.833862 3.872224 74.033867
f -3 -2 -1
v -27.500000 3.949328 74.079155
v -27.500000 3.796120 73.986908
v -34.833862 3.872224 74.033867
f -3 -2 -1
v -34.833862 3.872224 74.033867
v -27.500000 3.796120 73.986908
v -34.786911 3.796120 73.986908
f -3 -2 -1
v -34.786911 3.796120 73.986908
v -27.500000 3.796120 73.986908
v -34.738316 3.721052 73.938316
f -3 -2 -1
v -27.500000 3.796120 73.986908
v -27.500000 3.647055 73.888107
v -34.738316 3.721052 73.938316
f -3 -2 -1
v -34.738316 3.721052 73.938316
v -27.500000 3.647055 73.888107
v -34.688107 3.647055 73.888107
f -3 -2 -1
v -34.471596 3.362464 73.671593
v -34.528023 3.431834 73.728027
v -27.500000 3.502412 73.782936
f -3 -2 -1
v -34.528023 3.431834 73.728027
v -34.582939 3.502412 73.782936
v -27.500000 3.502412 73.782936
f -3 -2 -1
v -27.500000 3.502412 73.782936
v -34.582939 3.502412 73.782936
v -27.500000 3.647055 73.888107
f -3 -2 -1
v -34.582939 3.502412 73.782936
v -34.636307 3.574164 73.836304
v -27.500000 3.647055 73.888107
f -3 -2 -1
v -27.500000 3.647055 73.888107
v -34.636307 3.574164 73.836304
v -34.688107 3.647055 73.888107
f -3 -2 -1
v -27.500000 3.502412 73.782936
v -27.500000 3.362464 73.671593
v -34.471596 3.362464 73.671593
f -3 -2 -1
v -27.500000 3.362464 73.671593
v -27.500000 3.227473 73.554291
v -34.471596 3.362464 73.671593
f -3 -2 -1
v -34.471596 3.362464 73.671593
v -27.500000 3.227473 73.554291
v -34.354294 3.227473 73.554291
f -3 -2 -1
v -27.500000 3.227473 73.554291
v -27.500000 3.097693 73.431252
v -34.354294 3.227473 73.554291
f -3 -2 -1
v -34.354294 3.227473 73.554291
v -27.500000 3.097693 73.431252
v -34.231255 3.097693 73.431252
f -3 -2 -1
v -27.500000 3.097693 73.431252
v -27.500000 2.973369 73.302704
v -34.231255 3.097693 73.431252
f -3 -2 -1
v -34.231255 3.097693 73.431252
v -27.500000 2.973369 73.302704
v -34.102699 2.973369 73.302704
f -3 -2 -1
v -27.500000 2.973369 73.302704
v -27.500000 2.854733 73.168884
v -34.102699 2.973369 73.302704
f -3 -2 -1
v -34.102699 2.973369 73.302704
v -27.500000 2.854733 73.168884
v -33.968880 2.854733 73.168884
f -3 -2 -1
v -27.500000 2.854733 73.168884
v -27.500000 2.742009 73.030037
v -33.968880 2.854733 73.168884
f -3 -2 -1
v -33.968880 2.854733 73.168884
v -27.500000 2.742009 73.030037
v -33.830044 2.742009 73.030037
f -3 -2 -1
v -27.500000 2.742009 73.030037
v -27.500000 2.635408 72.886452
v -33.830044 2.742009 73.030037
f -3 -2 -1
v -33.830044 2.742009 73.030037
v -27.500000 2.635408 72.886452
v -33.686451 2.635408 72.886452
f -3 -2 -1
v -27.500000 2.635408 72.886452
v -27.500000 2.535132 72.738373
v -33.686451 2.635408 72.886452
f -3 -2 -1
v -33.686451 2.635408 72.886452
v -27.500000 2.535132 72.738373
v -33.538376 2.535132 72.738373
f -3 -2 -1
v -27.500000 2.535132 72.738373
v -27.500000 2.441368 72.586090
v -33.538376 2.535132 72.738373
f -3 -2 -1
v -33.538376 2.535132 72.738373
v -27.500000 2.441368 72.586090
v -33.386089 2.441368 72.586090
f -3 -2 -1
v -27.500000 2.441368 72.586090
v -27.500000 2.354293 72.429878
v -33.386089 2.441368 72.586090
f -3 -2 -1
v -33.386089 2.441368 72.586090
v -27.500000 2.354293 72.429878
v -33.229885 2.354293 72.429878
f -3 -2 -1
v -27.500000 2.354293 72.429878
v -27.500000 2.274071 72.270050
v -33.229885 2.354293 72.429878
f -3 -2 -1
v -33.229885 2.354293 72.429878
v -27.500000 2.274071 72.270050
v -33.070049 2.274071 72.270050
f -3 -2 -1
v -27.500000 2.274071 72.270050
v -27.500000 2.200851 72.106888
v -33.070049 2.274071 72.270050
f -3 -2 -1
v -33.070049 2.274071 72.270050
v -27.500000 2.200851 72.106888
v -32.906891 2.200851 72.106888
f -3 -2 -1
v -27.500000 2.200851 72.106888
v -27.500000 2.134773 71.940712
v -32.906891 2.200851 72.106888
f -3 -2 -1
v -32.906891 2.200851 72.106888
v -27.500000 2.134773 71.940712
v -32.740707 2.134773 71.940712
f -3 -2 -1
v -27.500000 2.134773 71.940712
v -27.500000 2.075959 71.771820
v -32.740707 2.134773 71.940712
f -3 -2 -1
v -32.740707 2.134773 71.940712
v -27.500000 2.075959 71.771820
v -32.571823 2.075959 71.771820
f -3 -2 -1
v -27.500000 2.075959 71.771820
v -27.500000 2.024521 71.600540
v -32.571823 2.075959 71.771820
f -3 -2 -1
v -32.571823 2.075959 71.771820
v -27.500000 2.024521 71.600540
v -32.400539 2.024521 71.600540
f -3 -2 -1
v -27.500000 2.024521 71.600540
v -27.500000 1.980556 71.427193
v -32.400539 2.024521 71.600540
f -3 -2 -1
v -32.400539 2.024521 71.600540
v -27.500000 1.980556 71.427193
v -32.227196 1.980556 71.427193
f -3 -2 -1
v -27.500000 1.980556 71.427193
v -27.500000 1.944144 71.252106
v -32.227196 1.980556 71.427193
f -3 -2 -1
v -32.227196 1.980556 71.427193
v -27.500000 1.944144 71.252106
v -32.052105 1.944144 71.252106
f -3 -2 -1
v -27.500000 1.944144 71.252106
v -27.500000 1.915357 71.075600
v -32.052105 1.944144 71.252106
f -3 -2 -1
v -32.052105 1.944144 71.252106
v -27.500000 1.915357 71.075600
v -31.875599 1.915357 71.075600
f -3 -2 -1
v -27.500000 1.915357 71.075600
v -27.500000 1.894247 70.898010
v -31.875599 1.915357 71.075600
f -3 -2 -1
v -31.875599 1.915357 71.075600
v -27.500000 1.894247 70.898010
v -31.698015 1.894247 70.898010
f -3 -2 -1
v -27.500000 1.894247 70.898010
v -27.500000 1.880854 70.719681
v -31.698015 1.894247 70.898010
f -3 -2 -1
v -31.698015 1.894247 70.898010
v -27.500000 1.880854 70.719681
v -31.519682 1.880854 70.719681
f -3 -2 -1
v -27.500000 1.880854 70.719681
v -27.500000 1.875203 70.540932
v -31.519682 1.880854 70.719681
f -3 -2 -1
v -31.519682 1.880854 70.719681
v -27.500000 1.875203 70.540932
v -31.340935 1.875203 70.540932
f -3 -2 -1
v -27.500000 1.875203 70.540932
v -27.500000 1.877305 70.362114
v -31.340935 1.875203 70.540932
f -3 -2 -1
v -31.340935 1.875203 70.540932
v -27.500000 1.877305 70.362114
v -31.162111 1.877305 70.362114
f -3 -2 -1
v -27.500000 1.877305 70.362114
v -27.500000 1.887156 70.183548
v -31.162111 1.877305 70.362114
f -3 -2 -1
v -31.162111 1.877305 70.362114
v -27.500000 1.887156 70.183548
v -30.983547 1.887156 70.183548
f -3 -2 -1
v -27.500000 1.887156 70.183548
v -27.500000 1.904738 70.005577
v -30.983547 1.887156 70.183548
f -3 -2 -1
v -30.983547 1.887156 70.183548
v -27.500000 1.904738 70.005577
v -30.805576 1.904738 70.005577
f -3 -2 -1
v -27.500000 1.904738 70.005577
v -27.500000 1.930017 69.828537
v -30.805576 1.904738 70.005577
f -3 -2 -1
v -30.805576 1.904738 70.005577
v -27.500000 1.930017 69.828537
v -30.628536 1.930017 69.828537
f -3 -2 -1
v -27.500000 1.930017 69.828537
v -27.500000 1.962946 69.652756
v -30.628536 1.930017 69.828537
f -3 -2 -1
v -30.628536 1.930017 69.828537
v -27.500000 1.962946 69.652756
v -30.452759 1.962946 69.652756
f -3 -2 -1
v -27.500000 1.962946 69.652756
v -27.500000 2.003463 69.478569
v -30.452759 1.962946 69.652756
f -3 -2 -1
v -30.452759 1.962946 69.652756
v -27.500000 2.003463 69.478569
v -30.278572 2.003463 69.478569
f -3 -2 -1
v -27.500000 2.003463 69.478569
v -27.500000 2.051491 69.306305
v -30.278572 2.003463 69.478569
f -3 -2 -1
v -30.278572 2.003463 69.478569
v -27.500000 2.051491 69.306305
v -30.106306 2.051491 69.306305
f -3 -2 -1
v -27.500000 2.051491 69.306305
v -27.500000 2.106941 69.136284
v -30.106306 2.051491 69.306305
f -3 -2 -1
v -30.106306 2.051491 69.306305
v -27.500000 2.106941 69.136284
v -29.936283 2.106941 69.136284
f -3 -2 -1
v -27.500000 2.106941 69.136284
v -27.500000 2.169709 68.968826
v -29.936283 2.106941 69.136284
f -3 -2 -1
v -29.936283 2.106941 69.136284
v -27.500000 2.169709 68.968826
v -29.768826 2.169709 68.968826
f -3 -2 -1
v -27.500000 2.169709 68.968826
v -27.500000 2.239676 68.804245
v -29.768826 2.169709 68.968826
f -3 -2 -1
v -29.768826 2.169709 68.968826
v -27.500000 2.239676 68.804245
v -29.604242 2.239676 68.804245
f -3 -2 -1
v -27.500000 2.239676 68.804245
v -27.500000 2.316711 68.642845
v -29.604242 2.239676 68.804245
f -3 -2 -1
v -29.604242 2.239676 68.804245
v -27.500000 2.316711 68.642845
v -29.442850 2.316711 68.642845
f -3 -2 -1
v -27.500000 2.316711 68.642845
v -27.500000 2.400669 68.484947
v -29.442850 2.316711 68.642845
f -3 -2 -1
v -29.442850 2.316711 68.642845
v -27.500000 2.400669 68.484947
v -29.284946 2.400669 68.484947
f -3 -2 -1
v -27.500000 2.400669 68.484947
v -27.500000 2.491392 68.330833
v -29.284946 2.400669 68.484947
f -3 -2 -1
v -29.284946 2.400669 68.484947
v -27.500000 2.491392 68.330833
v -29.130831 2.491392 68.330833
f -3 -2 -1
v -27.500000 2.491392 68.330833
v -27.500000 2.588709 68.180794
v -29.130831 2.491392 68.330833
f -3 -2 -1
v -29.130831 2.491392 68.330833
v -27.500000 2.588709 68.180794
v -28.980793 2.588709 68.180794
f -3 -2 -1
v -27.500000 2.588709 68.180794
v -27.500000 2.692439 68.035110
v -28.980793 2.588709 68.180794
f -3 -2 -1
v -28.980793 2.588709 68.180794
v -27.500000 2.692439 68.035110
v -28.835114 2.692439 68.035110
f -3 -2 -1
v -27.500000 2.692439 68.035110
v -27.500000 2.802386 67.894066
v -28.835114 2.692439 68.035110
f -3 -2 -1
v -28.835114 2.692439 68.035110
v -27.500000 2.802386 67.894066
v -28.694067 2.802386 67.894066
f -3 -2 -1
v -27.500000 2.802386 67.894066
v -27.500000 2.918342 67.757919
v -28.694067 2.802386 67.894066
f -3 -2 -1
v -28.694067 2.802386 67.894066
v -27.500000 2.918342 67.757919
v -28.557919 2.918342 67.757919
f -3 -2 -1
v -27.500000 2.918342 67.757919
v -27.500000 3.040091 67.626923
v -28.557919 2.918342 67.757919
f -3 -2 -1
v -28.557919 2.918342 67.757919
v -27.500000 3.040091 67.626923
v -28.426926 3.040091 67.626923
f -3 -2 -1
v -27.500000 3.040091 67.626923
v -27.500000 3.167403 67.501328
v -28.426926 3.040091 67.626923
f -3 -2 -1
v -28.426926 3.040091 67.626923
v -27.500000 3.167403 67.501328
v -28.301331 3.167403 67.501328
f -3 -2 -1
v -27.500000 3.167403 67.501328
v -27.500000 3.300040 67.381378
v -28.301331 3.167403 67.501328
f -3 -2 -1
v -28.301331 3.167403 67.501328
v -27.500000 3.300040 67.381378
v -28.181372 3.300040 67.381378
f -3 -2 -1
v -27.500000 3.300040 67.381378
v -27.500000 3.437751 67.267273
v -28.181372 3.300040 67.381378
f -3 -2 -1
v -28.181372 3.300040 67.381378
v -27.500000 3.437751 67.267273
v -28.067276 3.437751 67.267273
f -3 -2 -1
v -27.500000 3.580278 67.159256
v -27.500000 3.727353 67.057510
v -27.857515 3.727353 67.057510
f -3 -2 -1
v -27.857515 3.727353 67.057510
v -27.907589 3.653264 67.107590
v -27.500000 3.580278 67.159256
f -3 -2 -1
v -27.907589 3.653264 67.107590
v -27.959255 3.580278 67.159256
v -27.500000 3.580278 67.159256
f -3 -2 -1
v -27.500000 3.580278 67.159256
v -27.959255 3.580278 67.159256
v -27.500000 3.437751 67.267273
f -3 -2 -1
v -27.959255 3.580278 67.159256
v -28.012493 3.508429 67.212494
v -27.500000 3.437751 67.267273
f -3 -2 -1
v -27.500000 3.437751 67.267273
v -28.012493 3.508429 67.212494
v -28.067276 3.437751 67.267273
f -3 -2 -1
v -27.500000 4.034034 66.873627
v -27.673624 4.034034 66.873627
v -27.500000 3.878700 66.962242
f -3 -2 -1
v -27.673624 4.034034 66.873627
v -27.717093 3.955887 66.917091
v -27.500000 3.878700 66.962242
f -3 -2 -1
v -27.717093 3.955887 66.917091
v -27.762245 3.878700 66.962242
v -27.500000 3.878700 66.962242
f -3 -2 -1
v -27.500000 3.878700 66.962242
v -27.762245 3.878700 66.962242
v -27.500000 3.727353 67.057510
f -3 -2 -1
v -27.762245 3.878700 66.962242
v -27.809059 3.802510 67.009064
v -27.500000 3.727353 67.057510
f -3 -2 -1
v -27.500000 3.727353 67.057510
v -27.809059 3.802510 67.009064
v -27.857515 3.727353 67.057510
f -3 -2 -1
v -27.631861 4.113105 66.831856
v -27.500000 4.034034 66.873627
v -27.591820 4.193063 66.791817
f -3 -2 -1
v -27.500000 4.034034 66.873627
v -27.500000 4.193063 66.791817
v -27.591820 4.193063 66.791817
f -3 -2 -1
v -27.591820 4.193063 66.791817
v -27.500000 4.193063 66.791817
v -27.553520 4.273870 66.753525
f -3 -2 -1
v -27.500000 4.193063 66.791817
v -27.500000 4.355489 66.716988
v -27.553520 4.273870 66.753525
f -3 -2 -1
v -27.553520 4.273870 66.753525
v -27.500000 4.355489 66.716988
v -27.500000 4.395124 66.699997
f -3 -2 -1
v -27.500000 5.417657 68.326668
v -27.500000 4.395124 66.699997
v -27.500000 5.323412 68.354134
f -3 -2 -1
v -27.500000 4.395124 66.699997
v -27.500000 5.230455 68.385689
v -27.500000 5.323412 68.354134
f -3 -2 -1
v -27.500000 5.417657 68.326668
v -27.500000 5.513011 68.303329
v -27.500000 4.395124 66.699997
f -3 -2 -1
v -27.500000 5.513011 68.303329
v -27.500000 5.609292 68.284187
v -27.500000 4.395124 66.699997
f -3 -2 -1
v -27.500000 4.395124 66.699997
v -27.500000 5.609292 68.284187
v -27.500000 5.706316 68.269257
f -3 -2 -1
v -27.500000 6.098144 68.252136
v -27.500000 6.196100 68.258560
v -27.500000 7.604876 66.699997
f -3 -2 -1
v -27.500000 6.196100 68.258560
v -27.500000 6.293684 68.269257
v -27.500000 7.604876 66.699997
f -3 -2 -1
v -27.500000 7.604876 66.699997
v -27.500000 6.293684 68.269257
v -27.500000 6.390708 68.284187
f -3 -2 -1
v -27.500000 6.390708 68.284187
v -27.500000 6.486989 68.303329
v -27.500000 7.604876 66.699997
f -3 -2 -1
v -27.500000 6.486989 68.303329
v -27.500000 6.582343 68.326668
v -27.500000 7.604876 66.699997
f -3 -2 -1
v -27.500000 7.604876 66.699997
v -27.500000 6.582343 68.326668
v -27.500000 6.676588 68.354134
f -3 -2 -1
v -27.500000 5.706316 68.269257
v -27.500000 5.803899 68.258560
v -27.500000 4.395124 66.699997
f -3 -2 -1
v -27.500000 5.803899 68.258560
v -27.500000 5.901856 68.252136
v -27.500000 4.395124 66.699997
f -3 -2 -1
v -27.500000 4.395124 66.699997
v -27.500000 5.901856 68.252136
v -27.500000 7.604876 66.699997
f -3 -2 -1
v -27.500000 5.901856 68.252136
v -27.500000 6.000000 68.250000
v -27.500000 7.604876 66.699997
f -3 -2 -1
v -27.500000 7.604876 66.699997
v -27.500000 6.000000 68.250000
v -27.500000 6.098144 68.252136
f -3 -2 -1
v -27.500000 6.676588 68.354134
v -27.500000 6.769546 68.385689
v -27.500000 7.604876 66.699997
f -3 -2 -1
v -27.500000 6.769546 68.385689
v -27.500000 6.861038 68.421272
v -27.500000 7.604876 66.699997
f -3 -2 -1
v -27.500000 7.604876 66.699997
v -27.500000 6.861038 68.421272
v -27.500000 7.644511 66.716988
f -3 -2 -1
v -27.500000 6.861038 68.421272
v -27.500000 6.950891 68.460808
v -27.500000 7.644511 66.716988
f -3 -2 -1
v -27.500000 5.230455 68.385689
v -27.500000 4.395124 66.699997
v -27.500000 5.138962 68.421272
f -3 -2 -1
v -27.500000 4.395124 66.699997
v -27.500000 4.355489 66.716988
v -27.500000 5.138962 68.421272
f -3 -2 -1
v -27.500000 5.138962 68.421272
v -27.500000 4.355489 66.716988
v -27.500000 5.049109 68.460808
f -3 -2 -1
v -27.500000 4.355489 66.716988
v -27.500000 4.193063 66.791817
v -27.500000 5.049109 68.460808
f -3 -2 -1
v -27.500000 5.049109 68.460808
v -27.500000 4.193063 66.791817
v -27.500000 4.961065 68.504227
f -3 -2 -1
v -27.500000 4.193063 66.791817
v -27.500000 4.034034 66.873627
v -27.500000 4.961065 68.504227
f -3 -2 -1
v -27.500000 4.961065 68.504227
v -27.500000 4.034034 66.873627
v -27.500000 4.875000 68.551445
f -3 -2 -1
v -27.500000 4.034034 66.873627
v -27.500000 3.878700 66.962242
v -27.500000 4.875000 68.551445
f -3 -2 -1
v -27.500000 4.875000 68.551445
v -27.500000 3.878700 66.962242
v -27.500000 4.791076 68.602371
f -3 -2 -1
v -27.500000 3.878700 66.962242
v -27.500000 3.727353 67.057510
v -27.500000 4.791076 68.602371
f -3 -2 -1
v -27.500000 4.791076 68.602371
v -27.500000 3.727353 67.057510
v -27.500000 4.709453 68.656906
f -3 -2 -1
v -27.500000 3.727353 67.057510
v -27.500000 3.580278 67.159256
v -27.500000 4.709453 68.656906
f -3 -2 -1
v -27.500000 4.709453 68.656906
v -27.500000 3.580278 67.159256
v -27.500000 4.630287 68.714951
f -3 -2 -1
v -27.500000 3.580278 67.159256
v -27.500000 3.437751 67.267273
v -27.500000 4.630287 68.714951
f -3 -2 -1
v -27.500000 4.630287 68.714951
v -27.500000 3.437751 67.267273
v -27.500000 4.553728 68.776398
f -3 -2 -1
v -27.500000 3.437751 67.267273
v -27.500000 3.300040 67.381378
v -27.500000 4.553728 68.776398
f -3 -2 -1
v -27.500000 4.553728 68.776398
v -27.500000 3.300040 67.381378
v -27.500000 4.479922 68.841133
f -3 -2 -1
v -27.500000 3.300040 67.381378
v -27.500000 3.167403 67.501328
v -27.500000 4.479922 68.841133
f -3 -2 -1
v -27.500000 4.479922 68.841133
v -27.500000 3.167403 67.501328
v -27.500000 4.409009 68.909012
f -3 -2 -1
v -27.500000 3.167403 67.501328
v -27.500000 3.040091 67.626923
v -27.500000 4.409009 68.909012
f -3 -2 -1
v -27.500000 4.409009 68.909012
v -27.500000 3.040091 67.626923
v -27.500000 4.341126 68.979919
f -3 -2 -1
v -27.500000 3.040091 67.626923
v -27.500000 2.918342 67.757919
v -27.500000 4.341126 68.979919
f -3 -2 -1
v -27.500000 4.341126 68.979919
v -27.500000 2.918342 67.757919
v -27.500000 4.276400 69.053726
f -3 -2 -1
v -27.500000 2.918342 67.757919
v -27.500000 2.802386 67.894066
v -27.500000 4.276400 69.053726
f -3 -2 -1
v -27.500000 4.276400 69.053726
v -27.500000 2.802386 67.894066
v -27.500000 4.214955 69.130287
f -3 -2 -1
v -27.500000 2.802386 67.894066
v -27.500000 2.692439 68.035110
v -27.500000 4.214955 69.130287
f -3 -2 -1
v -27.500000 4.214955 69.130287
v -27.500000 2.692439 68.035110
v -27.500000 4.156908 69.209457
f -3 -2 -1
v -27.500000 2.692439 68.035110
v -27.500000 2.588709 68.180794
v -27.500000 4.156908 69.209457
f -3 -2 -1
v -27.500000 4.156908 69.209457
v -27.500000 2.588709 68.180794
v -27.500000 4.102369 69.291077
f -3 -2 -1
v -27.500000 2.588709 68.180794
v -27.500000 2.491392 68.330833
v -27.500000 4.102369 69.291077
f -3 -2 -1
v -27.500000 4.102369 69.291077
v -27.500000 2.491392 68.330833
v -27.500000 4.051443 69.375000
f -3 -2 -1
v -27.500000 2.491392 68.330833
v -27.500000 2.400669 68.484947
v -27.500000 4.051443 69.375000
f -3 -2 -1
v -27.500000 4.051443 69.375000
v -27.500000 2.400669 68.484947
v -27.500000 4.004226 69.461060
f -3 -2 -1
v -27.500000 2.400669 68.484947
v -27.500000 2.316711 68.642845
v -27.500000 4.004226 69.461060
f -3 -2 -1
v -27.500000 4.004226 69.461060
v -27.500000 2.316711 68.642845
v -27.500000 3.960807 69.549103
f -3 -2 -1
v -27.500000 2.316711 68.642845
v -27.500000 2.239676 68.804245
v -27.500000 3.960807 69.549103
f -3 -2 -1
v -27.500000 3.960807 69.549103
v -27.500000 2.239676 68.804245
v -27.500000 3.921271 69.638962
f -3 -2 -1
v -27.500000 2.239676 68.804245
v -27.500000 2.169709 68.968826
v -27.500000 3.921271 69.638962
f -3 -2 -1
v -27.500000 3.921271 69.638962
v -27.500000 2.169709 68.968826
v -27.500000 3.885691 69.730453
f -3 -2 -1
v -27.500000 2.169709 68.968826
v -27.500000 2.106941 69.136284
v -27.500000 3.885691 69.730453
f -3 -2 -1
v -27.500000 3.885691 69.730453
v -27.500000 2.106941 69.136284
v -27.500000 3.854137 69.823418
f -3 -2 -1
v -27.500000 2.106941 69.136284
v -27.500000 2.051491 69.306305
v -27.500000 3.854137 69.823418
f -3 -2 -1
v -27.500000 3.854137 69.823418
v -27.500000 2.051491 69.306305
v -27.500000 3.826667 69.917656
f -3 -2 -1
v -27.500000 2.051491 69.306305
v -27.500000 2.003463 69.478569
v -27.500000 3.826667 69.917656
f -3 -2 -1
v -27.500000 3.826667 69.917656
v -27.500000 2.003463 69.478569
v -27.500000 3.803334 70.013008
f -3 -2 -1
v -27.500000 2.003463 69.478569
v -27.500000 1.962946 69.652756
v -27.500000 3.803334 70.013008
f -3 -2 -1
v -27.500000 3.803334 70.013008
v -27.500000 1.962946 69.652756
v -27.500000 3.784183 70.109291
f -3 -2 -1
v -27.500000 1.962946 69.652756
v -27.500000 1.930017 69.828537
v -27.500000 3.784183 70.109291
f -3 -2 -1
v -27.500000 3.784183 70.109291
v -27.500000 1.930017 69.828537
v -27.500000 3.769249 70.206314
f -3 -2 -1
v -27.500000 1.930017 69.828537
v -27.500000 1.904738 70.005577
v -27.500000 3.769249 70.206314
f -3 -2 -1
v -27.500000 3.769249 70.206314
v -27.500000 1.904738 70.005577
v -27.500000 3.758562 70.303902
f -3 -2 -1
v -27.500000 1.904738 70.005577
v -27.500000 1.887156 70.183548
v -27.500000 3.758562 70.303902
f -3 -2 -1
v -27.500000 3.758562 70.303902
v -27.500000 1.887156 70.183548
v -27.500000 3.752141 70.401855
f -3 -2 -1
v -27.500000 1.887156 70.183548
v -27.500000 1.877305 70.362114
v -27.500000 3.752141 70.401855
f -3 -2 -1
v -27.500000 3.752141 70.401855
v -27.500000 1.877305 70.362114
v -27.500000 3.750000 70.500000
f -3 -2 -1
v -27.500000 1.877305 70.362114
v -27.500000 1.875203 70.540932
v -27.500000 3.750000 70.500000
f -3 -2 -1
v -27.500000 3.750000 70.500000
v -27.500000 1.875203 70.540932
v -27.500000 3.752141 70.598137
f -3 -2 -1
v -27.500000 1.875203 70.540932
v -27.500000 1.880854 70.719681
v -27.500000 3.752141 70.598137
f -3 -2 -1
v -27.500000 3.752141 70.598137
v -27.500000 1.880854 70.719681
v -27.500000 3.758562 70.696098
f -3 -2 -1
v -27.500000 1.880854 70.719681
v -27.500000 1.894247 70.898010
v -27.500000 3.758562 70.696098
f -3 -2 -1
v -27.500000 3.758562 70.696098
v -27.500000 1.894247 70.898010
v -27.500000 3.769249 70.793678
f -3 -2 -1
v -27.500000 1.894247 70.898010
v -27.500000 1.915357 71.075600
v -27.500000 3.769249 70.793678
f -3 -2 -1
v -27.500000 3.769249 70.793678
v -27.500000 1.915357 71.075600
v -27.500000 3.784183 70.890709
f -3 -2 -1
v -27.500000 1.915357 71.075600
v -27.500000 1.944144 71.252106
v -27.500000 3.784183 70.890709
f -3 -2 -1
v -27.500000 3.784183 70.890709
v -27.500000 1.944144 71.252106
v -27.500000 3.803334 70.986984
f -3 -2 -1
v -27.500000 1.944144 71.252106
v -27.500000 1.980556 71.427193
v -27.500000 3.803334 70.986984
f -3 -2 -1
v -27.500000 3.803334 70.986984
v -27.500000 1.980556 71.427193
v -27.500000 3.826667 71.082344
f -3 -2 -1
v -27.500000 1.980556 71.427193
v -27.500000 2.024521 71.600540
v -27.500000 3.826667 71.082344
f -3 -2 -1
v -27.500000 3.826667 71.082344
v -27.500000 2.024521 71.600540
v -27.500000 3.854137 71.176590
f -3 -2 -1
v -27.500000 2.024521 71.600540
v -27.500000 2.075959 71.771820
v -27.500000 3.854137 71.176590
f -3 -2 -1
v -27.500000 3.854137 71.176590
v -27.500000 2.075959 71.771820
v -27.500000 3.885691 71.269539
f -3 -2 -1
v -27.500000 2.075959 71.771820
v -27.500000 2.134773 71.940712
v -27.500000 3.885691 71.269539
f -3 -2 -1
v -27.500000 3.885691 71.269539
v -27.500000 2.134773 71.940712
v -27.500000 3.921271 71.361038
f -3 -2 -1
v -27.500000 2.134773 71.940712
v -27.500000 2.200851 72.106888
v -27.500000 3.921271 71.361038
f -3 -2 -1
v -27.500000 3.921271 71.361038
v -27.500000 2.200851 72.106888
v -27.500000 3.960807 71.450890
f -3 -2 -1
v -27.500000 2.200851 72.106888
v -27.500000 2.274071 72.270050
v -27.500000 3.960807 71.450890
f -3 -2 -1
v -27.500000 3.960807 71.450890
v -27.500000 2.274071 72.270050
v -27.500000 4.004226 71.538933
f -3 -2 -1
v -27.500000 2.274071 72.270050
v -27.500000 2.354293 72.429878
v -27.500000 4.004226 71.538933
f -3 -2 -1
v -27.500000 4.004226 71.538933
v -27.500000 2.354293 72.429878
v -27.500000 4.051443 71.625000
f -3 -2 -1
v -27.500000 2.354293 72.429878
v -27.500000 2.441368 72.586090
v -27.500000 4.051443 71.625000
f -3 -2 -1
v -27.500000 4.051443 71.625000
v -27.500000 2.441368 72.586090
v -27.500000 4.102369 71.708923
f -3 -2 -1
v -27.500000 2.441368 72.586090
v -27.500000 2.535132 72.738373
v -27.500000 4.102369 71.708923
f -3 -2 -1
v -27.500000 4.102369 71.708923
v -27.500000 2.535132 72.738373
v -27.500000 4.156908 71.790543
f -3 -2 -1
v -27.500000 2.535132 72.738373
v -27.500000 2.635408 72.886452
v -27.500000 4.156908 71.790543
f -3 -2 -1
v -27.500000 4.156908 71.790543
v -27.500000 2.635408 72.886452
v -27.500000 4.214955 71.869713
f -3 -2 -1
v -27.500000 2.635408 72.886452
v -27.500000 2.742009 73.030037
v -27.500000 4.214955 71.869713
f -3 -2 -1
v -27.500000 4.214955 71.869713
v -27.500000 2.742009 73.030037
v -27.500000 4.276400 71.946274
f -3 -2 -1
v -27.500000 2.742009 73.030037
v -27.500000 2.854733 73.168884
v -27.500000 4.276400 71.946274
f -3 -2 -1
v -27.500000 4.276400 71.946274
v -27.500000 2.854733 73.168884
v -27.500000 4.341126 72.020073
f -3 -2 -1
v -27.500000 2.854733 73.168884
v -27.500000 2.973369 73.302704
v -27.500000 4.341126 72.020073
f -3 -2 -1
v -27.500000 4.341126 72.020073
v -27.500000 2.973369 73.302704
v -27.500000 4.409009 72.090988
f -3 -2 -1
v -27.500000 2.973369 73.302704
v -27.500000 3.097693 73.431252
v -27.500000 4.409009 72.090988
f -3 -2 -1
v -27.500000 4.409009 72.090988
v -27.500000 3.097693 73.431252
v -27.500000 4.479922 72.158875
f -3 -2 -1
v -27.500000 3.097693 73.431252
v -27.500000 3.227473 73.554291
v -27.500000 4.479922 72.158875
f -3 -2 -1
v -27.500000 4.479922 72.158875
v -27.500000 3.227473 73.554291
v -27.500000 4.553728 72.223595
f -3 -2 -1
v -27.500000 3.227473 73.554291
v -27.500000 3.362464 73.671593
v -27.500000 4.553728 72.223595
f -3 -2 -1
v -27.500000 4.553728 72.223595
v -27.500000 3.362464 73.671593
v -27.500000 4.630287 72.285049
f -3 -2 -1
v -27.500000 3.362464 73.671593
v -27.500000 3.502412 73.782936
v -27.500000 4.630287 72.285049
f -3 -2 -1
v -27.500000 4.630287 72.285049
v -27.500000 3.502412 73.782936
v -27.500000 4.709453 72.343086
f -3 -2 -1
v -27.500000 3.502412 73.782936
v -27.500000 3.647055 73.888107
v -27.500000 4.709453 72.343086
f -3 -2 -1
v -27.500000 4.709453 72.343086
v -27.500000 3.647055 73.888107
v -27.500000 4.791076 72.397636
f -3 -2 -1
v -27.500000 3.647055 73.888107
v -27.500000 3.796120 73.986908
v -27.500000 4.791076 72.397636
f -3 -2 -1
v -27.500000 4.791076 72.397636
v -27.500000 3.796120 73.986908
v -27.500000 4.875000 72.448563
f -3 -2 -1
v -27.500000 3.796120 73.986908
v -27.500000 3.949328 74.079155
v -27.500000 4.875000 72.448563
f -3 -2 -1
v -27.500000 4.875000 72.448563
v -27.500000 3.949328 74.079155
v -27.500000 4.961065 72.495773
f -3 -2 -1
v -27.500000 3.949328 74.079155
v -27.500000 4.106390 74.164680
v -27.500000 4.961065 72.495773
f -3 -2 -1
v -27.500000 4.961065 72.495773
v -27.500000 4.106390 74.164680
v -27.500000 5.049109 72.539192
f -3 -2 -1
v -27.500000 4.106390 74.164680
v -27.500000 4.267012 74.243317
v -27.500000 5.049109 72.539192
f -3 -2 -1
v -27.500000 5.049109 72.539192
v -27.500000 4.267012 74.243317
v -27.500000 5.138962 72.578728
f -3 -2 -1
v -27.500000 4.267012 74.243317
v -27.500000 4.430891 74.314911
v -27.500000 5.138962 72.578728
f -3 -2 -1
v -27.500000 5.138962 72.578728
v -27.500000 4.430891 74.314911
v -27.500000 5.230455 72.614304
f -3 -2 -1
v -27.500000 4.430891 74.314911
v -27.500000 4.597718 74.379333
v -27.500000 5.230455 72.614304
f -3 -2 -1
v -27.500000 5.230455 72.614304
v -27.500000 4.597718 74.379333
v -27.500000 5.323412 72.645866
f -3 -2 -1
v -27.500000 4.597718 74.379333
v -27.500000 4.767182 74.436470
v -27.500000 5.323412 72.645866
f -3 -2 -1
v -27.500000 5.323412 72.645866
v -27.500000 4.767182 74.436470
v -27.500000 5.417657 72.673332
f -3 -2 -1
v -27.500000 4.767182 74.436470
v -27.500000 4.938963 74.486206
v -27.500000 5.417657 72.673332
f -3 -2 -1
v -27.500000 5.417657 72.673332
v -27.500000 4.938963 74.486206
v -27.500000 5.513011 72.696663
f -3 -2 -1
v -27.500000 4.938963 74.486206
v -27.500000 5.112738 74.528450
v -27.500000 5.513011 72.696663
f -3 -2 -1
v -27.500000 5.513011 72.696663
v -27.500000 5.112738 74.528450
v -27.500000 5.609292 72.715820
f -3 -2 -1
v -27.500000 5.112738 74.528450
v -27.500000 5.288181 74.563118
v -27.500000 5.609292 72.715820
f -3 -2 -1
v -27.500000 5.609292 72.715820
v -27.500000 5.288181 74.563118
v -27.500000 5.706316 72.730751
f -3 -2 -1
v -27.500000 5.288181 74.563118
v -27.500000 5.464962 74.590157
v -27.500000 5.706316 72.730751
f -3 -2 -1
v -27.500000 5.706316 72.730751
v -27.500000 5.464962 74.590157
v -27.500000 5.803899 72.741440
f -3 -2 -1
v -27.500000 5.464962 74.590157
v -27.500000 5.642748 74.609505
v -27.500000 5.803899 72.741440
f -3 -2 -1
v -27.500000 5.803899 72.741440
v -27.500000 5.642748 74.609505
v -27.500000 5.901856 72.747856
f -3 -2 -1
v -27.500000 5.642748 74.609505
v -27.500000 5.821206 74.621124
v -27.500000 5.901856 72.747856
f -3 -2 -1
v -27.500000 5.901856 72.747856
v -27.500000 5.821206 74.621124
v -27.500000 6.000000 72.750000
f -3 -2 -1
v -27.500000 5.821206 74.621124
v -27.500000 6.000000 74.625000
v -27.500000 6.000000 72.750000
f -3 -2 -1
v -27.500000 6.000000 72.750000
v -27.500000 6.000000 74.625000
v -27.500000 6.098144 72.747856
f -3 -2 -1
v -27.500000 6.000000 74.625000
v -27.500000 6.178794 74.621124
v -27.500000 6.098144 72.747856
f -3 -2 -1
v -27.500000 6.098144 72.747856
v -27.500000 6.178794 74.621124
v -27.500000 6.196100 72.741440
f -3 -2 -1
v -27.500000 6.178794 74.621124
v -27.500000 6.357252 74.609505
v -27.500000 6.196100 72.741440
f -3 -2 -1
v -27.500000 6.196100 72.741440
v -27.500000 6.357252 74.609505
v -27.500000 6.293684 72.730751
f -3 -2 -1
v -27.500000 6.357252 74.609505
v -27.500000 6.535038 74.590157
v -27.500000 6.293684 72.730751
f -3 -2 -1
v -27.500000 6.293684 72.730751
v -27.500000 6.535038 74.590157
v -27.500000 6.390708 72.715820
f -3 -2 -1
v -27.500000 6.535038 74.590157
v -27.500000 6.711819 74.563118
v -27.500000 6.390708 72.715820
f -3 -2 -1
v -27.500000 6.390708 72.715820
v -27.500000 6.711819 74.563118
v -27.500000 6.486989 72.696663
f -3 -2 -1
v -27.500000 6.711819 74.563118
v -27.500000 6.887262 74.528450
v -27.500000 6.486989 72.696663
f -3 -2 -1
v -27.500000 6.486989 72.696663
v -27.500000 6.887262 74.528450
v -27.500000 6.582343 72.673332
f -3 -2 -1
v -27.500000 6.887262 74.528450
v -27.500000 7.061037 74.486206
v -27.500000 6.582343 72.673332
f -3 -2 -1
v -27.500000 6.582343 72.673332
v -27.500000 7.061037 74.486206
v -27.500000 6.676588 72.645866
f -3 -2 -1
v -27.500000 7.061037 74.486206
v -27.500000 7.232818 74.436470
v -27.500000 6.676588 72.645866
f -3 -2 -1
v -27.500000 6.676588 72.645866
v -27.500000 7.232818 74.436470
v -27.500000 6.769546 72.614304
f -3 -2 -1
v -27.500000 7.232818 74.436470
v -27.500000 7.402282 74.379333
v -27.500000 6.769546 72.614304
f -3 -2 -1
v -27.500000 6.769546 72.614304
v -27.500000 7.402282 74.379333
v -27.500000 6.861038 72.578728
f -3 -2 -1
v -27.500000 7.402282 74.379333
v -27.500000 7.569109 74.314911
v -27.500000 6.861038 72.578728
f -3 -2 -1
v -27.500000 6.861038 72.578728
v -27.500000 7.569109 74.314911
v -27.500000 6.950891 72.539192
f -3 -2 -1
v -27.500000 7.569109 74.314911
v -27.500000 7.732988 74.243317
v -27.500000 6.950891 72.539192
f -3 -2 -1
v -27.500000 6.950891 72.539192
v -27.500000 7.732988 74.243317
v -27.500000 7.038934 72.495773
f -3 -2 -1
v -27.500000 7.732988 74.243317
v -27.500000 7.893610 74.164680
v -27.500000 7.038934 72.495773
f -3 -2 -1
v -27.500000 7.038934 72.495773
v -27.500000 7.893610 74.164680
v -27.500000 7.125000 72.448563
f -3 -2 -1
v -27.500000 7.893610 74.164680
v -27.500000 8.050672 74.079155
v -27.500000 7.125000 72.448563
f -3 -2 -1
v -27.500000 7.125000 72.448563
v -27.500000 8.050672 74.079155
v -27.500000 7.208924 72.397636
f -3 -2 -1
v -27.500000 8.050672 74.079155
v -27.500000 8.203880 73.986908
v -27.500000 7.208924 72.397636
f -3 -2 -1
v -27.500000 7.208924 72.397636
v -27.500000 8.203880 73.986908
v -27.500000 7.290547 72.343086
f -3 -2 -1
v -27.500000 8.203880 73.986908
v -27.500000 8.352944 73.888107
v -27.500000 7.290547 72.343086
f -3 -2 -1
v -27.500000 7.290547 72.343086
v -27.500000 8.352944 73.888107
v -27.500000 7.369713 72.285049
f -3 -2 -1
v -27.500000 8.352944 73.888107
v -27.500000 8.497587 73.782936
v -27.500000 7.369713 72.285049
f -3 -2 -1
v -27.500000 7.369713 72.285049
v -27.500000 8.497587 73.782936
v -27.500000 7.446272 72.223595
f -3 -2 -1
v -27.500000 8.497587 73.782936
v -27.500000 8.637536 73.671593
v -27.500000 7.446272 72.223595
f -3 -2 -1
v -27.500000 7.446272 72.223595
v -27.500000 8.637536 73.671593
v -27.500000 7.520078 72.158875
f -3 -2 -1
v -27.500000 8.637536 73.671593
v -27.500000 8.772527 73.554291
v -27.500000 7.520078 72.158875
f -3 -2 -1
v -27.500000 7.520078 72.158875
v -27.500000 8.772527 73.554291
v -27.500000 7.590990 72.090988
f -3 -2 -1
v -27.500000 8.772527 73.554291
v -27.500000 8.902307 73.431252
v -27.500000 7.590990 72.090988
f -3 -2 -1
v -27.500000 7.590990 72.090988
v -27.500000 8.902307 73.431252
v -27.500000 7.658874 72.020073
f -3 -2 -1
v -27.500000 8.902307 73.431252
v -27.500000 9.026631 73.302704
v -27.500000 7.658874 72.020073
f -3 -2 -1
v -27.500000 7.658874 72.020073
v -27.500000 9.026631 73.302704
v -27.500000 7.723600 71.946274
f -3 -2 -1
v -27.500000 9.026631 73.302704
v -27.500000 9.145267 73.168884
v -27.500000 7.723600 71.946274
f -3 -2 -1
v -27.500000 7.723600 71.946274
v -27.500000 9.145267 73.168884
v -27.500000 7.785045 71.869713
f -3 -2 -1
v -27.500000 9.145267 73.168884
v -27.500000 9.257991 73.030037
v -27.500000 7.785045 71.869713
f -3 -2 -1
v -27.500000 7.785045 71.869713
v -27.500000 9.257991 73.030037
v -27.500000 7.843092 71.790543
f -3 -2 -1
v -27.500000 9.257991 73.030037
v -27.500000 9.364592 72.886452
v -27.500000 7.843092 71.790543
f -3 -2 -1
v -27.500000 7.843092 71.790543
v -27.500000 9.364592 72.886452
v -27.500000 7.897630 71.708923
f -3 -2 -1
v -27.500000 9.364592 72.886452
v -27.500000 9.464868 72.738373
v -27.500000 7.897630 71.708923
f -3 -2 -1
v -27.500000 7.897630 71.708923
v -27.500000 9.464868 72.738373
v -27.500000 7.948557 71.625000
f -3 -2 -1
v -27.500000 9.464868 72.738373
v -27.500000 9.558632 72.586090
v -27.500000 7.948557 71.625000
f -3 -2 -1
v -27.500000 7.948557 71.625000
v -27.500000 9.558632 72.586090
v -27.500000 7.995774 71.538933
f -3 -2 -1
v -27.500000 9.558632 72.586090
v -27.500000 9.645707 72.429878
v -27.500000 7.995774 71.538933
f -3 -2 -1
v -27.500000 7.995774 71.538933
v -27.500000 9.645707 72.429878
v -27.500000 8.039192 71.450890
f -3 -2 -1
v -27.500000 9.645707 72.429878
v -27.500000 9.725929 72.270050
v -27.500000 8.039192 71.450890
f -3 -2 -1
v -27.500000 8.039192 71.450890
v -27.500000 9.725929 72.270050
v -27.500000 8.078729 71.361038
f -3 -2 -1
v -27.500000 9.725929 72.270050
v -27.500000 9.799149 72.106888
v -27.500000 8.078729 71.361038
f -3 -2 -1
v -27.500000 8.078729 71.361038
v -27.500000 9.799149 72.106888
v -27.500000 8.114308 71.269539
f -3 -2 -1
v -27.500000 9.799149 72.106888
v -27.500000 9.865227 71.940712
v -27.500000 8.114308 71.269539
f -3 -2 -1
v -27.500000 8.114308 71.269539
v -27.500000 9.865227 71.940712
v -27.500000 8.145864 71.176590
f -3 -2 -1
v -27.500000 9.865227 71.940712
v -27.500000 9.924041 71.771820
v -27.500000 8.145864 71.176590
f -3 -2 -1
v -27.500000 8.145864 71.176590
v -27.500000 9.924041 71.771820
v -27.500000 8.173333 71.082344
f -3 -2 -1
v -27.500000 9.924041 71.771820
v -27.500000 9.975479 71.600540
v -27.500000 8.173333 71.082344
f -3 -2 -1
v -27.500000 8.173333 71.082344
v -27.500000 9.975479 71.600540
v -27.500000 8.196666 70.986984
f -3 -2 -1
v -27.500000 9.975479 71.600540
v -27.500000 10.019444 71.427193
v -27.500000 8.196666 70.986984
f -3 -2 -1
v -27.500000 8.196666 70.986984
v -27.500000 10.019444 71.427193
v -27.500000 8.215817 70.890709
f -3 -2 -1
v -27.500000 10.019444 71.427193
v -27.500000 10.055856 71.252106
v -27.500000 8.215817 70.890709
f -3 -2 -1
v -27.500000 8.215817 70.890709
v -27.500000 10.055856 71.252106
v -27.500000 8.230751 70.793678
f -3 -2 -1
v -27.500000 10.055856 71.252106
v -27.500000 10.084643 71.075600
v -27.500000 8.230751 70.793678
f -3 -2 -1
v -27.500000 8.230751 70.793678
v -27.500000 10.084643 71.075600
v -27.500000 8.241438 70.696098
f -3 -2 -1
v -27.500000 10.084643 71.075600
v -27.500000 10.105753 70.898010
v -27.500000 8.241438 70.696098
f -3 -2 -1
v -27.500000 8.241438 70.696098
v -27.500000 10.105753 70.898010
v -27.500000 8.247859 70.598137
f -3 -2 -1
v -27.500000 10.105753 70.898010
v -27.500000 10.119145 70.719681
v -27.500000 8.247859 70.598137
f -3 -2 -1
v -27.500000 8.247859 70.598137
v -27.500000 10.119145 70.719681
v -27.500000 8.250000 70.500000
f -3 -2 -1
v -27.500000 10.119145 70.719681
v -27.500000 10.124797 70.540932
v -27.500000 8.250000 70.500000
f -3 -2 -1
v -27.500000 8.250000 70.500000
v -27.500000 10.124797 70.540932
v -27.500000 8.247859 70.401855
f -3 -2 -1
v -27.500000 10.124797 70.540932
v -27.500000 10.122695 70.362114
v -27.500000 8.247859 70.401855
f -3 -2 -1
v -27.500000 8.247859 70.401855
v -27.500000 10.122695 70.362114
v -27.500000 8.241438 70.303902
f -3 -2 -1
v -27.500000 10.122695 70.362114
v -27.500000 10.112844 70.183548
v -27.500000 8.241438 70.303902
f -3 -2 -1
v -27.500000 8.241438 70.303902
v -27.500000 10.112844 70.183548
v -27.500000 8.230751 70.206314
f -3 -2 -1
v -27.500000 10.112844 70.183548
v -27.500000 10.095262 70.005577
v -27.500000 8.230751 70.206314
f -3 -2 -1
v -27.500000 8.230751 70.206314
v -27.500000 10.095262 70.005577
v -27.500000 8.215817 70.109291
f -3 -2 -1
v -27.500000 10.095262 70.005577
v -27.500000 10.069983 69.828537
v -27.500000 8.215817 70.109291
f -3 -2 -1
v -27.500000 8.215817 70.109291
v -27.500000 10.069983 69.828537
v -27.500000 8.196666 70.013008
f -3 -2 -1
v -27.500000 10.069983 69.828537
v -27.500000 10.037054 69.652756
v -27.500000 8.196666 70.013008
f -3 -2 -1
v -27.500000 8.196666 70.013008
v -27.500000 10.037054 69.652756
v -27.500000 8.173333 69.917656
f -3 -2 -1
v -27.500000 10.037054 69.652756
v -27.500000 9.996537 69.478569
v -27.500000 8.173333 69.917656
f -3 -2 -1
v -27.500000 8.173333 69.917656
v -27.500000 9.996537 69.478569
v -27.500000 8.145864 69.823418
f -3 -2 -1
v -27.500000 9.996537 69.478569
v -27.500000 9.948509 69.306305
v -27.500000 8.145864 69.823418
f -3 -2 -1
v -27.500000 8.145864 69.823418
v -27.500000 9.948509 69.306305
v -27.500000 8.114308 69.730453
f -3 -2 -1
v -27.500000 9.948509 69.306305
v -27.500000 9.893059 69.136284
v -27.500000 8.114308 69.730453
f -3 -2 -1
v -27.500000 8.114308 69.730453
v -27.500000 9.893059 69.136284
v -27.500000 8.078729 69.638962
f -3 -2 -1
v -27.500000 9.893059 69.136284
v -27.500000 9.830291 68.968826
v -27.500000 8.078729 69.638962
f -3 -2 -1
v -27.500000 8.078729 69.638962
v -27.500000 9.830291 68.968826
v -27.500000 8.039192 69.549103
f -3 -2 -1
v -27.500000 9.830291 68.968826
v -27.500000 9.760324 68.804245
v -27.500000 8.039192 69.549103
f -3 -2 -1
v -27.500000 8.039192 69.549103
v -27.500000 9.760324 68.804245
v -27.500000 7.995774 69.461060
f -3 -2 -1
v -27.500000 9.760324 68.804245
v -27.500000 9.683290 68.642845
v -27.500000 7.995774 69.461060
f -3 -2 -1
v -27.500000 7.995774 69.461060
v -27.500000 9.683290 68.642845
v -27.500000 7.948557 69.375000
f -3 -2 -1
v -27.500000 9.683290 68.642845
v -27.500000 9.599332 68.484947
v -27.500000 7.948557 69.375000
f -3 -2 -1
v -27.500000 7.948557 69.375000
v -27.500000 9.599332 68.484947
v -27.500000 7.897630 69.291077
f -3 -2 -1
v -27.500000 9.599332 68.484947
v -27.500000 9.508608 68.330833
v -27.500000 7.897630 69.291077
f -3 -2 -1
v -27.500000 7.897630 69.291077
v -27.500000 9.508608 68.330833
v -27.500000 7.843092 69.209457
f -3 -2 -1
v -27.500000 9.508608 68.330833
v -27.500000 9.411290 68.180794
v -27.500000 7.843092 69.209457
f -3 -2 -1
v -27.500000 7.843092 69.209457
v -27.500000 9.411290 68.180794
v -27.500000 7.785045 69.130287
f -3 -2 -1
v -27.500000 9.411290 68.180794
v -27.500000 9.307562 68.035110
v -27.500000 7.785045 69.130287
f -3 -2 -1
v -27.500000 7.785045 69.130287
v -27.500000 9.307562 68.035110
v -27.500000 7.723600 69.053726
f -3 -2 -1
v -27.500000 9.307562 68.035110
v -27.500000 9.197614 67.894066
v -27.500000 7.723600 69.053726
f -3 -2 -1
v -27.500000 7.723600 69.053726
v -27.500000 9.197614 67.894066
v -27.500000 7.658874 68.979919
f -3 -2 -1
v -27.500000 9.197614 67.894066
v -27.500000 9.081658 67.757919
v -27.500000 7.658874 68.979919
f -3 -2 -1
v -27.500000 7.658874 68.979919
v -27.500000 9.081658 67.757919
v -27.500000 7.590990 68.909012
f -3 -2 -1
v -27.500000 9.081658 67.757919
v -27.500000 8.959909 67.626923
v -27.500000 7.590990 68.909012
f -3 -2 -1
v -27.500000 7.590990 68.909012
v -27.500000 8.959909 67.626923
v -27.500000 7.520078 68.841133
f -3 -2 -1
v -27.500000 8.959909 67.626923
v -27.500000 8.832597 67.501328
v -27.500000 7.520078 68.841133
f -3 -2 -1
v -27.500000 7.520078 68.841133
v -27.500000 8.832597 67.501328
v -27.500000 7.446272 68.776398
f -3 -2 -1
v -27.500000 8.832597 67.501328
v -27.500000 8.699960 67.381378
v -27.500000 7.446272 68.776398
f -3 -2 -1
v -27.500000 7.446272 68.776398
v -27.500000 8.699960 67.381378
v -27.500000 7.369713 68.714951
f -3 -2 -1
v -27.500000 8.699960 67.381378
v -27.500000 8.562249 67.267273
v -27.500000 7.369713 68.714951
f -3 -2 -1
v -27.500000 7.369713 68.714951
v -27.500000 8.562249 67.267273
v -27.500000 7.290547 68.656906
f -3 -2 -1
v -27.500000 8.562249 67.267273
v -27.500000 8.419723 67.159256
v -27.500000 7.290547 68.656906
f -3 -2 -1
v -27.500000 7.290547 68.656906
v -27.500000 8.419723 67.159256
v -27.500000 7.208924 68.602371
f -3 -2 -1
v -27.500000 8.419723 67.159256
v -27.500000 8.272647 67.057510
v -27.500000 7.208924 68.602371
f -3 -2 -1
v -27.500000 7.208924 68.602371
v -27.500000 8.272647 67.057510
v -27.500000 7.125000 68.551445
f -3 -2 -1
v -27.500000 8.272647 67.057510
v -27.500000 8.121301 66.962242
v -27.500000 7.125000 68.551445
f -3 -2 -1
v -27.500000 7.125000 68.551445
v -27.500000 8.121301 66.962242
v -27.500000 7.038934 68.504227
f -3 -2 -1
v -27.500000 8.121301 66.962242
v -27.500000 7.965966 66.873627
v -27.500000 7.038934 68.504227
f -3 -2 -1
v -27.500000 7.038934 68.504227
v -27.500000 7.965966 66.873627
v -27.500000 6.950891 68.460808
f -3 -2 -1
v -27.500000 7.965966 66.873627
v -27.500000 7.806937 66.791817
v -27.500000 6.950891 68.460808
f -3 -2 -1
v -27.500000 6.950891 68.460808
v -27.500000 7.806937 66.791817
v -27.500000 7.644511 66.716988
f -3 -2 -1
v -27.500000 6.000000 72.750000
v -17.500000 6.000000 72.750000
v -27.500000 5.901856 72.747856
f -3 -2 -1
v -17.500000 6.000000 72.750000
v -17.500000 5.901856 72.747856
v -27.500000 5.901856 72.747856
f -3 -2 -1
v -27.500000 5.901856 72.747856
v -17.500000 5.901856 72.747856
v -27.500000 5.803899 72.741440
f -3 -2 -1
v -17.500000 5.901856 72.747856
v -17.500000 5.803899 72.741440
v -27.500000 5.803899 72.741440
f -3 -2 -1
v -27.500000 5.803899 72.741440
v -17.500000 5.803899 72.741440
v -27.500000 5.706316 72.730751
f -3 -2 -1
v -17.500000 5.803899 72.741440
v -17.500000 5.706316 72.730751
v -27.500000 5.706316 72.730751
f -3 -2 -1
v -27.500000 5.706316 72.730751
v -17.500000 5.706316 72.730751
v -27.500000 5.609292 72.715820
f -3 -2 -1
v -17.500000 5.706316 72.730751
v -17.500000 5.609292 72.715820
v -27.500000 5.609292 72.715820
f -3 -2 -1
v -27.500000 5.609292 72.715820
v -17.500000 5.609292 72.715820
v -27.500000 5.513011 72.696663
f -3 -2 -1
v -17.500000 5.609292 72.715820
v -17.500000 5.513011 72.696663
v -27.500000 5.513011 72.696663
f -3 -2 -1
v -27.500000 5.513011 72.696663
v -17.500000 5.513011 72.696663
v -27.500000 5.417657 72.673332
f -3 -2 -1
v -17.500000 5.513011 72.696663
v -17.500000 5.417657 72.673332
v -27.500000 5.417657 72.673332
f -3 -2 -1
v -27.500000 5.417657 72.673332
v -17.500000 5.417657 72.673332
v -27.500000 5.323412 72.645866
f -3 -2 -1
v -17.500000 5.417657 72.673332
v -17.500000 5.323412 72.645866
v -27.500000 5.323412 72.645866
f -3 -2 -1
v -27.500000 5.323412 72.645866
v -17.500000 5.323412 72.645866
v -27.500000 5.230455 72.614304
f -3 -2 -1
v -17.500000 5.323412 72.645866
v -17.500000 5.230455 72.614304
v -27.500000 5.230455 72.614304
f -3 -2 -1
v -27.500000 5.230455 72.614304
v -17.500000 5.230455 72.614304
v -27.500000 5.138962 72.578728
f -3 -2 -1
v -17.500000 5.230455 72.614304
v -17.500000 5.138962 72.578728
v -27.500000 5.138962 72.578728
f -3 -2 -1
v -27.500000 5.138962 72.578728
v -17.500000 5.138962 72.578728
v -27.500000 5.049109 72.539192
f -3 -2 -1
v -17.500000 5.138962 72.578728
v -17.500000 5.049109 72.539192
v -27.500000 5.049109 72.539192
f -3 -2 -1
v -27.500000 5.049109 72.539192
v -17.500000 5.049109 72.539192
v -27.500000 4.961065 72.495773
f -3 -2 -1
v -17.500000 5.049109 72.539192
v -17.500000 4.961065 72.495773
v -27.500000 4.961065 72.495773
f -3 -2 -1
v -27.500000 4.961065 72.495773
v -17.500000 4.961065 72.495773
v -27.500000 4.875000 72.448563
f -3 -2 -1
v -17.500000 4.961065 72.495773
v -17.500000 4.875000 72.448563
v -27.500000 4.875000 72.448563
f -3 -2 -1
v -27.500000 4.875000 72.448563
v -17.500000 4.875000 72.448563
v -27.500000 4.791076 72.397636
f -3 -2 -1
v -17.500000 4.875000 72.448563
v -17.500000 4.791076 72.397636
v -27.500000 4.791076 72.397636
f -3 -2 -1
v -27.500000 4.791076 72.397636
v -17.500000 4.791076 72.397636
v -27.500000 4.709453 72.343086
f -3 -2 -1
v -17.500000 4.791076 72.397636
v -17.500000 4.709453 72.343086
v -27.500000 4.709453 72.343086
f -3 -2 -1
v -27.500000 4.709453 72.343086
v -17.500000 4.709453 72.343086
v -27.500000 4.630287 72.285049
f -3 -2 -1
v -17.500000 4.709453 72.343086
v -17.500000 4.630287 72.285049
v -27.500000 4.630287 72.285049
f -3 -2 -1
v -27.500000 4.630287 72.285049
v -17.500000 4.630287 72.285049
v -27.500000 4.553728 72.223595
f -3 -2 -1
v -17.500000 4.630287 72.285049
v -17.500000 4.553728 72.223595
v -27.500000 4.553728 72.223595
f -3 -2 -1
v -27.500000 4.553728 72.223595
v -17.500000 4.553728 72.223595
v -27.500000 4.479922 72.158875
f -3 -2 -1
v -17.500000 4.553728 72.223595
v -17.500000 4.479922 72.158875
v -27.500000 4.479922 72.158875
f -3 -2 -1
v -27.500000 4.479922 72.158875
v -17.500000 4.479922 72.158875
v -27.500000 4.409009 72.090988
f -3 -2 -1
v -17.500000 4.479922 72.158875
v -17.500000 4.409009 72.090988
v -27.500000 4.409009 72.090988
f -3 -2 -1
v -27.500000 4.409009 72.090988
v -17.500000 4.409009 72.090988
v -27.500000 4.341126 72.020073
f -3 -2 -1
v -17.500000 4.409009 72.090988
v -17.500000 4.341126 72.020073
v -27.500000 4.341126 72.020073
f -3 -2 -1
v -27.500000 4.341126 72.020073
v -17.500000 4.341126 72.020073
v -27.500000 4.276400 71.946274
f -3 -2 -1
v -17.500000 4.341126 72.020073
v -17.500000 4.276400 71.946274
v -27.500000 4.276400 71.946274
f -3 -2 -1
v -27.500000 4.276400 71.946274
v -17.500000 4.276400 71.946274
v -27.500000 4.214955 71.869713
f -3 -2 -1
v -17.500000 4.276400 71.946274
v -17.500000 4.214955 71.869713
v -27.500000 4.214955 71.869713
f -3 -2 -1
v -27.500000 4.214955 71.869713
v -17.500000 4.214955 71.869713
v -27.500000 4.156908 71.790543
f -3 -2 -1
v -17.500000 4.214955 71.869713
v -17.500000 4.156908 71.790543
v -27.500000 4.156908 71.790543
f -3 -2 -1
v -27.500000 4.156908 71.790543
v -17.500000 4.156908 71.790543
v -27.500000 4.102369 71.708923
f -3 -2 -1
v -17.500000 4.156908 71.790543
v -17.500000 4.102369 71.708923
v -27.500000 4.102369 71.708923
f -3 -2 -1
v -27.500000 4.102369 71.708923
v -17.500000 4.102369 71.708923
v -27.500000 4.051443 71.625000
f -3 -2 -1
v -17.500000 4.102369 71.708923
v -17.500000 4.051443 71.625000
v -27.500000 4.051443 71.625000
f -3 -2 -1
v -27.500000 4.051443 71.625000
v -17.500000 4.051443 71.625000
v -27.500000 4.004226 71.538933
f -3 -2 -1
v -17.500000 4.051443 71.625000
v -17.500000 4.004226 71.538933
v -27.500000 4.004226 71.538933
f -3 -2 -1
v -27.500000 4.004226 71.538933
v -17.500000 4.004226 71.538933
v -27.500000 3.960807 71.450890
f -3 -2 -1
v -17.500000 4.004226 71.538933
v -17.500000 3.960807 71.450890
v -27.500000 3.960807 71.450890
f -3 -2 -1
v -27.500000 3.960807 71.450890
v -17.500000 3.960807 71.450890
v -27.500000 3.921271 71.361038
f -3 -2 -1
v -17.500000 3.960807 71.450890
v -17.500000 3.921271 71.361038
v -27.500000 3.921271 71.361038
f -3 -2 -1
v -27.500000 3.921271 71.361038
v -17.500000 3.921271 71.361038
v -27.500000 3.885691 71.269539
f -3 -2 -1
v -17.500000 3.921271 71.361038
v -17.500000 3.885691 71.269539
v -27.500000 3.885691 71.269539
f -3 -2 -1
v -27.500000 3.885691 71.269539
v -17.500000 3.885691 71.269539
v -27.500000 3.854137 71.176590
f -3 -2 -1
v -17.500000 3.885691 71.269539
v -17.500000 3.854137 71.176590
v -27.500000 3.854137 71.176590
f -3 -2 -1
v -27.500000 3.854137 71.176590
v -17.500000 3.854137 71.176590
v -27.500000 3.826667 71.082344
f -3 -2 -1
v -17.500000 3.854137 71.176590
v -17.500000 3.826667 71.082344
v -27.500000 3.826667 71.082344
f -3 -2 -1
v -27.500000 3.826667 71.082344
v -17.500000 3.826667 71.082344
v -27.500000 3.803334 70.986984
f -3 -2 -1
v -17.500000 3.826667 71.082344
v -17.500000 3.803334 70.986984
v -27.500000 3.803334 70.986984
f -3 -2 -1
v -27.500000 3.803334 70.986984
v -17.500000 3.803334 70.986984
v -27.500000 3.784183 70.890709
f -3 -2 -1
v -17.500000 3.803334 70.986984
v -17.500000 3.784183 70.890709
v -27.500000 3.784183 70.890709
f -3 -2 -1
v -27.500000 3.784183 70.890709
v -17.500000 3.784183 70.890709
v -27.500000 3.769249 70.793678
f -3 -2 -1
v -17.500000 3.784183 70.890709
v -17.500000 3.769249 70.793678
v -27.500000 3.769249 70.793678
f -3 -2 -1
v -27.500000 3.769249 70.793678
v -17.500000 3.769249 70.793678
v -27.500000 3.758562 70.696098
f -3 -2 -1
v -17.500000 3.769249 70.793678
v -17.500000 3.758562 70.696098
v -27.500000 3.758562 70.696098
f -3 -2 -1
v -27.500000 3.758562 70.696098
v -17.500000 3.758562 70.696098
v -27.500000 3.752141 70.598137
f -3 -2 -1
v -17.500000 3.758562 70.696098
v -17.500000 3.752141 70.598137
v -27.500000 3.752141 70.598137
f -3 -2 -1
v -27.500000 3.752141 70.598137
v -17.500000 3.752141 70.598137
v -27.500000 3.750000 70.500000
f -3 -2 -1
v -17.500000 3.752141 70.598137
v -17.500000 3.750000 70.500000
v -27.500000 3.750000 70.500000
f -3 -2 -1
v -27.500000 3.750000 70.500000
v -17.500000 3.750000 70.500000
v -27.500000 3.752141 70.401855
f -3 -2 -1
v -17.500000 3.750000 70.500000
v -17.500000 3.752141 70.401855
v -27.500000 3.752141 70.401855
f -3 -2 -1
v -27.500000 3.752141 70.401855
v -17.500000 3.752141 70.401855
v -27.500000 3.758562 70.303902
f -3 -2 -1
v -17.500000 3.752141 70.401855
v -17.500000 3.758562 70.303902
v -27.500000 3.758562 70.303902
f -3 -2 -1
v -27.500000 3.758562 70.303902
v -17.500000 3.758562 70.303902
v -27.500000 3.769249 70.206314
f -3 -2 -1
v -17.500000 3.758562 70.303902
v -17.500000 3.769249 70.206314
v -27.500000 3.769249 70.206314
f -3 -2 -1
v -27.500000 3.769249 70.206314
v -17.500000 3.769249 70.206314
v -27.500000 3.784183 70.109291
f -3 -2 -1
v -17.500000 3.769249 70.206314
v -17.500000 3.784183 70.109291
v -27.500000 3.784183 70.109291
f -3 -2 -1
v -27.500000 3.784183 70.109291
v -17.500000 3.784183 70.109291
v -27.500000 3.803334 70.013008
f -3 -2 -1
v -17.500000 3.784183 70.109291
v -17.500000 3.803334 70.013008
v -27.500000 3.803334 70.013008
f -3 -2 -1
v -27.500000 3.803334 70.013008
v -17.500000 3.803334 70.013008
v -27.500000 3.826667 69.917656
f -3 -2 -1
v -17.500000 3.803334 70.013008
v -17.500000 3.826667 69.917656
v -27.500000 3.826667 69.917656
f -3 -2 -1
v -27.500000 3.826667 69.917656
v -17.500000 3.826667 69.917656
v -27.500000 3.854137 69.823418
f -3 -2 -1
v -17.500000 3.826667 69.917656
v -17.500000 3.854137 69.823418
v -27.500000 3.854137 69.823418
f -3 -2 -1
v -27.500000 3.854137 69.823418
v -17.500000 3.854137 69.823418
v -27.500000 3.885691 69.730453
f -3 -2 -1
v -17.500000 3.854137 69.823418
v -17.500000 3.885691 69.730453
v -27.500000 3.885691 69.730453
f -3 -2 -1
v -27.500000 3.885691 69.730453
v -17.500000 3.885691 69.730453
v -27.500000 3.921271 69.638962
f -3 -2 -1
v -17.500000 3.885691 69.730453
v -17.500000 3.921271 69.638962
v -27.500000 3.921271 69.638962
f -3 -2 -1
v -27.500000 3.921271 69.638962
v -17.500000 3.921271 69.638962
v -27.500000 3.960807 69.549103
f -3 -2 -1
v -17.500000 3.921271 69.638962
v -17.500000 3.960807 69.549103
v -27.500000 3.960807 69.549103
f -3 -2 -1
v -27.500000 3.960807 69.549103
v -17.500000 3.960807 69.549103
v -27.500000 4.004226 69.461060
f -3 -2 -1
v -17.500000 3.960807 69.549103
v -17.500000 4.004226 69.461060
v -27.500000 4.004226 69.461060
f -3 -2 -1
v -27.500000 4.004226 69.461060
v -17.500000 4.004226 69.461060
v -27.500000 4.051443 69.375000
f -3 -2 -1
v -17.500000 4.004226 69.461060
v -17.500000 4.051443 69.375000
v -27.500000 4.051443 69.375000
f -3 -2 -1
v -27.500000 4.051443 69.375000
v -17.500000 4.051443 69.375000
v -27.500000 4.102369 69.291077
f -3 -2 -1
v -17.500000 4.051443 69.375000
v -17.500000 4.102369 69.291077
v -27.500000 4.102369 69.291077
f -3 -2 -1
v -27.500000 4.102369 69.291077
v -17.500000 4.102369 69.291077
v -27.500000 4.156908 69.209457
f -3 -2 -1
v -17.500000 4.102369 69.291077
v -17.500000 4.156908 69.209457
v -27.500000 4.156908 69.209457
f -3 -2 -1
v -27.500000 4.156908 69.209457
v -17.500000 4.156908 69.209457
v -27.500000 4.214955 69.130287
f -3 -2 -1
v -17.500000 4.156908 69.209457
v -17.500000 4.214955 69.130287
v -27.500000 4.214955 69.130287
f -3 -2 -1
v -27.500000 4.214955 69.130287
v -17.500000 4.214955 69.130287
v -27.500000 4.276400 69.053726
f -3 -2 -1
v -17.500000 4.214955 69.130287
v -17.500000 4.276400 69.053726
v -27.500000 4.276400 69.053726
f -3 -2 -1
v -27.500000 4.276400 69.053726
v -17.500000 4.276400 69.053726
v -27.500000 4.341126 68.979919
f -3 -2 -1
v -17.500000 4.276400 69.053726
v -17.500000 4.341126 68.979919
v -27.500000 4.341126 68.979919
f -3 -2 -1
v -27.500000 4.341126 68.979919
v -17.500000 4.341126 68.979919
v -27.500000 4.409009 68.909012
f -3 -2 -1
v -17.500000 4.341126 68.979919
v -17.500000 4.409009 68.909012
v -27.500000 4.409009 68.909012
f -3 -2 -1
v -27.500000 4.409009 68.909012
v -17.500000 4.409009 68.909012
v -27.500000 4.479922 68.841133
f -3 -2 -1
v -17.500000 4.409009 68.909012
v -17.500000 4.479922 68.841133
v -27.500000 4.479922 68.841133
f -3 -2 -1
v -27.500000 4.479922 68.841133
v -17.500000 4.479922 68.841133
v -27.500000 4.553728 68.776398
f -3 -2 -1
v -17.500000 4.479922 68.841133
v -17.500000 4.553728 68.776398
v -27.500000 4.553728 68.776398
f -3 -2 -1
v -27.500000 4.553728 68.776398
v -17.500000 4.553728 68.776398
v -27.500000 4.630287 68.714951
f -3 -2 -1
v -17.500000 4.553728 68.776398
v -17.500000 4.630287 68.714951
v -27.500000 4.630287 68.714951
f -3 -2 -1
v -27.500000 4.630287 68.714951
v -17.500000 4.630287 68.714951
v -27.500000 4.709453 68.656906
f -3 -2 -1
v -17.500000 4.630287 68.714951
v -17.500000 4.709453 68.656906
v -27.500000 4.709453 68.656906
f -3 -2 -1
v -27.500000 4.709453 68.656906
v -17.500000 4.709453 68.656906
v -27.500000 4.791076 68.602371
f -3 -2 -1
v -17.500000 4.709453 68.656906
v -17.500000 4.791076 68.602371
v -27.500000 4.791076 68.602371
f -3 -2 -1
v -27.500000 4.791076 68.602371
v -17.500000 4.791076 68.602371
v -27.500000 4.875000 68.551445
f -3 -2 -1
v -17.500000 4.791076 68.602371
v -17.500000 4.875000 68.551445
v -27.500000 4.875000 68.551445
f -3 -2 -1
v -27.500000 4.875000 68.551445
v -17.500000 4.875000 68.551445
v -27.500000 4.961065 68.504227
f -3 -2 -1
v -17.500000 4.875000 68.551445
v -17.500000 4.961065 68.504227
v -27.500000 4.961065 68.504227
f -3 -2 -1
v -27.500000 4.961065 68.504227
v -17.500000 4.961065 68.504227
v -27.500000 5.049109 68.460808
f -3 -2 -1
v -17.500000 4.961065 68.504227
v -17.500000 5.049109 68.460808
v -27.500000 5.049109 68.460808
f -3 -2 -1
v -27.500000 5.049109 68.460808
v -17.500000 5.049109 68.460808
v -27.500000 5.138962 68.421272
f -3 -2 -1
v -17.500000 5.049109 68.460808
v -17.500000 5.138962 68.421272
v -27.500000 5.138962 68.421272
f -3 -2 -1
v -27.500000 5.138962 68.421272
v -17.500000 5.138962 68.421272
v -27.500000 5.230455 68.385689
f -3 -2 -1
v -17.500000 5.138962 68.421272
v -17.500000 5.230455 68.385689
v -27.500000 5.230455 68.385689
f -3 -2 -1
v -27.500000 5.230455 68.385689
v -17.500000 5.230455 68.385689
v -27.500000 5.323412 68.354134
f -3 -2 -1
v -17.500000 5.230455 68.385689
v -17.500000 5.323412 68.354134
v -27.500000 5.323412 68.354134
f -3 -2 -1
v -27.500000 5.323412 68.354134
v -17.500000 5.323412 68.354134
v -27.500000 5.417657 68.326668
f -3 -2 -1
v -17.500000 5.323412 68.354134
v -17.500000 5.417657 68.326668
v -27.500000 5.417657 68.326668
f -3 -2 -1
v -27.500000 5.417657 68.326668
v -17.500000 5.417657 68.326668
v -27.500000 5.513011 68.303329
f -3 -2 -1
v -17.500000 5.417657 68.326668
v -17.500000 5.513011 68.303329
v -27.500000 5.513011 68.303329
f -3 -2 -1
v -27.500000 5.513011 68.303329
v -17.500000 5.513011 68.303329
v -27.500000 5.609292 68.284187
f -3 -2 -1
v -17.500000 5.513011 68.303329
v -17.500000 5.609292 68.284187
v -27.500000 5.609292 68.284187
f -3 -2 -1
v -27.500000 5.609292 68.284187
v -17.500000 5.609292 68.284187
v -27.500000 5.706316 68.269257
f -3 -2 -1
v -17.500000 5.609292 68.284187
v -17.500000 5.706316 68.269257
v -27.500000 5.706316 68.269257
f -3 -2 -1
v -27.500000 5.706316 68.269257
v -17.500000 5.706316 68.269257
v -27.500000 5.803899 68.258560
f -3 -2 -1
v -17.500000 5.706316 68.269257
v -17.500000 5.803899 68.258560
v -27.500000 5.803899 68.258560
f -3 -2 -1
v -27.500000 5.803899 68.258560
v -17.500000 5.803899 68.258560
v -27.500000 5.901856 68.252136
f -3 -2 -1
v -17.500000 5.803899 68.258560
v -17.500000 5.901856 68.252136
v -27.500000 5.901856 68.252136
f -3 -2 -1
v -27.500000 5.901856 68.252136
v -17.500000 5.901856 68.252136
v -27.500000 6.000000 68.250000
f -3 -2 -1
v -17.500000 5.901856 68.252136
v -17.500000 6.000000 68.250000
v -27.500000 6.000000 68.250000
f -3 -2 -1
v -27.500000 6.000000 68.250000
v -17.500000 6.000000 68.250000
v -27.500000 6.098144 68.252136
f -3 -2 -1
v -17.500000 6.000000 68.250000
v -17.500000 6.098144 68.252136
v -27.500000 6.098144 68.252136
f -3 -2 -1
v -27.500000 6.098144 68.252136
v -17.500000 6.098144 68.252136
v -27.500000 6.196100 68.258560
f -3 -2 -1
v -17.500000 6.098144 68.252136
v -17.500000 6.196100 68.258560
v -27.500000 6.196100 68.258560
f -3 -2 -1
v -27.500000 6.196100 68.258560
v -17.500000 6.196100 68.258560
v -27.500000 6.293684 68.269257
f -3 -2 -1
v -17.500000 6.196100 68.258560
v -17.500000 6.293684 68.269257
v -27.500000 6.293684 68.269257
f -3 -2 -1
v -27.500000 6.293684 68.269257
v -17.500000 6.293684 68.269257
v -27.500000 6.390708 68.284187
f -3 -2 -1
v -17.500000 6.293684 68.269257
v -17.500000 6.390708 68.284187
v -27.500000 6.390708 68.284187
f -3 -2 -1
v -27.500000 6.390708 68.284187
v -17.500000 6.390708 68.284187
v -27.500000 6.486989 68.303329
f -3 -2 -1
v -17.500000 6.390708 68.284187
v -17.500000 6.486989 68.303329
v -27.500000 6.486989 68.303329
f -3 -2 -1
v -27.500000 6.486989 68.303329
v -17.500000 6.486989 68.303329
v -27.500000 6.582343 68.326668
f -3 -2 -1
v -17.500000 6.486989 68.303329
v -17.500000 6.582343 68.326668
v -27.500000 6.582343 68.326668
f -3 -2 -1
v -27.500000 6.582343 68.326668
v -17.500000 6.582343 68.326668
v -27.500000 6.676588 68.354134
f -3 -2 -1
v -17.500000 6.582343 68.326668
v -17.500000 6.676588 68.354134
v -27.500000 6.676588 68.354134
f -3 -2 -1
v -27.500000 6.676588 68.354134
v -17.500000 6.676588 68.354134
v -27.500000 6.769546 68.385689
f -3 -2 -1
v -17.500000 6.676588 68.354134
v -17.500000 6.769546 68.385689
v -27.500000 6.769546 68.385689
f -3 -2 -1
v -27.500000 6.769546 68.385689
v -17.500000 6.769546 68.385689
v -27.500000 6.861038 68.421272
f -3 -2 -1
v -17.500000 6.769546 68.385689
v -17.500000 6.861038 68.421272
v -27.500000 6.861038 68.421272
f -3 -2 -1
v -27.500000 6.861038 68.421272
v -17.500000 6.861038 68.421272
v -27.500000 6.950891 68.460808
f -3 -2 -1
v -17.500000 6.861038 68.421272
v -17.500000 6.950891 68.460808
v -27.500000 6.950891 68.460808
f -3 -2 -1
v -27.500000 6.950891 68.460808
v -17.500000 6.950891 68.460808
v -27.500000 7.038934 68.504227
f -3 -2 -1
v -17.500000 6.950891 68.460808
v -17.500000 7.038934 68.504227
v -27.500000 7.038934 68.504227
f -3 -2 -1
v -27.500000 7.038934 68.504227
v -17.500000 7.038934 68.504227
v -27.500000 7.125000 68.551445
f -3 -2 -1
v -17.500000 7.038934 68.504227
v -17.500000 7.125000 68.551445
v -27.500000 7.125000 68.551445
f -3 -2 -1
v -27.500000 7.125000 68.551445
v -17.500000 7.125000 68.551445
v -27.500000 7.208924 68.602371
f -3 -2 -1
v -17.500000 7.125000 68.551445
v -17.500000 7.208924 68.602371
v -27.500000 7.208924 68.602371
f -3 -2 -1
v -27.500000 7.208924 68.602371
v -17.500000 7.208924 68.602371
v -27.500000 7.290547 68.656906
f -3 -2 -1
v -17.500000 7.208924 68.602371
v -17.500000 7.290547 68.656906
v -27.500000 7.290547 68.656906
f -3 -2 -1
v -27.500000 7.290547 68.656906
v -17.500000 7.290547 68.656906
v -27.500000 7.369713 68.714951
f -3 -2 -1
v -17.500000 7.290547 68.656906
v -17.500000 7.369713 68.714951
v -27.500000 7.369713 68.714951
f -3 -2 -1
v -27.500000 7.369713 68.714951
v -17.500000 7.369713 68.714951
v -27.500000 7.446272 68.776398
f -3 -2 -1
v -17.500000 7.369713 68.714951
v -17.500000 7.446272 68.776398
v -27.500000 7.446272 68.776398
f -3 -2 -1
v -27.500000 7.446272 68.776398
v -17.500000 7.446272 68.776398
v -27.500000 7.520078 68.841133
f -3 -2 -1
v -17.500000 7.446272 68.776398
v -17.500000 7.520078 68.841133
v -27.500000 7.520078 68.841133
f -3 -2 -1
v -27.500000 7.520078 68.841133
v -17.500000 7.520078 68.841133
v -27.500000 7.590990 68.909012
f -3 -2 -1
v -17.500000 7.520078 68.841133
v -17.500000 7.590990 68.909012
v -27.500000 7.590990 68.909012
f -3 -2 -1
v -27.500000 7.590990 68.909012
v -17.500000 7.590990 68.909012
v -27.500000 7.658874 68.979919
f -3 -2 -1
v -17.500000 7.590990 68.909012
v -17.500000 7.658874 68.979919
v -27.500000 7.658874 68.979919
f -3 -2 -1
v -27.500000 7.658874 68.979919
v -17.500000 7.658874 68.979919
v -27.500000 7.723600 69.053726
f -3 -2 -1
v -17.500000 7.658874 68.979919
v -17.500000 7.723600 69.053726
v -27.500000 7.723600 69.053726
f -3 -2 -1
v -27.500000 7.723600 69.053726
v -17.500000 7.723600 69.053726
v -27.500000 7.785045 69.130287
f -3 -2 -1
v -17.500000 7.723600 69.053726
v -17.500000 7.785045 69.130287
v -27.500000 7.785045 69.130287
f -3 -2 -1
v -27.500000 7.785045 69.130287
v -17.500000 7.785045 69.130287
v -27.500000 7.843092 69.209457
f -3 -2 -1
v -17.500000 7.785045 69.130287
v -17.500000 7.843092 69.209457
v -27.500000 7.843092 69.209457
f -3 -2 -1
v -27.500000 7.843092 69.209457
v -17.500000 7.843092 69.209457
v -27.500000 7.897630 69.291077
f -3 -2 -1
v -17.500000 7.843092 69.209457
v -17.500000 7.897630 69.291077
v -27.500000 7.897630 69.291077
f -3 -2 -1
v -27.500000 7.897630 69.291077
v -17.500000 7.897630 69.291077
v -27.500000 7.948557 69.375000
f -3 -2 -1
v -17.500000 7.897630 69.291077
v -17.500000 7.948557 69.375000
v -27.500000 7.948557 69.375000
f -3 -2 -1
v -27.500000 7.948557 69.375000
v -17.500000 7.948557 69.375000
v -27.500000 7.995774 69.461060
f -3 -2 -1
v -17.500000 7.948557 69.375000
v -17.500000 7.995774 69.461060
v -27.500000 7.995774 69.461060
f -3 -2 -1
v -27.500000 7.995774 69.461060
v -17.500000 7.995774 69.461060
v -27.500000 8.039192 69.549103
f -3 -2 -1
v -17.500000 7.995774 69.461060
v -17.500000 8.039192 69.549103
v -27.500000 8.039192 69.549103
f -3 -2 -1
v -27.500000 8.039192 69.549103
v -17.500000 8.039192 69.549103
v -27.500000 8.078729 69.638962
f -3 -2 -1
v -17.500000 8.039192 69.549103
v -17.500000 8.078729 69.638962
v -27.500000 8.078729 69.638962
f -3 -2 -1
v -27.500000 8.078729 69.638962
v -17.500000 8.078729 69.638962
v -27.500000 8.114308 69.730453
f -3 -2 -1
v -17.500000 8.078729 69.638962
v -17.500000 8.114308 69.730453
v -27.500000 8.114308 69.730453
f -3 -2 -1
v -27.500000 8.114308 69.730453
v -17.500000 8.114308 69.730453
v -27.500000 8.145864 69.823418
f -3 -2 -1
v -17.500000 8.114308 69.730453
v -17.500000 8.145864 69.823418
v -27.500000 8.145864 69.823418
f -3 -2 -1
v -27.500000 8.145864 69.823418
v -17.500000 8.145864 69.823418
v -27.500000 8.173333 69.917656
f -3 -2 -1
v -17.500000 8.145864 69.823418
v -17.500000 8.173333 69.917656
v -27.500000 8.173333 69.917656
f -3 -2 -1
v -27.500000 8.173333 69.917656
v -17.500000 8.173333 69.917656
v -27.500000 8.196666 70.013008
f -3 -2 -1
v -17.500000 8.173333 69.917656
v -17.500000 8.196666 70.013008
v -27.500000 8.196666 70.013008
f -3 -2 -1
v -27.500000 8.196666 70.013008
v -17.500000 8.196666 70.013008
v -27.500000 8.215817 70.109291
f -3 -2 -1
v -17.500000 8.196666 70.013008
v -17.500000 8.215817 70.109291
v -27.500000 8.215817 70.109291
f -3 -2 -1
v -27.500000 8.215817 70.109291
v -17.500000 8.215817 70.109291
v -27.500000 8.230751 70.206314
f -3 -2 -1
v -17.500000 8.215817 70.109291
v -17.500000 8.230751 70.206314
v -27.500000 8.230751 70.206314
f -3 -2 -1
v -27.500000 8.230751 70.206314
v -17.500000 8.230751 70.206314
v -27.500000 8.241438 70.303902
f -3 -2 -1
v -17.500000 8.230751 70.206314
v -17.500000 8.241438 70.303902
v -27.500000 8.241438 70.303902
f -3 -2 -1
v -27.500000 8.241438 70.303902
v -17.500000 8.241438 70.303902
v -27.500000 8.247859 70.401855
f -3 -2 -1
v -17.500000 8.241438 70.303902
v -17.500000 8.247859 70.401855
v -27.500000 8.247859 70.401855
f -3 -2 -1
v -27.500000 8.247859 70.401855
v -17.500000 8.247859 70.401855
v -27.500000 8.250000 70.500000
f -3 -2 -1
v -17.500000 8.247859 70.401855
v -17.500000 8.250000 70.500000
v -27.500000 8.250000 70.500000
f -3 -2 -1
v -27.500000 8.250000 70.500000
v -17.500000 8.250000 70.500000
v -27.500000 8.247859 70.598137
f -3 -2 -1
v -17.500000 8.250000 70.500000
v -17.500000 8.247859 70.598137
v -27.500000 8.247859 70.598137
f -3 -2 -1
v -27.500000 8.247859 70.598137
v -17.500000 8.247859 70.598137
v -27.500000 8.241438 70.696098
f -3 -2 -1
v -17.500000 8.247859 70.598137
v -17.500000 8.241438 70.696098
v -27.500000 8.241438 70.696098
f -3 -2 -1
v -27.500000 8.241438 70.696098
v -17.500000 8.241438 70.696098
v -27.500000 8.230751 70.793678
f -3 -2 -1
v -17.500000 8.241438 70.696098
v -17.500000 8.230751 70.793678
v -27.500000 8.230751 70.793678
f -3 -2 -1
v -27.500000 8.230751 70.793678
v -17.500000 8.230751 70.793678
v -27.500000 8.215817 70.890709
f -3 -2 -1
v -17.500000 8.230751 70.793678
v -17.500000 8.215817 70.890709
v -27.500000 8.215817 70.890709
f -3 -2 -1
v -27.500000 8.215817 70.890709
v -17.500000 8.215817 70.890709
v -27.500000 8.196666 70.986984
f -3 -2 -1
v -17.500000 8.215817 70.890709
v -17.500000 8.196666 70.986984
v -27.500000 8.196666 70.986984
f -3 -2 -1
v -27.500000 8.196666 70.986984
v -17.500000 8.196666 70.986984
v -27.500000 8.173333 71.082344
f -3 -2 -1
v -17.500000 8.196666 70.986984
v -17.500000 8.173333 71.082344
v -27.500000 8.173333 71.082344
f -3 -2 -1
v -27.500000 8.173333 71.082344
v -17.500000 8.173333 71.082344
v -27.500000 8.145864 71.176590
f -3 -2 -1
v -17.500000 8.173333 71.082344
v -17.500000 8.145864 71.176590
v -27.500000 8.145864 71.176590
f -3 -2 -1
v -27.500000 8.145864 71.176590
v -17.500000 8.145864 71.176590
v -27.500000 8.114308 71.269539
f -3 -2 -1
v -17.500000 8.145864 71.176590
v -17.500000 8.114308 71.269539
v -27.500000 8.114308 71.269539
f -3 -2 -1
v -27.500000 8.114308 71.269539
v -17.500000 8.114308 71.269539
v -27.500000 8.078729 71.361038
f -3 -2 -1
v -17.500000 8.114308 71.269539
v -17.500000 8.078729 71.361038
v -27.500000 8.078729 71.361038
f -3 -2 -1
v -27.500000 8.078729 71.361038
v -17.500000 8.078729 71.361038
v -27.500000 8.039192 71.450890
f -3 -2 -1
v -17.500000 8.078729 71.361038
v -17.500000 8.039192 71.450890
v -27.500000 8.039192 71.450890
f -3 -2 -1
v -27.500000 8.039192 71.450890
v -17.500000 8.039192 71.450890
v -27.500000 7.995774 71.538933
f -3 -2 -1
v -17.500000 8.039192 71.450890
v -17.500000 7.995774 71.538933
v -27.500000 7.995774 71.538933
f -3 -2 -1
v -27.500000 7.995774 71.538933
v -17.500000 7.995774 71.538933
v -27.500000 7.948557 71.625000
f -3 -2 -1
v -17.500000 7.995774 71.538933
v -17.500000 7.948557 71.625000
v -27.500000 7.948557 71.625000
f -3 -2 -1
v -27.500000 7.948557 71.625000
v -17.500000 7.948557 71.625000
v -27.500000 7.897630 71.708923
f -3 -2 -1
v -17.500000 7.948557 71.625000
v -17.500000 7.897630 71.708923
v -27.500000 7.897630 71.708923
f -3 -2 -1
v -27.500000 7.897630 71.708923
v -17.500000 7.897630 71.708923
v -27.500000 7.843092 71.790543
f -3 -2 -1
v -17.500000 7.897630 71.708923
v -17.500000 7.843092 71.790543
v -27.500000 7.843092 71.790543
f -3 -2 -1
v -27.500000 7.843092 71.790543
v -17.500000 7.843092 71.790543
v -27.500000 7.785045 71.869713
f -3 -2 -1
v -17.500000 7.843092 71.790543
v -17.500000 7.785045 71.869713
v -27.500000 7.785045 71.869713
f -3 -2 -1
v -27.500000 7.785045 71.869713
v -17.500000 7.785045 71.869713
v -27.500000 7.723600 71.946274
f -3 -2 -1
v -17.500000 7.785045 71.869713
v -17.500000 7.723600 71.946274
v -27.500000 7.723600 71.946274
f -3 -2 -1
v -27.500000 7.723600 71.946274
v -17.500000 7.723600 71.946274
v -27.500000 7.658874 72.020073
f -3 -2 -1
v -17.500000 7.723600 71.946274
v -17.500000 7.658874 72.020073
v -27.500000 7.658874 72.020073
f -3 -2 -1
v -27.500000 7.658874 72.020073
v -17.500000 7.658874 72.020073
v -27.500000 7.590990 72.090988
f -3 -2 -1
v -17.500000 7.658874 72.020073
v -17.500000 7.590990 72.090988
v -27.500000 7.590990 72.090988
f -3 -2 -1
v -27.500000 7.590990 72.090988
v -17.500000 7.590990 72.090988
v -27.500000 7.520078 72.158875
f -3 -2 -1
v -17.500000 7.590990 72.090988
v -17.500000 7.520078 72.158875
v -27.500000 7.520078 72.158875
f -3 -2 -1
v -27.500000 7.520078 72.158875
v -17.500000 7.520078 72.158875
v -27.500000 7.446272 72.223595
f -3 -2 -1
v -17.500000 7.520078 72.158875
v -17.500000 7.446272 72.223595
v -27.500000 7.446272 72.223595
f -3 -2 -1
v -27.500000 7.446272 72.223595
v -17.500000 7.446272 72.223595
v -27.500000 7.369713 72.285049
f -3 -2 -1
v -17.500000 7.446272 72.223595
v -17.500000 7.369713 72.285049
v -27.500000 7.369713 72.285049
f -3 -2 -1
v -27.500000 7.369713 72.285049
v -17.500000 7.369713 72.285049
v -27.500000 7.290547 72.343086
f -3 -2 -1
v -17.500000 7.369713 72.285049
v -17.500000 7.290547 72.343086
v -27.500000 7.290547 72.343086
f -3 -2 -1
v -27.500000 7.290547 72.343086
v -17.500000 7.290547 72.343086
v -27.500000 7.208924 72.397636
f -3 -2 -1
v -17.500000 7.290547 72.343086
v -17.500000 7.208924 72.397636
v -27.500000 7.208924 72.397636
f -3 -2 -1
v -27.500000 7.208924 72.397636
v -17.500000 7.208924 72.397636
v -27.500000 7.125000 72.448563
f -3 -2 -1
v -17.500000 7.208924 72.397636
v -17.500000 7.125000 72.448563
v -27.500000 7.125000 72.448563
f -3 -2 -1
v -27.500000 7.125000 72.448563
v -17.500000 7.125000 72.448563
v -27.500000 7.038934 72.495773
f -3 -2 -1
v -17.500000 7.125000 72.448563
v -17.500000 7.038934 72.495773
v -27.500000 7.038934 72.495773
f -3 -2 -1
v -27.500000 7.038934 72.495773
v -17.500000 7.038934 72.495773
v -27.500000 6.950891 72.539192
f -3 -2 -1
v -17.500000 7.038934 72.495773
v -17.500000 6.950891 72.539192
v -27.500000 6.950891 72.539192
f -3 -2 -1
v -27.500000 6.950891 72.539192
v -17.500000 6.950891 72.539192
v -27.500000 6.861038 72.578728
f -3 -2 -1
v -17.500000 6.950891 72.539192
v -17.500000 6.861038 72.578728
v -27.500000 6.861038 72.578728
f -3 -2 -1
v -27.500000 6.861038 72.578728
v -17.500000 6.861038 72.578728
v -27.500000 6.769546 72.614304
f -3 -2 -1
v -17.500000 6.861038 72.578728
v -17.500000 6.769546 72.614304
v -27.500000 6.769546 72.614304
f -3 -2 -1
v -27.500000 6.769546 72.614304
v -17.500000 6.769546 72.614304
v -27.500000 6.676588 72.645866
f -3 -2 -1
v -17.500000 6.769546 72.614304
v -17.500000 6.676588 72.645866
v -27.500000 6.676588 72.645866
f -3 -2 -1
v -27.500000 6.676588 72.645866
v -17.500000 6.676588 72.645866
v -27.500000 6.582343 72.673332
f -3 -2 -1
v -17.500000 6.676588 72.645866
v -17.500000 6.582343 72.673332
v -27.500000 6.582343 72.673332
f -3 -2 -1
v -27.500000 6.582343 72.673332
v -17.500000 6.582343 72.673332
v -27.500000 6.486989 72.696663
f -3 -2 -1
v -17.500000 6.582343 72.673332
v -17.500000 6.486989 72.696663
v -27.500000 6.486989 72.696663
f -3 -2 -1
v -27.500000 6.486989 72.696663
v -17.500000 6.486989 72.696663
v -27.500000 6.390708 72.715820
f -3 -2 -1
v -17.500000 6.486989 72.696663
v -17.500000 6.390708 72.715820
v -27.500000 6.390708 72.715820
f -3 -2 -1
v -27.500000 6.390708 72.715820
v -17.500000 6.390708 72.715820
v -27.500000 6.293684 72.730751
f -3 -2 -1
v -17.500000 6.390708 72.715820
v -17.500000 6.293684 72.730751
v -27.500000 6.293684 72.730751
f -3 -2 -1
v -27.500000 6.293684 72.730751
v -17.500000 6.293684 72.730751
v -27.500000 6.196100 72.741440
f -3 -2 -1
v -17.500000 6.293684 72.730751
v -17.500000 6.196100 72.741440
v -27.500000 6.196100 72.741440
f -3 -2 -1
v -27.500000 6.196100 72.741440
v -17.500000 6.196100 72.741440
v -27.500000 6.098144 72.747856
f -3 -2 -1
v -17.500000 6.196100 72.741440
v -17.500000 6.098144 72.747856
v -27.500000 6.098144 72.747856
f -3 -2 -1
v -27.500000 6.098144 72.747856
v -17.500000 6.098144 72.747856
v -27.500000 6.000000 72.750000
f -3 -2 -1
v -17.500000 6.098144 72.747856
v -17.500000 6.000000 72.750000
v -27.500000 6.000000 72.750000
f -3 -2 -1
v -5.125847 -16.500000 84.801620
v -5.200000 -16.500000 84.799995
v -3.467949 -16.500000 83.500000
f -3 -2 -1
v -6.292739 -16.500000 85.197723
v -6.348503 -16.500000 85.246628
v -6.932051 -16.500000 83.500000
f -3 -2 -1
v -6.348503 -16.500000 85.246628
v -6.402081 -16.500000 85.297920
v -6.932051 -16.500000 83.500000
f -3 -2 -1
v -4.618566 -16.500000 84.902527
v -4.688800 -16.500000 84.878685
v -3.467949 -16.500000 83.500000
f -3 -2 -1
v -5.711200 -16.500000 84.878685
v -6.932051 -16.500000 83.500000
v -5.639992 -16.500000 84.857925
f -3 -2 -1
v -6.932051 -16.500000 83.500000
v -5.567947 -16.500000 84.840302
v -5.639992 -16.500000 84.857925
f -3 -2 -1
v -3.467949 -16.500000 83.500000
v -5.200000 -16.500000 84.799995
v -6.932051 -16.500000 83.500000
f -3 -2 -1
v -5.200000 -16.500000 84.799995
v -5.274153 -16.500000 84.801620
v -6.932051 -16.500000 83.500000
f -3 -2 -1
v -6.932051 -16.500000 83.500000
v -5.274153 -16.500000 84.801620
v -5.348165 -16.500000 84.806473
f -3 -2 -1
v -5.711200 -16.500000 84.878685
v -5.781435 -16.500000 84.902527
v -6.932051 -16.500000 83.500000
f -3 -2 -1
v -5.781435 -16.500000 84.902527
v -5.850562 -16.500000 84.929405
v -6.932051 -16.500000 83.500000
f -3 -2 -1
v -6.932051 -16.500000 83.500000
v -5.850562 -16.500000 84.929405
v -5.918451 -16.500000 84.959274
f -3 -2 -1
v -5.918451 -16.500000 84.959274
v -5.984972 -16.500000 84.992081
v -6.932051 -16.500000 83.500000
f -3 -2 -1
v -5.984972 -16.500000 84.992081
v -6.050000 -16.500000 85.027756
v -6.932051 -16.500000 83.500000
f -3 -2 -1
v -6.932051 -16.500000 83.500000
v -6.050000 -16.500000 85.027756
v -6.113410 -16.500000 85.066238
f -3 -2 -1
v -4.618566 -16.500000 84.902527
v -3.467949 -16.500000 83.500000
v -4.549438 -16.500000 84.929405
f -3 -2 -1
v -6.113410 -16.500000 85.066238
v -6.175080 -16.500000 85.107437
v -6.932051 -16.500000 83.500000
f -3 -2 -1
v -6.175080 -16.500000 85.107437
v -6.234894 -16.500000 85.151299
v -6.932051 -16.500000 83.500000
f -3 -2 -1
v -6.932051 -16.500000 83.500000
v -6.234894 -16.500000 85.151299
v -6.292739 -16.500000 85.197723
f -3 -2 -1
v -6.707918 -16.500000 87.284973
v -6.672243 -16.500000 87.350006
v -8.664102 -16.500000 86.500000
f -3 -2 -1
v -6.234894 -16.500000 87.848701
v -6.175080 -16.500000 87.892563
v -6.932051 -16.500000 89.500000
f -3 -2 -1
v -6.175080 -16.500000 87.892563
v -6.113410 -16.500000 87.933762
v -6.932051 -16.500000 89.500000
f -3 -2 -1
v -6.113410 -16.500000 87.933762
v -6.050000 -16.500000 87.972244
v -6.932051 -16.500000 89.500000
f -3 -2 -1
v -6.050000 -16.500000 87.972244
v -5.984972 -16.500000 88.007919
v -6.932051 -16.500000 89.500000
f -3 -2 -1
v -6.932051 -16.500000 89.500000
v -5.984972 -16.500000 88.007919
v -5.918451 -16.500000 88.040726
f -3 -2 -1
v -5.918451 -16.500000 88.040726
v -5.850562 -16.500000 88.070595
v -6.932051 -16.500000 89.500000
f -3 -2 -1
v -5.850562 -16.500000 88.070595
v -5.781435 -16.500000 88.097473
v -6.932051 -16.500000 89.500000
f -3 -2 -1
v -6.932051 -16.500000 89.500000
v -5.781435 -16.500000 88.097473
v -5.711200 -16.500000 88.121315
f -3 -2 -1
v -4.286591 -16.500000 85.066238
v -4.350000 -16.500000 85.027756
v -3.467949 -16.500000 83.500000
f -3 -2 -1
v -5.348165 -16.500000 84.806473
v -5.421895 -16.500000 84.814545
v -6.932051 -16.500000 83.500000
f -3 -2 -1
v -5.421895 -16.500000 84.814545
v -5.495202 -16.500000 84.825829
v -6.932051 -16.500000 83.500000
f -3 -2 -1
v -6.932051 -16.500000 83.500000
v -5.495202 -16.500000 84.825829
v -5.567947 -16.500000 84.840302
f -3 -2 -1
v -6.592559 -16.500000 87.475075
v -6.548701 -16.500000 87.534897
v -6.932051 -16.500000 89.500000
f -3 -2 -1
v -3.467949 -16.500000 89.500000
v -5.125847 -16.500000 88.198380
v -5.051836 -16.500000 88.193527
f -3 -2 -1
v -4.688800 -16.500000 88.121315
v -3.467949 -16.500000 89.500000
v -4.760008 -16.500000 88.142075
f -3 -2 -1
v -3.467949 -16.500000 89.500000
v -4.832053 -16.500000 88.159706
v -4.760008 -16.500000 88.142075
f -3 -2 -1
v -4.688800 -16.500000 88.121315
v -4.618566 -16.500000 88.097473
v -3.467949 -16.500000 89.500000
f -3 -2 -1
v -4.618566 -16.500000 88.097473
v -4.549438 -16.500000 88.070595
v -3.467949 -16.500000 89.500000
f -3 -2 -1
v -3.467949 -16.500000 89.500000
v -4.549438 -16.500000 88.070595
v -4.481549 -16.500000 88.040726
f -3 -2 -1
v -4.481549 -16.500000 88.040726
v -4.415027 -16.500000 88.007919
v -3.467949 -16.500000 89.500000
f -3 -2 -1
v -4.415027 -16.500000 88.007919
v -4.350000 -16.500000 87.972244
v -3.467949 -16.500000 89.500000
f -3 -2 -1
v -3.467949 -16.500000 89.500000
v -4.350000 -16.500000 87.972244
v -4.286591 -16.500000 87.933762
f -3 -2 -1
v -4.286591 -16.500000 87.933762
v -4.224920 -16.500000 87.892563
v -3.467949 -16.500000 89.500000
f -3 -2 -1
v -4.224920 -16.500000 87.892563
v -4.165105 -16.500000 87.848701
v -3.467949 -16.500000 89.500000
f -3 -2 -1
v -3.467949 -16.500000 89.500000
v -4.165105 -16.500000 87.848701
v -4.107261 -16.500000 87.802277
f -3 -2 -1
v -4.286591 -16.500000 85.066238
v -3.467949 -16.500000 83.500000
v -4.224920 -16.500000 85.107437
f -3 -2 -1
v -4.350000 -16.500000 85.027756
v -4.415027 -16.500000 84.992081
v -3.467949 -16.500000 83.500000
f -3 -2 -1
v -4.415027 -16.500000 84.992081
v -4.481549 -16.500000 84.959274
v -3.467949 -16.500000 83.500000
f -3 -2 -1
v -3.467949 -16.500000 83.500000
v -4.481549 -16.500000 84.959274
v -4.549438 -16.500000 84.929405
f -3 -2 -1
v -4.688800 -16.500000 84.878685
v -4.760008 -16.500000 84.857925
v -3.467949 -16.500000 83.500000
f -3 -2 -1
v -4.760008 -16.500000 84.857925
v -4.832053 -16.500000 84.840302
v -3.467949 -16.500000 83.500000
f -3 -2 -1
v -3.467949 -16.500000 83.500000
v -4.832053 -16.500000 84.840302
v -4.904798 -16.500000 84.825829
f -3 -2 -1
v -8.664102 -16.500000 86.500000
v -6.740723 -16.500000 85.781555
v -6.770595 -16.500000 85.849442
f -3 -2 -1
v -6.900000 -16.500000 86.500000
v -6.898382 -16.500000 86.574150
v -8.664102 -16.500000 86.500000
f -3 -2 -1
v -6.898382 -16.500000 86.574150
v -6.893531 -16.500000 86.648163
v -8.664102 -16.500000 86.500000
f -3 -2 -1
v -8.664102 -16.500000 86.500000
v -6.672243 -16.500000 87.350006
v -6.932051 -16.500000 89.500000
f -3 -2 -1
v -6.672243 -16.500000 87.350006
v -6.633766 -16.500000 87.413406
v -6.932051 -16.500000 89.500000
f -3 -2 -1
v -6.932051 -16.500000 89.500000
v -6.633766 -16.500000 87.413406
v -6.592559 -16.500000 87.475075
f -3 -2 -1
v -6.548701 -16.500000 87.534897
v -6.502275 -16.500000 87.592735
v -6.932051 -16.500000 89.500000
f -3 -2 -1
v -6.502275 -16.500000 87.592735
v -6.453372 -16.500000 87.648506
v -6.932051 -16.500000 89.500000
f -3 -2 -1
v -6.932051 -16.500000 89.500000
v -6.453372 -16.500000 87.648506
v -6.402081 -16.500000 87.702080
f -3 -2 -1
v -6.402081 -16.500000 87.702080
v -6.348503 -16.500000 87.753372
v -6.932051 -16.500000 89.500000
f -3 -2 -1
v -6.348503 -16.500000 87.753372
v -6.292739 -16.500000 87.802277
v -6.932051 -16.500000 89.500000
f -3 -2 -1
v -6.932051 -16.500000 89.500000
v -6.292739 -16.500000 87.802277
v -6.234894 -16.500000 87.848701
f -3 -2 -1
v -5.125847 -16.500000 88.198380
v -3.467949 -16.500000 89.500000
v -5.200000 -16.500000 88.200005
f -3 -2 -1
v -3.467949 -16.500000 89.500000
v -6.932051 -16.500000 89.500000
v -5.200000 -16.500000 88.200005
f -3 -2 -1
v -5.200000 -16.500000 88.200005
v -6.932051 -16.500000 89.500000
v -5.274153 -16.500000 88.198380
f -3 -2 -1
v -4.904798 -16.500000 84.825829
v -4.978106 -16.500000 84.814545
v -3.467949 -16.500000 83.500000
f -3 -2 -1
v -4.978106 -16.500000 84.814545
v -5.051836 -16.500000 84.806473
v -3.467949 -16.500000 83.500000
f -3 -2 -1
v -3.467949 -16.500000 83.500000
v -5.051836 -16.500000 84.806473
v -5.125847 -16.500000 84.801620
f -3 -2 -1
v -6.402081 -16.500000 85.297920
v -6.453372 -16.500000 85.351494
v -6.932051 -16.500000 83.500000
f -3 -2 -1
v -6.453372 -16.500000 85.351494
v -6.502275 -16.500000 85.407265
v -6.932051 -16.500000 83.500000
f -3 -2 -1
v -6.932051 -16.500000 83.500000
v -6.502275 -16.500000 85.407265
v -6.548701 -16.500000 85.465103
f -3 -2 -1
v -6.932051 -16.500000 83.500000
v -6.672243 -16.500000 85.649994
v -8.664102 -16.500000 86.500000
f -3 -2 -1
v -6.672243 -16.500000 85.649994
v -6.707918 -16.500000 85.715027
v -8.664102 -16.500000 86.500000
f -3 -2 -1
v -8.664102 -16.500000 86.500000
v -6.707918 -16.500000 85.715027
v -6.740723 -16.500000 85.781555
f -3 -2 -1
v -5.711200 -16.500000 88.121315
v -5.639992 -16.500000 88.142075
v -6.932051 -16.500000 89.500000
f -3 -2 -1
v -5.639992 -16.500000 88.142075
v -5.567947 -16.500000 88.159706
v -6.932051 -16.500000 89.500000
f -3 -2 -1
v -6.932051 -16.500000 89.500000
v -5.567947 -16.500000 88.159706
v -5.495202 -16.500000 88.174171
f -3 -2 -1
v -5.051836 -16.500000 88.193527
v -4.978106 -16.500000 88.185463
v -3.467949 -16.500000 89.500000
f -3 -2 -1
v -4.978106 -16.500000 88.185463
v -4.904798 -16.500000 88.174171
v -3.467949 -16.500000 89.500000
f -3 -2 -1
v -3.467949 -16.500000 89.500000
v -4.904798 -16.500000 88.174171
v -4.832053 -16.500000 88.159706
f -3 -2 -1
v -6.770595 -16.500000 85.849442
v -6.797478 -16.500000 85.918571
v -8.664102 -16.500000 86.500000
f -3 -2 -1
v -6.797478 -16.500000 85.918571
v -6.821319 -16.500000 85.988800
v -8.664102 -16.500000 86.500000
f -3 -2 -1
v -8.664102 -16.500000 86.500000
v -6.821319 -16.500000 85.988800
v -6.842074 -16.500000 86.060013
f -3 -2 -1
v -6.842074 -16.500000 86.060013
v -6.859703 -16.500000 86.132050
v -8.664102 -16.500000 86.500000
f -3 -2 -1
v -6.859703 -16.500000 86.132050
v -6.874173 -16.500000 86.204796
v -8.664102 -16.500000 86.500000
f -3 -2 -1
v -8.664102 -16.500000 86.500000
v -6.874173 -16.500000 86.204796
v -6.885457 -16.500000 86.278107
f -3 -2 -1
v -6.893531 -16.500000 86.648163
v -6.885457 -16.500000 86.721893
v -8.664102 -16.500000 86.500000
f -3 -2 -1
v -6.885457 -16.500000 86.721893
v -6.874173 -16.500000 86.795204
v -8.664102 -16.500000 86.500000
f -3 -2 -1
v -8.664102 -16.500000 86.500000
v -6.874173 -16.500000 86.795204
v -6.859703 -16.500000 86.867950
f -3 -2 -1
v -6.859703 -16.500000 86.867950
v -6.842074 -16.500000 86.939987
v -8.664102 -16.500000 86.500000
f -3 -2 -1
v -6.842074 -16.500000 86.939987
v -6.821319 -16.500000 87.011200
v -8.664102 -16.500000 86.500000
f -3 -2 -1
v -8.664102 -16.500000 86.500000
v -6.821319 -16.500000 87.011200
v -6.797478 -16.500000 87.081436
f -3 -2 -1
v -6.797478 -16.500000 87.081436
v -6.770595 -16.500000 87.150558
v -8.664102 -16.500000 86.500000
f -3 -2 -1
v -6.770595 -16.500000 87.150558
v -6.740723 -16.500000 87.218445
v -8.664102 -16.500000 86.500000
f -3 -2 -1
v -8.664102 -16.500000 86.500000
v -6.740723 -16.500000 87.218445
v -6.707918 -16.500000 87.284973
f -3 -2 -1
v -5.495202 -16.500000 88.174171
v -5.421895 -16.500000 88.185463
v -6.932051 -16.500000 89.500000
f -3 -2 -1
v -5.421895 -16.500000 88.185463
v -5.348165 -16.500000 88.193527
v -6.932051 -16.500000 89.500000
f -3 -2 -1
v -6.932051 -16.500000 89.500000
v -5.348165 -16.500000 88.193527
v -5.274153 -16.500000 88.198380
f -3 -2 -1
v -3.500000 -16.500000 86.500000
v -3.501618 -16.500000 86.425850
v -1.735898 -16.500000 86.500000
f -3 -2 -1
v -6.548701 -16.500000 85.465103
v -6.592559 -16.500000 85.524918
v -6.932051 -16.500000 83.500000
f -3 -2 -1
v -6.592559 -16.500000 85.524918
v -6.633766 -16.500000 85.586594
v -6.932051 -16.500000 83.500000
f -3 -2 -1
v -6.932051 -16.500000 83.500000
v -6.633766 -16.500000 85.586594
v -6.672243 -16.500000 85.649994
f -3 -2 -1
v -6.885457 -16.500000 86.278107
v -6.893531 -16.500000 86.351837
v -8.664102 -16.500000 86.500000
f -3 -2 -1
v -6.893531 -16.500000 86.351837
v -6.898382 -16.500000 86.425850
v -8.664102 -16.500000 86.500000
f -3 -2 -1
v -8.664102 -16.500000 86.500000
v -6.898382 -16.500000 86.425850
v -6.900000 -16.500000 86.500000
f -3 -2 -1
v -4.107261 -16.500000 87.802277
v -4.051497 -16.500000 87.753372
v -3.467949 -16.500000 89.500000
f -3 -2 -1
v -4.051497 -16.500000 87.753372
v -3.997919 -16.500000 87.702080
v -3.467949 -16.500000 89.500000
f -3 -2 -1
v -3.467949 -16.500000 89.500000
v -3.997919 -16.500000 87.702080
v -3.946628 -16.500000 87.648506
f -3 -2 -1
v -1.735898 -16.500000 86.500000
v -3.659277 -16.500000 87.218445
v -3.629405 -16.500000 87.150558
f -3 -2 -1
v -3.629405 -16.500000 87.150558
v -3.602523 -16.500000 87.081436
v -1.735898 -16.500000 86.500000
f -3 -2 -1
v -3.602523 -16.500000 87.081436
v -3.578681 -16.500000 87.011200
v -1.735898 -16.500000 86.500000
f -3 -2 -1
v -1.735898 -16.500000 86.500000
v -3.578681 -16.500000 87.011200
v -3.557926 -16.500000 86.939987
f -3 -2 -1
v -3.557926 -16.500000 86.939987
v -3.540297 -16.500000 86.867950
v -1.735898 -16.500000 86.500000
f -3 -2 -1
v -3.540297 -16.500000 86.867950
v -3.525827 -16.500000 86.795204
v -1.735898 -16.500000 86.500000
f -3 -2 -1
v -1.735898 -16.500000 86.500000
v -3.525827 -16.500000 86.795204
v -3.514544 -16.500000 86.721893
f -3 -2 -1
v -3.946628 -16.500000 85.351494
v -3.997919 -16.500000 85.297920
v -3.467949 -16.500000 83.500000
f -3 -2 -1
v -3.997919 -16.500000 85.297920
v -4.051497 -16.500000 85.246628
v -3.467949 -16.500000 83.500000
f -3 -2 -1
v -3.946628 -16.500000 87.648506
v -3.897724 -16.500000 87.592735
v -3.467949 -16.500000 89.500000
f -3 -2 -1
v -3.897724 -16.500000 87.592735
v -3.851300 -16.500000 87.534897
v -3.467949 -16.500000 89.500000
f -3 -2 -1
v -3.467949 -16.500000 89.500000
v -3.851300 -16.500000 87.534897
v -3.807441 -16.500000 87.475075
f -3 -2 -1
v -3.807441 -16.500000 87.475075
v -3.766234 -16.500000 87.413406
v -3.467949 -16.500000 89.500000
f -3 -2 -1
v -3.766234 -16.500000 87.413406
v -3.727757 -16.500000 87.350006
v -3.467949 -16.500000 89.500000
f -3 -2 -1
v -3.467949 -16.500000 89.500000
v -3.727757 -16.500000 87.350006
v -1.735898 -16.500000 86.500000
f -3 -2 -1
v -3.727757 -16.500000 87.350006
v -3.692082 -16.500000 87.284973
v -1.735898 -16.500000 86.500000
f -3 -2 -1
v -1.735898 -16.500000 86.500000
v -3.692082 -16.500000 87.284973
v -3.659277 -16.500000 87.218445
f -3 -2 -1
v -3.514544 -16.500000 86.721893
v -3.506469 -16.500000 86.648163
v -1.735898 -16.500000 86.500000
f -3 -2 -1
v -3.506469 -16.500000 86.648163
v -3.501618 -16.500000 86.574150
v -1.735898 -16.500000 86.500000
f -3 -2 -1
v -1.735898 -16.500000 86.500000
v -3.501618 -16.500000 86.574150
v -3.500000 -16.500000 86.500000
f -3 -2 -1
v -4.051497 -16.500000 85.246628
v -4.107261 -16.500000 85.197723
v -3.467949 -16.500000 83.500000
f -3 -2 -1
v -4.107261 -16.500000 85.197723
v -4.165105 -16.500000 85.151299
v -3.467949 -16.500000 83.500000
f -3 -2 -1
v -3.467949 -16.500000 83.500000
v -4.165105 -16.500000 85.151299
v -4.224920 -16.500000 85.107437
f -3 -2 -1
v -3.525827 -16.500000 86.204796
v -3.540297 -16.500000 86.132050
v -1.735898 -16.500000 86.500000
f -3 -2 -1
v -1.735898 -16.500000 86.500000
v -3.692082 -16.500000 85.715027
v -3.727757 -16.500000 85.649994
f -3 -2 -1
v -3.540297 -16.500000 86.132050
v -3.557926 -16.500000 86.060013
v -1.735898 -16.500000 86.500000
f -3 -2 -1
v -3.557926 -16.500000 86.060013
v -3.578681 -16.500000 85.988800
v -1.735898 -16.500000 86.500000
f -3 -2 -1
v -1.735898 -16.500000 86.500000
v -3.578681 -16.500000 85.988800
v -3.602523 -16.500000 85.918571
f -3 -2 -1
v -1.735898 -16.500000 86.500000
v -3.727757 -16.500000 85.649994
v -3.467949 -16.500000 83.500000
f -3 -2 -1
v -3.727757 -16.500000 85.649994
v -3.766234 -16.500000 85.586594
v -3.467949 -16.500000 83.500000
f -3 -2 -1
v -3.467949 -16.500000 83.500000
v -3.766234 -16.500000 85.586594
v -3.807441 -16.500000 85.524918
f -3 -2 -1
v -3.602523 -16.500000 85.918571
v -3.629405 -16.500000 85.849442
v -1.735898 -16.500000 86.500000
f -3 -2 -1
v -3.629405 -16.500000 85.849442
v -3.659277 -16.500000 85.781555
v -1.735898 -16.500000 86.500000
f -3 -2 -1
v -1.735898 -16.500000 86.500000
v -3.659277 -16.500000 85.781555
v -3.692082 -16.500000 85.715027
f -3 -2 -1
v -3.807441 -16.500000 85.524918
v -3.851300 -16.500000 85.465103
v -3.467949 -16.500000 83.500000
f -3 -2 -1
v -3.851300 -16.500000 85.465103
v -3.897724 -16.500000 85.407265
v -3.467949 -16.500000 83.500000
f -3 -2 -1
v -3.467949 -16.500000 83.500000
v -3.897724 -16.500000 85.407265
v -3.946628 -16.500000 85.351494
f -3 -2 -1
v -3.501618 -16.500000 86.425850
v -3.506469 -16.500000 86.351837
v -1.735898 -16.500000 86.500000
f -3 -2 -1
v -3.506469 -16.500000 86.351837
v -3.514544 -16.500000 86.278107
v -1.735898 -16.500000 86.500000
f -3 -2 -1
v -1.735898 -16.500000 86.500000
v -3.514544 -16.500000 86.278107
v -3.525827 -16.500000 86.204796
f -3 -2 -1
v -3.467949 -16.500000 89.500000
v -1.735898 -16.500000 86.500000
v -3.467949 -19.000000 89.500000
f -3 -2 -1
v -1.735898 -16.500000 86.500000
v -1.735898 -19.000000 86.500000
v -3.467949 -19.000000 89.500000
f -3 -2 -1
v -6.932051 -16.500000 89.500000
v -3.467949 -16.500000 89.500000
v -6.932051 -19.000000 89.500000
f -3 -2 -1
v -3.467949 -16.500000 89.500000
v -3.467949 -19.000000 89.500000
v -6.932051 -19.000000 89.500000
f -3 -2 -1
v -8.664102 -16.500000 86.500000
v -6.932051 -16.500000 89.500000
v -8.664102 -19.000000 86.500000
f -3 -2 -1
v -6.932051 -16.500000 89.500000
v -6.932051 -19.000000 89.500000
v -8.664102 -19.000000 86.500000
f -3 -2 -1
v -6.932051 -16.500000 83.500000
v -8.664102 -16.500000 86.500000
v -6.932051 -19.000000 83.500000
f -3 -2 -1
v -8.664102 -16.500000 86.500000
v -8.664102 -19.000000 86.500000
v -6.932051 -19.000000 83.500000
f -3 -2 -1
v -3.467949 -16.500000 83.500000
v -6.932051 -16.500000 83.500000
v -3.467949 -19.000000 83.500000
f -3 -2 -1
v -6.932051 -16.500000 83.500000
v -6.932051 -19.000000 83.500000
v -3.467949 -19.000000 83.500000
f -3 -2 -1
v -1.735898 -16.500000 86.500000
v -3.467949 -16.500000 83.500000
v -1.735898 -19.000000 86.500000
f -3 -2 -1
v -3.467949 -16.500000 83.500000
v -3.467949 -19.000000 83.500000
v -1.735898 -19.000000 86.500000
f -3 -2 -1
v -35.125847 -16.500000 84.801620
v -35.200001 -16.500000 84.799995
v -33.467949 -16.500000 83.500000
f -3 -2 -1
v -35.711201 -16.500000 84.878685
v -36.932053 -16.500000 83.500000
v -35.639996 -16.500000 84.857925
f -3 -2 -1
v -36.932053 -16.500000 83.500000
v -35.567947 -16.500000 84.840302
v -35.639996 -16.500000 84.857925
f -3 -2 -1
v -35.711201 -16.500000 84.878685
v -35.781437 -16.500000 84.902527
v -36.932053 -16.500000 83.500000
f -3 -2 -1
v -35.781437 -16.500000 84.902527
v -35.850563 -16.500000 84.929405
v -36.932053 -16.500000 83.500000
f -3 -2 -1
v -36.932053 -16.500000 83.500000
v -35.850563 -16.500000 84.929405
v -35.918453 -16.500000 84.959274
f -3 -2 -1
v -35.918453 -16.500000 84.959274
v -35.984974 -16.500000 84.992081
v -36.932053 -16.500000 83.500000
f -3 -2 -1
v -35.984974 -16.500000 84.992081
v -36.049999 -16.500000 85.027756
v -36.932053 -16.500000 83.500000
f -3 -2 -1
v -36.932053 -16.500000 83.500000
v -36.049999 -16.500000 85.027756
v -36.113411 -16.500000 85.066238
f -3 -2 -1
v -33.467949 -16.500000 83.500000
v -35.200001 -16.500000 84.799995
v -36.932053 -16.500000 83.500000
f -3 -2 -1
v -35.200001 -16.500000 84.799995
v -35.274151 -16.500000 84.801620
v -36.932053 -16.500000 83.500000
f -3 -2 -1
v -36.932053 -16.500000 83.500000
v -35.274151 -16.500000 84.801620
v -35.348167 -16.500000 84.806473
f -3 -2 -1
v -35.348167 -16.500000 84.806473
v -35.421894 -16.500000 84.814545
v -36.932053 -16.500000 83.500000
f -3 -2 -1
v -35.421894 -16.500000 84.814545
v -35.495201 -16.500000 84.825829
v -36.932053 -16.500000 83.500000
f -3 -2 -1
v -36.932053 -16.500000 83.500000
v -35.495201 -16.500000 84.825829
v -35.567947 -16.500000 84.840302
f -3 -2 -1
v -36.113411 -16.500000 85.066238
v -36.175079 -16.500000 85.107437
v -36.932053 -16.500000 83.500000
f -3 -2 -1
v -36.175079 -16.500000 85.107437
v -36.234894 -16.500000 85.151299
v -36.932053 -16.500000 83.500000
f -3 -2 -1
v -36.932053 -16.500000 83.500000
v -36.234894 -16.500000 85.151299
v -36.292740 -16.500000 85.197723
f -3 -2 -1
v -35.850563 -16.500000 88.070595
v -35.781437 -16.500000 88.097473
v -36.932053 -16.500000 89.500000
f -3 -2 -1
v -34.224918 -16.500000 85.107437
v -34.286591 -16.500000 85.066238
v -33.467949 -16.500000 83.500000
f -3 -2 -1
v -34.286591 -16.500000 85.066238
v -34.349998 -16.500000 85.027756
v -33.467949 -16.500000 83.500000
f -3 -2 -1
v -34.349998 -16.500000 85.027756
v -34.415028 -16.500000 84.992081
v -33.467949 -16.500000 83.500000
f -3 -2 -1
v -33.467949 -16.500000 83.500000
v -34.415028 -16.500000 84.992081
v -34.481548 -16.500000 84.959274
f -3 -2 -1
v -34.481548 -16.500000 84.959274
v -34.549438 -16.500000 84.929405
v -33.467949 -16.500000 83.500000
f -3 -2 -1
v -34.549438 -16.500000 84.929405
v -34.618565 -16.500000 84.902527
v -33.467949 -16.500000 83.500000
f -3 -2 -1
v -33.467949 -16.500000 83.500000
v -34.618565 -16.500000 84.902527
v -34.688801 -16.500000 84.878685
f -3 -2 -1
v -36.453369 -16.500000 87.648506
v -36.402081 -16.500000 87.702080
v -36.932053 -16.500000 89.500000
f -3 -2 -1
v -35.781437 -16.500000 88.097473
v -35.711201 -16.500000 88.121315
v -36.932053 -16.500000 89.500000
f -3 -2 -1
v -35.711201 -16.500000 88.121315
v -35.639996 -16.500000 88.142075
v -36.932053 -16.500000 89.500000
f -3 -2 -1
v -36.932053 -16.500000 89.500000
v -35.639996 -16.500000 88.142075
v -35.567947 -16.500000 88.159706
f -3 -2 -1
v -34.688801 -16.500000 88.121315
v -33.467949 -16.500000 89.500000
v -34.760006 -16.500000 88.142075
f -3 -2 -1
v -33.467949 -16.500000 89.500000
v -34.832054 -16.500000 88.159706
v -34.760006 -16.500000 88.142075
f -3 -2 -1
v -33.525829 -16.500000 86.204796
v -33.540298 -16.500000 86.132050
v -31.735897 -16.500000 86.500000
f -3 -2 -1
v -34.688801 -16.500000 84.878685
v -34.760006 -16.500000 84.857925
v -33.467949 -16.500000 83.500000
f -3 -2 -1
v -34.760006 -16.500000 84.857925
v -34.832054 -16.500000 84.840302
v -33.467949 -16.500000 83.500000
f -3 -2 -1
v -33.467949 -16.500000 83.500000
v -34.832054 -16.500000 84.840302
v -34.904797 -16.500000 84.825829
f -3 -2 -1
v -36.292740 -16.500000 85.197723
v -36.348503 -16.500000 85.246628
v -36.932053 -16.500000 83.500000
f -3 -2 -1
v -36.348503 -16.500000 85.246628
v -36.402081 -16.500000 85.297920
v -36.932053 -16.500000 83.500000
f -3 -2 -1
v -36.932053 -16.500000 83.500000
v -36.402081 -16.500000 85.297920
v -36.453369 -16.500000 85.351494
f -3 -2 -1
v -36.049999 -16.500000 87.972244
v -35.984974 -16.500000 88.007919
v -36.932053 -16.500000 89.500000
f -3 -2 -1
v -35.984974 -16.500000 88.007919
v -35.918453 -16.500000 88.040726
v -36.932053 -16.500000 89.500000
f -3 -2 -1
v -36.932053 -16.500000 89.500000
v -35.918453 -16.500000 88.040726
v -35.850563 -16.500000 88.070595
f -3 -2 -1
v -34.688801 -16.500000 88.121315
v -34.618565 -16.500000 88.097473
v -33.467949 -16.500000 89.500000
f -3 -2 -1
v -34.618565 -16.500000 88.097473
v -34.549438 -16.500000 88.070595
v -33.467949 -16.500000 89.500000
f -3 -2 -1
v -33.467949 -16.500000 89.500000
v -34.549438 -16.500000 88.070595
v -34.481548 -16.500000 88.040726
f -3 -2 -1
v -34.481548 -16.500000 88.040726
v -34.415028 -16.500000 88.007919
v -33.467949 -16.500000 89.500000
f -3 -2 -1
v -34.415028 -16.500000 88.007919
v -34.349998 -16.500000 87.972244
v -33.467949 -16.500000 89.500000
f -3 -2 -1
v -33.467949 -16.500000 89.500000
v -34.349998 -16.500000 87.972244
v -34.286591 -16.500000 87.933762
f -3 -2 -1
v -34.051498 -16.500000 85.246628
v -34.107262 -16.500000 85.197723
v -33.467949 -16.500000 83.500000
f -3 -2 -1
v -34.107262 -16.500000 85.197723
v -34.165108 -16.500000 85.151299
v -33.467949 -16.500000 83.500000
f -3 -2 -1
v -33.467949 -16.500000 83.500000
v -34.165108 -16.500000 85.151299
v -34.224918 -16.500000 85.107437
f -3 -2 -1
v -34.904797 -16.500000 84.825829
v -34.978107 -16.500000 84.814545
v -33.467949 -16.500000 83.500000
f -3 -2 -1
v -34.978107 -16.500000 84.814545
v -35.051834 -16.500000 84.806473
v -33.467949 -16.500000 83.500000
f -3 -2 -1
v -33.467949 -16.500000 83.500000
v -35.051834 -16.500000 84.806473
v -35.125847 -16.500000 84.801620
f -3 -2 -1
v -36.453369 -16.500000 85.351494
v -36.502277 -16.500000 85.407265
v -36.932053 -16.500000 83.500000
f -3 -2 -1
v -36.502277 -16.500000 85.407265
v -36.548698 -16.500000 85.465103
v -36.932053 -16.500000 83.500000
f -3 -2 -1
v -36.932053 -16.500000 83.500000
v -36.548698 -16.500000 85.465103
v -36.592560 -16.500000 85.524918
f -3 -2 -1
v -38.664101 -16.500000 86.500000
v -36.821320 -16.500000 85.988800
v -36.842075 -16.500000 86.060013
f -3 -2 -1
v -36.402081 -16.500000 87.702080
v -36.348503 -16.500000 87.753372
v -36.932053 -16.500000 89.500000
f -3 -2 -1
v -36.348503 -16.500000 87.753372
v -36.292740 -16.500000 87.802277
v -36.932053 -16.500000 89.500000
f -3 -2 -1
v -36.932053 -16.500000 89.500000
v -36.292740 -16.500000 87.802277
v -36.234894 -16.500000 87.848701
f -3 -2 -1
v -36.234894 -16.500000 87.848701
v -36.175079 -16.500000 87.892563
v -36.932053 -16.500000 89.500000
f -3 -2 -1
v -36.175079 -16.500000 87.892563
v -36.113411 -16.500000 87.933762
v -36.932053 -16.500000 89.500000
f -3 -2 -1
v -36.932053 -16.500000 89.500000
v -36.113411 -16.500000 87.933762
v -36.049999 -16.500000 87.972244
f -3 -2 -1
v -35.567947 -16.500000 88.159706
v -35.495201 -16.500000 88.174171
v -36.932053 -16.500000 89.500000
f -3 -2 -1
v -35.495201 -16.500000 88.174171
v -35.421894 -16.500000 88.185463
v -36.932053 -16.500000 89.500000
f -3 -2 -1
v -36.932053 -16.500000 89.500000
v -35.421894 -16.500000 88.185463
v -35.348167 -16.500000 88.193527
f -3 -2 -1
v -35.348167 -16.500000 88.193527
v -35.274151 -16.500000 88.198380
v -36.932053 -16.500000 89.500000
f -3 -2 -1
v -35.274151 -16.500000 88.198380
v -35.200001 -16.500000 88.200005
v -36.932053 -16.500000 89.500000
f -3 -2 -1
v -36.932053 -16.500000 89.500000
v -35.200001 -16.500000 88.200005
v -33.467949 -16.500000 89.500000
f -3 -2 -1
v -35.200001 -16.500000 88.200005
v -35.125847 -16.500000 88.198380
v -33.467949 -16.500000 89.500000
f -3 -2 -1
v -33.467949 -16.500000 89.500000
v -35.125847 -16.500000 88.198380
v -35.051834 -16.500000 88.193527
f -3 -2 -1
v -35.051834 -16.500000 88.193527
v -34.978107 -16.500000 88.185463
v -33.467949 -16.500000 89.500000
f -3 -2 -1
v -34.978107 -16.500000 88.185463
v -34.904797 -16.500000 88.174171
v -33.467949 -16.500000 89.500000
f -3 -2 -1
v -33.467949 -16.500000 89.500000
v -34.904797 -16.500000 88.174171
v -34.832054 -16.500000 88.159706
f -3 -2 -1
v -34.286591 -16.500000 87.933762
v -34.224918 -16.500000 87.892563
v -33.467949 -16.500000 89.500000
f -3 -2 -1
v -34.224918 -16.500000 87.892563
v -34.165108 -16.500000 87.848701
v -33.467949 -16.500000 89.500000
f -3 -2 -1
v -33.467949 -16.500000 89.500000
v -34.165108 -16.500000 87.848701
v -34.107262 -16.500000 87.802277
f -3 -2 -1
v -34.107262 -16.500000 87.802277
v -34.051498 -16.500000 87.753372
v -33.467949 -16.500000 89.500000
f -3 -2 -1
v -34.051498 -16.500000 87.753372
v -33.997921 -16.500000 87.702080
v -33.467949 -16.500000 89.500000
f -3 -2 -1
v -33.467949 -16.500000 89.500000
v -33.997921 -16.500000 87.702080
v -33.946629 -16.500000 87.648506
f -3 -2 -1
v -31.735897 -16.500000 86.500000
v -33.602520 -16.500000 85.918571
v -33.629406 -16.500000 85.849442
f -3 -2 -1
v -33.766235 -16.500000 85.586594
v -33.807442 -16.500000 85.524918
v -33.467949 -16.500000 83.500000
f -3 -2 -1
v -33.807442 -16.500000 85.524918
v -33.851299 -16.500000 85.465103
v -33.467949 -16.500000 83.500000
f -3 -2 -1
v -33.467949 -16.500000 83.500000
v -33.851299 -16.500000 85.465103
v -33.897724 -16.500000 85.407265
f -3 -2 -1
v -33.897724 -16.500000 85.407265
v -33.946629 -16.500000 85.351494
v -33.467949 -16.500000 83.500000
f -3 -2 -1
v -33.946629 -16.500000 85.351494
v -33.997921 -16.500000 85.297920
v -33.467949 -16.500000 83.500000
f -3 -2 -1
v -33.467949 -16.500000 83.500000
v -33.997921 -16.500000 85.297920
v -34.051498 -16.500000 85.246628
f -3 -2 -1
v -36.740723 -16.500000 85.781555
v -36.770592 -16.500000 85.849442
v -38.664101 -16.500000 86.500000
f -3 -2 -1
v -36.770592 -16.500000 85.849442
v -36.797478 -16.500000 85.918571
v -38.664101 -16.500000 86.500000
f -3 -2 -1
v -38.664101 -16.500000 86.500000
v -36.797478 -16.500000 85.918571
v -36.821320 -16.500000 85.988800
f -3 -2 -1
v -36.842075 -16.500000 86.060013
v -36.859703 -16.500000 86.132050
v -38.664101 -16.500000 86.500000
f -3 -2 -1
v -36.859703 -16.500000 86.132050
v -36.874172 -16.500000 86.204796
v -38.664101 -16.500000 86.500000
f -3 -2 -1
v -38.664101 -16.500000 86.500000
v -36.874172 -16.500000 86.204796
v -36.885456 -16.500000 86.278107
f -3 -2 -1
v -33.946629 -16.500000 87.648506
v -33.897724 -16.500000 87.592735
v -33.467949 -16.500000 89.500000
f -3 -2 -1
v -33.897724 -16.500000 87.592735
v -33.851299 -16.500000 87.534897
v -33.467949 -16.500000 89.500000
f -3 -2 -1
v -33.467949 -16.500000 89.500000
v -33.851299 -16.500000 87.534897
v -33.807442 -16.500000 87.475075
f -3 -2 -1
v -33.540298 -16.500000 86.132050
v -33.557926 -16.500000 86.060013
v -31.735897 -16.500000 86.500000
f -3 -2 -1
v -33.557926 -16.500000 86.060013
v -33.578682 -16.500000 85.988800
v -31.735897 -16.500000 86.500000
f -3 -2 -1
v -31.735897 -16.500000 86.500000
v -33.578682 -16.500000 85.988800
v -33.602520 -16.500000 85.918571
f -3 -2 -1
v -33.629406 -16.500000 85.849442
v -33.659275 -16.500000 85.781555
v -31.735897 -16.500000 86.500000
f -3 -2 -1
v -33.659275 -16.500000 85.781555
v -33.692081 -16.500000 85.715027
v -31.735897 -16.500000 86.500000
f -3 -2 -1
v -31.735897 -16.500000 86.500000
v -33.692081 -16.500000 85.715027
v -33.467949 -16.500000 83.500000
f -3 -2 -1
v -33.692081 -16.500000 85.715027
v -33.727757 -16.500000 85.649994
v -33.467949 -16.500000 83.500000
f -3 -2 -1
v -33.467949 -16.500000 83.500000
v -33.727757 -16.500000 85.649994
v -33.766235 -16.500000 85.586594
f -3 -2 -1
v -36.592560 -16.500000 85.524918
v -36.633766 -16.500000 85.586594
v -36.932053 -16.500000 83.500000
f -3 -2 -1
v -36.633766 -16.500000 85.586594
v -36.672241 -16.500000 85.649994
v -36.932053 -16.500000 83.500000
f -3 -2 -1
v -36.932053 -16.500000 83.500000
v -36.672241 -16.500000 85.649994
v -38.664101 -16.500000 86.500000
f -3 -2 -1
v -36.672241 -16.500000 85.649994
v -36.707920 -16.500000 85.715027
v -38.664101 -16.500000 86.500000
f -3 -2 -1
v -38.664101 -16.500000 86.500000
v -36.707920 -16.500000 85.715027
v -36.740723 -16.500000 85.781555
f -3 -2 -1
v -36.842075 -16.500000 86.939987
v -36.821320 -16.500000 87.011200
v -38.664101 -16.500000 86.500000
f -3 -2 -1
v -33.525829 -16.500000 86.795204
v -33.514545 -16.500000 86.721893
v -31.735897 -16.500000 86.500000
f -3 -2 -1
v -33.514545 -16.500000 86.721893
v -33.506470 -16.500000 86.648163
v -31.735897 -16.500000 86.500000
f -3 -2 -1
v -36.885456 -16.500000 86.278107
v -36.893532 -16.500000 86.351837
v -38.664101 -16.500000 86.500000
f -3 -2 -1
v -36.893532 -16.500000 86.351837
v -36.898380 -16.500000 86.425850
v -38.664101 -16.500000 86.500000
f -3 -2 -1
v -38.664101 -16.500000 86.500000
v -36.898380 -16.500000 86.425850
v -36.899998 -16.500000 86.500000
f -3 -2 -1
v -36.592560 -16.500000 87.475075
v -36.548698 -16.500000 87.534897
v -36.932053 -16.500000 89.500000
f -3 -2 -1
v -36.548698 -16.500000 87.534897
v -36.502277 -16.500000 87.592735
v -36.932053 -16.500000 89.500000
f -3 -2 -1
v -36.932053 -16.500000 89.500000
v -36.502277 -16.500000 87.592735
v -36.453369 -16.500000 87.648506
f -3 -2 -1
v -33.578682 -16.500000 87.011200
v -33.557926 -16.500000 86.939987
v -31.735897 -16.500000 86.500000
f -3 -2 -1
v -33.557926 -16.500000 86.939987
v -33.540298 -16.500000 86.867950
v -31.735897 -16.500000 86.500000
f -3 -2 -1
v -31.735897 -16.500000 86.500000
v -33.540298 -16.500000 86.867950
v -33.525829 -16.500000 86.795204
f -3 -2 -1
v -33.506470 -16.500000 86.648163
v -33.501617 -16.500000 86.574150
v -31.735897 -16.500000 86.500000
f -3 -2 -1
v -33.501617 -16.500000 86.574150
v -33.500000 -16.500000 86.500000
v -31.735897 -16.500000 86.500000
f -3 -2 -1
v -31.735897 -16.500000 86.500000
v -33.500000 -16.500000 86.500000
v -33.501617 -16.500000 86.425850
f -3 -2 -1
v -33.501617 -16.500000 86.425850
v -33.506470 -16.500000 86.351837
v -31.735897 -16.500000 86.500000
f -3 -2 -1
v -33.506470 -16.500000 86.351837
v -33.514545 -16.500000 86.278107
v -31.735897 -16.500000 86.500000
f -3 -2 -1
v -31.735897 -16.500000 86.500000
v -33.514545 -16.500000 86.278107
v -33.525829 -16.500000 86.204796
f -3 -2 -1
v -36.899998 -16.500000 86.500000
v -36.898380 -16.500000 86.574150
v -38.664101 -16.500000 86.500000
f -3 -2 -1
v -36.898380 -16.500000 86.574150
v -36.893532 -16.500000 86.648163
v -38.664101 -16.500000 86.500000
f -3 -2 -1
v -38.664101 -16.500000 86.500000
v -36.893532 -16.500000 86.648163
v -36.885456 -16.500000 86.721893
f -3 -2 -1
v -36.885456 -16.500000 86.721893
v -36.874172 -16.500000 86.795204
v -38.664101 -16.500000 86.500000
f -3 -2 -1
v -36.874172 -16.500000 86.795204
v -36.859703 -16.500000 86.867950
v -38.664101 -16.500000 86.500000
f -3 -2 -1
v -38.664101 -16.500000 86.500000
v -36.859703 -16.500000 86.867950
v -36.842075 -16.500000 86.939987
f -3 -2 -1
v -36.821320 -16.500000 87.011200
v -36.797478 -16.500000 87.081436
v -38.664101 -16.500000 86.500000
f -3 -2 -1
v -36.797478 -16.500000 87.081436
v -36.770592 -16.500000 87.150558
v -38.664101 -16.500000 86.500000
f -3 -2 -1
v -38.664101 -16.500000 86.500000
v -36.770592 -16.500000 87.150558
v -36.740723 -16.500000 87.218445
f -3 -2 -1
v -33.807442 -16.500000 87.475075
v -33.766235 -16.500000 87.413406
v -33.467949 -16.500000 89.500000
f -3 -2 -1
v -33.766235 -16.500000 87.413406
v -33.727757 -16.500000 87.350006
v -33.467949 -16.500000 89.500000
f -3 -2 -1
v -33.467949 -16.500000 89.500000
v -33.727757 -16.500000 87.350006
v -31.735897 -16.500000 86.500000
f -3 -2 -1
v -33.727757 -16.500000 87.350006
v -33.692081 -16.500000 87.284973
v -31.735897 -16.500000 86.500000
f -3 -2 -1
v -31.735897 -16.500000 86.500000
v -33.692081 -16.500000 87.284973
v -33.659275 -16.500000 87.218445
f -3 -2 -1
v -33.659275 -16.500000 87.218445
v -33.629406 -16.500000 87.150558
v -31.735897 -16.500000 86.500000
f -3 -2 -1
v -33.629406 -16.500000 87.150558
v -33.602520 -16.500000 87.081436
v -31.735897 -16.500000 86.500000
f -3 -2 -1
v -31.735897 -16.500000 86.500000
v -33.602520 -16.500000 87.081436
v -33.578682 -16.500000 87.011200
f -3 -2 -1
v -36.740723 -16.500000 87.218445
v -36.707920 -16.500000 87.284973
v -38.664101 -16.500000 86.500000
f -3 -2 -1
v -36.707920 -16.500000 87.284973
v -36.672241 -16.500000 87.350006
v -38.664101 -16.500000 86.500000
f -3 -2 -1
v -38.664101 -16.500000 86.500000
v -36.672241 -16.500000 87.350006
v -36.932053 -16.500000 89.500000
f -3 -2 -1
v -36.672241 -16.500000 87.350006
v -36.633766 -16.500000 87.413406
v -36.932053 -16.500000 89.500000
f -3 -2 -1
v -36.932053 -16.500000 89.500000
v -36.633766 -16.500000 87.413406
v -36.592560 -16.500000 87.475075
f -3 -2 -1
v -33.467949 -16.500000 89.500000
v -31.735897 -16.500000 86.500000
v -33.467949 -19.000000 89.500000
f -3 -2 -1
v -31.735897 -16.500000 86.500000
v -31.735897 -19.000000 86.500000
v -33.467949 -19.000000 89.500000
f -3 -2 -1
v -36.932053 -16.500000 89.500000
v -33.467949 -16.500000 89.500000
v -36.932053 -19.000000 89.500000
f -3 -2 -1
v -33.467949 -16.500000 89.500000
v -33.467949 -19.000000 89.500000
v -36.932053 -19.000000 89.500000
f -3 -2 -1
v -38.664101 -16.500000 86.500000
v -36.932053 -16.500000 89.500000
v -38.664101 -19.000000 86.500000
f -3 -2 -1
v -36.932053 -16.500000 89.500000
v -36.932053 -19.000000 89.500000
v -38.664101 -19.000000 86.500000
f -3 -2 -1
v -36.932053 -16.500000 83.500000
v -38.664101 -16.500000 86.500000
v -36.932053 -19.000000 83.500000
f -3 -2 -1
v -38.664101 -16.500000 86.500000
v -38.664101 -19.000000 86.500000
v -36.932053 -19.000000 83.500000
f -3 -2 -1
v -33.467949 -16.500000 83.500000
v -36.932053 -16.500000 83.500000
v -33.467949 -19.000000 83.500000
f -3 -2 -1
v -36.932053 -16.500000 83.500000
v -36.932053 -19.000000 83.500000
v -33.467949 -19.000000 83.500000
f -3 -2 -1
v -31.735897 -16.500000 86.500000
v -33.467949 -16.500000 83.500000
v -31.735897 -19.000000 86.500000
f -3 -2 -1
v -33.467949 -16.500000 83.500000
v -33.467949 -19.000000 83.500000
v -31.735897 -19.000000 86.500000
f -3 -2 -1
v -35.781437 -16.500000 123.097481
v -35.711201 -16.500000 123.121323
v -36.932053 -16.500000 124.500000
f -3 -2 -1
v -36.932053 -16.500000 118.500000
v -35.274151 -16.500000 119.801620
v -35.348167 -16.500000 119.806465
f -3 -2 -1
v -35.711201 -16.500000 119.878677
v -36.932053 -16.500000 118.500000
v -35.639996 -16.500000 119.857933
f -3 -2 -1
v -36.932053 -16.500000 118.500000
v -35.567947 -16.500000 119.840294
v -35.639996 -16.500000 119.857933
f -3 -2 -1
v -35.711201 -16.500000 119.878677
v -35.781437 -16.500000 119.902519
v -36.932053 -16.500000 118.500000
f -3 -2 -1
v -35.781437 -16.500000 119.902519
v -35.850563 -16.500000 119.929405
v -36.932053 -16.500000 118.500000
f -3 -2 -1
v -36.932053 -16.500000 118.500000
v -35.850563 -16.500000 119.929405
v -35.918453 -16.500000 119.959282
f -3 -2 -1
v -35.918453 -16.500000 119.959282
v -35.984974 -16.500000 119.992088
v -36.932053 -16.500000 118.500000
f -3 -2 -1
v -35.984974 -16.500000 119.992088
v -36.049999 -16.500000 120.027756
v -36.932053 -16.500000 118.500000
f -3 -2 -1
v -36.932053 -16.500000 118.500000
v -36.049999 -16.500000 120.027756
v -36.113411 -16.500000 120.066231
f -3 -2 -1
v -35.781437 -16.500000 123.097481
v -36.932053 -16.500000 124.500000
v -35.850563 -16.500000 123.070595
f -3 -2 -1
v -36.113411 -16.500000 120.066231
v -36.175079 -16.500000 120.107445
v -36.932053 -16.500000 118.500000
f -3 -2 -1
v -36.175079 -16.500000 120.107445
v -36.234894 -16.500000 120.151299
v -36.932053 -16.500000 118.500000
f -3 -2 -1
v -36.932053 -16.500000 118.500000
v -36.234894 -16.500000 120.151299
v -36.292740 -16.500000 120.197723
f -3 -2 -1
v -34.224918 -16.500000 120.107445
v -34.286591 -16.500000 120.066231
v -33.467949 -16.500000 118.500000
f -3 -2 -1
v -34.286591 -16.500000 120.066231
v -34.349998 -16.500000 120.027756
v -33.467949 -16.500000 118.500000
f -3 -2 -1
v -34.349998 -16.500000 120.027756
v -34.415028 -16.500000 119.992088
v -33.467949 -16.500000 118.500000
f -3 -2 -1
v -33.467949 -16.500000 118.500000
v -34.415028 -16.500000 119.992088
v -34.481548 -16.500000 119.959282
f -3 -2 -1
v -34.481548 -16.500000 119.959282
v -34.549438 -16.500000 119.929405
v -33.467949 -16.500000 118.500000
f -3 -2 -1
v -34.549438 -16.500000 119.929405
v -34.618565 -16.500000 119.902519
v -33.467949 -16.500000 118.500000
f -3 -2 -1
v -33.467949 -16.500000 118.500000
v -34.618565 -16.500000 119.902519
v -34.688801 -16.500000 119.878677
f -3 -2 -1
v -33.467949 -16.500000 118.500000
v -35.125847 -16.500000 119.801620
v -36.932053 -16.500000 118.500000
f -3 -2 -1
v -35.125847 -16.500000 119.801620
v -35.200001 -16.500000 119.800003
v -36.932053 -16.500000 118.500000
f -3 -2 -1
v -36.932053 -16.500000 118.500000
v -35.200001 -16.500000 119.800003
v -35.274151 -16.500000 119.801620
f -3 -2 -1
v -35.348167 -16.500000 119.806465
v -35.421894 -16.500000 119.814545
v -36.932053 -16.500000 118.500000
f -3 -2 -1
v -35.421894 -16.500000 119.814545
v -35.495201 -16.500000 119.825829
v -36.932053 -16.500000 118.500000
f -3 -2 -1
v -36.932053 -16.500000 118.500000
v -35.495201 -16.500000 119.825829
v -35.567947 -16.500000 119.840294
f -3 -2 -1
v -36.453369 -16.500000 122.648499
v -36.402081 -16.500000 122.702087
v -36.932053 -16.500000 124.500000
f -3 -2 -1
v -33.525829 -16.500000 121.204803
v -33.540298 -16.500000 121.132057
v -31.735897 -16.500000 121.500000
f -3 -2 -1
v -36.292740 -16.500000 120.197723
v -36.348503 -16.500000 120.246628
v -36.932053 -16.500000 118.500000
f -3 -2 -1
v -36.348503 -16.500000 120.246628
v -36.402081 -16.500000 120.297913
v -36.932053 -16.500000 118.500000
f -3 -2 -1
v -36.932053 -16.500000 118.500000
v -36.402081 -16.500000 120.297913
v -36.453369 -16.500000 120.351494
f -3 -2 -1
v -36.049999 -16.500000 122.972244
v -35.984974 -16.500000 123.007919
v -36.932053 -16.500000 124.500000
f -3 -2 -1
v -35.984974 -16.500000 123.007919
v -35.918453 -16.500000 123.040718
v -36.932053 -16.500000 124.500000
f -3 -2 -1
v -36.932053 -16.500000 124.500000
v -35.918453 -16.500000 123.040718
v -35.850563 -16.500000 123.070595
f -3 -2 -1
v -33.467949 -16.500000 124.500000
v -36.932053 -16.500000 124.500000
v -35.274151 -16.500000 123.198380
f -3 -2 -1
v -34.481548 -16.500000 123.040718
v -33.467949 -16.500000 124.500000
v -34.549438 -16.500000 123.070595
f -3 -2 -1
v -33.467949 -16.500000 124.500000
v -34.618565 -16.500000 123.097481
v -34.549438 -16.500000 123.070595
f -3 -2 -1
v -34.481548 -16.500000 123.040718
v -34.415028 -16.500000 123.007919
v -33.467949 -16.500000 124.500000
f -3 -2 -1
v -34.415028 -16.500000 123.007919
v -34.349998 -16.500000 122.972244
v -33.467949 -16.500000 124.500000
f -3 -2 -1
v -33.467949 -16.500000 124.500000
v -34.349998 -16.500000 122.972244
v -34.286591 -16.500000 122.933769
f -3 -2 -1
v -34.051498 -16.500000 120.246628
v -34.107262 -16.500000 120.197723
v -33.467949 -16.500000 118.500000
f -3 -2 -1
v -34.107262 -16.500000 120.197723
v -34.165108 -16.500000 120.151299
v -33.467949 -16.500000 118.500000
f -3 -2 -1
v -33.467949 -16.500000 118.500000
v -34.165108 -16.500000 120.151299
v -34.224918 -16.500000 120.107445
f -3 -2 -1
v -34.688801 -16.500000 119.878677
v -34.760006 -16.500000 119.857933
v -33.467949 -16.500000 118.500000
f -3 -2 -1
v -34.760006 -16.500000 119.857933
v -34.832054 -16.500000 119.840294
v -33.467949 -16.500000 118.500000
f -3 -2 -1
v -33.467949 -16.500000 118.500000
v -34.832054 -16.500000 119.840294
v -34.904797 -16.500000 119.825829
f -3 -2 -1
v -36.453369 -16.500000 120.351494
v -36.502277 -16.500000 120.407265
v -36.932053 -16.500000 118.500000
f -3 -2 -1
v -36.502277 -16.500000 120.407265
v -36.548698 -16.500000 120.465111
v -36.932053 -16.500000 118.500000
f -3 -2 -1
v -36.932053 -16.500000 118.500000
v -36.548698 -16.500000 120.465111
v -36.592560 -16.500000 120.524918
f -3 -2 -1
v -38.664101 -16.500000 121.500000
v -36.821320 -16.500000 120.988800
v -36.842075 -16.500000 121.060005
f -3 -2 -1
v -36.402081 -16.500000 122.702087
v -36.348503 -16.500000 122.753372
v -36.932053 -16.500000 124.500000
f -3 -2 -1
v -36.348503 -16.500000 122.753372
v -36.292740 -16.500000 122.802269
v -36.932053 -16.500000 124.500000
f -3 -2 -1
v -36.932053 -16.500000 124.500000
v -36.292740 -16.500000 122.802269
v -36.234894 -16.500000 122.848694
f -3 -2 -1
v -36.234894 -16.500000 122.848694
v -36.175079 -16.500000 122.892555
v -36.932053 -16.500000 124.500000
f -3 -2 -1
v -36.175079 -16.500000 122.892555
v -36.113411 -16.500000 122.933769
v -36.932053 -16.500000 124.500000
f -3 -2 -1
v -36.932053 -16.500000 124.500000
v -36.113411 -16.500000 122.933769
v -36.049999 -16.500000 122.972244
f -3 -2 -1
v -35.711201 -16.500000 123.121323
v -35.639996 -16.500000 123.142075
v -36.932053 -16.500000 124.500000
f -3 -2 -1
v -35.639996 -16.500000 123.142075
v -35.567947 -16.500000 123.159706
v -36.932053 -16.500000 124.500000
f -3 -2 -1
v -36.932053 -16.500000 124.500000
v -35.567947 -16.500000 123.159706
v -35.495201 -16.500000 123.174179
f -3 -2 -1
v -35.274151 -16.500000 123.198380
v -35.200001 -16.500000 123.199997
v -33.467949 -16.500000 124.500000
f -3 -2 -1
v -35.200001 -16.500000 123.199997
v -35.125847 -16.500000 123.198380
v -33.467949 -16.500000 124.500000
f -3 -2 -1
v -33.467949 -16.500000 124.500000
v -35.125847 -16.500000 123.198380
v -35.051834 -16.500000 123.193535
f -3 -2 -1
v -34.832054 -16.500000 123.159706
v -34.760006 -16.500000 123.142075
v -33.467949 -16.500000 124.500000
f -3 -2 -1
v -34.760006 -16.500000 123.142075
v -34.688801 -16.500000 123.121323
v -33.467949 -16.500000 124.500000
f -3 -2 -1
v -33.467949 -16.500000 124.500000
v -34.688801 -16.500000 123.121323
v -34.618565 -16.500000 123.097481
f -3 -2 -1
v -34.286591 -16.500000 122.933769
v -34.224918 -16.500000 122.892555
v -33.467949 -16.500000 124.500000
f -3 -2 -1
v -34.224918 -16.500000 122.892555
v -34.165108 -16.500000 122.848694
v -33.467949 -16.500000 124.500000
f -3 -2 -1
v -33.467949 -16.500000 124.500000
v -34.165108 -16.500000 122.848694
v -34.107262 -16.500000 122.802269
f -3 -2 -1
v -34.107262 -16.500000 122.802269
v -34.051498 -16.500000 122.753372
v -33.467949 -16.500000 124.500000
f -3 -2 -1
v -34.051498 -16.500000 122.753372
v -33.997921 -16.500000 122.702087
v -33.467949 -16.500000 124.500000
f -3 -2 -1
v -33.467949 -16.500000 124.500000
v -33.997921 -16.500000 122.702087
v -33.946629 -16.500000 122.648499
f -3 -2 -1
v -31.735897 -16.500000 121.500000
v -33.602520 -16.500000 120.918564
v -33.629406 -16.500000 120.849442
f -3 -2 -1
v -33.766235 -16.500000 120.586586
v -33.807442 -16.500000 120.524918
v -33.467949 -16.500000 118.500000
f -3 -2 -1
v -33.807442 -16.500000 120.524918
v -33.851299 -16.500000 120.465111
v -33.467949 -16.500000 118.500000
f -3 -2 -1
v -33.467949 -16.500000 118.500000
v -33.851299 -16.500000 120.465111
v -33.897724 -16.500000 120.407265
f -3 -2 -1
v -33.897724 -16.500000 120.407265
v -33.946629 -16.500000 120.351494
v -33.467949 -16.500000 118.500000
f -3 -2 -1
v -33.946629 -16.500000 120.351494
v -33.997921 -16.500000 120.297913
v -33.467949 -16.500000 118.500000
f -3 -2 -1
v -33.467949 -16.500000 118.500000
v -33.997921 -16.500000 120.297913
v -34.051498 -16.500000 120.246628
f -3 -2 -1
v -34.904797 -16.500000 119.825829
v -34.978107 -16.500000 119.814545
v -33.467949 -16.500000 118.500000
f -3 -2 -1
v -34.978107 -16.500000 119.814545
v -35.051834 -16.500000 119.806465
v -33.467949 -16.500000 118.500000
f -3 -2 -1
v -33.467949 -16.500000 118.500000
v -35.051834 -16.500000 119.806465
v -35.125847 -16.500000 119.801620
f -3 -2 -1
v -36.740723 -16.500000 120.781548
v -36.770592 -16.500000 120.849442
v -38.664101 -16.500000 121.500000
f -3 -2 -1
v -36.770592 -16.500000 120.849442
v -36.797478 -16.500000 120.918564
v -38.664101 -16.500000 121.500000
f -3 -2 -1
v -38.664101 -16.500000 121.500000
v -36.797478 -16.500000 120.918564
v -36.821320 -16.500000 120.988800
f -3 -2 -1
v -36.842075 -16.500000 121.060005
v -36.859703 -16.500000 121.132057
v -38.664101 -16.500000 121.500000
f -3 -2 -1
v -36.859703 -16.500000 121.132057
v -36.874172 -16.500000 121.204803
v -38.664101 -16.500000 121.500000
f -3 -2 -1
v -38.664101 -16.500000 121.500000
v -36.874172 -16.500000 121.204803
v -36.885456 -16.500000 121.278107
f -3 -2 -1
v -35.495201 -16.500000 123.174179
v -35.421894 -16.500000 123.185455
v -36.932053 -16.500000 124.500000
f -3 -2 -1
v -35.421894 -16.500000 123.185455
v -35.348167 -16.500000 123.193535
v -36.932053 -16.500000 124.500000
f -3 -2 -1
v -36.932053 -16.500000 124.500000
v -35.348167 -16.500000 123.193535
v -35.274151 -16.500000 123.198380
f -3 -2 -1
v -33.946629 -16.500000 122.648499
v -33.897724 -16.500000 122.592743
v -33.467949 -16.500000 124.500000
f -3 -2 -1
v -33.897724 -16.500000 122.592743
v -33.851299 -16.500000 122.534897
v -33.467949 -16.500000 124.500000
f -3 -2 -1
v -33.467949 -16.500000 124.500000
v -33.851299 -16.500000 122.534897
v -33.807442 -16.500000 122.475082
f -3 -2 -1
v -33.540298 -16.500000 121.132057
v -33.557926 -16.500000 121.060005
v -31.735897 -16.500000 121.500000
f -3 -2 -1
v -33.557926 -16.500000 121.060005
v -33.578682 -16.500000 120.988800
v -31.735897 -16.500000 121.500000
f -3 -2 -1
v -31.735897 -16.500000 121.500000
v -33.578682 -16.500000 120.988800
v -33.602520 -16.500000 120.918564
f -3 -2 -1
v -33.629406 -16.500000 120.849442
v -33.659275 -16.500000 120.781548
v -31.735897 -16.500000 121.500000
f -3 -2 -1
v -33.659275 -16.500000 120.781548
v -33.692081 -16.500000 120.715027
v -31.735897 -16.500000 121.500000
f -3 -2 -1
v -31.735897 -16.500000 121.500000
v -33.692081 -16.500000 120.715027
v -33.467949 -16.500000 118.500000
f -3 -2 -1
v -33.692081 -16.500000 120.715027
v -33.727757 -16.500000 120.650002
v -33.467949 -16.500000 118.500000
f -3 -2 -1
v -33.467949 -16.500000 118.500000
v -33.727757 -16.500000 120.650002
v -33.766235 -16.500000 120.586586
f -3 -2 -1
v -36.592560 -16.500000 120.524918
v -36.633766 -16.500000 120.586586
v -36.932053 -16.500000 118.500000
f -3 -2 -1
v -36.633766 -16.500000 120.586586
v -36.672241 -16.500000 120.650002
v -36.932053 -16.500000 118.500000
f -3 -2 -1
v -36.932053 -16.500000 118.500000
v -36.672241 -16.500000 120.650002
v -38.664101 -16.500000 121.500000
f -3 -2 -1
v -36.672241 -16.500000 120.650002
v -36.707920 -16.500000 120.715027
v -38.664101 -16.500000 121.500000
f -3 -2 -1
v -38.664101 -16.500000 121.500000
v -36.707920 -16.500000 120.715027
v -36.740723 -16.500000 120.781548
f -3 -2 -1
v -36.633766 -16.500000 122.413414
v -36.592560 -16.500000 122.475082
v -36.932053 -16.500000 124.500000
f -3 -2 -1
v -35.051834 -16.500000 123.193535
v -34.978107 -16.500000 123.185455
v -33.467949 -16.500000 124.500000
f -3 -2 -1
v -34.978107 -16.500000 123.185455
v -34.904797 -16.500000 123.174179
v -33.467949 -16.500000 124.500000
f -3 -2 -1
v -33.467949 -16.500000 124.500000
v -34.904797 -16.500000 123.174179
v -34.832054 -16.500000 123.159706
f -3 -2 -1
v -33.525829 -16.500000 121.795197
v -33.514545 -16.500000 121.721893
v -31.735897 -16.500000 121.500000
f -3 -2 -1
v -33.514545 -16.500000 121.721893
v -33.506470 -16.500000 121.648163
v -31.735897 -16.500000 121.500000
f -3 -2 -1
v -36.885456 -16.500000 121.278107
v -36.893532 -16.500000 121.351837
v -38.664101 -16.500000 121.500000
f -3 -2 -1
v -36.893532 -16.500000 121.351837
v -36.898380 -16.500000 121.425842
v -38.664101 -16.500000 121.500000
f -3 -2 -1
v -38.664101 -16.500000 121.500000
v -36.898380 -16.500000 121.425842
v -36.899998 -16.500000 121.500000
f -3 -2 -1
v -36.592560 -16.500000 122.475082
v -36.548698 -16.500000 122.534897
v -36.932053 -16.500000 124.500000
f -3 -2 -1
v -36.548698 -16.500000 122.534897
v -36.502277 -16.500000 122.592743
v -36.932053 -16.500000 124.500000
f -3 -2 -1
v -36.932053 -16.500000 124.500000
v -36.502277 -16.500000 122.592743
v -36.453369 -16.500000 122.648499
f -3 -2 -1
v -33.578682 -16.500000 122.011200
v -33.557926 -16.500000 121.939995
v -31.735897 -16.500000 121.500000
f -3 -2 -1
v -33.557926 -16.500000 121.939995
v -33.540298 -16.500000 121.867950
v -31.735897 -16.500000 121.500000
f -3 -2 -1
v -31.735897 -16.500000 121.500000
v -33.540298 -16.500000 121.867950
v -33.525829 -16.500000 121.795197
f -3 -2 -1
v -33.506470 -16.500000 121.648163
v -33.501617 -16.500000 121.574158
v -31.735897 -16.500000 121.500000
f -3 -2 -1
v -33.501617 -16.500000 121.574158
v -33.500000 -16.500000 121.500000
v -31.735897 -16.500000 121.500000
f -3 -2 -1
v -31.735897 -16.500000 121.500000
v -33.500000 -16.500000 121.500000
v -33.501617 -16.500000 121.425842
f -3 -2 -1
v -33.501617 -16.500000 121.425842
v -33.506470 -16.500000 121.351837
v -31.735897 -16.500000 121.500000
f -3 -2 -1
v -33.506470 -16.500000 121.351837
v -33.514545 -16.500000 121.278107
v -31.735897 -16.500000 121.500000
f -3 -2 -1
v -31.735897 -16.500000 121.500000
v -33.514545 -16.500000 121.278107
v -33.525829 -16.500000 121.204803
f -3 -2 -1
v -36.899998 -16.500000 121.500000
v -36.898380 -16.500000 121.574158
v -38.664101 -16.500000 121.500000
f -3 -2 -1
v -36.898380 -16.500000 121.574158
v -36.893532 -16.500000 121.648163
v -38.664101 -16.500000 121.500000
f -3 -2 -1
v -38.664101 -16.500000 121.500000
v -36.893532 -16.500000 121.648163
v -36.885456 -16.500000 121.721893
f -3 -2 -1
v -36.885456 -16.500000 121.721893
v -36.874172 -16.500000 121.795197
v -38.664101 -16.500000 121.500000
f -3 -2 -1
v -36.874172 -16.500000 121.795197
v -36.859703 -16.500000 121.867950
v -38.664101 -16.500000 121.500000
f -3 -2 -1
v -38.664101 -16.500000 121.500000
v -36.859703 -16.500000 121.867950
v -36.842075 -16.500000 121.939995
f -3 -2 -1
v -36.842075 -16.500000 121.939995
v -36.821320 -16.500000 122.011200
v -38.664101 -16.500000 121.500000
f -3 -2 -1
v -36.821320 -16.500000 122.011200
v -36.797478 -16.500000 122.081436
v -38.664101 -16.500000 121.500000
f -3 -2 -1
v -38.664101 -16.500000 121.500000
v -36.797478 -16.500000 122.081436
v -36.770592 -16.500000 122.150566
f -3 -2 -1
v -33.807442 -16.500000 122.475082
v -33.766235 -16.500000 122.413414
v -33.467949 -16.500000 124.500000
f -3 -2 -1
v -33.766235 -16.500000 122.413414
v -33.727757 -16.500000 122.349998
v -33.467949 -16.500000 124.500000
f -3 -2 -1
v -33.467949 -16.500000 124.500000
v -33.727757 -16.500000 122.349998
v -31.735897 -16.500000 121.500000
f -3 -2 -1
v -33.727757 -16.500000 122.349998
v -33.692081 -16.500000 122.284973
v -31.735897 -16.500000 121.500000
f -3 -2 -1
v -31.735897 -16.500000 121.500000
v -33.692081 -16.500000 122.284973
v -33.659275 -16.500000 122.218452
f -3 -2 -1
v -33.659275 -16.500000 122.218452
v -33.629406 -16.500000 122.150566
v -31.735897 -16.500000 121.500000
f -3 -2 -1
v -33.629406 -16.500000 122.150566
v -33.602520 -16.500000 122.081436
v -31.735897 -16.500000 121.500000
f -3 -2 -1
v -31.735897 -16.500000 121.500000
v -33.602520 -16.500000 122.081436
v -33.578682 -16.500000 122.011200
f -3 -2 -1
v -36.770592 -16.500000 122.150566
v -36.740723 -16.500000 122.218452
v -38.664101 -16.500000 121.500000
f -3 -2 -1
v -36.740723 -16.500000 122.218452
v -36.707920 -16.500000 122.284973
v -38.664101 -16.500000 121.500000
f -3 -2 -1
v -38.664101 -16.500000 121.500000
v -36.707920 -16.500000 122.284973
v -36.932053 -16.500000 124.500000
f -3 -2 -1
v -36.707920 -16.500000 122.284973
v -36.672241 -16.500000 122.349998
v -36.932053 -16.500000 124.500000
f -3 -2 -1
v -36.932053 -16.500000 124.500000
v -36.672241 -16.500000 122.349998
v -36.633766 -16.500000 122.413414
f -3 -2 -1
v -33.467949 -16.500000 124.500000
v -31.735897 -16.500000 121.500000
v -33.467949 -19.000000 124.500000
f -3 -2 -1
v -31.735897 -16.500000 121.500000
v -31.735897 -19.000000 121.500000
v -33.467949 -19.000000 124.500000
f -3 -2 -1
v -36.932053 -16.500000 124.500000
v -33.467949 -16.500000 124.500000
v -36.932053 -19.000000 124.500000
f -3 -2 -1
v -33.467949 -16.500000 124.500000
v -33.467949 -19.000000 124.500000
v -36.932053 -19.000000 124.500000
f -3 -2 -1
v -38.664101 -16.500000 121.500000
v -36.932053 -16.500000 124.500000
v -38.664101 -19.000000 121.500000
f -3 -2 -1
v -36.932053 -16.500000 124.500000
v -36.932053 -19.000000 124.500000
v -38.664101 -19.000000 121.500000
f -3 -2 -1
v -36.932053 -16.500000 118.500000
v -38.664101 -16.500000 121.500000
v -36.932053 -19.000000 118.500000
f -3 -2 -1
v -38.664101 -16.500000 121.500000
v -38.664101 -19.000000 121.500000
v -36.932053 -19.000000 118.500000
f -3 -2 -1
v -33.467949 -16.500000 118.500000
v -36.932053 -16.500000 118.500000
v -33.467949 -19.000000 118.500000
f -3 -2 -1
v -36.932053 -16.500000 118.500000
v -36.932053 -19.000000 118.500000
v -33.467949 -19.000000 118.500000
f -3 -2 -1
v -11.500733 -10.700001 66.399269
v -17.500000 -10.700001 66.399269
v -0.200000 -10.700001 77.699997
f -3 -2 -1
v -17.500000 -10.700001 66.399269
v -17.500000 -10.700001 77.699997
v -0.200000 -10.700001 77.699997
f -3 -2 -1
v -11.500733 -10.700001 66.399269
v -0.200000 -10.700001 77.699997
v -11.500733 -19.000000 66.399269
f -3 -2 -1
v -0.200000 -10.700001 77.699997
v -0.200000 -19.000000 77.699997
v -11.500733 -19.000000 66.399269
f -3 -2 -1
v -11.500733 -10.700001 66.399269
v -11.500733 -19.000000 66.399269
v -17.500000 -10.700001 66.399269
f -3 -2 -1
v -11.500733 -19.000000 66.399269
v -27.199266 -19.000000 66.399269
v -17.500000 -10.700001 66.399269
f -3 -2 -1
v -17.500000 -10.700001 66.399269
v -27.199266 -19.000000 66.399269
v -17.500000 -10.500000 66.399269
f -3 -2 -1
v -27.199266 -19.000000 66.399269
v -27.199266 -10.500000 66.399269
v -17.500000 -10.500000 66.399269
f -3 -2 -1
v -40.199997 13.100000 123.300003
v -40.199997 19.000000 123.300003
v -40.199997 13.100000 81.500000
f -3 -2 -1
v -40.199997 19.000000 123.300003
v -40.199997 19.000000 79.400002
v -40.199997 13.100000 81.500000
f -3 -2 -1
v -40.199997 13.100000 81.500000
v -40.199997 19.000000 79.400002
v -40.199997 -13.100000 81.500000
f -3 -2 -1
v -40.199997 19.000000 79.400002
v -40.199997 -19.000000 79.400002
v -40.199997 -13.100000 81.500000
f -3 -2 -1
v -40.199997 -13.100000 81.500000
v -40.199997 -19.000000 79.400002
v -40.199997 -13.100000 123.300003
f -3 -2 -1
v -40.199997 -19.000000 79.400002
v -40.199997 -19.000000 123.300003
v -40.199997 -13.100000 123.300003
f -3 -2 -1
v -31.743401 -19.000000 127.059784
v -31.908344 -19.000000 127.115654
v -33.467949 -19.000000 124.500000
f -3 -2 -1
v -40.199997 -19.000000 79.400002
v -36.932053 -19.000000 118.500000
v -38.664101 -19.000000 121.500000
f -3 -2 -1
v -24.594505 -19.000000 104.452095
v -25.161034 -19.000000 105.565254
v -33.467949 -19.000000 118.500000
f -3 -2 -1
v -1.555675 -19.000000 90.668068
v -1.685350 -19.000000 90.777519
v -3.467949 -19.000000 89.500000
f -3 -2 -1
v -25.161034 -19.000000 105.565254
v -25.714241 -19.000000 106.779625
v -33.467949 -19.000000 118.500000
f -3 -2 -1
v -25.714241 -19.000000 106.779625
v -26.250841 -19.000000 108.107681
v -33.467949 -19.000000 118.500000
f -3 -2 -1
v -33.467949 -19.000000 118.500000
v -26.250841 -19.000000 108.107681
v -26.716681 -19.000000 109.413383
f -3 -2 -1
v -40.199997 -19.000000 79.400002
v -27.199266 -19.000000 66.399269
v -33.467949 -19.000000 83.500000
f -3 -2 -1
v -31.908344 -19.000000 127.115654
v -32.075562 -19.000000 127.164276
v -33.467949 -19.000000 124.500000
f -3 -2 -1
v -32.075562 -19.000000 127.164276
v -32.244743 -19.000000 127.205582
v -33.467949 -19.000000 124.500000
f -3 -2 -1
v -33.467949 -19.000000 124.500000
v -32.244743 -19.000000 127.205582
v -32.415558 -19.000000 127.239494
f -3 -2 -1
v -36.200001 -19.000000 127.299995
v -36.932053 -19.000000 124.500000
v -33.108688 -19.000000 127.299995
f -3 -2 -1
v -36.932053 -19.000000 124.500000
v -33.467949 -19.000000 124.500000
v -33.108688 -19.000000 127.299995
f -3 -2 -1
v -33.108688 -19.000000 127.299995
v -33.467949 -19.000000 124.500000
v -32.934582 -19.000000 127.296211
f -3 -2 -1
v -36.932053 -19.000000 124.500000
v -38.199997 -19.000000 126.764107
v -38.349201 -19.000000 126.673561
f -3 -2 -1
v -38.771149 -19.000000 126.364174
v -38.902363 -19.000000 126.249107
v -36.932053 -19.000000 124.500000
f -3 -2 -1
v -38.902363 -19.000000 126.249107
v -39.028427 -19.000000 126.128418
v -36.932053 -19.000000 124.500000
f -3 -2 -1
v -39.028427 -19.000000 126.128418
v -39.149109 -19.000000 126.002357
v -36.932053 -19.000000 124.500000
f -3 -2 -1
v -39.149109 -19.000000 126.002357
v -39.264175 -19.000000 125.871155
v -36.932053 -19.000000 124.500000
f -3 -2 -1
v -36.932053 -19.000000 124.500000
v -39.264175 -19.000000 125.871155
v -39.373413 -19.000000 125.735046
f -3 -2 -1
v -23.425013 -19.000000 102.477745
v -24.015696 -19.000000 103.426666
v -33.467949 -19.000000 89.500000
f -3 -2 -1
v -1.685350 -19.000000 90.777519
v -1.819551 -19.000000 90.881378
v -3.467949 -19.000000 89.500000
f -3 -2 -1
v -1.819551 -19.000000 90.881378
v -1.958036 -19.000000 90.979446
v -3.467949 -19.000000 89.500000
f -3 -2 -1
v -3.467949 -19.000000 89.500000
v -1.958036 -19.000000 90.979446
v -2.100557 -19.000000 91.071564
f -3 -2 -1
v -38.349201 -19.000000 126.673561
v -38.494308 -19.000000 126.576599
v -36.932053 -19.000000 124.500000
f -3 -2 -1
v -38.494308 -19.000000 126.576599
v -38.635044 -19.000000 126.473412
v -36.932053 -19.000000 124.500000
f -3 -2 -1
v -36.932053 -19.000000 124.500000
v -38.635044 -19.000000 126.473412
v -38.771149 -19.000000 126.364174
f -3 -2 -1
v -39.373413 -19.000000 125.735046
v -39.476608 -19.000000 125.594299
v -36.932053 -19.000000 124.500000
f -3 -2 -1
v -39.476608 -19.000000 125.594299
v -39.573566 -19.000000 125.449196
v -36.932053 -19.000000 124.500000
f -3 -2 -1
v -36.932053 -19.000000 124.500000
v -39.573566 -19.000000 125.449196
v -39.664101 -19.000000 125.300003
f -3 -2 -1
v -36.200001 -19.000000 127.299995
v -36.374477 -19.000000 127.296196
v -36.932053 -19.000000 124.500000
f -3 -2 -1
v -36.374477 -19.000000 127.296196
v -36.548622 -19.000000 127.284782
v -36.932053 -19.000000 124.500000
f -3 -2 -1
v -36.932053 -19.000000 124.500000
v -36.548622 -19.000000 127.284782
v -36.722103 -19.000000 127.265778
f -3 -2 -1
v -33.467949 -19.000000 124.500000
v -30.410982 -19.000000 126.253365
v -30.542091 -19.000000 126.367989
f -3 -2 -1
v -30.963560 -19.000000 126.676155
v -31.112547 -19.000000 126.766327
v -33.467949 -19.000000 124.500000
f -3 -2 -1
v -31.112547 -19.000000 126.766327
v -31.265314 -19.000000 126.849937
v -33.467949 -19.000000 124.500000
f -3 -2 -1
v -26.716681 -19.000000 109.413383
v -27.163033 -19.000000 110.838539
v -33.467949 -19.000000 118.500000
f -3 -2 -1
v -27.163033 -19.000000 110.838539
v -27.586153 -19.000000 112.401665
v -33.467949 -19.000000 118.500000
f -3 -2 -1
v -33.467949 -19.000000 118.500000
v -27.586153 -19.000000 112.401665
v -27.980993 -19.000000 114.125137
f -3 -2 -1
v -39.664101 -19.000000 125.300003
v -39.748043 -19.000000 125.147003
v -36.932053 -19.000000 124.500000
f -3 -2 -1
v -39.748043 -19.000000 125.147003
v -39.825230 -19.000000 124.990471
v -36.932053 -19.000000 124.500000
f -3 -2 -1
v -36.932053 -19.000000 124.500000
v -39.825230 -19.000000 124.990471
v -39.895519 -19.000000 124.830727
f -3 -2 -1
v -39.895519 -19.000000 124.830727
v -39.958771 -19.000000 124.668083
v -36.932053 -19.000000 124.500000
f -3 -2 -1
v -39.958771 -19.000000 124.668083
v -40.014866 -19.000000 124.502823
v -36.932053 -19.000000 124.500000
f -3 -2 -1
v -36.932053 -19.000000 124.500000
v -40.014866 -19.000000 124.502823
v -40.063702 -19.000000 124.335274
f -3 -2 -1
v -32.415558 -19.000000 127.239494
v -32.587688 -19.000000 127.265930
v -33.467949 -19.000000 124.500000
f -3 -2 -1
v -32.587688 -19.000000 127.265930
v -32.760803 -19.000000 127.284843
v -33.467949 -19.000000 124.500000
f -3 -2 -1
v -33.467949 -19.000000 124.500000
v -32.760803 -19.000000 127.284843
v -32.934582 -19.000000 127.296211
f -3 -2 -1
v -29.417017 -19.000000 124.839989
v -29.487547 -19.000000 124.999214
v -33.467949 -19.000000 124.500000
f -3 -2 -1
v -30.542091 -19.000000 126.367989
v -30.678062 -19.000000 126.476791
v -33.467949 -19.000000 124.500000
f -3 -2 -1
v -30.678062 -19.000000 126.476791
v -30.818642 -19.000000 126.579582
v -33.467949 -19.000000 124.500000
f -3 -2 -1
v -33.467949 -19.000000 124.500000
v -30.818642 -19.000000 126.579582
v -30.963560 -19.000000 126.676155
f -3 -2 -1
v -31.265314 -19.000000 126.849937
v -31.421579 -19.000000 126.926796
v -33.467949 -19.000000 124.500000
f -3 -2 -1
v -31.421579 -19.000000 126.926796
v -31.581041 -19.000000 126.996803
v -33.467949 -19.000000 124.500000
f -3 -2 -1
v -33.467949 -19.000000 124.500000
v -31.581041 -19.000000 126.996803
v -31.743401 -19.000000 127.059784
f -3 -2 -1
v -33.467949 -19.000000 83.500000
v -36.932053 -19.000000 83.500000
v -40.199997 -19.000000 79.400002
f -3 -2 -1
v -36.932053 -19.000000 83.500000
v -38.664101 -19.000000 86.500000
v -40.199997 -19.000000 79.400002
f -3 -2 -1
v -40.199997 -19.000000 79.400002
v -38.664101 -19.000000 86.500000
v -36.932053 -19.000000 118.500000
f -3 -2 -1
v -0.214392 -19.000000 88.005814
v -0.232357 -19.000000 88.174561
v -3.467949 -19.000000 89.500000
f -3 -2 -1
v -0.232357 -19.000000 88.174561
v -0.257463 -19.000000 88.342384
v -3.467949 -19.000000 89.500000
f -3 -2 -1
v -3.467949 -19.000000 89.500000
v -0.257463 -19.000000 88.342384
v -0.289665 -19.000000 88.508995
f -3 -2 -1
v -40.165779 -19.000000 123.822105
v -40.184776 -19.000000 123.648621
v -36.932053 -19.000000 124.500000
f -3 -2 -1
v -40.184776 -19.000000 123.648621
v -40.196190 -19.000000 123.474480
v -36.932053 -19.000000 124.500000
f -3 -2 -1
v -36.932053 -19.000000 124.500000
v -40.196190 -19.000000 123.474480
v -38.664101 -19.000000 121.500000
f -3 -2 -1
v -40.196190 -19.000000 123.474480
v -40.199997 -19.000000 123.300003
v -38.664101 -19.000000 121.500000
f -3 -2 -1
v -38.664101 -19.000000 121.500000
v -40.199997 -19.000000 123.300003
v -40.199997 -19.000000 79.400002
f -3 -2 -1
v -36.722103 -19.000000 127.265778
v -36.894592 -19.000000 127.239227
v -36.932053 -19.000000 124.500000
f -3 -2 -1
v -36.894592 -19.000000 127.239227
v -37.065758 -19.000000 127.205177
v -36.932053 -19.000000 124.500000
f -3 -2 -1
v -36.932053 -19.000000 124.500000
v -37.065758 -19.000000 127.205177
v -37.235275 -19.000000 127.163712
f -3 -2 -1
v -29.125029 -19.000000 123.661201
v -29.144526 -19.000000 123.834251
v -33.467949 -19.000000 124.500000
f -3 -2 -1
v -29.487547 -19.000000 124.999214
v -29.564939 -19.000000 125.155228
v -33.467949 -19.000000 124.500000
f -3 -2 -1
v -29.564939 -19.000000 125.155228
v -29.649050 -19.000000 125.307709
v -33.467949 -19.000000 124.500000
f -3 -2 -1
v -33.467949 -19.000000 124.500000
v -29.649050 -19.000000 125.307709
v -29.739717 -19.000000 125.456390
f -3 -2 -1
v -29.739717 -19.000000 125.456390
v -29.836771 -19.000000 125.600990
v -33.467949 -19.000000 124.500000
f -3 -2 -1
v -29.836771 -19.000000 125.600990
v -29.940025 -19.000000 125.741226
v -33.467949 -19.000000 124.500000
f -3 -2 -1
v -33.467949 -19.000000 124.500000
v -29.940025 -19.000000 125.741226
v -30.049286 -19.000000 125.876831
f -3 -2 -1
v -30.049286 -19.000000 125.876831
v -30.164349 -19.000000 126.007553
v -33.467949 -19.000000 124.500000
f -3 -2 -1
v -30.164349 -19.000000 126.007553
v -30.284990 -19.000000 126.133141
v -33.467949 -19.000000 124.500000
f -3 -2 -1
v -33.467949 -19.000000 124.500000
v -30.284990 -19.000000 126.133141
v -30.410982 -19.000000 126.253365
f -3 -2 -1
v -6.932051 -19.000000 83.500000
v -11.500733 -19.000000 66.399269
v -3.467949 -19.000000 83.500000
f -3 -2 -1
v -11.500733 -19.000000 66.399269
v -0.200000 -19.000000 77.699997
v -3.467949 -19.000000 83.500000
f -3 -2 -1
v -3.467949 -19.000000 83.500000
v -0.200000 -19.000000 77.699997
v -1.735898 -19.000000 86.500000
f -3 -2 -1
v -0.200000 -19.000000 77.699997
v -0.200000 -19.000000 87.666809
v -1.735898 -19.000000 86.500000
f -3 -2 -1
v -1.735898 -19.000000 86.500000
v -0.200000 -19.000000 87.666809
v -3.467949 -19.000000 89.500000
f -3 -2 -1
v -0.200000 -19.000000 87.666809
v -0.203600 -19.000000 87.836464
v -3.467949 -19.000000 89.500000
f -3 -2 -1
v -3.467949 -19.000000 89.500000
v -0.203600 -19.000000 87.836464
v -0.214392 -19.000000 88.005814
f -3 -2 -1
v -0.289665 -19.000000 88.508995
v -0.328904 -19.000000 88.674088
v -3.467949 -19.000000 89.500000
f -3 -2 -1
v -0.328904 -19.000000 88.674088
v -0.375111 -19.000000 88.837372
v -3.467949 -19.000000 89.500000
f -3 -2 -1
v -3.467949 -19.000000 89.500000
v -0.375111 -19.000000 88.837372
v -0.428202 -19.000000 88.998550
f -3 -2 -1
v -0.428202 -19.000000 88.998550
v -0.488080 -19.000000 89.157326
v -3.467949 -19.000000 89.500000
f -3 -2 -1
v -0.488080 -19.000000 89.157326
v -0.554640 -19.000000 89.313423
v -3.467949 -19.000000 89.500000
f -3 -2 -1
v -3.467949 -19.000000 89.500000
v -0.554640 -19.000000 89.313423
v -0.627760 -19.000000 89.466560
f -3 -2 -1
v -40.063702 -19.000000 124.335274
v -40.105183 -19.000000 124.165756
v -36.932053 -19.000000 124.500000
f -3 -2 -1
v -40.105183 -19.000000 124.165756
v -40.139233 -19.000000 123.994598
v -36.932053 -19.000000 124.500000
f -3 -2 -1
v -36.932053 -19.000000 124.500000
v -40.139233 -19.000000 123.994598
v -40.165779 -19.000000 123.822105
f -3 -2 -1
v -37.235275 -19.000000 127.163712
v -37.402824 -19.000000 127.114861
v -36.932053 -19.000000 124.500000
f -3 -2 -1
v -37.402824 -19.000000 127.114861
v -37.568081 -19.000000 127.058777
v -36.932053 -19.000000 124.500000
f -3 -2 -1
v -36.932053 -19.000000 124.500000
v -37.568081 -19.000000 127.058777
v -37.730736 -19.000000 126.995522
f -3 -2 -1
v -37.730736 -19.000000 126.995522
v -37.890472 -19.000000 126.925232
v -36.932053 -19.000000 124.500000
f -3 -2 -1
v -37.890472 -19.000000 126.925232
v -38.046993 -19.000000 126.848045
v -36.932053 -19.000000 124.500000
f -3 -2 -1
v -36.932053 -19.000000 124.500000
v -38.046993 -19.000000 126.848045
v -38.199997 -19.000000 126.764107
f -3 -2 -1
v -29.144526 -19.000000 123.834251
v -29.171535 -19.000000 124.006287
v -33.467949 -19.000000 124.500000
f -3 -2 -1
v -29.171535 -19.000000 124.006287
v -29.206009 -19.000000 124.176994
v -33.467949 -19.000000 124.500000
f -3 -2 -1
v -33.467949 -19.000000 124.500000
v -29.206009 -19.000000 124.176994
v -29.247881 -19.000000 124.346031
f -3 -2 -1
v -29.247881 -19.000000 124.346031
v -29.297071 -19.000000 124.513092
v -33.467949 -19.000000 124.500000
f -3 -2 -1
v -29.297071 -19.000000 124.513092
v -29.353485 -19.000000 124.677841
v -33.467949 -19.000000 124.500000
f -3 -2 -1
v -33.467949 -19.000000 124.500000
v -29.353485 -19.000000 124.677841
v -29.417017 -19.000000 124.839989
f -3 -2 -1
v -27.980993 -19.000000 114.125137
v -28.340778 -19.000000 116.036270
v -33.467949 -19.000000 118.500000
f -3 -2 -1
v -28.340778 -19.000000 116.036270
v -28.656454 -19.000000 118.168617
v -33.467949 -19.000000 118.500000
f -3 -2 -1
v -33.467949 -19.000000 118.500000
v -28.656454 -19.000000 118.168617
v -31.735897 -19.000000 121.500000
f -3 -2 -1
v -28.656454 -19.000000 118.168617
v -28.915855 -19.000000 120.563438
v -31.735897 -19.000000 121.500000
f -3 -2 -1
v -31.735897 -19.000000 121.500000
v -28.915855 -19.000000 120.563438
v -33.467949 -19.000000 124.500000
f -3 -2 -1
v -28.915855 -19.000000 120.563438
v -29.113083 -19.000000 123.487457
v -33.467949 -19.000000 124.500000
f -3 -2 -1
v -33.467949 -19.000000 124.500000
v -29.113083 -19.000000 123.487457
v -29.125029 -19.000000 123.661201
f -3 -2 -1
v -38.664101 -19.000000 86.500000
v -36.932053 -19.000000 89.500000
v -36.932053 -19.000000 118.500000
f -3 -2 -1
v -36.932053 -19.000000 89.500000
v -33.467949 -19.000000 89.500000
v -36.932053 -19.000000 118.500000
f -3 -2 -1
v -36.932053 -19.000000 118.500000
v -33.467949 -19.000000 89.500000
v -33.467949 -19.000000 118.500000
f -3 -2 -1
v -33.467949 -19.000000 89.500000
v -24.015696 -19.000000 103.426666
v -33.467949 -19.000000 118.500000
f -3 -2 -1
v -33.467949 -19.000000 118.500000
v -24.015696 -19.000000 103.426666
v -24.594505 -19.000000 104.452095
f -3 -2 -1
v -5.707335 -19.000000 91.857635
v -6.932051 -19.000000 89.500000
v -4.272697 -19.000000 91.690125
f -3 -2 -1
v -6.932051 -19.000000 89.500000
v -3.467949 -19.000000 89.500000
v -4.272697 -19.000000 91.690125
f -3 -2 -1
v -0.885112 -19.000000 89.905449
v -0.983045 -19.000000 90.044029
v -3.467949 -19.000000 89.500000
f -3 -2 -1
v -0.983045 -19.000000 90.044029
v -1.086768 -19.000000 90.178337
v -3.467949 -19.000000 89.500000
f -3 -2 -1
v -3.467949 -19.000000 89.500000
v -1.086768 -19.000000 90.178337
v -1.196094 -19.000000 90.308121
f -3 -2 -1
v -1.196094 -19.000000 90.308121
v -1.310826 -19.000000 90.433151
v -3.467949 -19.000000 89.500000
f -3 -2 -1
v -1.310826 -19.000000 90.433151
v -1.430758 -19.000000 90.553207
v -3.467949 -19.000000 89.500000
f -3 -2 -1
v -3.467949 -19.000000 89.500000
v -1.430758 -19.000000 90.553207
v -1.555675 -19.000000 90.668068
f -3 -2 -1
v -21.687843 -19.000000 100.132126
v -22.207500 -19.000000 100.773628
v -33.467949 -19.000000 89.500000
f -3 -2 -1
v -22.207500 -19.000000 100.773628
v -22.822420 -19.000000 101.596008
v -33.467949 -19.000000 89.500000
f -3 -2 -1
v -33.467949 -19.000000 89.500000
v -22.822420 -19.000000 101.596008
v -23.425013 -19.000000 102.477745
f -3 -2 -1
v -2.100557 -19.000000 91.071564
v -2.246855 -19.000000 91.157539
v -3.467949 -19.000000 89.500000
f -3 -2 -1
v -2.246855 -19.000000 91.157539
v -2.396670 -19.000000 91.237236
v -3.467949 -19.000000 89.500000
f -3 -2 -1
v -3.467949 -19.000000 89.500000
v -2.396670 -19.000000 91.237236
v -2.549729 -19.000000 91.310516
f -3 -2 -1
v -0.627760 -19.000000 89.466560
v -0.707310 -19.000000 89.616447
v -3.467949 -19.000000 89.500000
f -3 -2 -1
v -0.707310 -19.000000 89.616447
v -0.793145 -19.000000 89.762840
v -3.467949 -19.000000 89.500000
f -3 -2 -1
v -3.467949 -19.000000 89.500000
v -0.793145 -19.000000 89.762840
v -0.885112 -19.000000 89.905449
f -3 -2 -1
v -19.034164 -19.000000 97.457390
v -19.723612 -19.000000 98.069031
v -31.735897 -19.000000 86.500000
f -3 -2 -1
v -19.723612 -19.000000 98.069031
v -20.394787 -19.000000 98.716530
v -31.735897 -19.000000 86.500000
f -3 -2 -1
v -31.735897 -19.000000 86.500000
v -20.394787 -19.000000 98.716530
v -33.467949 -19.000000 89.500000
f -3 -2 -1
v -20.394787 -19.000000 98.716530
v -21.049398 -19.000000 99.403290
v -33.467949 -19.000000 89.500000
f -3 -2 -1
v -33.467949 -19.000000 89.500000
v -21.049398 -19.000000 99.403290
v -21.687843 -19.000000 100.132126
f -3 -2 -1
v -3.520473 -19.000000 91.608665
v -3.688274 -19.000000 91.633942
v -3.467949 -19.000000 89.500000
f -3 -2 -1
v -3.688274 -19.000000 91.633942
v -3.856997 -19.000000 91.652077
v -3.467949 -19.000000 89.500000
f -3 -2 -1
v -3.467949 -19.000000 89.500000
v -3.856997 -19.000000 91.652077
v -4.272697 -19.000000 91.690125
f -3 -2 -1
v -2.549729 -19.000000 91.310516
v -2.705759 -19.000000 91.377228
v -3.467949 -19.000000 89.500000
f -3 -2 -1
v -2.705759 -19.000000 91.377228
v -2.864478 -19.000000 91.437263
v -3.467949 -19.000000 89.500000
f -3 -2 -1
v -3.467949 -19.000000 89.500000
v -2.864478 -19.000000 91.437263
v -3.025601 -19.000000 91.490524
f -3 -2 -1
v -3.025601 -19.000000 91.490524
v -3.188837 -19.000000 91.536896
v -3.467949 -19.000000 89.500000
f -3 -2 -1
v -3.188837 -19.000000 91.536896
v -3.353893 -19.000000 91.576294
v -3.467949 -19.000000 89.500000
f -3 -2 -1
v -3.467949 -19.000000 89.500000
v -3.353893 -19.000000 91.576294
v -3.520473 -19.000000 91.608665
f -3 -2 -1
v -16.835281 -19.000000 95.811386
v -17.592369 -19.000000 96.330711
v -31.735897 -19.000000 86.500000
f -3 -2 -1
v -17.592369 -19.000000 96.330711
v -18.324493 -19.000000 96.878738
v -31.735897 -19.000000 86.500000
f -3 -2 -1
v -31.735897 -19.000000 86.500000
v -18.324493 -19.000000 96.878738
v -19.034164 -19.000000 97.457390
f -3 -2 -1
v -14.384128 -19.000000 94.412613
v -15.234551 -19.000000 94.853249
v -31.735897 -19.000000 86.500000
f -3 -2 -1
v -15.234551 -19.000000 94.853249
v -16.050406 -19.000000 95.319275
v -31.735897 -19.000000 86.500000
f -3 -2 -1
v -31.735897 -19.000000 86.500000
v -16.050406 -19.000000 95.319275
v -16.835281 -19.000000 95.811386
f -3 -2 -1
v -11.582022 -19.000000 93.241653
v -12.562781 -19.000000 93.606514
v -31.735897 -19.000000 86.500000
f -3 -2 -1
v -12.562781 -19.000000 93.606514
v -13.495071 -19.000000 93.997002
v -31.735897 -19.000000 86.500000
f -3 -2 -1
v -31.735897 -19.000000 86.500000
v -13.495071 -19.000000 93.997002
v -14.384128 -19.000000 94.412613
f -3 -2 -1
v -10.546812 -19.000000 92.903419
v -11.582022 -19.000000 93.241653
v -8.664102 -19.000000 86.500000
f -3 -2 -1
v -11.582022 -19.000000 93.241653
v -31.735897 -19.000000 86.500000
v -8.664102 -19.000000 86.500000
f -3 -2 -1
v -8.664102 -19.000000 86.500000
v -31.735897 -19.000000 86.500000
v -6.932051 -19.000000 83.500000
f -3 -2 -1
v -31.735897 -19.000000 86.500000
v -33.467949 -19.000000 83.500000
v -6.932051 -19.000000 83.500000
f -3 -2 -1
v -6.932051 -19.000000 83.500000
v -33.467949 -19.000000 83.500000
v -11.500733 -19.000000 66.399269
f -3 -2 -1
v -33.467949 -19.000000 83.500000
v -27.199266 -19.000000 66.399269
v -11.500733 -19.000000 66.399269
f -3 -2 -1
v -5.707335 -19.000000 91.857635
v -7.040462 -19.000000 92.067093
v -6.932051 -19.000000 89.500000
f -3 -2 -1
v -7.040462 -19.000000 92.067093
v -8.284560 -19.000000 92.313599
v -6.932051 -19.000000 89.500000
f -3 -2 -1
v -6.932051 -19.000000 89.500000
v -8.284560 -19.000000 92.313599
v -8.664102 -19.000000 86.500000
f -3 -2 -1
v -8.284560 -19.000000 92.313599
v -9.450293 -19.000000 92.593346
v -8.664102 -19.000000 86.500000
f -3 -2 -1
v -8.664102 -19.000000 86.500000
v -9.450293 -19.000000 92.593346
v -10.546812 -19.000000 92.903419
f -3 -2 -1
v -28.181372 -8.699960 67.381378
v -28.067276 -8.562249 67.267273
v -27.199266 -10.500000 66.399269
f -3 -2 -1
v -28.181372 -8.699960 67.381378
v -27.199266 -10.500000 66.399269
v -28.301331 -8.832597 67.501328
f -3 -2 -1
v -27.631861 -7.886895 66.831856
v -27.591820 -7.806937 66.791817
v -23.500000 -10.500000 62.700005
f -3 -2 -1
v -40.199997 -19.000000 79.400002
v -34.354294 -8.772527 73.554291
v -34.231255 -8.902307 73.431252
f -3 -2 -1
v -40.199997 19.000000 79.400002
v -34.354294 8.772527 73.554291
v -34.471596 8.637536 73.671593
f -3 -2 -1
v -27.631861 -7.886895 66.831856
v -23.500000 -10.500000 62.700005
v -27.673624 -7.965966 66.873627
f -3 -2 -1
v -27.500000 4.395124 66.699997
v -27.500000 7.604876 66.699997
v -27.199266 10.500000 66.399269
f -3 -2 -1
v -27.500000 7.604876 66.699997
v -27.516983 7.644511 66.716988
v -27.199266 10.500000 66.399269
f -3 -2 -1
v -27.199266 10.500000 66.399269
v -27.516983 7.644511 66.716988
v -27.553520 7.726130 66.753525
f -3 -2 -1
v -35.421124 6.178794 74.621124
v -35.424030 6.089418 74.624031
v -40.199997 19.000000 79.400002
f -3 -2 -1
v -35.424999 -6.000000 74.625000
v -35.424030 -6.089418 74.624031
v -40.199997 -19.000000 79.400002
f -3 -2 -1
v -35.424030 -6.089418 74.624031
v -35.421124 -6.178794 74.621124
v -40.199997 -19.000000 79.400002
f -3 -2 -1
v -40.199997 -19.000000 79.400002
v -35.421124 -6.178794 74.621124
v -35.416279 -6.268086 74.616272
f -3 -2 -1
v -27.516983 -4.355489 66.716988
v -27.553520 -4.273870 66.753525
v -23.500000 10.500000 62.700005
f -3 -2 -1
v -34.471596 3.362464 73.671593
v -34.354294 3.227473 73.554291
v -40.199997 -19.000000 79.400002
f -3 -2 -1
v -28.181372 -3.300040 67.381378
v -28.181372 3.300040 67.381378
v -28.067276 3.437751 67.267273
f -3 -2 -1
v -35.416279 -6.268086 74.616272
v -35.409500 -6.357252 74.609505
v -40.199997 -19.000000 79.400002
f -3 -2 -1
v -35.409500 -6.357252 74.609505
v -35.400787 -6.446250 74.600792
v -40.199997 -19.000000 79.400002
f -3 -2 -1
v -40.199997 -19.000000 79.400002
v -35.400787 -6.446250 74.600792
v -35.390152 -6.535038 74.590157
f -3 -2 -1
v -27.553520 7.726130 66.753525
v -27.591820 7.806937 66.791817
v -27.199266 10.500000 66.399269
f -3 -2 -1
v -27.591820 7.806937 66.791817
v -27.631861 7.886895 66.831856
v -27.199266 10.500000 66.399269
f -3 -2 -1
v -27.199266 10.500000 66.399269
v -27.631861 7.886895 66.831856
v -27.673624 7.965966 66.873627
f -3 -2 -1
v -33.968880 9.145267 73.168884
v -34.102699 9.026631 73.302704
v -40.199997 19.000000 79.400002
f -3 -2 -1
v -34.102699 9.026631 73.302704
v -34.231255 8.902307 73.431252
v -40.199997 19.000000 79.400002
f -3 -2 -1
v -40.199997 19.000000 79.400002
v -34.231255 8.902307 73.431252
v -34.354294 8.772527 73.554291
f -3 -2 -1
v -27.809059 -8.197490 67.009064
v -27.762245 -8.121301 66.962242
v -23.500000 -10.500000 62.700005
f -3 -2 -1
v -27.762245 -8.121301 66.962242
v -27.717093 -8.044113 66.917091
v -23.500000 -10.500000 62.700005
f -3 -2 -1
v -23.500000 -10.500000 62.700005
v -27.717093 -8.044113 66.917091
v -27.673624 -7.965966 66.873627
f -3 -2 -1
v -27.591820 -7.806937 66.791817
v -27.553520 -7.726130 66.753525
v -23.500000 -10.500000 62.700005
f -3 -2 -1
v -27.553520 -7.726130 66.753525
v -27.500000 -7.604876 66.699997
v -23.500000 -10.500000 62.700005
f -3 -2 -1
v -23.500000 -10.500000 62.700005
v -27.500000 -7.604876 66.699997
v -23.500000 10.500000 62.700005
f -3 -2 -1
v -27.500000 -7.604876 66.699997
v -27.500000 -4.395124 66.699997
v -23.500000 10.500000 62.700005
f -3 -2 -1
v -23.500000 10.500000 62.700005
v -27.500000 -4.395124 66.699997
v -27.516983 -4.355489 66.716988
f -3 -2 -1
v -28.181372 3.300040 67.381378
v -28.181372 -3.300040 67.381378
v -28.301331 3.167403 67.501328
f -3 -2 -1
v -27.199266 -19.000000 66.399269
v -28.557919 -9.081658 67.757919
v -27.199266 -10.500000 66.399269
f -3 -2 -1
v -28.557919 -9.081658 67.757919
v -28.426926 -8.959909 67.626923
v -27.199266 -10.500000 66.399269
f -3 -2 -1
v -27.199266 -10.500000 66.399269
v -28.426926 -8.959909 67.626923
v -28.301331 -8.832597 67.501328
f -3 -2 -1
v -35.400787 6.446250 74.600792
v -35.409500 6.357252 74.609505
v -40.199997 19.000000 79.400002
f -3 -2 -1
v -35.409500 6.357252 74.609505
v -35.416279 6.268086 74.616272
v -40.199997 19.000000 79.400002
f -3 -2 -1
v -40.199997 19.000000 79.400002
v -35.416279 6.268086 74.616272
v -35.421124 6.178794 74.621124
f -3 -2 -1
v -34.354294 3.227473 73.554291
v -34.354294 -3.227473 73.554291
v -34.471596 -3.362464 73.671593
f -3 -2 -1
v -27.631861 4.113105 66.831856
v -27.591820 4.193063 66.791817
v -28.181372 -3.300040 67.381378
f -3 -2 -1
v -27.591820 4.193063 66.791817
v -27.553520 4.273870 66.753525
v -28.181372 -3.300040 67.381378
f -3 -2 -1
v -27.553520 4.273870 66.753525
v -27.500000 4.395124 66.699997
v -28.181372 -3.300040 67.381378
f -3 -2 -1
v -28.181372 -3.300040 67.381378
v -27.500000 4.395124 66.699997
v -23.500000 10.500000 62.700005
f -3 -2 -1
v -27.500000 4.395124 66.699997
v -27.199266 10.500000 66.399269
v -23.500000 10.500000 62.700005
f -3 -2 -1
v -35.390152 -6.535038 74.590157
v -35.377594 -6.623575 74.577591
v -40.199997 -19.000000 79.400002
f -3 -2 -1
v -35.377594 -6.623575 74.577591
v -35.363117 -6.711819 74.563118
v -40.199997 -19.000000 79.400002
f -3 -2 -1
v -40.199997 -19.000000 79.400002
v -35.363117 -6.711819 74.563118
v -35.346737 -6.799728 74.546730
f -3 -2 -1
v -27.553520 -4.273870 66.753525
v -27.591820 -4.193063 66.791817
v -23.500000 10.500000 62.700005
f -3 -2 -1
v -27.591820 -4.193063 66.791817
v -27.631861 -4.113105 66.831856
v -23.500000 10.500000 62.700005
f -3 -2 -1
v -23.500000 10.500000 62.700005
v -27.631861 -4.113105 66.831856
v -27.673624 -4.034034 66.873627
f -3 -2 -1
v -35.424030 6.089418 74.624031
v -35.424999 6.000000 74.625000
v -40.199997 19.000000 79.400002
f -3 -2 -1
v -35.424999 6.000000 74.625000
v -35.424030 5.910582 74.624031
v -40.199997 19.000000 79.400002
f -3 -2 -1
v -40.199997 19.000000 79.400002
v -35.424030 5.910582 74.624031
v -40.199997 -19.000000 79.400002
f -3 -2 -1
v -35.346737 -6.799728 74.546730
v -35.328449 -6.887262 74.528450
v -40.199997 -19.000000 79.400002
f -3 -2 -1
v -35.328449 -6.887262 74.528450
v -35.308270 -6.974379 74.508263
v -40.199997 -19.000000 79.400002
f -3 -2 -1
v -40.199997 -19.000000 79.400002
v -35.308270 -6.974379 74.508263
v -35.286201 -7.061037 74.486206
f -3 -2 -1
v -34.231255 -8.902307 73.431252
v -34.102699 -9.026631 73.302704
v -40.199997 -19.000000 79.400002
f -3 -2 -1
v -34.102699 -9.026631 73.302704
v -33.968880 -9.145267 73.168884
v -40.199997 -19.000000 79.400002
f -3 -2 -1
v -40.199997 -19.000000 79.400002
v -33.968880 -9.145267 73.168884
v -33.830044 -9.257991 73.030037
f -3 -2 -1
v -27.673624 7.965966 66.873627
v -27.717093 8.044113 66.917091
v -27.199266 10.500000 66.399269
f -3 -2 -1
v -27.717093 8.044113 66.917091
v -27.762245 8.121301 66.962242
v -27.199266 10.500000 66.399269
f -3 -2 -1
v -27.199266 10.500000 66.399269
v -27.762245 8.121301 66.962242
v -27.809059 8.197490 67.009064
f -3 -2 -1
v -28.181372 8.699960 67.381378
v -28.301331 8.832597 67.501328
v -27.199266 10.500000 66.399269
f -3 -2 -1
v -28.301331 8.832597 67.501328
v -28.426926 8.959909 67.626923
v -27.199266 10.500000 66.399269
f -3 -2 -1
v -27.199266 10.500000 66.399269
v -28.426926 8.959909 67.626923
v -27.199266 19.000000 66.399269
f -3 -2 -1
v -28.426926 8.959909 67.626923
v -28.557919 9.081658 67.757919
v -27.199266 19.000000 66.399269
f -3 -2 -1
v -27.199266 19.000000 66.399269
v -28.557919 9.081658 67.757919
v -28.694067 9.197614 67.894066
f -3 -2 -1
v -35.416279 -5.731914 74.616272
v -35.421124 -5.821206 74.621124
v -40.199997 -19.000000 79.400002
f -3 -2 -1
v -35.421124 -5.821206 74.621124
v -35.424030 -5.910582 74.624031
v -40.199997 -19.000000 79.400002
f -3 -2 -1
v -40.199997 -19.000000 79.400002
v -35.424030 -5.910582 74.624031
v -35.424999 -6.000000 74.625000
f -3 -2 -1
v -28.980793 -9.411290 68.180794
v -28.835114 -9.307562 68.035110
v -27.199266 -19.000000 66.399269
f -3 -2 -1
v -28.835114 -9.307562 68.035110
v -28.694067 -9.197614 67.894066
v -27.199266 -19.000000 66.399269
f -3 -2 -1
v -27.199266 -19.000000 66.399269
v -28.694067 -9.197614 67.894066
v -28.557919 -9.081658 67.757919
f -3 -2 -1
v -35.363117 6.711819 74.563118
v -35.377594 6.623575 74.577591
v -40.199997 19.000000 79.400002
f -3 -2 -1
v -35.377594 6.623575 74.577591
v -35.390152 6.535038 74.590157
v -40.199997 19.000000 79.400002
f -3 -2 -1
v -40.199997 19.000000 79.400002
v -35.390152 6.535038 74.590157
v -35.400787 6.446250 74.600792
f -3 -2 -1
v -27.199266 -10.500000 66.399269
v -27.907589 -8.346737 67.107590
v -23.500000 -10.500000 62.700005
f -3 -2 -1
v -27.907589 -8.346737 67.107590
v -27.857515 -8.272647 67.057510
v -23.500000 -10.500000 62.700005
f -3 -2 -1
v -23.500000 -10.500000 62.700005
v -27.857515 -8.272647 67.057510
v -27.809059 -8.197490 67.009064
f -3 -2 -1
v -27.762245 3.878700 66.962242
v -27.717093 3.955887 66.917091
v -28.181372 -3.300040 67.381378
f -3 -2 -1
v -27.717093 3.955887 66.917091
v -27.673624 4.034034 66.873627
v -28.181372 -3.300040 67.381378
f -3 -2 -1
v -28.181372 -3.300040 67.381378
v -27.673624 4.034034 66.873627
v -27.631861 4.113105 66.831856
f -3 -2 -1
v -35.286201 -7.061037 74.486206
v -35.262268 -7.147197 74.462265
v -40.199997 -19.000000 79.400002
f -3 -2 -1
v -35.262268 -7.147197 74.462265
v -35.236469 -7.232818 74.436470
v -40.199997 -19.000000 79.400002
f -3 -2 -1
v -40.199997 -19.000000 79.400002
v -35.236469 -7.232818 74.436470
v -35.208820 -7.317859 74.408821
f -3 -2 -1
v -28.067276 -8.562249 67.267273
v -28.012493 -8.491571 67.212494
v -27.199266 -10.500000 66.399269
f -3 -2 -1
v -28.012493 -8.491571 67.212494
v -27.959255 -8.419723 67.159256
v -27.199266 -10.500000 66.399269
f -3 -2 -1
v -27.199266 -10.500000 66.399269
v -27.959255 -8.419723 67.159256
v -27.907589 -8.346737 67.107590
f -3 -2 -1
v -27.673624 -4.034034 66.873627
v -27.717093 -3.955887 66.917091
v -23.500000 10.500000 62.700005
f -3 -2 -1
v -27.717093 -3.955887 66.917091
v -27.762245 -3.878700 66.962242
v -23.500000 10.500000 62.700005
f -3 -2 -1
v -23.500000 10.500000 62.700005
v -27.762245 -3.878700 66.962242
v -27.809059 -3.802510 67.009064
f -3 -2 -1
v -35.424030 5.910582 74.624031
v -35.421124 5.821206 74.621124
v -40.199997 -19.000000 79.400002
f -3 -2 -1
v -35.421124 5.821206 74.621124
v -35.416279 5.731914 74.616272
v -40.199997 -19.000000 79.400002
f -3 -2 -1
v -40.199997 -19.000000 79.400002
v -35.416279 5.731914 74.616272
v -35.409500 5.642748 74.609505
f -3 -2 -1
v -40.199997 -19.000000 79.400002
v -35.377594 5.376425 74.577591
v -35.363117 5.288181 74.563118
f -3 -2 -1
v -27.809059 8.197490 67.009064
v -27.857515 8.272647 67.057510
v -27.199266 10.500000 66.399269
f -3 -2 -1
v -27.857515 8.272647 67.057510
v -27.907589 8.346737 67.107590
v -27.199266 10.500000 66.399269
f -3 -2 -1
v -27.199266 10.500000 66.399269
v -27.907589 8.346737 67.107590
v -27.959255 8.419723 67.159256
f -3 -2 -1
v -33.538376 9.464868 72.738373
v -33.686451 9.364592 72.886452
v -40.199997 19.000000 79.400002
f -3 -2 -1
v -33.686451 9.364592 72.886452
v -33.830044 9.257991 73.030037
v -40.199997 19.000000 79.400002
f -3 -2 -1
v -40.199997 19.000000 79.400002
v -33.830044 9.257991 73.030037
v -33.968880 9.145267 73.168884
f -3 -2 -1
v -35.409500 5.642748 74.609505
v -35.400787 5.553750 74.600792
v -40.199997 -19.000000 79.400002
f -3 -2 -1
v -35.400787 5.553750 74.600792
v -35.390152 5.464962 74.590157
v -40.199997 -19.000000 79.400002
f -3 -2 -1
v -40.199997 -19.000000 79.400002
v -35.390152 5.464962 74.590157
v -35.377594 5.376425 74.577591
f -3 -2 -1
v -35.363117 5.288181 74.563118
v -35.346737 5.200272 74.546730
v -40.199997 -19.000000 79.400002
f -3 -2 -1
v -35.346737 5.200272 74.546730
v -35.328449 5.112738 74.528450
v -40.199997 -19.000000 79.400002
f -3 -2 -1
v -40.199997 -19.000000 79.400002
v -35.328449 5.112738 74.528450
v -35.308270 5.025621 74.508263
f -3 -2 -1
v -35.390152 -5.464962 74.590157
v -35.400787 -5.553750 74.600792
v -40.199997 -19.000000 79.400002
f -3 -2 -1
v -35.400787 -5.553750 74.600792
v -35.409500 -5.642748 74.609505
v -40.199997 -19.000000 79.400002
f -3 -2 -1
v -40.199997 -19.000000 79.400002
v -35.409500 -5.642748 74.609505
v -35.416279 -5.731914 74.616272
f -3 -2 -1
v -27.959255 8.419723 67.159256
v -28.012493 8.491571 67.212494
v -27.199266 10.500000 66.399269
f -3 -2 -1
v -28.012493 8.491571 67.212494
v -28.067276 8.562249 67.267273
v -27.199266 10.500000 66.399269
f -3 -2 -1
v -27.199266 10.500000 66.399269
v -28.067276 8.562249 67.267273
v -28.181372 8.699960 67.381378
f -3 -2 -1
v -35.308270 6.974379 74.508263
v -35.328449 6.887262 74.528450
v -40.199997 19.000000 79.400002
f -3 -2 -1
v -35.328449 6.887262 74.528450
v -35.346737 6.799728 74.546730
v -40.199997 19.000000 79.400002
f -3 -2 -1
v -40.199997 19.000000 79.400002
v -35.346737 6.799728 74.546730
v -35.363117 6.711819 74.563118
f -3 -2 -1
v -35.308270 5.025621 74.508263
v -35.286201 4.938963 74.486206
v -40.199997 -19.000000 79.400002
f -3 -2 -1
v -35.286201 4.938963 74.486206
v -35.262268 4.852803 74.462265
v -40.199997 -19.000000 79.400002
f -3 -2 -1
v -40.199997 -19.000000 79.400002
v -35.262268 4.852803 74.462265
v -35.236469 4.767182 74.436470
f -3 -2 -1
v -35.236469 4.767182 74.436470
v -35.208820 4.682140 74.408821
v -40.199997 -19.000000 79.400002
f -3 -2 -1
v -35.208820 4.682140 74.408821
v -35.179337 4.597718 74.379333
v -40.199997 -19.000000 79.400002
f -3 -2 -1
v -40.199997 -19.000000 79.400002
v -35.179337 4.597718 74.379333
v -35.148026 4.513955 74.348022
f -3 -2 -1
v -27.907589 3.653264 67.107590
v -27.857515 3.727353 67.057510
v -28.181372 -3.300040 67.381378
f -3 -2 -1
v -27.857515 3.727353 67.057510
v -27.809059 3.802510 67.009064
v -28.181372 -3.300040 67.381378
f -3 -2 -1
v -28.181372 -3.300040 67.381378
v -27.809059 3.802510 67.009064
v -27.762245 3.878700 66.962242
f -3 -2 -1
v -35.208820 -7.317859 74.408821
v -35.179337 -7.402282 74.379333
v -40.199997 -19.000000 79.400002
f -3 -2 -1
v -35.179337 -7.402282 74.379333
v -35.148026 -7.486045 74.348022
v -40.199997 -19.000000 79.400002
f -3 -2 -1
v -40.199997 -19.000000 79.400002
v -35.148026 -7.486045 74.348022
v -35.114906 -7.569109 74.314911
f -3 -2 -1
v -27.809059 -3.802510 67.009064
v -27.857515 -3.727353 67.057510
v -23.500000 10.500000 62.700005
f -3 -2 -1
v -27.857515 -3.727353 67.057510
v -27.907589 -3.653264 67.107590
v -23.500000 10.500000 62.700005
f -3 -2 -1
v -23.500000 10.500000 62.700005
v -27.907589 -3.653264 67.107590
v -27.959255 -3.580278 67.159256
f -3 -2 -1
v -33.830044 -9.257991 73.030037
v -33.686451 -9.364592 72.886452
v -40.199997 -19.000000 79.400002
f -3 -2 -1
v -33.686451 -9.364592 72.886452
v -33.538376 -9.464868 72.738373
v -40.199997 -19.000000 79.400002
f -3 -2 -1
v -40.199997 -19.000000 79.400002
v -33.538376 -9.464868 72.738373
v -33.386089 -9.558632 72.586090
f -3 -2 -1
v -28.694067 9.197614 67.894066
v -28.835114 9.307562 68.035110
v -27.199266 19.000000 66.399269
f -3 -2 -1
v -28.835114 9.307562 68.035110
v -28.980793 9.411290 68.180794
v -27.199266 19.000000 66.399269
f -3 -2 -1
v -27.199266 19.000000 66.399269
v -28.980793 9.411290 68.180794
v -29.130831 9.508608 68.330833
f -3 -2 -1
v -27.959255 -3.580278 67.159256
v -28.012493 -3.508429 67.212494
v -23.500000 10.500000 62.700005
f -3 -2 -1
v -28.012493 -3.508429 67.212494
v -28.067276 -3.437751 67.267273
v -23.500000 10.500000 62.700005
f -3 -2 -1
v -23.500000 10.500000 62.700005
v -28.067276 -3.437751 67.267273
v -28.181372 -3.300040 67.381378
f -3 -2 -1
v -35.148026 4.513955 74.348022
v -35.114906 4.430891 74.314911
v -40.199997 -19.000000 79.400002
f -3 -2 -1
v -35.114906 4.430891 74.314911
v -35.079998 4.348563 74.279999
v -40.199997 -19.000000 79.400002
f -3 -2 -1
v -40.199997 -19.000000 79.400002
v -35.079998 4.348563 74.279999
v -35.043312 4.267012 74.243317
f -3 -2 -1
v -28.181372 -3.300040 67.381378
v -28.301331 -3.167403 67.501328
v -28.301331 3.167403 67.501328
f -3 -2 -1
v -28.301331 -3.167403 67.501328
v -28.426926 -3.040091 67.626923
v -28.301331 3.167403 67.501328
f -3 -2 -1
v -28.301331 3.167403 67.501328
v -28.426926 -3.040091 67.626923
v -28.426926 3.040091 67.626923
f -3 -2 -1
v -28.426926 -3.040091 67.626923
v -28.557919 -2.918342 67.757919
v -28.426926 3.040091 67.626923
f -3 -2 -1
v -28.426926 3.040091 67.626923
v -28.557919 -2.918342 67.757919
v -28.557919 2.918342 67.757919
f -3 -2 -1
v -35.346737 -5.200272 74.546730
v -35.363117 -5.288181 74.563118
v -40.199997 -19.000000 79.400002
f -3 -2 -1
v -35.363117 -5.288181 74.563118
v -35.377594 -5.376425 74.577591
v -40.199997 -19.000000 79.400002
f -3 -2 -1
v -40.199997 -19.000000 79.400002
v -35.377594 -5.376425 74.577591
v -35.390152 -5.464962 74.590157
f -3 -2 -1
v -29.442850 -9.683290 68.642845
v -29.284946 -9.599332 68.484947
v -27.199266 -19.000000 66.399269
f -3 -2 -1
v -29.284946 -9.599332 68.484947
v -29.130831 -9.508608 68.330833
v -27.199266 -19.000000 66.399269
f -3 -2 -1
v -27.199266 -19.000000 66.399269
v -29.130831 -9.508608 68.330833
v -28.980793 -9.411290 68.180794
f -3 -2 -1
v -35.236469 7.232818 74.436470
v -35.262268 7.147197 74.462265
v -40.199997 19.000000 79.400002
f -3 -2 -1
v -35.262268 7.147197 74.462265
v -35.286201 7.061037 74.486206
v -40.199997 19.000000 79.400002
f -3 -2 -1
v -40.199997 19.000000 79.400002
v -35.286201 7.061037 74.486206
v -35.308270 6.974379 74.508263
f -3 -2 -1
v -35.043312 4.267012 74.243317
v -35.004864 4.186275 74.204865
v -40.199997 -19.000000 79.400002
f -3 -2 -1
v -35.004864 4.186275 74.204865
v -34.964676 4.106390 74.164680
v -40.199997 -19.000000 79.400002
f -3 -2 -1
v -40.199997 -19.000000 79.400002
v -34.964676 4.106390 74.164680
v -34.922771 4.027396 74.122772
f -3 -2 -1
v -33.968880 -2.854733 73.168884
v -34.102699 -2.973369 73.302704
v -33.968880 2.854733 73.168884
f -3 -2 -1
v -28.067276 3.437751 67.267273
v -28.012493 3.508429 67.212494
v -28.181372 -3.300040 67.381378
f -3 -2 -1
v -28.012493 3.508429 67.212494
v -27.959255 3.580278 67.159256
v -28.181372 -3.300040 67.381378
f -3 -2 -1
v -28.181372 -3.300040 67.381378
v -27.959255 3.580278 67.159256
v -27.907589 3.653264 67.107590
f -3 -2 -1
v -35.114906 -7.569109 74.314911
v -35.079998 -7.651437 74.279999
v -40.199997 -19.000000 79.400002
f -3 -2 -1
v -35.079998 -7.651437 74.279999
v -35.043312 -7.732988 74.243317
v -40.199997 -19.000000 79.400002
f -3 -2 -1
v -40.199997 -19.000000 79.400002
v -35.043312 -7.732988 74.243317
v -35.004864 -7.813725 74.204865
f -3 -2 -1
v -34.354294 -3.227473 73.554291
v -34.354294 3.227473 73.554291
v -34.231255 -3.097693 73.431252
f -3 -2 -1
v -34.354294 3.227473 73.554291
v -34.231255 3.097693 73.431252
v -34.231255 -3.097693 73.431252
f -3 -2 -1
v -34.231255 -3.097693 73.431252
v -34.231255 3.097693 73.431252
v -34.102699 -2.973369 73.302704
f -3 -2 -1
v -34.231255 3.097693 73.431252
v -34.102699 2.973369 73.302704
v -34.102699 -2.973369 73.302704
f -3 -2 -1
v -34.102699 -2.973369 73.302704
v -34.102699 2.973369 73.302704
v -33.968880 2.854733 73.168884
f -3 -2 -1
v -33.070049 9.725929 72.270050
v -33.229885 9.645707 72.429878
v -40.199997 19.000000 79.400002
f -3 -2 -1
v -33.229885 9.645707 72.429878
v -33.386089 9.558632 72.586090
v -40.199997 19.000000 79.400002
f -3 -2 -1
v -40.199997 19.000000 79.400002
v -33.386089 9.558632 72.586090
v -33.538376 9.464868 72.738373
f -3 -2 -1
v -34.922771 4.027396 74.122772
v -34.879158 3.949328 74.079155
v -40.199997 -19.000000 79.400002
f -3 -2 -1
v -34.879158 3.949328 74.079155
v -34.833862 3.872224 74.033867
v -40.199997 -19.000000 79.400002
f -3 -2 -1
v -40.199997 -19.000000 79.400002
v -34.833862 3.872224 74.033867
v -34.786911 3.796120 73.986908
f -3 -2 -1
v -35.148026 7.486045 74.348022
v -35.179337 7.402282 74.379333
v -40.199997 19.000000 79.400002
f -3 -2 -1
v -35.179337 7.402282 74.379333
v -35.208820 7.317859 74.408821
v -40.199997 19.000000 79.400002
f -3 -2 -1
v -40.199997 19.000000 79.400002
v -35.208820 7.317859 74.408821
v -35.236469 7.232818 74.436470
f -3 -2 -1
v -34.786911 3.796120 73.986908
v -34.738316 3.721052 73.938316
v -40.199997 -19.000000 79.400002
f -3 -2 -1
v -34.738316 3.721052 73.938316
v -34.688107 3.647055 73.888107
v -40.199997 -19.000000 79.400002
f -3 -2 -1
v -40.199997 -19.000000 79.400002
v -34.688107 3.647055 73.888107
v -34.636307 3.574164 73.836304
f -3 -2 -1
v -35.346737 -5.200272 74.546730
v -40.199997 -19.000000 79.400002
v -35.328449 -5.112738 74.528450
f -3 -2 -1
v -40.199997 -19.000000 79.400002
v -34.354294 3.227473 73.554291
v -35.328449 -5.112738 74.528450
f -3 -2 -1
v -35.328449 -5.112738 74.528450
v -34.354294 3.227473 73.554291
v -35.308270 -5.025621 74.508263
f -3 -2 -1
v -35.004864 -7.813725 74.204865
v -34.964676 -7.893610 74.164680
v -40.199997 -19.000000 79.400002
f -3 -2 -1
v -34.964676 -7.893610 74.164680
v -34.922771 -7.972605 74.122772
v -40.199997 -19.000000 79.400002
f -3 -2 -1
v -40.199997 -19.000000 79.400002
v -34.922771 -7.972605 74.122772
v -34.879158 -8.050672 74.079155
f -3 -2 -1
v -34.636307 3.574164 73.836304
v -34.582939 3.502412 73.782936
v -40.199997 -19.000000 79.400002
f -3 -2 -1
v -34.582939 3.502412 73.782936
v -34.528023 3.431834 73.728027
v -40.199997 -19.000000 79.400002
f -3 -2 -1
v -40.199997 -19.000000 79.400002
v -34.528023 3.431834 73.728027
v -34.471596 3.362464 73.671593
f -3 -2 -1
v -35.236469 -4.767182 74.436470
v -35.262268 -4.852803 74.462265
v -34.354294 3.227473 73.554291
f -3 -2 -1
v -35.262268 -4.852803 74.462265
v -35.286201 -4.938963 74.486206
v -34.354294 3.227473 73.554291
f -3 -2 -1
v -34.354294 3.227473 73.554291
v -35.286201 -4.938963 74.486206
v -35.308270 -5.025621 74.508263
f -3 -2 -1
v -33.386089 -9.558632 72.586090
v -33.229885 -9.645707 72.429878
v -40.199997 -19.000000 79.400002
f -3 -2 -1
v -33.229885 -9.645707 72.429878
v -33.070049 -9.725929 72.270050
v -40.199997 -19.000000 79.400002
f -3 -2 -1
v -40.199997 -19.000000 79.400002
v -33.070049 -9.725929 72.270050
v -32.906891 -9.799149 72.106888
f -3 -2 -1
v -29.130831 9.508608 68.330833
v -29.284946 9.599332 68.484947
v -27.199266 19.000000 66.399269
f -3 -2 -1
v -29.284946 9.599332 68.484947
v -29.442850 9.683290 68.642845
v -27.199266 19.000000 66.399269
f -3 -2 -1
v -27.199266 19.000000 66.399269
v -29.442850 9.683290 68.642845
v -29.604242 9.760324 68.804245
f -3 -2 -1
v -28.557919 2.918342 67.757919
v -28.557919 -2.918342 67.757919
v -28.694067 2.802386 67.894066
f -3 -2 -1
v -28.557919 -2.918342 67.757919
v -28.694067 -2.802386 67.894066
v -28.694067 2.802386 67.894066
f -3 -2 -1
v -28.694067 2.802386 67.894066
v -28.694067 -2.802386 67.894066
v -28.835114 2.692439 68.035110
f -3 -2 -1
v -29.936283 -9.893059 69.136284
v -29.768826 -9.830291 68.968826
v -27.199266 -19.000000 66.399269
f -3 -2 -1
v -29.768826 -9.830291 68.968826
v -29.604242 -9.760324 68.804245
v -27.199266 -19.000000 66.399269
f -3 -2 -1
v -27.199266 -19.000000 66.399269
v -29.604242 -9.760324 68.804245
v -29.442850 -9.683290 68.642845
f -3 -2 -1
v -35.043312 7.732988 74.243317
v -35.079998 7.651437 74.279999
v -40.199997 19.000000 79.400002
f -3 -2 -1
v -35.079998 7.651437 74.279999
v -35.114906 7.569109 74.314911
v -40.199997 19.000000 79.400002
f -3 -2 -1
v -40.199997 19.000000 79.400002
v -35.114906 7.569109 74.314911
v -35.148026 7.486045 74.348022
f -3 -2 -1
v -34.879158 -8.050672 74.079155
v -34.833862 -8.127776 74.033867
v -40.199997 -19.000000 79.400002
f -3 -2 -1
v -34.833862 -8.127776 74.033867
v -34.786911 -8.203880 73.986908
v -40.199997 -19.000000 79.400002
f -3 -2 -1
v -40.199997 -19.000000 79.400002
v -34.786911 -8.203880 73.986908
v -34.738316 -8.278947 73.938316
f -3 -2 -1
v -33.968880 -2.854733 73.168884
v -33.968880 2.854733 73.168884
v -33.830044 -2.742009 73.030037
f -3 -2 -1
v -33.968880 2.854733 73.168884
v -33.830044 2.742009 73.030037
v -33.830044 -2.742009 73.030037
f -3 -2 -1
v -33.830044 -2.742009 73.030037
v -33.830044 2.742009 73.030037
v -33.686451 -2.635408 72.886452
f -3 -2 -1
v -35.148026 -4.513955 74.348022
v -35.179337 -4.597718 74.379333
v -34.354294 3.227473 73.554291
f -3 -2 -1
v -35.179337 -4.597718 74.379333
v -35.208820 -4.682140 74.408821
v -34.354294 3.227473 73.554291
f -3 -2 -1
v -34.354294 3.227473 73.554291
v -35.208820 -4.682140 74.408821
v -35.236469 -4.767182 74.436470
f -3 -2 -1
v -32.571823 9.924041 71.771820
v -32.740707 9.865227 71.940712
v -40.199997 19.000000 79.400002
f -3 -2 -1
v -32.740707 9.865227 71.940712
v -32.906891 9.799149 72.106888
v -40.199997 19.000000 79.400002
f -3 -2 -1
v -40.199997 19.000000 79.400002
v -32.906891 9.799149 72.106888
v -33.070049 9.725929 72.270050
f -3 -2 -1
v -34.922771 7.972605 74.122772
v -34.964676 7.893610 74.164680
v -40.199997 19.000000 79.400002
f -3 -2 -1
v -34.964676 7.893610 74.164680
v -35.004864 7.813725 74.204865
v -40.199997 19.000000 79.400002
f -3 -2 -1
v -40.199997 19.000000 79.400002
v -35.004864 7.813725 74.204865
v -35.043312 7.732988 74.243317
f -3 -2 -1
v -34.738316 -8.278947 73.938316
v -34.688107 -8.352944 73.888107
v -40.199997 -19.000000 79.400002
f -3 -2 -1
v -34.688107 -8.352944 73.888107
v -34.636307 -8.425837 73.836304
v -40.199997 -19.000000 79.400002
f -3 -2 -1
v -40.199997 -19.000000 79.400002
v -34.636307 -8.425837 73.836304
v -34.582939 -8.497587 73.782936
f -3 -2 -1
v -35.043312 -4.267012 74.243317
v -35.079998 -4.348563 74.279999
v -34.354294 3.227473 73.554291
f -3 -2 -1
v -35.079998 -4.348563 74.279999
v -35.114906 -4.430891 74.314911
v -34.354294 3.227473 73.554291
f -3 -2 -1
v -34.354294 3.227473 73.554291
v -35.114906 -4.430891 74.314911
v -35.148026 -4.513955 74.348022
f -3 -2 -1
v -34.582939 -8.497587 73.782936
v -34.528023 -8.568166 73.728027
v -40.199997 -19.000000 79.400002
f -3 -2 -1
v -34.528023 -8.568166 73.728027
v -34.471596 -8.637536 73.671593
v -40.199997 -19.000000 79.400002
f -3 -2 -1
v -40.199997 -19.000000 79.400002
v -34.471596 -8.637536 73.671593
v -34.354294 -8.772527 73.554291
f -3 -2 -1
v -32.906891 -9.799149 72.106888
v -32.740707 -9.865227 71.940712
v -40.199997 -19.000000 79.400002
f -3 -2 -1
v -32.740707 -9.865227 71.940712
v -32.571823 -9.924041 71.771820
v -40.199997 -19.000000 79.400002
f -3 -2 -1
v -40.199997 -19.000000 79.400002
v -32.571823 -9.924041 71.771820
v -32.400539 -9.975479 71.600540
f -3 -2 -1
v -29.604242 9.760324 68.804245
v -29.768826 9.830291 68.968826
v -27.199266 19.000000 66.399269
f -3 -2 -1
v -29.768826 9.830291 68.968826
v -29.936283 9.893059 69.136284
v -27.199266 19.000000 66.399269
f -3 -2 -1
v -27.199266 19.000000 66.399269
v -29.936283 9.893059 69.136284
v -30.106306 9.948509 69.306305
f -3 -2 -1
v -30.452759 -10.037054 69.652756
v -30.278572 -9.996537 69.478569
v -27.199266 -19.000000 66.399269
f -3 -2 -1
v -30.278572 -9.996537 69.478569
v -30.106306 -9.948509 69.306305
v -27.199266 -19.000000 66.399269
f -3 -2 -1
v -27.199266 -19.000000 66.399269
v -30.106306 -9.948509 69.306305
v -29.936283 -9.893059 69.136284
f -3 -2 -1
v -34.786911 8.203880 73.986908
v -34.833862 8.127776 74.033867
v -40.199997 19.000000 79.400002
f -3 -2 -1
v -34.833862 8.127776 74.033867
v -34.879158 8.050672 74.079155
v -40.199997 19.000000 79.400002
f -3 -2 -1
v -40.199997 19.000000 79.400002
v -34.879158 8.050672 74.079155
v -34.922771 7.972605 74.122772
f -3 -2 -1
v -34.922771 -4.027396 74.122772
v -34.964676 -4.106390 74.164680
v -34.354294 3.227473 73.554291
f -3 -2 -1
v -34.964676 -4.106390 74.164680
v -35.004864 -4.186275 74.204865
v -34.354294 3.227473 73.554291
f -3 -2 -1
v -34.354294 3.227473 73.554291
v -35.004864 -4.186275 74.204865
v -35.043312 -4.267012 74.243317
f -3 -2 -1
v -32.052105 10.055856 71.252106
v -32.227196 10.019444 71.427193
v -40.199997 19.000000 79.400002
f -3 -2 -1
v -32.227196 10.019444 71.427193
v -32.400539 9.975479 71.600540
v -40.199997 19.000000 79.400002
f -3 -2 -1
v -40.199997 19.000000 79.400002
v -32.400539 9.975479 71.600540
v -32.571823 9.924041 71.771820
f -3 -2 -1
v -34.636307 8.425837 73.836304
v -34.688107 8.352944 73.888107
v -40.199997 19.000000 79.400002
f -3 -2 -1
v -34.688107 8.352944 73.888107
v -34.738316 8.278947 73.938316
v -40.199997 19.000000 79.400002
f -3 -2 -1
v -40.199997 19.000000 79.400002
v -34.738316 8.278947 73.938316
v -34.786911 8.203880 73.986908
f -3 -2 -1
v -33.830044 2.742009 73.030037
v -33.686451 2.635408 72.886452
v -33.686451 -2.635408 72.886452
f -3 -2 -1
v -33.686451 2.635408 72.886452
v -33.538376 2.535132 72.738373
v -33.686451 -2.635408 72.886452
f -3 -2 -1
v -33.686451 -2.635408 72.886452
v -33.538376 2.535132 72.738373
v -33.538376 -2.535132 72.738373
f -3 -2 -1
v -33.538376 2.535132 72.738373
v -33.386089 -2.441368 72.586090
v -33.538376 -2.535132 72.738373
f -3 -2 -1
v -34.786911 -3.796120 73.986908
v -34.833862 -3.872224 74.033867
v -34.354294 3.227473 73.554291
f -3 -2 -1
v -34.833862 -3.872224 74.033867
v -34.879158 -3.949328 74.079155
v -34.354294 3.227473 73.554291
f -3 -2 -1
v -34.354294 3.227473 73.554291
v -34.879158 -3.949328 74.079155
v -34.922771 -4.027396 74.122772
f -3 -2 -1
v -32.400539 -9.975479 71.600540
v -32.227196 -10.019444 71.427193
v -40.199997 -19.000000 79.400002
f -3 -2 -1
v -32.227196 -10.019444 71.427193
v -32.052105 -10.055856 71.252106
v -40.199997 -19.000000 79.400002
f -3 -2 -1
v -40.199997 -19.000000 79.400002
v -32.052105 -10.055856 71.252106
v -27.199266 -19.000000 66.399269
f -3 -2 -1
v -30.106306 9.948509 69.306305
v -30.278572 9.996537 69.478569
v -27.199266 19.000000 66.399269
f -3 -2 -1
v -30.278572 9.996537 69.478569
v -30.452759 10.037054 69.652756
v -27.199266 19.000000 66.399269
f -3 -2 -1
v -27.199266 19.000000 66.399269
v -30.452759 10.037054 69.652756
v -30.628536 10.069983 69.828537
f -3 -2 -1
v -30.983547 -10.112844 70.183548
v -30.805576 -10.095262 70.005577
v -27.199266 -19.000000 66.399269
f -3 -2 -1
v -30.805576 -10.095262 70.005577
v -30.628536 -10.069983 69.828537
v -27.199266 -19.000000 66.399269
f -3 -2 -1
v -27.199266 -19.000000 66.399269
v -30.628536 -10.069983 69.828537
v -30.452759 -10.037054 69.652756
f -3 -2 -1
v -34.471596 8.637536 73.671593
v -34.528023 8.568166 73.728027
v -40.199997 19.000000 79.400002
f -3 -2 -1
v -34.528023 8.568166 73.728027
v -34.582939 8.497587 73.782936
v -40.199997 19.000000 79.400002
f -3 -2 -1
v -40.199997 19.000000 79.400002
v -34.582939 8.497587 73.782936
v -34.636307 8.425837 73.836304
f -3 -2 -1
v -32.052105 10.055856 71.252106
v -40.199997 19.000000 79.400002
v -31.875599 10.084643 71.075600
f -3 -2 -1
v -40.199997 19.000000 79.400002
v -27.199266 19.000000 66.399269
v -31.875599 10.084643 71.075600
f -3 -2 -1
v -31.875599 10.084643 71.075600
v -27.199266 19.000000 66.399269
v -31.698015 10.105753 70.898010
f -3 -2 -1
v -34.636307 -3.574164 73.836304
v -34.688107 -3.647055 73.888107
v -34.354294 3.227473 73.554291
f -3 -2 -1
v -34.688107 -3.647055 73.888107
v -34.738316 -3.721052 73.938316
v -34.354294 3.227473 73.554291
f -3 -2 -1
v -34.354294 3.227473 73.554291
v -34.738316 -3.721052 73.938316
v -34.786911 -3.796120 73.986908
f -3 -2 -1
v -32.052105 -10.055856 71.252106
v -31.875599 -10.084643 71.075600
v -27.199266 -19.000000 66.399269
f -3 -2 -1
v -31.875599 -10.084643 71.075600
v -31.698015 -10.105753 70.898010
v -27.199266 -19.000000 66.399269
f -3 -2 -1
v -27.199266 -19.000000 66.399269
v -31.698015 -10.105753 70.898010
v -31.519682 -10.119145 70.719681
f -3 -2 -1
v -28.694067 -2.802386 67.894066
v -28.835114 -2.692439 68.035110
v -28.835114 2.692439 68.035110
f -3 -2 -1
v -28.835114 -2.692439 68.035110
v -28.980793 -2.588709 68.180794
v -28.835114 2.692439 68.035110
f -3 -2 -1
v -28.835114 2.692439 68.035110
v -28.980793 -2.588709 68.180794
v -28.980793 2.588709 68.180794
f -3 -2 -1
v -28.980793 -2.588709 68.180794
v -29.130831 -2.491392 68.330833
v -28.980793 2.588709 68.180794
f -3 -2 -1
v -28.980793 2.588709 68.180794
v -29.130831 -2.491392 68.330833
v -29.130831 2.491392 68.330833
f -3 -2 -1
v -29.130831 -2.491392 68.330833
v -29.284946 -2.400669 68.484947
v -29.130831 2.491392 68.330833
f -3 -2 -1
v -29.130831 2.491392 68.330833
v -29.284946 -2.400669 68.484947
v -29.284946 2.400669 68.484947
f -3 -2 -1
v -29.284946 -2.400669 68.484947
v -29.442850 2.316711 68.642845
v -29.284946 2.400669 68.484947
f -3 -2 -1
v -34.471596 -3.362464 73.671593
v -34.528023 -3.431834 73.728027
v -34.354294 3.227473 73.554291
f -3 -2 -1
v -34.528023 -3.431834 73.728027
v -34.582939 -3.502412 73.782936
v -34.354294 3.227473 73.554291
f -3 -2 -1
v -34.354294 3.227473 73.554291
v -34.582939 -3.502412 73.782936
v -34.636307 -3.574164 73.836304
f -3 -2 -1
v -31.519682 -10.119145 70.719681
v -31.340935 -10.124797 70.540932
v -27.199266 -19.000000 66.399269
f -3 -2 -1
v -31.340935 -10.124797 70.540932
v -31.162111 -10.122695 70.362114
v -27.199266 -19.000000 66.399269
f -3 -2 -1
v -27.199266 -19.000000 66.399269
v -31.162111 -10.122695 70.362114
v -30.983547 -10.112844 70.183548
f -3 -2 -1
v -30.628536 10.069983 69.828537
v -30.805576 10.095262 70.005577
v -27.199266 19.000000 66.399269
f -3 -2 -1
v -30.805576 10.095262 70.005577
v -30.983547 10.112844 70.183548
v -27.199266 19.000000 66.399269
f -3 -2 -1
v -27.199266 19.000000 66.399269
v -30.983547 10.112844 70.183548
v -31.162111 10.122695 70.362114
f -3 -2 -1
v -33.538376 2.535132 72.738373
v -33.386089 2.441368 72.586090
v -33.386089 -2.441368 72.586090
f -3 -2 -1
v -33.386089 2.441368 72.586090
v -33.229885 2.354293 72.429878
v -33.386089 -2.441368 72.586090
f -3 -2 -1
v -33.386089 -2.441368 72.586090
v -33.229885 2.354293 72.429878
v -33.229885 -2.354293 72.429878
f -3 -2 -1
v -33.229885 2.354293 72.429878
v -33.070049 -2.274071 72.270050
v -33.229885 -2.354293 72.429878
f -3 -2 -1
v -31.162111 10.122695 70.362114
v -31.340935 10.124797 70.540932
v -27.199266 19.000000 66.399269
f -3 -2 -1
v -31.340935 10.124797 70.540932
v -31.519682 10.119145 70.719681
v -27.199266 19.000000 66.399269
f -3 -2 -1
v -27.199266 19.000000 66.399269
v -31.519682 10.119145 70.719681
v -31.698015 10.105753 70.898010
f -3 -2 -1
v -29.284946 -2.400669 68.484947
v -29.442850 -2.316711 68.642845
v -29.442850 2.316711 68.642845
f -3 -2 -1
v -29.442850 -2.316711 68.642845
v -29.604242 -2.239676 68.804245
v -29.442850 2.316711 68.642845
f -3 -2 -1
v -29.442850 2.316711 68.642845
v -29.604242 -2.239676 68.804245
v -29.604242 2.239676 68.804245
f -3 -2 -1
v -29.604242 -2.239676 68.804245
v -29.768826 2.169709 68.968826
v -29.604242 2.239676 68.804245
f -3 -2 -1
v -33.229885 2.354293 72.429878
v -33.070049 2.274071 72.270050
v -33.070049 -2.274071 72.270050
f -3 -2 -1
v -33.070049 2.274071 72.270050
v -32.906891 2.200851 72.106888
v -33.070049 -2.274071 72.270050
f -3 -2 -1
v -33.070049 -2.274071 72.270050
v -32.906891 2.200851 72.106888
v -32.906891 -2.200851 72.106888
f -3 -2 -1
v -32.906891 2.200851 72.106888
v -32.740707 2.134773 71.940712
v -32.906891 -2.200851 72.106888
f -3 -2 -1
v -32.906891 -2.200851 72.106888
v -32.740707 2.134773 71.940712
v -32.740707 -2.134773 71.940712
f -3 -2 -1
v -32.740707 2.134773 71.940712
v -32.571823 -2.075959 71.771820
v -32.740707 -2.134773 71.940712
f -3 -2 -1
v -29.604242 -2.239676 68.804245
v -29.768826 -2.169709 68.968826
v -29.768826 2.169709 68.968826
f -3 -2 -1
v -29.768826 -2.169709 68.968826
v -29.936283 -2.106941 69.136284
v -29.768826 2.169709 68.968826
f -3 -2 -1
v -29.768826 2.169709 68.968826
v -29.936283 -2.106941 69.136284
v -29.936283 2.106941 69.136284
f -3 -2 -1
v -29.936283 -2.106941 69.136284
v -30.106306 2.051491 69.306305
v -29.936283 2.106941 69.136284
f -3 -2 -1
v -32.740707 2.134773 71.940712
v -32.571823 2.075959 71.771820
v -32.571823 -2.075959 71.771820
f -3 -2 -1
v -32.571823 2.075959 71.771820
v -32.400539 2.024521 71.600540
v -32.571823 -2.075959 71.771820
f -3 -2 -1
v -32.571823 -2.075959 71.771820
v -32.400539 2.024521 71.600540
v -32.400539 -2.024521 71.600540
f -3 -2 -1
v -32.400539 2.024521 71.600540
v -32.227196 1.980556 71.427193
v -32.400539 -2.024521 71.600540
f -3 -2 -1
v -32.400539 -2.024521 71.600540
v -32.227196 1.980556 71.427193
v -32.227196 -1.980556 71.427193
f -3 -2 -1
v -29.936283 -2.106941 69.136284
v -30.106306 -2.051491 69.306305
v -30.106306 2.051491 69.306305
f -3 -2 -1
v -30.106306 -2.051491 69.306305
v -30.278572 -2.003463 69.478569
v -30.106306 2.051491 69.306305
f -3 -2 -1
v -30.106306 2.051491 69.306305
v -30.278572 -2.003463 69.478569
v -30.278572 2.003463 69.478569
f -3 -2 -1
v -30.278572 -2.003463 69.478569
v -30.452759 -1.962946 69.652756
v -30.278572 2.003463 69.478569
f -3 -2 -1
v -30.278572 2.003463 69.478569
v -30.452759 -1.962946 69.652756
v -30.452759 1.962946 69.652756
f -3 -2 -1
v -31.875599 -1.915357 71.075600
v -32.052105 -1.944144 71.252106
v -31.875599 1.915357 71.075600
f -3 -2 -1
v -32.227196 -1.980556 71.427193
v -32.227196 1.980556 71.427193
v -32.052105 -1.944144 71.252106
f -3 -2 -1
v -32.227196 1.980556 71.427193
v -32.052105 1.944144 71.252106
v -32.052105 -1.944144 71.252106
f -3 -2 -1
v -32.052105 -1.944144 71.252106
v -32.052105 1.944144 71.252106
v -31.875599 1.915357 71.075600
f -3 -2 -1
v -30.452759 1.962946 69.652756
v -30.452759 -1.962946 69.652756
v -30.628536 1.930017 69.828537
f -3 -2 -1
v -30.452759 -1.962946 69.652756
v -30.628536 -1.930017 69.828537
v -30.628536 1.930017 69.828537
f -3 -2 -1
v -30.628536 1.930017 69.828537
v -30.628536 -1.930017 69.828537
v -30.805576 -1.904738 70.005577
f -3 -2 -1
v -31.519682 -1.880854 70.719681
v -31.698015 -1.894247 70.898010
v -31.519682 1.880854 70.719681
f -3 -2 -1
v -31.875599 -1.915357 71.075600
v -31.875599 1.915357 71.075600
v -31.698015 -1.894247 70.898010
f -3 -2 -1
v -31.875599 1.915357 71.075600
v -31.698015 1.894247 70.898010
v -31.698015 -1.894247 70.898010
f -3 -2 -1
v -31.698015 -1.894247 70.898010
v -31.698015 1.894247 70.898010
v -31.519682 1.880854 70.719681
f -3 -2 -1
v -31.519682 -1.880854 70.719681
v -31.519682 1.880854 70.719681
v -31.340935 -1.875203 70.540932
f -3 -2 -1
v -31.519682 1.880854 70.719681
v -31.340935 1.875203 70.540932
v -31.340935 -1.875203 70.540932
f -3 -2 -1
v -31.340935 -1.875203 70.540932
v -31.340935 1.875203 70.540932
v -31.162111 -1.877305 70.362114
f -3 -2 -1
v -31.340935 1.875203 70.540932
v -31.162111 1.877305 70.362114
v -31.162111 -1.877305 70.362114
f -3 -2 -1
v -31.162111 -1.877305 70.362114
v -31.162111 1.877305 70.362114
v -30.983547 -1.887156 70.183548
f -3 -2 -1
v -31.162111 1.877305 70.362114
v -30.983547 1.887156 70.183548
v -30.983547 -1.887156 70.183548
f -3 -2 -1
v -30.983547 -1.887156 70.183548
v -30.983547 1.887156 70.183548
v -30.805576 -1.904738 70.005577
f -3 -2 -1
v -30.983547 1.887156 70.183548
v -30.805576 1.904738 70.005577
v -30.805576 -1.904738 70.005577
f -3 -2 -1
v -30.805576 -1.904738 70.005577
v -30.805576 1.904738 70.005577
v -30.628536 1.930017 69.828537
f -3 -2 -1
v -5.200000 19.000000 83.250000
v -5.200000 16.000000 83.250000
v -5.058237 19.000000 83.253090
f -3 -2 -1
v -5.200000 16.000000 83.250000
v -5.058237 16.000000 83.253090
v -5.058237 19.000000 83.253090
f -3 -2 -1
v -5.058237 19.000000 83.253090
v -5.058237 16.000000 83.253090
v -4.916744 19.000000 83.262367
f -3 -2 -1
v -5.058237 16.000000 83.253090
v -4.916744 16.000000 83.262367
v -4.916744 19.000000 83.262367
f -3 -2 -1
v -4.916744 19.000000 83.262367
v -4.916744 16.000000 83.262367
v -4.775790 19.000000 83.277809
f -3 -2 -1
v -4.916744 16.000000 83.262367
v -4.775790 16.000000 83.277809
v -4.775790 19.000000 83.277809
f -3 -2 -1
v -4.775790 19.000000 83.277809
v -4.775790 16.000000 83.277809
v -4.635643 19.000000 83.299377
f -3 -2 -1
v -4.775790 16.000000 83.277809
v -4.635643 16.000000 83.299377
v -4.635643 19.000000 83.299377
f -3 -2 -1
v -4.635643 19.000000 83.299377
v -4.635643 16.000000 83.299377
v -4.496571 19.000000 83.327042
f -3 -2 -1
v -4.635643 16.000000 83.299377
v -4.496571 16.000000 83.327042
v -4.496571 19.000000 83.327042
f -3 -2 -1
v -4.496571 19.000000 83.327042
v -4.496571 16.000000 83.327042
v -4.358838 19.000000 83.360741
f -3 -2 -1
v -4.496571 16.000000 83.327042
v -4.358838 16.000000 83.360741
v -4.358838 19.000000 83.360741
f -3 -2 -1
v -4.358838 19.000000 83.360741
v -4.358838 16.000000 83.360741
v -4.222706 19.000000 83.400421
f -3 -2 -1
v -4.358838 16.000000 83.360741
v -4.222706 16.000000 83.400421
v -4.222706 19.000000 83.400421
f -3 -2 -1
v -4.222706 19.000000 83.400421
v -4.222706 16.000000 83.400421
v -4.088434 19.000000 83.445999
f -3 -2 -1
v -4.222706 16.000000 83.400421
v -4.088434 16.000000 83.445999
v -4.088434 19.000000 83.445999
f -3 -2 -1
v -4.088434 19.000000 83.445999
v -4.088434 16.000000 83.445999
v -3.956279 19.000000 83.497391
f -3 -2 -1
v -4.088434 16.000000 83.445999
v -3.956279 16.000000 83.497391
v -3.956279 19.000000 83.497391
f -3 -2 -1
v -3.956279 19.000000 83.497391
v -3.956279 16.000000 83.497391
v -3.826491 19.000000 83.554497
f -3 -2 -1
v -3.956279 16.000000 83.497391
v -3.826491 16.000000 83.554497
v -3.826491 19.000000 83.554497
f -3 -2 -1
v -3.826491 19.000000 83.554497
v -3.826491 16.000000 83.554497
v -3.699317 19.000000 83.617218
f -3 -2 -1
v -3.826491 16.000000 83.554497
v -3.699317 16.000000 83.617218
v -3.699317 19.000000 83.617218
f -3 -2 -1
v -3.699317 19.000000 83.617218
v -3.699317 16.000000 83.617218
v -3.575000 19.000000 83.685417
f -3 -2 -1
v -3.699317 16.000000 83.617218
v -3.575000 16.000000 83.685417
v -3.575000 19.000000 83.685417
f -3 -2 -1
v -3.575000 19.000000 83.685417
v -3.575000 16.000000 83.685417
v -3.453776 19.000000 83.758980
f -3 -2 -1
v -3.575000 16.000000 83.685417
v -3.453776 16.000000 83.758980
v -3.453776 19.000000 83.758980
f -3 -2 -1
v -3.453776 19.000000 83.758980
v -3.453776 16.000000 83.758980
v -3.335877 19.000000 83.837753
f -3 -2 -1
v -3.453776 16.000000 83.758980
v -3.335877 16.000000 83.837753
v -3.335877 19.000000 83.837753
f -3 -2 -1
v -3.335877 19.000000 83.837753
v -3.335877 16.000000 83.837753
v -3.221525 19.000000 83.921600
f -3 -2 -1
v -3.335877 16.000000 83.837753
v -3.221525 16.000000 83.921600
v -3.221525 19.000000 83.921600
f -3 -2 -1
v -3.221525 19.000000 83.921600
v -3.221525 16.000000 83.921600
v -3.110940 19.000000 84.010353
f -3 -2 -1
v -3.221525 16.000000 83.921600
v -3.110940 16.000000 84.010353
v -3.110940 19.000000 84.010353
f -3 -2 -1
v -3.110940 19.000000 84.010353
v -3.110940 16.000000 84.010353
v -3.004332 19.000000 84.103844
f -3 -2 -1
v -3.110940 16.000000 84.010353
v -3.004332 16.000000 84.103844
v -3.004332 19.000000 84.103844
f -3 -2 -1
v -3.004332 19.000000 84.103844
v -3.004332 16.000000 84.103844
v -2.901903 19.000000 84.201904
f -3 -2 -1
v -3.004332 16.000000 84.103844
v -2.901903 16.000000 84.201904
v -2.901903 19.000000 84.201904
f -3 -2 -1
v -2.901903 19.000000 84.201904
v -2.901903 16.000000 84.201904
v -2.803849 19.000000 84.304337
f -3 -2 -1
v -2.901903 16.000000 84.201904
v -2.803849 16.000000 84.304337
v -2.803849 19.000000 84.304337
f -3 -2 -1
v -2.803849 19.000000 84.304337
v -2.803849 16.000000 84.304337
v -2.710356 19.000000 84.410942
f -3 -2 -1
v -2.803849 16.000000 84.304337
v -2.710356 16.000000 84.410942
v -2.710356 19.000000 84.410942
f -3 -2 -1
v -2.710356 19.000000 84.410942
v -2.710356 16.000000 84.410942
v -2.621602 19.000000 84.521523
f -3 -2 -1
v -2.710356 16.000000 84.410942
v -2.621602 16.000000 84.521523
v -2.621602 19.000000 84.521523
f -3 -2 -1
v -2.621602 19.000000 84.521523
v -2.621602 16.000000 84.521523
v -2.537756 19.000000 84.635880
f -3 -2 -1
v -2.621602 16.000000 84.521523
v -2.537756 16.000000 84.635880
v -2.537756 19.000000 84.635880
f -3 -2 -1
v -2.537756 19.000000 84.635880
v -2.537756 16.000000 84.635880
v -2.458978 19.000000 84.753777
f -3 -2 -1
v -2.537756 16.000000 84.635880
v -2.458978 16.000000 84.753777
v -2.458978 19.000000 84.753777
f -3 -2 -1
v -2.458978 19.000000 84.753777
v -2.458978 16.000000 84.753777
v -2.385417 19.000000 84.875000
f -3 -2 -1
v -2.458978 16.000000 84.753777
v -2.385417 16.000000 84.875000
v -2.385417 19.000000 84.875000
f -3 -2 -1
v -2.385417 19.000000 84.875000
v -2.385417 16.000000 84.875000
v -2.317215 19.000000 84.999313
f -3 -2 -1
v -2.385417 16.000000 84.875000
v -2.317215 16.000000 84.999313
v -2.317215 19.000000 84.999313
f -3 -2 -1
v -2.317215 19.000000 84.999313
v -2.317215 16.000000 84.999313
v -2.254500 19.000000 85.126488
f -3 -2 -1
v -2.317215 16.000000 84.999313
v -2.254500 16.000000 85.126488
v -2.254500 19.000000 85.126488
f -3 -2 -1
v -2.254500 19.000000 85.126488
v -2.254500 16.000000 85.126488
v -2.197392 19.000000 85.256279
f -3 -2 -1
v -2.254500 16.000000 85.126488
v -2.197392 16.000000 85.256279
v -2.197392 19.000000 85.256279
f -3 -2 -1
v -2.197392 19.000000 85.256279
v -2.197392 16.000000 85.256279
v -2.145999 19.000000 85.388435
f -3 -2 -1
v -2.197392 16.000000 85.256279
v -2.145999 16.000000 85.388435
v -2.145999 19.000000 85.388435
f -3 -2 -1
v -2.145999 19.000000 85.388435
v -2.145999 16.000000 85.388435
v -2.100420 19.000000 85.522705
f -3 -2 -1
v -2.145999 16.000000 85.388435
v -2.100420 16.000000 85.522705
v -2.100420 19.000000 85.522705
f -3 -2 -1
v -2.100420 19.000000 85.522705
v -2.100420 16.000000 85.522705
v -2.060741 19.000000 85.658844
f -3 -2 -1
v -2.100420 16.000000 85.522705
v -2.060741 16.000000 85.658844
v -2.060741 19.000000 85.658844
f -3 -2 -1
v -2.060741 19.000000 85.658844
v -2.060741 16.000000 85.658844
v -2.027038 19.000000 85.796570
f -3 -2 -1
v -2.060741 16.000000 85.658844
v -2.027038 16.000000 85.796570
v -2.027038 19.000000 85.796570
f -3 -2 -1
v -2.027038 19.000000 85.796570
v -2.027038 16.000000 85.796570
v -1.999375 19.000000 85.935646
f -3 -2 -1
v -2.027038 16.000000 85.796570
v -1.999375 16.000000 85.935646
v -1.999375 19.000000 85.935646
f -3 -2 -1
v -1.999375 19.000000 85.935646
v -1.999375 16.000000 85.935646
v -1.977804 19.000000 86.075790
f -3 -2 -1
v -1.999375 16.000000 85.935646
v -1.977804 16.000000 86.075790
v -1.977804 19.000000 86.075790
f -3 -2 -1
v -1.977804 19.000000 86.075790
v -1.977804 16.000000 86.075790
v -1.962367 19.000000 86.216743
f -3 -2 -1
v -1.977804 16.000000 86.075790
v -1.962367 16.000000 86.216743
v -1.962367 19.000000 86.216743
f -3 -2 -1
v -1.962367 19.000000 86.216743
v -1.962367 16.000000 86.216743
v -1.953093 19.000000 86.358231
f -3 -2 -1
v -1.962367 16.000000 86.216743
v -1.953093 16.000000 86.358231
v -1.953093 19.000000 86.358231
f -3 -2 -1
v -1.953093 19.000000 86.358231
v -1.953093 16.000000 86.358231
v -1.950000 19.000000 86.500000
f -3 -2 -1
v -1.953093 16.000000 86.358231
v -1.950000 16.000000 86.500000
v -1.950000 19.000000 86.500000
f -3 -2 -1
v -1.950000 19.000000 86.500000
v -1.950000 16.000000 86.500000
v -1.953093 19.000000 86.641769
f -3 -2 -1
v -1.950000 16.000000 86.500000
v -1.953093 16.000000 86.641769
v -1.953093 19.000000 86.641769
f -3 -2 -1
v -1.953093 19.000000 86.641769
v -1.953093 16.000000 86.641769
v -1.962367 19.000000 86.783249
f -3 -2 -1
v -1.953093 16.000000 86.641769
v -1.962367 16.000000 86.783249
v -1.962367 19.000000 86.783249
f -3 -2 -1
v -1.962367 19.000000 86.783249
v -1.962367 16.000000 86.783249
v -1.977804 19.000000 86.924210
f -3 -2 -1
v -1.962367 16.000000 86.783249
v -1.977804 16.000000 86.924210
v -1.977804 19.000000 86.924210
f -3 -2 -1
v -1.977804 19.000000 86.924210
v -1.977804 16.000000 86.924210
v -1.999375 19.000000 87.064354
f -3 -2 -1
v -1.977804 16.000000 86.924210
v -1.999375 16.000000 87.064354
v -1.999375 19.000000 87.064354
f -3 -2 -1
v -1.999375 19.000000 87.064354
v -1.999375 16.000000 87.064354
v -2.027038 19.000000 87.203430
f -3 -2 -1
v -1.999375 16.000000 87.064354
v -2.027038 16.000000 87.203430
v -2.027038 19.000000 87.203430
f -3 -2 -1
v -2.027038 19.000000 87.203430
v -2.027038 16.000000 87.203430
v -2.060741 19.000000 87.341156
f -3 -2 -1
v -2.027038 16.000000 87.203430
v -2.060741 16.000000 87.341156
v -2.060741 19.000000 87.341156
f -3 -2 -1
v -2.060741 19.000000 87.341156
v -2.060741 16.000000 87.341156
v -2.100420 19.000000 87.477295
f -3 -2 -1
v -2.060741 16.000000 87.341156
v -2.100420 16.000000 87.477295
v -2.100420 19.000000 87.477295
f -3 -2 -1
v -2.100420 19.000000 87.477295
v -2.100420 16.000000 87.477295
v -2.145999 19.000000 87.611565
f -3 -2 -1
v -2.100420 16.000000 87.477295
v -2.145999 16.000000 87.611565
v -2.145999 19.000000 87.611565
f -3 -2 -1
v -2.145999 19.000000 87.611565
v -2.145999 16.000000 87.611565
v -2.197392 19.000000 87.743721
f -3 -2 -1
v -2.145999 16.000000 87.611565
v -2.197392 16.000000 87.743721
v -2.197392 19.000000 87.743721
f -3 -2 -1
v -2.197392 19.000000 87.743721
v -2.197392 16.000000 87.743721
v -2.254500 19.000000 87.873512
f -3 -2 -1
v -2.197392 16.000000 87.743721
v -2.254500 16.000000 87.873512
v -2.254500 19.000000 87.873512
f -3 -2 -1
v -2.254500 19.000000 87.873512
v -2.254500 16.000000 87.873512
v -2.317215 19.000000 88.000687
f -3 -2 -1
v -2.254500 16.000000 87.873512
v -2.317215 16.000000 88.000687
v -2.317215 19.000000 88.000687
f -3 -2 -1
v -2.317215 19.000000 88.000687
v -2.317215 16.000000 88.000687
v -2.385417 19.000000 88.125000
f -3 -2 -1
v -2.317215 16.000000 88.000687
v -2.385417 16.000000 88.125000
v -2.385417 19.000000 88.125000
f -3 -2 -1
v -2.385417 19.000000 88.125000
v -2.385417 16.000000 88.125000
v -2.458978 19.000000 88.246223
f -3 -2 -1
v -2.385417 16.000000 88.125000
v -2.458978 16.000000 88.246223
v -2.458978 19.000000 88.246223
f -3 -2 -1
v -2.458978 19.000000 88.246223
v -2.458978 16.000000 88.246223
v -2.537756 19.000000 88.364120
f -3 -2 -1
v -2.458978 16.000000 88.246223
v -2.537756 16.000000 88.364120
v -2.537756 19.000000 88.364120
f -3 -2 -1
v -2.537756 19.000000 88.364120
v -2.537756 16.000000 88.364120
v -2.621602 19.000000 88.478477
f -3 -2 -1
v -2.537756 16.000000 88.364120
v -2.621602 16.000000 88.478477
v -2.621602 19.000000 88.478477
f -3 -2 -1
v -2.621602 19.000000 88.478477
v -2.621602 16.000000 88.478477
v -2.710356 19.000000 88.589058
f -3 -2 -1
v -2.621602 16.000000 88.478477
v -2.710356 16.000000 88.589058
v -2.710356 19.000000 88.589058
f -3 -2 -1
v -2.710356 19.000000 88.589058
v -2.710356 16.000000 88.589058
v -2.803849 19.000000 88.695671
f -3 -2 -1
v -2.710356 16.000000 88.589058
v -2.803849 16.000000 88.695671
v -2.803849 19.000000 88.695671
f -3 -2 -1
v -2.803849 19.000000 88.695671
v -2.803849 16.000000 88.695671
v -2.901903 19.000000 88.798096
f -3 -2 -1
v -2.803849 16.000000 88.695671
v -2.901903 16.000000 88.798096
v -2.901903 19.000000 88.798096
f -3 -2 -1
v -2.901903 19.000000 88.798096
v -2.901903 16.000000 88.798096
v -3.004332 19.000000 88.896149
f -3 -2 -1
v -2.901903 16.000000 88.798096
v -3.004332 16.000000 88.896149
v -3.004332 19.000000 88.896149
f -3 -2 -1
v -3.004332 19.000000 88.896149
v -3.004332 16.000000 88.896149
v -3.110940 19.000000 88.989647
f -3 -2 -1
v -3.004332 16.000000 88.896149
v -3.110940 16.000000 88.989647
v -3.110940 19.000000 88.989647
f -3 -2 -1
v -3.110940 19.000000 88.989647
v -3.110940 16.000000 88.989647
v -3.221525 19.000000 89.078400
f -3 -2 -1
v -3.110940 16.000000 88.989647
v -3.221525 16.000000 89.078400
v -3.221525 19.000000 89.078400
f -3 -2 -1
v -3.221525 19.000000 89.078400
v -3.221525 16.000000 89.078400
v -3.335877 19.000000 89.162247
f -3 -2 -1
v -3.221525 16.000000 89.078400
v -3.335877 16.000000 89.162247
v -3.335877 19.000000 89.162247
f -3 -2 -1
v -3.335877 19.000000 89.162247
v -3.335877 16.000000 89.162247
v -3.453776 19.000000 89.241020
f -3 -2 -1
v -3.335877 16.000000 89.162247
v -3.453776 16.000000 89.241020
v -3.453776 19.000000 89.241020
f -3 -2 -1
v -3.453776 19.000000 89.241020
v -3.453776 16.000000 89.241020
v -3.575000 19.000000 89.314583
f -3 -2 -1
v -3.453776 16.000000 89.241020
v -3.575000 16.000000 89.314583
v -3.575000 19.000000 89.314583
f -3 -2 -1
v -3.575000 19.000000 89.314583
v -3.575000 16.000000 89.314583
v -3.699317 19.000000 89.382782
f -3 -2 -1
v -3.575000 16.000000 89.314583
v -3.699317 16.000000 89.382782
v -3.699317 19.000000 89.382782
f -3 -2 -1
v -3.699317 19.000000 89.382782
v -3.699317 16.000000 89.382782
v -3.826491 19.000000 89.445503
f -3 -2 -1
v -3.699317 16.000000 89.382782
v -3.826491 16.000000 89.445503
v -3.826491 19.000000 89.445503
f -3 -2 -1
v -3.826491 19.000000 89.445503
v -3.826491 16.000000 89.445503
v -3.956279 19.000000 89.502609
f -3 -2 -1
v -3.826491 16.000000 89.445503
v -3.956279 16.000000 89.502609
v -3.956279 19.000000 89.502609
f -3 -2 -1
v -3.956279 19.000000 89.502609
v -3.956279 16.000000 89.502609
v -4.088434 19.000000 89.554001
f -3 -2 -1
v -3.956279 16.000000 89.502609
v -4.088434 16.000000 89.554001
v -4.088434 19.000000 89.554001
f -3 -2 -1
v -4.088434 19.000000 89.554001
v -4.088434 16.000000 89.554001
v -4.222706 19.000000 89.599579
f -3 -2 -1
v -4.088434 16.000000 89.554001
v -4.222706 16.000000 89.599579
v -4.222706 19.000000 89.599579
f -3 -2 -1
v -4.222706 19.000000 89.599579
v -4.222706 16.000000 89.599579
v -4.358838 19.000000 89.639259
f -3 -2 -1
v -4.222706 16.000000 89.599579
v -4.358838 16.000000 89.639259
v -4.358838 19.000000 89.639259
f -3 -2 -1
v -4.358838 19.000000 89.639259
v -4.358838 16.000000 89.639259
v -4.496571 19.000000 89.672958
f -3 -2 -1
v -4.358838 16.000000 89.639259
v -4.496571 16.000000 89.672958
v -4.496571 19.000000 89.672958
f -3 -2 -1
v -4.496571 19.000000 89.672958
v -4.496571 16.000000 89.672958
v -4.635643 19.000000 89.700623
f -3 -2 -1
v -4.496571 16.000000 89.672958
v -4.635643 16.000000 89.700623
v -4.635643 19.000000 89.700623
f -3 -2 -1
v -4.635643 19.000000 89.700623
v -4.635643 16.000000 89.700623
v -4.775790 19.000000 89.722191
f -3 -2 -1
v -4.635643 16.000000 89.700623
v -4.775790 16.000000 89.722191
v -4.775790 19.000000 89.722191
f -3 -2 -1
v -4.775790 19.000000 89.722191
v -4.775790 16.000000 89.722191
v -4.916744 19.000000 89.737633
f -3 -2 -1
v -4.775790 16.000000 89.722191
v -4.916744 16.000000 89.737633
v -4.916744 19.000000 89.737633
f -3 -2 -1
v -4.916744 19.000000 89.737633
v -4.916744 16.000000 89.737633
v -5.058237 19.000000 89.746910
f -3 -2 -1
v -4.916744 16.000000 89.737633
v -5.058237 16.000000 89.746910
v -5.058237 19.000000 89.746910
f -3 -2 -1
v -5.058237 19.000000 89.746910
v -5.058237 16.000000 89.746910
v -5.200000 19.000000 89.750000
f -3 -2 -1
v -5.058237 16.000000 89.746910
v -5.200000 16.000000 89.750000
v -5.200000 19.000000 89.750000
f -3 -2 -1
v -5.200000 19.000000 89.750000
v -5.200000 16.000000 89.750000
v -5.341763 19.000000 89.746910
f -3 -2 -1
v -5.200000 16.000000 89.750000
v -5.341763 16.000000 89.746910
v -5.341763 19.000000 89.746910
f -3 -2 -1
v -5.341763 19.000000 89.746910
v -5.341763 16.000000 89.746910
v -5.483256 19.000000 89.737633
f -3 -2 -1
v -5.341763 16.000000 89.746910
v -5.483256 16.000000 89.737633
v -5.483256 19.000000 89.737633
f -3 -2 -1
v -5.483256 19.000000 89.737633
v -5.483256 16.000000 89.737633
v -5.624210 19.000000 89.722191
f -3 -2 -1
v -5.483256 16.000000 89.737633
v -5.624210 16.000000 89.722191
v -5.624210 19.000000 89.722191
f -3 -2 -1
v -5.624210 19.000000 89.722191
v -5.624210 16.000000 89.722191
v -5.764356 19.000000 89.700623
f -3 -2 -1
v -5.624210 16.000000 89.722191
v -5.764356 16.000000 89.700623
v -5.764356 19.000000 89.700623
f -3 -2 -1
v -5.764356 19.000000 89.700623
v -5.764356 16.000000 89.700623
v -5.903429 19.000000 89.672958
f -3 -2 -1
v -5.764356 16.000000 89.700623
v -5.903429 16.000000 89.672958
v -5.903429 19.000000 89.672958
f -3 -2 -1
v -5.903429 19.000000 89.672958
v -5.903429 16.000000 89.672958
v -6.041162 19.000000 89.639259
f -3 -2 -1
v -5.903429 16.000000 89.672958
v -6.041162 16.000000 89.639259
v -6.041162 19.000000 89.639259
f -3 -2 -1
v -6.041162 19.000000 89.639259
v -6.041162 16.000000 89.639259
v -6.177294 19.000000 89.599579
f -3 -2 -1
v -6.041162 16.000000 89.639259
v -6.177294 16.000000 89.599579
v -6.177294 19.000000 89.599579
f -3 -2 -1
v -6.177294 19.000000 89.599579
v -6.177294 16.000000 89.599579
v -6.311565 19.000000 89.554001
f -3 -2 -1
v -6.177294 16.000000 89.599579
v -6.311565 16.000000 89.554001
v -6.311565 19.000000 89.554001
f -3 -2 -1
v -6.311565 19.000000 89.554001
v -6.311565 16.000000 89.554001
v -6.443721 19.000000 89.502609
f -3 -2 -1
v -6.311565 16.000000 89.554001
v -6.443721 16.000000 89.502609
v -6.443721 19.000000 89.502609
f -3 -2 -1
v -6.443721 19.000000 89.502609
v -6.443721 16.000000 89.502609
v -6.573509 19.000000 89.445503
f -3 -2 -1
v -6.443721 16.000000 89.502609
v -6.573509 16.000000 89.445503
v -6.573509 19.000000 89.445503
f -3 -2 -1
v -6.573509 19.000000 89.445503
v -6.573509 16.000000 89.445503
v -6.700683 19.000000 89.382782
f -3 -2 -1
v -6.573509 16.000000 89.445503
v -6.700683 16.000000 89.382782
v -6.700683 19.000000 89.382782
f -3 -2 -1
v -6.700683 19.000000 89.382782
v -6.700683 16.000000 89.382782
v -6.825000 19.000000 89.314583
f -3 -2 -1
v -6.700683 16.000000 89.382782
v -6.825000 16.000000 89.314583
v -6.825000 19.000000 89.314583
f -3 -2 -1
v -6.825000 19.000000 89.314583
v -6.825000 16.000000 89.314583
v -6.946224 19.000000 89.241020
f -3 -2 -1
v -6.825000 16.000000 89.314583
v -6.946224 16.000000 89.241020
v -6.946224 19.000000 89.241020
f -3 -2 -1
v -6.946224 19.000000 89.241020
v -6.946224 16.000000 89.241020
v -7.064124 19.000000 89.162247
f -3 -2 -1
v -6.946224 16.000000 89.241020
v -7.064124 16.000000 89.162247
v -7.064124 19.000000 89.162247
f -3 -2 -1
v -7.064124 19.000000 89.162247
v -7.064124 16.000000 89.162247
v -7.178475 19.000000 89.078400
f -3 -2 -1
v -7.064124 16.000000 89.162247
v -7.178475 16.000000 89.078400
v -7.178475 19.000000 89.078400
f -3 -2 -1
v -7.178475 19.000000 89.078400
v -7.178475 16.000000 89.078400
v -7.289060 19.000000 88.989647
f -3 -2 -1
v -7.178475 16.000000 89.078400
v -7.289060 16.000000 88.989647
v -7.289060 19.000000 88.989647
f -3 -2 -1
v -7.289060 19.000000 88.989647
v -7.289060 16.000000 88.989647
v -7.395668 19.000000 88.896149
f -3 -2 -1
v -7.289060 16.000000 88.989647
v -7.395668 16.000000 88.896149
v -7.395668 19.000000 88.896149
f -3 -2 -1
v -7.395668 19.000000 88.896149
v -7.395668 16.000000 88.896149
v -7.498097 19.000000 88.798096
f -3 -2 -1
v -7.395668 16.000000 88.896149
v -7.498097 16.000000 88.798096
v -7.498097 19.000000 88.798096
f -3 -2 -1
v -7.498097 19.000000 88.798096
v -7.498097 16.000000 88.798096
v -7.596151 19.000000 88.695671
f -3 -2 -1
v -7.498097 16.000000 88.798096
v -7.596151 16.000000 88.695671
v -7.596151 19.000000 88.695671
f -3 -2 -1
v -7.596151 19.000000 88.695671
v -7.596151 16.000000 88.695671
v -7.689645 19.000000 88.589058
f -3 -2 -1
v -7.596151 16.000000 88.695671
v -7.689645 16.000000 88.589058
v -7.689645 19.000000 88.589058
f -3 -2 -1
v -7.689645 19.000000 88.589058
v -7.689645 16.000000 88.589058
v -7.778398 19.000000 88.478477
f -3 -2 -1
v -7.689645 16.000000 88.589058
v -7.778398 16.000000 88.478477
v -7.778398 19.000000 88.478477
f -3 -2 -1
v -7.778398 19.000000 88.478477
v -7.778398 16.000000 88.478477
v -7.862244 19.000000 88.364120
f -3 -2 -1
v -7.778398 16.000000 88.478477
v -7.862244 16.000000 88.364120
v -7.862244 19.000000 88.364120
f -3 -2 -1
v -7.862244 19.000000 88.364120
v -7.862244 16.000000 88.364120
v -7.941022 19.000000 88.246223
f -3 -2 -1
v -7.862244 16.000000 88.364120
v -7.941022 16.000000 88.246223
v -7.941022 19.000000 88.246223
f -3 -2 -1
v -7.941022 19.000000 88.246223
v -7.941022 16.000000 88.246223
v -8.014582 19.000000 88.125000
f -3 -2 -1
v -7.941022 16.000000 88.246223
v -8.014582 16.000000 88.125000
v -8.014582 19.000000 88.125000
f -3 -2 -1
v -8.014582 19.000000 88.125000
v -8.014582 16.000000 88.125000
v -8.082786 19.000000 88.000687
f -3 -2 -1
v -8.014582 16.000000 88.125000
v -8.082786 16.000000 88.000687
v -8.082786 19.000000 88.000687
f -3 -2 -1
v -8.082786 19.000000 88.000687
v -8.082786 16.000000 88.000687
v -8.145500 19.000000 87.873512
f -3 -2 -1
v -8.082786 16.000000 88.000687
v -8.145500 16.000000 87.873512
v -8.145500 19.000000 87.873512
f -3 -2 -1
v -8.145500 19.000000 87.873512
v -8.145500 16.000000 87.873512
v -8.202609 19.000000 87.743721
f -3 -2 -1
v -8.145500 16.000000 87.873512
v -8.202609 16.000000 87.743721
v -8.202609 19.000000 87.743721
f -3 -2 -1
v -8.202609 19.000000 87.743721
v -8.202609 16.000000 87.743721
v -8.254001 19.000000 87.611565
f -3 -2 -1
v -8.202609 16.000000 87.743721
v -8.254001 16.000000 87.611565
v -8.254001 19.000000 87.611565
f -3 -2 -1
v -8.254001 19.000000 87.611565
v -8.254001 16.000000 87.611565
v -8.299580 19.000000 87.477295
f -3 -2 -1
v -8.254001 16.000000 87.611565
v -8.299580 16.000000 87.477295
v -8.299580 19.000000 87.477295
f -3 -2 -1
v -8.299580 19.000000 87.477295
v -8.299580 16.000000 87.477295
v -8.339259 19.000000 87.341156
f -3 -2 -1
v -8.299580 16.000000 87.477295
v -8.339259 16.000000 87.341156
v -8.339259 19.000000 87.341156
f -3 -2 -1
v -8.339259 19.000000 87.341156
v -8.339259 16.000000 87.341156
v -8.372963 19.000000 87.203430
f -3 -2 -1
v -8.339259 16.000000 87.341156
v -8.372963 16.000000 87.203430
v -8.372963 19.000000 87.203430
f -3 -2 -1
v -8.372963 19.000000 87.203430
v -8.372963 16.000000 87.203430
v -8.400625 19.000000 87.064354
f -3 -2 -1
v -8.372963 16.000000 87.203430
v -8.400625 16.000000 87.064354
v -8.400625 19.000000 87.064354
f -3 -2 -1
v -8.400625 19.000000 87.064354
v -8.400625 16.000000 87.064354
v -8.422195 19.000000 86.924210
f -3 -2 -1
v -8.400625 16.000000 87.064354
v -8.422195 16.000000 86.924210
v -8.422195 19.000000 86.924210
f -3 -2 -1
v -8.422195 19.000000 86.924210
v -8.422195 16.000000 86.924210
v -8.437633 19.000000 86.783249
f -3 -2 -1
v -8.422195 16.000000 86.924210
v -8.437633 16.000000 86.783249
v -8.437633 19.000000 86.783249
f -3 -2 -1
v -8.437633 19.000000 86.783249
v -8.437633 16.000000 86.783249
v -8.446907 19.000000 86.641769
f -3 -2 -1
v -8.437633 16.000000 86.783249
v -8.446907 16.000000 86.641769
v -8.446907 19.000000 86.641769
f -3 -2 -1
v -8.446907 19.000000 86.641769
v -8.446907 16.000000 86.641769
v -8.450000 19.000000 86.500000
f -3 -2 -1
v -8.446907 16.000000 86.641769
v -8.450000 16.000000 86.500000
v -8.450000 19.000000 86.500000
f -3 -2 -1
v -8.450000 19.000000 86.500000
v -8.450000 16.000000 86.500000
v -8.446907 19.000000 86.358231
f -3 -2 -1
v -8.450000 16.000000 86.500000
v -8.446907 16.000000 86.358231
v -8.446907 19.000000 86.358231
f -3 -2 -1
v -8.446907 19.000000 86.358231
v -8.446907 16.000000 86.358231
v -8.437633 19.000000 86.216743
f -3 -2 -1
v -8.446907 16.000000 86.358231
v -8.437633 16.000000 86.216743
v -8.437633 19.000000 86.216743
f -3 -2 -1
v -8.437633 19.000000 86.216743
v -8.437633 16.000000 86.216743
v -8.422195 19.000000 86.075790
f -3 -2 -1
v -8.437633 16.000000 86.216743
v -8.422195 16.000000 86.075790
v -8.422195 19.000000 86.075790
f -3 -2 -1
v -8.422195 19.000000 86.075790
v -8.422195 16.000000 86.075790
v -8.400625 19.000000 85.935646
f -3 -2 -1
v -8.422195 16.000000 86.075790
v -8.400625 16.000000 85.935646
v -8.400625 19.000000 85.935646
f -3 -2 -1
v -8.400625 19.000000 85.935646
v -8.400625 16.000000 85.935646
v -8.372963 19.000000 85.796570
f -3 -2 -1
v -8.400625 16.000000 85.935646
v -8.372963 16.000000 85.796570
v -8.372963 19.000000 85.796570
f -3 -2 -1
v -8.372963 19.000000 85.796570
v -8.372963 16.000000 85.796570
v -8.339259 19.000000 85.658844
f -3 -2 -1
v -8.372963 16.000000 85.796570
v -8.339259 16.000000 85.658844
v -8.339259 19.000000 85.658844
f -3 -2 -1
v -8.339259 19.000000 85.658844
v -8.339259 16.000000 85.658844
v -8.299580 19.000000 85.522705
f -3 -2 -1
v -8.339259 16.000000 85.658844
v -8.299580 16.000000 85.522705
v -8.299580 19.000000 85.522705
f -3 -2 -1
v -8.299580 19.000000 85.522705
v -8.299580 16.000000 85.522705
v -8.254001 19.000000 85.388435
f -3 -2 -1
v -8.299580 16.000000 85.522705
v -8.254001 16.000000 85.388435
v -8.254001 19.000000 85.388435
f -3 -2 -1
v -8.254001 19.000000 85.388435
v -8.254001 16.000000 85.388435
v -8.202609 19.000000 85.256279
f -3 -2 -1
v -8.254001 16.000000 85.388435
v -8.202609 16.000000 85.256279
v -8.202609 19.000000 85.256279
f -3 -2 -1
v -8.202609 19.000000 85.256279
v -8.202609 16.000000 85.256279
v -8.145500 19.000000 85.126488
f -3 -2 -1
v -8.202609 16.000000 85.256279
v -8.145500 16.000000 85.126488
v -8.145500 19.000000 85.126488
f -3 -2 -1
v -8.145500 19.000000 85.126488
v -8.145500 16.000000 85.126488
v -8.082786 19.000000 84.999313
f -3 -2 -1
v -8.145500 16.000000 85.126488
v -8.082786 16.000000 84.999313
v -8.082786 19.000000 84.999313
f -3 -2 -1
v -8.082786 19.000000 84.999313
v -8.082786 16.000000 84.999313
v -8.014582 19.000000 84.875000
f -3 -2 -1
v -8.082786 16.000000 84.999313
v -8.014582 16.000000 84.875000
v -8.014582 19.000000 84.875000
f -3 -2 -1
v -8.014582 19.000000 84.875000
v -8.014582 16.000000 84.875000
v -7.941022 19.000000 84.753777
f -3 -2 -1
v -8.014582 16.000000 84.875000
v -7.941022 16.000000 84.753777
v -7.941022 19.000000 84.753777
f -3 -2 -1
v -7.941022 19.000000 84.753777
v -7.941022 16.000000 84.753777
v -7.862244 19.000000 84.635880
f -3 -2 -1
v -7.941022 16.000000 84.753777
v -7.862244 16.000000 84.635880
v -7.862244 19.000000 84.635880
f -3 -2 -1
v -7.862244 19.000000 84.635880
v -7.862244 16.000000 84.635880
v -7.778398 19.000000 84.521523
f -3 -2 -1
v -7.862244 16.000000 84.635880
v -7.778398 16.000000 84.521523
v -7.778398 19.000000 84.521523
f -3 -2 -1
v -7.778398 19.000000 84.521523
v -7.778398 16.000000 84.521523
v -7.689645 19.000000 84.410942
f -3 -2 -1
v -7.778398 16.000000 84.521523
v -7.689645 16.000000 84.410942
v -7.689645 19.000000 84.410942
f -3 -2 -1
v -7.689645 19.000000 84.410942
v -7.689645 16.000000 84.410942
v -7.596151 19.000000 84.304337
f -3 -2 -1
v -7.689645 16.000000 84.410942
v -7.596151 16.000000 84.304337
v -7.596151 19.000000 84.304337
f -3 -2 -1
v -7.596151 19.000000 84.304337
v -7.596151 16.000000 84.304337
v -7.498097 19.000000 84.201904
f -3 -2 -1
v -7.596151 16.000000 84.304337
v -7.498097 16.000000 84.201904
v -7.498097 19.000000 84.201904
f -3 -2 -1
v -7.498097 19.000000 84.201904
v -7.498097 16.000000 84.201904
v -7.395668 19.000000 84.103844
f -3 -2 -1
v -7.498097 16.000000 84.201904
v -7.395668 16.000000 84.103844
v -7.395668 19.000000 84.103844
f -3 -2 -1
v -7.395668 19.000000 84.103844
v -7.395668 16.000000 84.103844
v -7.289060 19.000000 84.010353
f -3 -2 -1
v -7.395668 16.000000 84.103844
v -7.289060 16.000000 84.010353
v -7.289060 19.000000 84.010353
f -3 -2 -1
v -7.289060 19.000000 84.010353
v -7.289060 16.000000 84.010353
v -7.178475 19.000000 83.921600
f -3 -2 -1
v -7.289060 16.000000 84.010353
v -7.178475 16.000000 83.921600
v -7.178475 19.000000 83.921600
f -3 -2 -1
v -7.178475 19.000000 83.921600
v -7.178475 16.000000 83.921600
v -7.064124 19.000000 83.837753
f -3 -2 -1
v -7.178475 16.000000 83.921600
v -7.064124 16.000000 83.837753
v -7.064124 19.000000 83.837753
f -3 -2 -1
v -7.064124 19.000000 83.837753
v -7.064124 16.000000 83.837753
v -6.946224 19.000000 83.758980
f -3 -2 -1
v -7.064124 16.000000 83.837753
v -6.946224 16.000000 83.758980
v -6.946224 19.000000 83.758980
f -3 -2 -1
v -6.946224 19.000000 83.758980
v -6.946224 16.000000 83.758980
v -6.825000 19.000000 83.685417
f -3 -2 -1
v -6.946224 16.000000 83.758980
v -6.825000 16.000000 83.685417
v -6.825000 19.000000 83.685417
f -3 -2 -1
v -6.825000 19.000000 83.685417
v -6.825000 16.000000 83.685417
v -6.700683 19.000000 83.617218
f -3 -2 -1
v -6.825000 16.000000 83.685417
v -6.700683 16.000000 83.617218
v -6.700683 19.000000 83.617218
f -3 -2 -1
v -6.700683 19.000000 83.617218
v -6.700683 16.000000 83.617218
v -6.573509 19.000000 83.554497
f -3 -2 -1
v -6.700683 16.000000 83.617218
v -6.573509 16.000000 83.554497
v -6.573509 19.000000 83.554497
f -3 -2 -1
v -6.573509 19.000000 83.554497
v -6.573509 16.000000 83.554497
v -6.443721 19.000000 83.497391
f -3 -2 -1
v -6.573509 16.000000 83.554497
v -6.443721 16.000000 83.497391
v -6.443721 19.000000 83.497391
f -3 -2 -1
v -6.443721 19.000000 83.497391
v -6.443721 16.000000 83.497391
v -6.311565 19.000000 83.445999
f -3 -2 -1
v -6.443721 16.000000 83.497391
v -6.311565 16.000000 83.445999
v -6.311565 19.000000 83.445999
f -3 -2 -1
v -6.311565 19.000000 83.445999
v -6.311565 16.000000 83.445999
v -6.177294 19.000000 83.400421
f -3 -2 -1
v -6.311565 16.000000 83.445999
v -6.177294 16.000000 83.400421
v -6.177294 19.000000 83.400421
f -3 -2 -1
v -6.177294 19.000000 83.400421
v -6.177294 16.000000 83.400421
v -6.041162 19.000000 83.360741
f -3 -2 -1
v -6.177294 16.000000 83.400421
v -6.041162 16.000000 83.360741
v -6.041162 19.000000 83.360741
f -3 -2 -1
v -6.041162 19.000000 83.360741
v -6.041162 16.000000 83.360741
v -5.903429 19.000000 83.327042
f -3 -2 -1
v -6.041162 16.000000 83.360741
v -5.903429 16.000000 83.327042
v -5.903429 19.000000 83.327042
f -3 -2 -1
v -5.903429 19.000000 83.327042
v -5.903429 16.000000 83.327042
v -5.764356 19.000000 83.299377
f -3 -2 -1
v -5.903429 16.000000 83.327042
v -5.764356 16.000000 83.299377
v -5.764356 19.000000 83.299377
f -3 -2 -1
v -5.764356 19.000000 83.299377
v -5.764356 16.000000 83.299377
v -5.624210 19.000000 83.277809
f -3 -2 -1
v -5.764356 16.000000 83.299377
v -5.624210 16.000000 83.277809
v -5.624210 19.000000 83.277809
f -3 -2 -1
v -5.624210 19.000000 83.277809
v -5.624210 16.000000 83.277809
v -5.483256 19.000000 83.262367
f -3 -2 -1
v -5.624210 16.000000 83.277809
v -5.483256 16.000000 83.262367
v -5.483256 19.000000 83.262367
f -3 -2 -1
v -5.483256 19.000000 83.262367
v -5.483256 16.000000 83.262367
v -5.341763 19.000000 83.253090
f -3 -2 -1
v -5.483256 16.000000 83.262367
v -5.341763 16.000000 83.253090
v -5.341763 19.000000 83.253090
f -3 -2 -1
v -5.341763 19.000000 83.253090
v -5.341763 16.000000 83.253090
v -5.200000 19.000000 83.250000
f -3 -2 -1
v -5.341763 16.000000 83.253090
v -5.200000 16.000000 83.250000
v -5.200000 19.000000 83.250000
f -3 -2 -1
v -23.500000 -10.500000 62.700005
v -17.500000 -10.500000 62.700005
v -27.199266 -10.500000 66.399269
f -3 -2 -1
v -17.500000 -10.500000 62.700005
v -17.500000 -10.500000 66.399269
v -27.199266 -10.500000 66.399269
f -3 -2 -1
v -17.500000 6.293684 68.269257
v -17.500000 6.196100 68.258560
v -17.500000 10.500000 62.700005
f -3 -2 -1
v -17.500000 6.196100 68.258560
v -17.500000 6.098144 68.252136
v -17.500000 10.500000 62.700005
f -3 -2 -1
v -17.500000 10.500000 62.700005
v -17.500000 6.098144 68.252136
v -17.500000 6.000000 68.250000
f -3 -2 -1
v -17.500000 7.446272 72.223595
v -17.500000 7.520078 72.158875
v -17.500000 10.700001 77.699997
f -3 -2 -1
v -17.500000 -5.138962 68.421272
v -17.500000 -5.230455 68.385689
v -17.500000 10.500000 62.700005
f -3 -2 -1
v -17.500000 -5.609292 68.284187
v -17.500000 -5.706316 68.269257
v -17.500000 -10.500000 62.700005
f -3 -2 -1
v -17.500000 -5.706316 68.269257
v -17.500000 -5.803899 68.258560
v -17.500000 -10.500000 62.700005
f -3 -2 -1
v -17.500000 7.369713 68.714951
v -17.500000 7.290547 68.656906
v -17.500000 10.500000 62.700005
f -3 -2 -1
v -17.500000 7.290547 68.656906
v -17.500000 7.208924 68.602371
v -17.500000 10.500000 62.700005
f -3 -2 -1
v -17.500000 10.500000 62.700005
v -17.500000 7.208924 68.602371
v -17.500000 7.125000 68.551445
f -3 -2 -1
v -17.500000 7.125000 68.551445
v -17.500000 7.038934 68.504227
v -17.500000 10.500000 62.700005
f -3 -2 -1
v -17.500000 7.038934 68.504227
v -17.500000 6.950891 68.460808
v -17.500000 10.500000 62.700005
f -3 -2 -1
v -17.500000 10.500000 62.700005
v -17.500000 6.950891 68.460808
v -17.500000 6.861038 68.421272
f -3 -2 -1
v -17.500000 6.861038 68.421272
v -17.500000 6.769546 68.385689
v -17.500000 10.500000 62.700005
f -3 -2 -1
v -17.500000 6.769546 68.385689
v -17.500000 6.676588 68.354134
v -17.500000 10.500000 62.700005
f -3 -2 -1
v -17.500000 10.500000 62.700005
v -17.500000 6.676588 68.354134
v -17.500000 6.582343 68.326668
f -3 -2 -1
v -17.500000 6.582343 68.326668
v -17.500000 6.486989 68.303329
v -17.500000 10.500000 62.700005
f -3 -2 -1
v -17.500000 6.486989 68.303329
v -17.500000 6.390708 68.284187
v -17.500000 10.500000 62.700005
f -3 -2 -1
v -17.500000 10.500000 62.700005
v -17.500000 6.390708 68.284187
v -17.500000 6.293684 68.269257
f -3 -2 -1
v -17.500000 7.369713 68.714951
v -17.500000 10.500000 62.700005
v -17.500000 7.446272 68.776398
f -3 -2 -1
v -17.500000 10.500000 62.700005
v -17.500000 10.500000 66.399269
v -17.500000 7.446272 68.776398
f -3 -2 -1
v -17.500000 7.446272 68.776398
v -17.500000 10.500000 66.399269
v -17.500000 7.520078 68.841133
f -3 -2 -1
v -17.500000 -5.803899 68.258560
v -17.500000 -5.901856 68.252136
v -17.500000 -10.500000 62.700005
f -3 -2 -1
v -17.500000 -5.901856 68.252136
v -17.500000 -6.000000 68.250000
v -17.500000 -10.500000 62.700005
f -3 -2 -1
v -17.500000 -10.500000 62.700005
v -17.500000 -6.000000 68.250000
v -17.500000 -10.500000 66.399269
f -3 -2 -1
v -17.500000 -6.000000 68.250000
v -17.500000 -6.098144 68.252136
v -17.500000 -10.500000 66.399269
f -3 -2 -1
v -17.500000 -10.500000 66.399269
v -17.500000 -6.098144 68.252136
v -17.500000 -6.196100 68.258560
f -3 -2 -1
v -17.500000 7.520078 72.158875
v -17.500000 7.590990 72.090988
v -17.500000 10.700001 77.699997
f -3 -2 -1
v -17.500000 7.590990 72.090988
v -17.500000 7.658874 72.020073
v -17.500000 10.700001 77.699997
f -3 -2 -1
v -17.500000 10.700001 77.699997
v -17.500000 7.658874 72.020073
v -17.500000 7.723600 71.946274
f -3 -2 -1
v -17.500000 10.700001 77.699997
v -17.500000 7.897630 71.708923
v -17.500000 7.948557 71.625000
f -3 -2 -1
v -17.500000 -5.230455 68.385689
v -17.500000 -5.323412 68.354134
v -17.500000 10.500000 62.700005
f -3 -2 -1
v -17.500000 -5.323412 68.354134
v -17.500000 -5.417657 68.326668
v -17.500000 10.500000 62.700005
f -3 -2 -1
v -17.500000 10.500000 62.700005
v -17.500000 -5.417657 68.326668
v -17.500000 -10.500000 62.700005
f -3 -2 -1
v -17.500000 -5.417657 68.326668
v -17.500000 -5.513011 68.303329
v -17.500000 -10.500000 62.700005
f -3 -2 -1
v -17.500000 -10.500000 62.700005
v -17.500000 -5.513011 68.303329
v -17.500000 -5.609292 68.284187
f -3 -2 -1
v -17.500000 7.723600 69.053726
v -17.500000 7.658874 68.979919
v -17.500000 10.500000 66.399269
f -3 -2 -1
v -17.500000 7.658874 68.979919
v -17.500000 7.590990 68.909012
v -17.500000 10.500000 66.399269
f -3 -2 -1
v -17.500000 10.500000 66.399269
v -17.500000 7.590990 68.909012
v -17.500000 7.520078 68.841133
f -3 -2 -1
v -17.500000 -6.196100 68.258560
v -17.500000 -6.293684 68.269257
v -17.500000 -10.500000 66.399269
f -3 -2 -1
v -17.500000 -6.293684 68.269257
v -17.500000 -6.390708 68.284187
v -17.500000 -10.500000 66.399269
f -3 -2 -1
v -17.500000 -10.500000 66.399269
v -17.500000 -6.390708 68.284187
v -17.500000 -6.486989 68.303329
f -3 -2 -1
v -17.500000 -6.486989 68.303329
v -17.500000 -6.582343 68.326668
v -17.500000 -10.500000 66.399269
f -3 -2 -1
v -17.500000 -6.582343 68.326668
v -17.500000 -6.676588 68.354134
v -17.500000 -10.500000 66.399269
f -3 -2 -1
v -17.500000 -10.500000 66.399269
v -17.500000 -6.676588 68.354134
v -17.500000 -6.769546 68.385689
f -3 -2 -1
v -17.500000 6.486989 72.696663
v -17.500000 6.582343 72.673332
v -17.500000 10.700001 77.699997
f -3 -2 -1
v -17.500000 7.723600 71.946274
v -17.500000 7.785045 71.869713
v -17.500000 10.700001 77.699997
f -3 -2 -1
v -17.500000 7.785045 71.869713
v -17.500000 7.843092 71.790543
v -17.500000 10.700001 77.699997
f -3 -2 -1
v -17.500000 10.700001 77.699997
v -17.500000 7.843092 71.790543
v -17.500000 7.897630 71.708923
f -3 -2 -1
v -17.500000 10.500000 66.399269
v -17.500000 10.700001 66.399269
v -17.500000 8.039192 71.450890
f -3 -2 -1
v -17.500000 10.700001 66.399269
v -17.500000 10.700001 77.699997
v -17.500000 8.039192 71.450890
f -3 -2 -1
v -17.500000 8.039192 71.450890
v -17.500000 10.700001 77.699997
v -17.500000 7.995774 71.538933
f -3 -2 -1
v -17.500000 10.700001 77.699997
v -17.500000 7.948557 71.625000
v -17.500000 7.995774 71.538933
f -3 -2 -1
v -17.500000 8.039192 71.450890
v -17.500000 8.078729 71.361038
v -17.500000 10.500000 66.399269
f -3 -2 -1
v -17.500000 8.078729 71.361038
v -17.500000 8.114308 71.269539
v -17.500000 10.500000 66.399269
f -3 -2 -1
v -17.500000 10.500000 66.399269
v -17.500000 8.114308 71.269539
v -17.500000 8.145864 71.176590
f -3 -2 -1
v -17.500000 8.145864 71.176590
v -17.500000 8.173333 71.082344
v -17.500000 10.500000 66.399269
f -3 -2 -1
v -17.500000 8.173333 71.082344
v -17.500000 8.196666 70.986984
v -17.500000 10.500000 66.399269
f -3 -2 -1
v -17.500000 10.500000 66.399269
v -17.500000 8.196666 70.986984
v -17.500000 8.215817 70.890709
f -3 -2 -1
v -17.500000 8.247859 70.598137
v -17.500000 8.250000 70.500000
v -17.500000 10.500000 66.399269
f -3 -2 -1
v -17.500000 8.250000 70.500000
v -17.500000 8.247859 70.401855
v -17.500000 10.500000 66.399269
f -3 -2 -1
v -17.500000 10.500000 66.399269
v -17.500000 8.247859 70.401855
v -17.500000 8.241438 70.303902
f -3 -2 -1
v -17.500000 8.196666 70.013008
v -17.500000 8.173333 69.917656
v -17.500000 10.500000 66.399269
f -3 -2 -1
v -17.500000 8.173333 69.917656
v -17.500000 8.145864 69.823418
v -17.500000 10.500000 66.399269
f -3 -2 -1
v -17.500000 8.039192 69.549103
v -17.500000 7.995774 69.461060
v -17.500000 10.500000 66.399269
f -3 -2 -1
v -17.500000 7.995774 69.461060
v -17.500000 7.948557 69.375000
v -17.500000 10.500000 66.399269
f -3 -2 -1
v -17.500000 10.500000 66.399269
v -17.500000 7.948557 69.375000
v -17.500000 7.897630 69.291077
f -3 -2 -1
v -17.500000 7.897630 69.291077
v -17.500000 7.843092 69.209457
v -17.500000 10.500000 66.399269
f -3 -2 -1
v -17.500000 7.843092 69.209457
v -17.500000 7.785045 69.130287
v -17.500000 10.500000 66.399269
f -3 -2 -1
v -17.500000 10.500000 66.399269
v -17.500000 7.785045 69.130287
v -17.500000 7.723600 69.053726
f -3 -2 -1
v -17.500000 -4.875000 72.448563
v -17.500000 -4.791076 72.397636
v -17.500000 5.138962 68.421272
f -3 -2 -1
v -17.500000 -4.791076 72.397636
v -17.500000 -4.709453 72.343086
v -17.500000 5.138962 68.421272
f -3 -2 -1
v -17.500000 5.138962 68.421272
v -17.500000 -4.709453 72.343086
v -17.500000 -4.630287 72.285049
f -3 -2 -1
v -17.500000 -4.630287 72.285049
v -17.500000 -4.553728 72.223595
v -17.500000 5.138962 68.421272
f -3 -2 -1
v -17.500000 -4.553728 72.223595
v -17.500000 -4.479922 72.158875
v -17.500000 5.138962 68.421272
f -3 -2 -1
v -17.500000 5.138962 68.421272
v -17.500000 -4.479922 72.158875
v -17.500000 -4.409009 72.090988
f -3 -2 -1
v -17.500000 -6.769546 68.385689
v -17.500000 -6.861038 68.421272
v -17.500000 -10.500000 66.399269
f -3 -2 -1
v -17.500000 -6.861038 68.421272
v -17.500000 -6.950891 68.460808
v -17.500000 -10.500000 66.399269
f -3 -2 -1
v -17.500000 -10.500000 66.399269
v -17.500000 -6.950891 68.460808
v -17.500000 -7.038934 68.504227
f -3 -2 -1
v -17.500000 -7.290547 72.343086
v -17.500000 -7.208924 72.397636
v -17.500000 -10.700001 77.699997
f -3 -2 -1
v -17.500000 8.215817 70.890709
v -17.500000 8.230751 70.793678
v -17.500000 10.500000 66.399269
f -3 -2 -1
v -17.500000 8.230751 70.793678
v -17.500000 8.241438 70.696098
v -17.500000 10.500000 66.399269
f -3 -2 -1
v -17.500000 10.500000 66.399269
v -17.500000 8.241438 70.696098
v -17.500000 8.247859 70.598137
f -3 -2 -1
v -17.500000 8.241438 70.303902
v -17.500000 8.230751 70.206314
v -17.500000 10.500000 66.399269
f -3 -2 -1
v -17.500000 8.230751 70.206314
v -17.500000 8.215817 70.109291
v -17.500000 10.500000 66.399269
f -3 -2 -1
v -17.500000 10.500000 66.399269
v -17.500000 8.215817 70.109291
v -17.500000 8.196666 70.013008
f -3 -2 -1
v -17.500000 8.145864 69.823418
v -17.500000 8.114308 69.730453
v -17.500000 10.500000 66.399269
f -3 -2 -1
v -17.500000 8.114308 69.730453
v -17.500000 8.078729 69.638962
v -17.500000 10.500000 66.399269
f -3 -2 -1
v -17.500000 10.500000 66.399269
v -17.500000 8.078729 69.638962
v -17.500000 8.039192 69.549103
f -3 -2 -1
v -17.500000 6.000000 68.250000
v -17.500000 5.901856 68.252136
v -17.500000 10.500000 62.700005
f -3 -2 -1
v -17.500000 5.901856 68.252136
v -17.500000 5.803899 68.258560
v -17.500000 10.500000 62.700005
f -3 -2 -1
v -17.500000 10.500000 62.700005
v -17.500000 5.803899 68.258560
v -17.500000 5.706316 68.269257
f -3 -2 -1
v -17.500000 -7.038934 68.504227
v -17.500000 -7.125000 68.551445
v -17.500000 -10.500000 66.399269
f -3 -2 -1
v -17.500000 -7.125000 68.551445
v -17.500000 -7.208924 68.602371
v -17.500000 -10.500000 66.399269
f -3 -2 -1
v -17.500000 -10.500000 66.399269
v -17.500000 -7.208924 68.602371
v -17.500000 -7.290547 68.656906
f -3 -2 -1
v -17.500000 -7.290547 68.656906
v -17.500000 -7.369713 68.714951
v -17.500000 -10.500000 66.399269
f -3 -2 -1
v -17.500000 -7.369713 68.714951
v -17.500000 -7.446272 68.776398
v -17.500000 -10.500000 66.399269
f -3 -2 -1
v -17.500000 -10.500000 66.399269
v -17.500000 -7.446272 68.776398
v -17.500000 -7.520078 68.841133
f -3 -2 -1
v -17.500000 5.609292 72.715820
v -17.500000 5.706316 72.730751
v -17.500000 10.700001 77.699997
f -3 -2 -1
v -17.500000 5.706316 72.730751
v -17.500000 5.803899 72.741440
v -17.500000 10.700001 77.699997
f -3 -2 -1
v -17.500000 10.700001 77.699997
v -17.500000 5.803899 72.741440
v -17.500000 5.901856 72.747856
f -3 -2 -1
v -17.500000 5.706316 68.269257
v -17.500000 5.609292 68.284187
v -17.500000 10.500000 62.700005
f -3 -2 -1
v -17.500000 5.609292 68.284187
v -17.500000 5.513011 68.303329
v -17.500000 10.500000 62.700005
f -3 -2 -1
v -17.500000 10.500000 62.700005
v -17.500000 5.513011 68.303329
v -17.500000 5.417657 68.326668
f -3 -2 -1
v -17.500000 -4.875000 68.551445
v -17.500000 -4.961065 68.504227
v -17.500000 10.500000 62.700005
f -3 -2 -1
v -17.500000 -4.961065 68.504227
v -17.500000 -5.049109 68.460808
v -17.500000 10.500000 62.700005
f -3 -2 -1
v -17.500000 10.500000 62.700005
v -17.500000 -5.049109 68.460808
v -17.500000 -5.138962 68.421272
f -3 -2 -1
v -17.500000 -7.208924 72.397636
v -17.500000 -7.125000 72.448563
v -17.500000 -10.700001 77.699997
f -3 -2 -1
v -17.500000 -7.125000 72.448563
v -17.500000 -7.038934 72.495773
v -17.500000 -10.700001 77.699997
f -3 -2 -1
v -17.500000 -10.700001 77.699997
v -17.500000 -7.038934 72.495773
v -17.500000 -6.950891 72.539192
f -3 -2 -1
v -17.500000 -6.950891 72.539192
v -17.500000 -6.861038 72.578728
v -17.500000 -10.700001 77.699997
f -3 -2 -1
v -17.500000 -6.861038 72.578728
v -17.500000 -6.769546 72.614304
v -17.500000 -10.700001 77.699997
f -3 -2 -1
v -17.500000 -10.700001 77.699997
v -17.500000 -6.769546 72.614304
v -17.500000 -6.676588 72.645866
f -3 -2 -1
v -17.500000 -6.676588 72.645866
v -17.500000 -6.582343 72.673332
v -17.500000 -10.700001 77.699997
f -3 -2 -1
v -17.500000 -6.582343 72.673332
v -17.500000 -6.486989 72.696663
v -17.500000 -10.700001 77.699997
f -3 -2 -1
v -17.500000 -10.700001 77.699997
v -17.500000 -6.486989 72.696663
v -17.500000 -6.390708 72.715820
f -3 -2 -1
v -17.500000 5.230455 72.614304
v -17.500000 -10.700001 77.699997
v -17.500000 5.138962 72.578728
f -3 -2 -1
v -17.500000 -10.700001 77.699997
v -17.500000 5.049109 72.539192
v -17.500000 5.138962 72.578728
f -3 -2 -1
v -17.500000 10.700001 77.699997
v -17.500000 6.861038 72.578728
v -17.500000 6.950891 72.539192
f -3 -2 -1
v -17.500000 6.950891 72.539192
v -17.500000 7.038934 72.495773
v -17.500000 10.700001 77.699997
f -3 -2 -1
v -17.500000 7.038934 72.495773
v -17.500000 7.125000 72.448563
v -17.500000 10.700001 77.699997
f -3 -2 -1
v -17.500000 10.700001 77.699997
v -17.500000 7.125000 72.448563
v -17.500000 7.208924 72.397636
f -3 -2 -1
v -17.500000 7.208924 72.397636
v -17.500000 7.290547 72.343086
v -17.500000 10.700001 77.699997
f -3 -2 -1
v -17.500000 7.290547 72.343086
v -17.500000 7.369713 72.285049
v -17.500000 10.700001 77.699997
f -3 -2 -1
v -17.500000 10.700001 77.699997
v -17.500000 7.369713 72.285049
v -17.500000 7.446272 72.223595
f -3 -2 -1
v -17.500000 -6.390708 72.715820
v -17.500000 -6.293684 72.730751
v -17.500000 -10.700001 77.699997
f -3 -2 -1
v -17.500000 -6.293684 72.730751
v -17.500000 -6.196100 72.741440
v -17.500000 -10.700001 77.699997
f -3 -2 -1
v -17.500000 -10.700001 77.699997
v -17.500000 -6.196100 72.741440
v -17.500000 -6.098144 72.747856
f -3 -2 -1
v -17.500000 -6.098144 72.747856
v -17.500000 -6.000000 72.750000
v -17.500000 -10.700001 77.699997
f -3 -2 -1
v -17.500000 -6.000000 72.750000
v -17.500000 -5.901856 72.747856
v -17.500000 -10.700001 77.699997
f -3 -2 -1
v -17.500000 -10.700001 77.699997
v -17.500000 -5.901856 72.747856
v -17.500000 -5.803899 72.741440
f -3 -2 -1
v -17.500000 -5.513011 72.696663
v -17.500000 -5.417657 72.673332
v -17.500000 -10.700001 77.699997
f -3 -2 -1
v -17.500000 -5.417657 72.673332
v -17.500000 -5.323412 72.645866
v -17.500000 -10.700001 77.699997
f -3 -2 -1
v -17.500000 5.230455 72.614304
v -17.500000 5.323412 72.645866
v -17.500000 -10.700001 77.699997
f -3 -2 -1
v -17.500000 5.323412 72.645866
v -17.500000 5.417657 72.673332
v -17.500000 -10.700001 77.699997
f -3 -2 -1
v -17.500000 -10.700001 77.699997
v -17.500000 5.417657 72.673332
v -17.500000 10.700001 77.699997
f -3 -2 -1
v -17.500000 5.417657 72.673332
v -17.500000 5.513011 72.696663
v -17.500000 10.700001 77.699997
f -3 -2 -1
v -17.500000 10.700001 77.699997
v -17.500000 5.513011 72.696663
v -17.500000 5.609292 72.715820
f -3 -2 -1
v -17.500000 5.901856 72.747856
v -17.500000 6.000000 72.750000
v -17.500000 10.700001 77.699997
f -3 -2 -1
v -17.500000 6.000000 72.750000
v -17.500000 6.098144 72.747856
v -17.500000 10.700001 77.699997
f -3 -2 -1
v -17.500000 10.700001 77.699997
v -17.500000 6.098144 72.747856
v -17.500000 6.196100 72.741440
f -3 -2 -1
v -17.500000 6.582343 72.673332
v -17.500000 6.676588 72.645866
v -17.500000 10.700001 77.699997
f -3 -2 -1
v -17.500000 6.676588 72.645866
v -17.500000 6.769546 72.614304
v -17.500000 10.700001 77.699997
f -3 -2 -1
v -17.500000 10.700001 77.699997
v -17.500000 6.769546 72.614304
v -17.500000 6.861038 72.578728
f -3 -2 -1
v -17.500000 -4.409009 72.090988
v -17.500000 -4.341126 72.020073
v -17.500000 5.138962 68.421272
f -3 -2 -1
v -17.500000 -4.341126 72.020073
v -17.500000 -4.276400 71.946274
v -17.500000 5.138962 68.421272
f -3 -2 -1
v -17.500000 5.138962 68.421272
v -17.500000 -4.276400 71.946274
v -17.500000 -4.214955 71.869713
f -3 -2 -1
v -17.500000 -4.341126 68.979919
v -17.500000 -4.409009 68.909012
v -17.500000 10.500000 62.700005
f -3 -2 -1
v -17.500000 -4.630287 68.714951
v -17.500000 -4.709453 68.656906
v -17.500000 10.500000 62.700005
f -3 -2 -1
v -17.500000 -4.709453 68.656906
v -17.500000 -4.791076 68.602371
v -17.500000 10.500000 62.700005
f -3 -2 -1
v -17.500000 10.500000 62.700005
v -17.500000 -4.791076 68.602371
v -17.500000 -4.875000 68.551445
f -3 -2 -1
v -17.500000 -7.897630 71.708923
v -17.500000 -7.843092 71.790543
v -17.500000 -10.700001 77.699997
f -3 -2 -1
v -17.500000 -5.803899 72.741440
v -17.500000 -5.706316 72.730751
v -17.500000 -10.700001 77.699997
f -3 -2 -1
v -17.500000 -5.706316 72.730751
v -17.500000 -5.609292 72.715820
v -17.500000 -10.700001 77.699997
f -3 -2 -1
v -17.500000 -10.700001 77.699997
v -17.500000 -5.609292 72.715820
v -17.500000 -5.513011 72.696663
f -3 -2 -1
v -17.500000 4.961065 68.504227
v -17.500000 -5.138962 72.578728
v -17.500000 5.049109 68.460808
f -3 -2 -1
v -17.500000 -5.138962 72.578728
v -17.500000 -5.049109 72.539192
v -17.500000 5.049109 68.460808
f -3 -2 -1
v -17.500000 5.049109 68.460808
v -17.500000 -5.049109 72.539192
v -17.500000 5.138962 68.421272
f -3 -2 -1
v -17.500000 -5.049109 72.539192
v -17.500000 -4.961065 72.495773
v -17.500000 5.138962 68.421272
f -3 -2 -1
v -17.500000 5.138962 68.421272
v -17.500000 -4.961065 72.495773
v -17.500000 -4.875000 72.448563
f -3 -2 -1
v -17.500000 4.709453 72.343086
v -17.500000 4.791076 72.397636
v -17.500000 -10.700001 77.699997
f -3 -2 -1
v -17.500000 6.196100 72.741440
v -17.500000 6.293684 72.730751
v -17.500000 10.700001 77.699997
f -3 -2 -1
v -17.500000 6.293684 72.730751
v -17.500000 6.390708 72.715820
v -17.500000 10.700001 77.699997
f -3 -2 -1
v -17.500000 10.700001 77.699997
v -17.500000 6.390708 72.715820
v -17.500000 6.486989 72.696663
f -3 -2 -1
v -17.500000 -7.658874 72.020073
v -17.500000 -7.590990 72.090988
v -17.500000 -10.700001 77.699997
f -3 -2 -1
v -17.500000 -7.590990 72.090988
v -17.500000 -7.520078 72.158875
v -17.500000 -10.700001 77.699997
f -3 -2 -1
v -17.500000 4.875000 68.551445
v -17.500000 4.791076 68.602371
v -17.500000 -10.700001 77.699997
f -3 -2 -1
v -17.500000 4.791076 68.602371
v -17.500000 4.709453 68.656906
v -17.500000 -10.700001 77.699997
f -3 -2 -1
v -17.500000 4.709453 68.656906
v -17.500000 4.630287 68.714951
v -17.500000 -10.700001 77.699997
f -3 -2 -1
v -17.500000 4.630287 68.714951
v -17.500000 4.553728 68.776398
v -17.500000 -10.700001 77.699997
f -3 -2 -1
v -17.500000 -10.700001 77.699997
v -17.500000 4.553728 68.776398
v -17.500000 4.479922 68.841133
f -3 -2 -1
v -17.500000 -4.409009 68.909012
v -17.500000 -4.479922 68.841133
v -17.500000 10.500000 62.700005
f -3 -2 -1
v -17.500000 -4.479922 68.841133
v -17.500000 -4.553728 68.776398
v -17.500000 10.500000 62.700005
f -3 -2 -1
v -17.500000 10.500000 62.700005
v -17.500000 -4.553728 68.776398
v -17.500000 -4.630287 68.714951
f -3 -2 -1
v -17.500000 -7.520078 68.841133
v -17.500000 -7.590990 68.909012
v -17.500000 -10.500000 66.399269
f -3 -2 -1
v -17.500000 -7.590990 68.909012
v -17.500000 -7.658874 68.979919
v -17.500000 -10.500000 66.399269
f -3 -2 -1
v -17.500000 -10.500000 66.399269
v -17.500000 -7.658874 68.979919
v -17.500000 -10.700001 66.399269
f -3 -2 -1
v -17.500000 -7.658874 68.979919
v -17.500000 -7.723600 69.053726
v -17.500000 -10.700001 66.399269
f -3 -2 -1
v -17.500000 -10.700001 66.399269
v -17.500000 -7.723600 69.053726
v -17.500000 -7.785045 69.130287
f -3 -2 -1
v -17.500000 -7.843092 71.790543
v -17.500000 -7.785045 71.869713
v -17.500000 -10.700001 77.699997
f -3 -2 -1
v -17.500000 -7.785045 71.869713
v -17.500000 -7.723600 71.946274
v -17.500000 -10.700001 77.699997
f -3 -2 -1
v -17.500000 -10.700001 77.699997
v -17.500000 -7.723600 71.946274
v -17.500000 -7.658874 72.020073
f -3 -2 -1
v -17.500000 -7.520078 72.158875
v -17.500000 -7.446272 72.223595
v -17.500000 -10.700001 77.699997
f -3 -2 -1
v -17.500000 -7.446272 72.223595
v -17.500000 -7.369713 72.285049
v -17.500000 -10.700001 77.699997
f -3 -2 -1
v -17.500000 -10.700001 77.699997
v -17.500000 -7.369713 72.285049
v -17.500000 -7.290547 72.343086
f -3 -2 -1
v -17.500000 -5.323412 72.645866
v -17.500000 -5.230455 72.614304
v -17.500000 -10.700001 77.699997
f -3 -2 -1
v -17.500000 -5.230455 72.614304
v -17.500000 -5.138962 72.578728
v -17.500000 -10.700001 77.699997
f -3 -2 -1
v -17.500000 -10.700001 77.699997
v -17.500000 -5.138962 72.578728
v -17.500000 4.875000 68.551445
f -3 -2 -1
v -17.500000 -5.138962 72.578728
v -17.500000 4.961065 68.504227
v -17.500000 4.875000 68.551445
f -3 -2 -1
v -17.500000 4.791076 72.397636
v -17.500000 4.875000 72.448563
v -17.500000 -10.700001 77.699997
f -3 -2 -1
v -17.500000 4.875000 72.448563
v -17.500000 4.961065 72.495773
v -17.500000 -10.700001 77.699997
f -3 -2 -1
v -17.500000 -10.700001 77.699997
v -17.500000 4.961065 72.495773
v -17.500000 5.049109 72.539192
f -3 -2 -1
v -17.500000 -3.921271 69.638962
v -17.500000 -3.960807 69.549103
v -17.500000 10.500000 62.700005
f -3 -2 -1
v -17.500000 10.500000 62.700005
v -17.500000 -4.102369 69.291077
v -17.500000 -4.156908 69.209457
f -3 -2 -1
v -17.500000 -7.785045 69.130287
v -17.500000 -7.843092 69.209457
v -17.500000 -10.700001 66.399269
f -3 -2 -1
v -17.500000 -7.843092 69.209457
v -17.500000 -7.897630 69.291077
v -17.500000 -10.700001 66.399269
f -3 -2 -1
v -17.500000 -10.700001 66.399269
v -17.500000 -7.897630 69.291077
v -17.500000 -7.948557 69.375000
f -3 -2 -1
v -17.500000 -7.948557 69.375000
v -17.500000 -7.995774 69.461060
v -17.500000 -10.700001 66.399269
f -3 -2 -1
v -17.500000 -7.995774 69.461060
v -17.500000 -8.039192 69.549103
v -17.500000 -10.700001 66.399269
f -3 -2 -1
v -17.500000 -10.700001 66.399269
v -17.500000 -8.039192 69.549103
v -17.500000 -8.078729 69.638962
f -3 -2 -1
v -17.500000 4.479922 68.841133
v -17.500000 4.409009 68.909012
v -17.500000 -10.700001 77.699997
f -3 -2 -1
v -17.500000 4.409009 68.909012
v -17.500000 4.341126 68.979919
v -17.500000 -10.700001 77.699997
f -3 -2 -1
v -17.500000 -10.700001 77.699997
v -17.500000 4.341126 68.979919
v -17.500000 4.276400 69.053726
f -3 -2 -1
v -17.500000 4.276400 69.053726
v -17.500000 4.214955 69.130287
v -17.500000 -10.700001 77.699997
f -3 -2 -1
v -17.500000 4.214955 69.130287
v -17.500000 4.156908 69.209457
v -17.500000 -10.700001 77.699997
f -3 -2 -1
v -17.500000 -10.700001 77.699997
v -17.500000 4.156908 69.209457
v -17.500000 4.102369 69.291077
f -3 -2 -1
v -17.500000 3.803334 70.986984
v -17.500000 3.826667 71.082344
v -17.500000 -10.700001 77.699997
f -3 -2 -1
v -17.500000 4.409009 72.090988
v -17.500000 4.479922 72.158875
v -17.500000 -10.700001 77.699997
f -3 -2 -1
v -17.500000 -4.156908 69.209457
v -17.500000 -4.214955 69.130287
v -17.500000 10.500000 62.700005
f -3 -2 -1
v -17.500000 -4.214955 69.130287
v -17.500000 -4.276400 69.053726
v -17.500000 10.500000 62.700005
f -3 -2 -1
v -17.500000 10.500000 62.700005
v -17.500000 -4.276400 69.053726
v -17.500000 -4.341126 68.979919
f -3 -2 -1
v -17.500000 -8.215817 70.890709
v -17.500000 -8.196666 70.986984
v -17.500000 -10.700001 77.699997
f -3 -2 -1
v -17.500000 -8.196666 70.986984
v -17.500000 -8.173333 71.082344
v -17.500000 -10.700001 77.699997
f -3 -2 -1
v -17.500000 -10.700001 77.699997
v -17.500000 -8.173333 71.082344
v -17.500000 -8.145864 71.176590
f -3 -2 -1
v -17.500000 4.102369 69.291077
v -17.500000 4.051443 69.375000
v -17.500000 -10.700001 77.699997
f -3 -2 -1
v -17.500000 4.051443 69.375000
v -17.500000 4.004226 69.461060
v -17.500000 -10.700001 77.699997
f -3 -2 -1
v -17.500000 -10.700001 77.699997
v -17.500000 4.004226 69.461060
v -17.500000 3.960807 69.549103
f -3 -2 -1
v -17.500000 4.479922 72.158875
v -17.500000 4.553728 72.223595
v -17.500000 -10.700001 77.699997
f -3 -2 -1
v -17.500000 4.553728 72.223595
v -17.500000 4.630287 72.285049
v -17.500000 -10.700001 77.699997
f -3 -2 -1
v -17.500000 -10.700001 77.699997
v -17.500000 4.630287 72.285049
v -17.500000 4.709453 72.343086
f -3 -2 -1
v -17.500000 -3.960807 69.549103
v -17.500000 -4.004226 69.461060
v -17.500000 10.500000 62.700005
f -3 -2 -1
v -17.500000 -4.004226 69.461060
v -17.500000 -4.051443 69.375000
v -17.500000 10.500000 62.700005
f -3 -2 -1
v -17.500000 10.500000 62.700005
v -17.500000 -4.051443 69.375000
v -17.500000 -4.102369 69.291077
f -3 -2 -1
v -17.500000 -8.145864 71.176590
v -17.500000 -8.114308 71.269539
v -17.500000 -10.700001 77.699997
f -3 -2 -1
v -17.500000 -8.114308 71.269539
v -17.500000 -8.078729 71.361038
v -17.500000 -10.700001 77.699997
f -3 -2 -1
v -17.500000 -10.700001 77.699997
v -17.500000 -8.078729 71.361038
v -17.500000 -8.039192 71.450890
f -3 -2 -1
v -17.500000 3.752141 70.401855
v -17.500000 3.750000 70.500000
v -17.500000 -10.700001 77.699997
f -3 -2 -1
v -17.500000 3.750000 70.500000
v -17.500000 3.752141 70.598137
v -17.500000 -10.700001 77.699997
f -3 -2 -1
v -17.500000 -10.700001 77.699997
v -17.500000 3.752141 70.598137
v -17.500000 3.758562 70.696098
f -3 -2 -1
v -17.500000 3.921271 71.361038
v -17.500000 3.960807 71.450890
v -17.500000 -10.700001 77.699997
f -3 -2 -1
v -17.500000 3.960807 71.450890
v -17.500000 4.004226 71.538933
v -17.500000 -10.700001 77.699997
f -3 -2 -1
v -17.500000 -10.700001 77.699997
v -17.500000 4.004226 71.538933
v -17.500000 4.051443 71.625000
f -3 -2 -1
v -17.500000 4.051443 71.625000
v -17.500000 4.102369 71.708923
v -17.500000 -10.700001 77.699997
f -3 -2 -1
v -17.500000 4.102369 71.708923
v -17.500000 4.156908 71.790543
v -17.500000 -10.700001 77.699997
f -3 -2 -1
v -17.500000 -10.700001 77.699997
v -17.500000 4.156908 71.790543
v -17.500000 4.214955 71.869713
f -3 -2 -1
v -17.500000 -4.214955 71.869713
v -17.500000 -4.156908 71.790543
v -17.500000 5.138962 68.421272
f -3 -2 -1
v -17.500000 -4.156908 71.790543
v -17.500000 -4.102369 71.708923
v -17.500000 5.138962 68.421272
f -3 -2 -1
v -17.500000 5.138962 68.421272
v -17.500000 -4.102369 71.708923
v -17.500000 5.230455 68.385689
f -3 -2 -1
v -17.500000 -4.102369 71.708923
v -17.500000 -4.051443 71.625000
v -17.500000 5.230455 68.385689
f -3 -2 -1
v -17.500000 5.230455 68.385689
v -17.500000 -4.051443 71.625000
v -17.500000 -4.004226 71.538933
f -3 -2 -1
v -17.500000 -8.039192 71.450890
v -17.500000 -7.995774 71.538933
v -17.500000 -10.700001 77.699997
f -3 -2 -1
v -17.500000 -7.995774 71.538933
v -17.500000 -7.948557 71.625000
v -17.500000 -10.700001 77.699997
f -3 -2 -1
v -17.500000 -10.700001 77.699997
v -17.500000 -7.948557 71.625000
v -17.500000 -7.897630 71.708923
f -3 -2 -1
v -17.500000 3.960807 69.549103
v -17.500000 3.921271 69.638962
v -17.500000 -10.700001 77.699997
f -3 -2 -1
v -17.500000 3.921271 69.638962
v -17.500000 3.885691 69.730453
v -17.500000 -10.700001 77.699997
f -3 -2 -1
v -17.500000 -10.700001 77.699997
v -17.500000 3.885691 69.730453
v -17.500000 3.854137 69.823418
f -3 -2 -1
v -17.500000 3.854137 69.823418
v -17.500000 3.826667 69.917656
v -17.500000 -10.700001 77.699997
f -3 -2 -1
v -17.500000 3.826667 69.917656
v -17.500000 3.803334 70.013008
v -17.500000 -10.700001 77.699997
f -3 -2 -1
v -17.500000 -10.700001 77.699997
v -17.500000 3.803334 70.013008
v -17.500000 3.784183 70.109291
f -3 -2 -1
v -17.500000 3.758562 70.696098
v -17.500000 3.769249 70.793678
v -17.500000 -10.700001 77.699997
f -3 -2 -1
v -17.500000 3.769249 70.793678
v -17.500000 3.784183 70.890709
v -17.500000 -10.700001 77.699997
f -3 -2 -1
v -17.500000 -10.700001 77.699997
v -17.500000 3.784183 70.890709
v -17.500000 3.803334 70.986984
f -3 -2 -1
v -17.500000 3.826667 71.082344
v -17.500000 3.854137 71.176590
v -17.500000 -10.700001 77.699997
f -3 -2 -1
v -17.500000 3.854137 71.176590
v -17.500000 3.885691 71.269539
v -17.500000 -10.700001 77.699997
f -3 -2 -1
v -17.500000 -10.700001 77.699997
v -17.500000 3.885691 71.269539
v -17.500000 3.921271 71.361038
f -3 -2 -1
v -17.500000 4.214955 71.869713
v -17.500000 4.276400 71.946274
v -17.500000 -10.700001 77.699997
f -3 -2 -1
v -17.500000 4.276400 71.946274
v -17.500000 4.341126 72.020073
v -17.500000 -10.700001 77.699997
f -3 -2 -1
v -17.500000 -10.700001 77.699997
v -17.500000 4.341126 72.020073
v -17.500000 4.409009 72.090988
f -3 -2 -1
v -17.500000 -3.752141 70.598137
v -17.500000 -3.750000 70.500000
v -17.500000 5.230455 68.385689
f -3 -2 -1
v -17.500000 -3.750000 70.500000
v -17.500000 -3.752141 70.401855
v -17.500000 5.230455 68.385689
f -3 -2 -1
v -17.500000 5.230455 68.385689
v -17.500000 -3.752141 70.401855
v -17.500000 -3.758562 70.303902
f -3 -2 -1
v -17.500000 -8.078729 69.638962
v -17.500000 -8.114308 69.730453
v -17.500000 -10.700001 66.399269
f -3 -2 -1
v -17.500000 -8.114308 69.730453
v -17.500000 -8.145864 69.823418
v -17.500000 -10.700001 66.399269
f -3 -2 -1
v -17.500000 -10.700001 66.399269
v -17.500000 -8.145864 69.823418
v -17.500000 -8.173333 69.917656
f -3 -2 -1
v -17.500000 -8.173333 69.917656
v -17.500000 -8.196666 70.013008
v -17.500000 -10.700001 66.399269
f -3 -2 -1
v -17.500000 -8.196666 70.013008
v -17.500000 -8.215817 70.109291
v -17.500000 -10.700001 66.399269
f -3 -2 -1
v -17.500000 -10.700001 66.399269
v -17.500000 -8.215817 70.109291
v -17.500000 -8.230751 70.206314
f -3 -2 -1
v -17.500000 -8.230751 70.206314
v -17.500000 -8.241438 70.303902
v -17.500000 -10.700001 66.399269
f -3 -2 -1
v -17.500000 -8.241438 70.303902
v -17.500000 -8.247859 70.401855
v -17.500000 -10.700001 66.399269
f -3 -2 -1
v -17.500000 -10.700001 66.399269
v -17.500000 -8.247859 70.401855
v -17.500000 -8.250000 70.500000
f -3 -2 -1
v -17.500000 3.784183 70.109291
v -17.500000 3.769249 70.206314
v -17.500000 -10.700001 77.699997
f -3 -2 -1
v -17.500000 3.769249 70.206314
v -17.500000 3.758562 70.303902
v -17.500000 -10.700001 77.699997
f -3 -2 -1
v -17.500000 -10.700001 77.699997
v -17.500000 3.758562 70.303902
v -17.500000 3.752141 70.401855
f -3 -2 -1
v -17.500000 -4.004226 71.538933
v -17.500000 -3.960807 71.450890
v -17.500000 5.230455 68.385689
f -3 -2 -1
v -17.500000 -3.960807 71.450890
v -17.500000 -3.921271 71.361038
v -17.500000 5.230455 68.385689
f -3 -2 -1
v -17.500000 5.230455 68.385689
v -17.500000 -3.921271 71.361038
v -17.500000 -3.885691 71.269539
f -3 -2 -1
v -17.500000 5.230455 68.385689
v -17.500000 -3.803334 70.986984
v -17.500000 -3.784183 70.890709
f -3 -2 -1
v -17.500000 -8.250000 70.500000
v -17.500000 -8.247859 70.598137
v -17.500000 -10.700001 66.399269
f -3 -2 -1
v -17.500000 -8.247859 70.598137
v -17.500000 -8.241438 70.696098
v -17.500000 -10.700001 66.399269
f -3 -2 -1
v -17.500000 -10.700001 66.399269
v -17.500000 -8.241438 70.696098
v -17.500000 -10.700001 77.699997
f -3 -2 -1
v -17.500000 -8.241438 70.696098
v -17.500000 -8.230751 70.793678
v -17.500000 -10.700001 77.699997
f -3 -2 -1
v -17.500000 -10.700001 77.699997
v -17.500000 -8.230751 70.793678
v -17.500000 -8.215817 70.890709
f -3 -2 -1
v -17.500000 -3.885691 71.269539
v -17.500000 -3.854137 71.176590
v -17.500000 5.230455 68.385689
f -3 -2 -1
v -17.500000 -3.854137 71.176590
v -17.500000 -3.826667 71.082344
v -17.500000 5.230455 68.385689
f -3 -2 -1
v -17.500000 5.230455 68.385689
v -17.500000 -3.826667 71.082344
v -17.500000 -3.803334 70.986984
f -3 -2 -1
v -17.500000 -3.784183 70.890709
v -17.500000 -3.769249 70.793678
v -17.500000 5.230455 68.385689
f -3 -2 -1
v -17.500000 -3.769249 70.793678
v -17.500000 -3.758562 70.696098
v -17.500000 5.230455 68.385689
f -3 -2 -1
v -17.500000 5.230455 68.385689
v -17.500000 -3.758562 70.696098
v -17.500000 -3.752141 70.598137
f -3 -2 -1
v -17.500000 5.417657 68.326668
v -17.500000 -3.854137 69.823418
v -17.500000 10.500000 62.700005
f -3 -2 -1
v -17.500000 -3.854137 69.823418
v -17.500000 -3.885691 69.730453
v -17.500000 10.500000 62.700005
f -3 -2 -1
v -17.500000 10.500000 62.700005
v -17.500000 -3.885691 69.730453
v -17.500000 -3.921271 69.638962
f -3 -2 -1
v -17.500000 -3.758562 70.303902
v -17.500000 -3.769249 70.206314
v -17.500000 5.230455 68.385689
f -3 -2 -1
v -17.500000 -3.769249 70.206314
v -17.500000 -3.784183 70.109291
v -17.500000 5.230455 68.385689
f -3 -2 -1
v -17.500000 5.230455 68.385689
v -17.500000 -3.784183 70.109291
v -17.500000 5.323412 68.354134
f -3 -2 -1
v -17.500000 -3.784183 70.109291
v -17.500000 -3.803334 70.013008
v -17.500000 5.323412 68.354134
f -3 -2 -1
v -17.500000 5.323412 68.354134
v -17.500000 -3.803334 70.013008
v -17.500000 5.417657 68.326668
f -3 -2 -1
v -17.500000 -3.803334 70.013008
v -17.500000 -3.826667 69.917656
v -17.500000 5.417657 68.326668
f -3 -2 -1
v -17.500000 5.417657 68.326668
v -17.500000 -3.826667 69.917656
v -17.500000 -3.854137 69.823418
f -3 -2 -1
v -36.633766 16.000000 122.413414
v -37.941025 16.000000 123.246223
v -36.592560 16.000000 122.475082
f -3 -2 -1
v -37.941025 16.000000 123.246223
v -37.862244 16.000000 123.364120
v -36.592560 16.000000 122.475082
f -3 -2 -1
v -36.592560 16.000000 122.475082
v -37.862244 16.000000 123.364120
v -36.548698 16.000000 122.534897
f -3 -2 -1
v -37.862244 16.000000 123.364120
v -37.778400 16.000000 123.478470
v -36.548698 16.000000 122.534897
f -3 -2 -1
v -36.548698 16.000000 122.534897
v -37.778400 16.000000 123.478470
v -36.502277 16.000000 122.592743
f -3 -2 -1
v -37.778400 16.000000 123.478470
v -37.689644 16.000000 123.589058
v -36.502277 16.000000 122.592743
f -3 -2 -1
v -36.502277 16.000000 122.592743
v -37.689644 16.000000 123.589058
v -36.453369 16.000000 122.648499
f -3 -2 -1
v -37.689644 16.000000 123.589058
v -37.596149 16.000000 123.695671
v -36.453369 16.000000 122.648499
f -3 -2 -1
v -36.453369 16.000000 122.648499
v -37.596149 16.000000 123.695671
v -36.402081 16.000000 122.702087
f -3 -2 -1
v -37.596149 16.000000 123.695671
v -37.498096 16.000000 123.798096
v -36.402081 16.000000 122.702087
f -3 -2 -1
v -36.402081 16.000000 122.702087
v -37.498096 16.000000 123.798096
v -36.348503 16.000000 122.753372
f -3 -2 -1
v -37.498096 16.000000 123.798096
v -37.395668 16.000000 123.896149
v -36.348503 16.000000 122.753372
f -3 -2 -1
v -36.348503 16.000000 122.753372
v -37.395668 16.000000 123.896149
v -36.292740 16.000000 122.802269
f -3 -2 -1
v -37.395668 16.000000 123.896149
v -37.289062 16.000000 123.989639
v -36.292740 16.000000 122.802269
f -3 -2 -1
v -36.292740 16.000000 122.802269
v -37.289062 16.000000 123.989639
v -36.234894 16.000000 122.848694
f -3 -2 -1
v -37.289062 16.000000 123.989639
v -37.178474 16.000000 124.078400
v -36.234894 16.000000 122.848694
f -3 -2 -1
v -36.234894 16.000000 122.848694
v -37.178474 16.000000 124.078400
v -36.175079 16.000000 122.892555
f -3 -2 -1
v -37.178474 16.000000 124.078400
v -37.064125 16.000000 124.162239
v -36.175079 16.000000 122.892555
f -3 -2 -1
v -36.175079 16.000000 122.892555
v -37.064125 16.000000 124.162239
v -36.113411 16.000000 122.933769
f -3 -2 -1
v -37.064125 16.000000 124.162239
v -36.946220 16.000000 124.241028
v -36.113411 16.000000 122.933769
f -3 -2 -1
v -36.113411 16.000000 122.933769
v -36.946220 16.000000 124.241028
v -36.049999 16.000000 122.972244
f -3 -2 -1
v -36.946220 16.000000 124.241028
v -36.825001 16.000000 124.314583
v -36.049999 16.000000 122.972244
f -3 -2 -1
v -36.049999 16.000000 122.972244
v -36.825001 16.000000 124.314583
v -35.984974 16.000000 123.007919
f -3 -2 -1
v -36.825001 16.000000 124.314583
v -36.700684 16.000000 124.382790
v -35.984974 16.000000 123.007919
f -3 -2 -1
v -35.984974 16.000000 123.007919
v -36.700684 16.000000 124.382790
v -35.918453 16.000000 123.040718
f -3 -2 -1
v -36.700684 16.000000 124.382790
v -36.573509 16.000000 124.445496
v -35.918453 16.000000 123.040718
f -3 -2 -1
v -35.918453 16.000000 123.040718
v -36.573509 16.000000 124.445496
v -35.850563 16.000000 123.070595
f -3 -2 -1
v -36.573509 16.000000 124.445496
v -36.443722 16.000000 124.502609
v -35.850563 16.000000 123.070595
f -3 -2 -1
v -35.850563 16.000000 123.070595
v -36.443722 16.000000 124.502609
v -35.781437 16.000000 123.097481
f -3 -2 -1
v -36.443722 16.000000 124.502609
v -36.311565 16.000000 124.554001
v -35.781437 16.000000 123.097481
f -3 -2 -1
v -35.781437 16.000000 123.097481
v -36.311565 16.000000 124.554001
v -35.711201 16.000000 123.121323
f -3 -2 -1
v -36.311565 16.000000 124.554001
v -36.177292 16.000000 124.599586
v -35.711201 16.000000 123.121323
f -3 -2 -1
v -35.711201 16.000000 123.121323
v -36.177292 16.000000 124.599586
v -35.639996 16.000000 123.142075
f -3 -2 -1
v -36.177292 16.000000 124.599586
v -36.041164 16.000000 124.639259
v -35.639996 16.000000 123.142075
f -3 -2 -1
v -35.639996 16.000000 123.142075
v -36.041164 16.000000 124.639259
v -35.567947 16.000000 123.159706
f -3 -2 -1
v -36.041164 16.000000 124.639259
v -35.903427 16.000000 124.672966
v -35.567947 16.000000 123.159706
f -3 -2 -1
v -35.567947 16.000000 123.159706
v -35.903427 16.000000 124.672966
v -35.495201 16.000000 123.174179
f -3 -2 -1
v -35.903427 16.000000 124.672966
v -35.764355 16.000000 124.700630
v -35.495201 16.000000 123.174179
f -3 -2 -1
v -35.495201 16.000000 123.174179
v -35.764355 16.000000 124.700630
v -35.421894 16.000000 123.185455
f -3 -2 -1
v -35.764355 16.000000 124.700630
v -35.624210 16.000000 124.722198
v -35.421894 16.000000 123.185455
f -3 -2 -1
v -35.421894 16.000000 123.185455
v -35.624210 16.000000 124.722198
v -35.348167 16.000000 123.193535
f -3 -2 -1
v -35.624210 16.000000 124.722198
v -35.483257 16.000000 124.737633
v -35.348167 16.000000 123.193535
f -3 -2 -1
v -35.348167 16.000000 123.193535
v -35.483257 16.000000 124.737633
v -35.274151 16.000000 123.198380
f -3 -2 -1
v -35.483257 16.000000 124.737633
v -35.341763 16.000000 124.746902
v -35.274151 16.000000 123.198380
f -3 -2 -1
v -35.274151 16.000000 123.198380
v -35.341763 16.000000 124.746902
v -35.200001 16.000000 123.199997
f -3 -2 -1
v -35.341763 16.000000 124.746902
v -35.200001 16.000000 124.750000
v -35.200001 16.000000 123.199997
f -3 -2 -1
v -35.200001 16.000000 123.199997
v -35.200001 16.000000 124.750000
v -35.125847 16.000000 123.198380
f -3 -2 -1
v -35.200001 16.000000 124.750000
v -35.058239 16.000000 124.746902
v -35.125847 16.000000 123.198380
f -3 -2 -1
v -35.125847 16.000000 123.198380
v -35.058239 16.000000 124.746902
v -35.051834 16.000000 123.193535
f -3 -2 -1
v -35.058239 16.000000 124.746902
v -34.916744 16.000000 124.737633
v -35.051834 16.000000 123.193535
f -3 -2 -1
v -35.051834 16.000000 123.193535
v -34.916744 16.000000 124.737633
v -34.978107 16.000000 123.185455
f -3 -2 -1
v -34.916744 16.000000 124.737633
v -34.775791 16.000000 124.722198
v -34.978107 16.000000 123.185455
f -3 -2 -1
v -34.978107 16.000000 123.185455
v -34.775791 16.000000 124.722198
v -34.904797 16.000000 123.174179
f -3 -2 -1
v -34.775791 16.000000 124.722198
v -34.635643 16.000000 124.700630
v -34.904797 16.000000 123.174179
f -3 -2 -1
v -34.904797 16.000000 123.174179
v -34.635643 16.000000 124.700630
v -34.832054 16.000000 123.159706
f -3 -2 -1
v -34.635643 16.000000 124.700630
v -34.496571 16.000000 124.672966
v -34.832054 16.000000 123.159706
f -3 -2 -1
v -34.832054 16.000000 123.159706
v -34.496571 16.000000 124.672966
v -34.760006 16.000000 123.142075
f -3 -2 -1
v -34.496571 16.000000 124.672966
v -34.358837 16.000000 124.639259
v -34.760006 16.000000 123.142075
f -3 -2 -1
v -34.760006 16.000000 123.142075
v -34.358837 16.000000 124.639259
v -34.688801 16.000000 123.121323
f -3 -2 -1
v -34.358837 16.000000 124.639259
v -34.222706 16.000000 124.599586
v -34.688801 16.000000 123.121323
f -3 -2 -1
v -34.688801 16.000000 123.121323
v -34.222706 16.000000 124.599586
v -34.618565 16.000000 123.097481
f -3 -2 -1
v -34.222706 16.000000 124.599586
v -34.088432 16.000000 124.554001
v -34.618565 16.000000 123.097481
f -3 -2 -1
v -34.618565 16.000000 123.097481
v -34.088432 16.000000 124.554001
v -34.549438 16.000000 123.070595
f -3 -2 -1
v -34.088432 16.000000 124.554001
v -33.956280 16.000000 124.502609
v -34.549438 16.000000 123.070595
f -3 -2 -1
v -34.549438 16.000000 123.070595
v -33.956280 16.000000 124.502609
v -34.481548 16.000000 123.040718
f -3 -2 -1
v -33.956280 16.000000 124.502609
v -33.826488 16.000000 124.445496
v -34.481548 16.000000 123.040718
f -3 -2 -1
v -34.481548 16.000000 123.040718
v -33.826488 16.000000 124.445496
v -34.415028 16.000000 123.007919
f -3 -2 -1
v -33.826488 16.000000 124.445496
v -33.699318 16.000000 124.382790
v -34.415028 16.000000 123.007919
f -3 -2 -1
v -34.415028 16.000000 123.007919
v -33.699318 16.000000 124.382790
v -34.349998 16.000000 122.972244
f -3 -2 -1
v -33.699318 16.000000 124.382790
v -33.574997 16.000000 124.314583
v -34.349998 16.000000 122.972244
f -3 -2 -1
v -34.349998 16.000000 122.972244
v -33.574997 16.000000 124.314583
v -34.286591 16.000000 122.933769
f -3 -2 -1
v -33.574997 16.000000 124.314583
v -33.453777 16.000000 124.241028
v -34.286591 16.000000 122.933769
f -3 -2 -1
v -34.286591 16.000000 122.933769
v -33.453777 16.000000 124.241028
v -34.224918 16.000000 122.892555
f -3 -2 -1
v -33.453777 16.000000 124.241028
v -33.335876 16.000000 124.162239
v -34.224918 16.000000 122.892555
f -3 -2 -1
v -34.224918 16.000000 122.892555
v -33.335876 16.000000 124.162239
v -34.165108 16.000000 122.848694
f -3 -2 -1
v -33.335876 16.000000 124.162239
v -33.221523 16.000000 124.078400
v -34.165108 16.000000 122.848694
f -3 -2 -1
v -34.165108 16.000000 122.848694
v -33.221523 16.000000 124.078400
v -34.107262 16.000000 122.802269
f -3 -2 -1
v -33.221523 16.000000 124.078400
v -33.110939 16.000000 123.989639
v -34.107262 16.000000 122.802269
f -3 -2 -1
v -34.107262 16.000000 122.802269
v -33.110939 16.000000 123.989639
v -34.051498 16.000000 122.753372
f -3 -2 -1
v -33.110939 16.000000 123.989639
v -33.004333 16.000000 123.896149
v -34.051498 16.000000 122.753372
f -3 -2 -1
v -34.051498 16.000000 122.753372
v -33.004333 16.000000 123.896149
v -33.997921 16.000000 122.702087
f -3 -2 -1
v -33.004333 16.000000 123.896149
v -32.901901 16.000000 123.798096
v -33.997921 16.000000 122.702087
f -3 -2 -1
v -33.997921 16.000000 122.702087
v -32.901901 16.000000 123.798096
v -33.946629 16.000000 122.648499
f -3 -2 -1
v -32.901901 16.000000 123.798096
v -32.803848 16.000000 123.695671
v -33.946629 16.000000 122.648499
f -3 -2 -1
v -33.946629 16.000000 122.648499
v -32.803848 16.000000 123.695671
v -33.897724 16.000000 122.592743
f -3 -2 -1
v -32.803848 16.000000 123.695671
v -32.710354 16.000000 123.589058
v -33.897724 16.000000 122.592743
f -3 -2 -1
v -33.897724 16.000000 122.592743
v -32.710354 16.000000 123.589058
v -33.851299 16.000000 122.534897
f -3 -2 -1
v -32.710354 16.000000 123.589058
v -32.621605 16.000000 123.478470
v -33.851299 16.000000 122.534897
f -3 -2 -1
v -33.851299 16.000000 122.534897
v -32.621605 16.000000 123.478470
v -33.807442 16.000000 122.475082
f -3 -2 -1
v -32.621605 16.000000 123.478470
v -32.537754 16.000000 123.364120
v -33.807442 16.000000 122.475082
f -3 -2 -1
v -33.807442 16.000000 122.475082
v -32.537754 16.000000 123.364120
v -33.766235 16.000000 122.413414
f -3 -2 -1
v -32.537754 16.000000 123.364120
v -32.458981 16.000000 123.246223
v -33.766235 16.000000 122.413414
f -3 -2 -1
v -33.766235 16.000000 122.413414
v -32.458981 16.000000 123.246223
v -33.727757 16.000000 122.349998
f -3 -2 -1
v -32.458981 16.000000 123.246223
v -32.385418 16.000000 123.125000
v -33.727757 16.000000 122.349998
f -3 -2 -1
v -33.727757 16.000000 122.349998
v -32.385418 16.000000 123.125000
v -33.692081 16.000000 122.284973
f -3 -2 -1
v -32.385418 16.000000 123.125000
v -32.317215 16.000000 123.000679
v -33.692081 16.000000 122.284973
f -3 -2 -1
v -33.692081 16.000000 122.284973
v -32.317215 16.000000 123.000679
v -33.659275 16.000000 122.218452
f -3 -2 -1
v -32.317215 16.000000 123.000679
v -32.254498 16.000000 122.873505
v -33.659275 16.000000 122.218452
f -3 -2 -1
v -33.659275 16.000000 122.218452
v -32.254498 16.000000 122.873505
v -33.629406 16.000000 122.150566
f -3 -2 -1
v -32.254498 16.000000 122.873505
v -32.197392 16.000000 122.743721
v -33.629406 16.000000 122.150566
f -3 -2 -1
v -33.629406 16.000000 122.150566
v -32.197392 16.000000 122.743721
v -33.602520 16.000000 122.081436
f -3 -2 -1
v -32.197392 16.000000 122.743721
v -32.146000 16.000000 122.611565
v -33.602520 16.000000 122.081436
f -3 -2 -1
v -33.602520 16.000000 122.081436
v -32.146000 16.000000 122.611565
v -33.578682 16.000000 122.011200
f -3 -2 -1
v -32.146000 16.000000 122.611565
v -32.100422 16.000000 122.477295
v -33.578682 16.000000 122.011200
f -3 -2 -1
v -33.578682 16.000000 122.011200
v -32.100422 16.000000 122.477295
v -33.557926 16.000000 121.939995
f -3 -2 -1
v -32.100422 16.000000 122.477295
v -32.060741 16.000000 122.341164
v -33.557926 16.000000 121.939995
f -3 -2 -1
v -33.557926 16.000000 121.939995
v -32.060741 16.000000 122.341164
v -33.540298 16.000000 121.867950
f -3 -2 -1
v -32.060741 16.000000 122.341164
v -32.027039 16.000000 122.203430
v -33.540298 16.000000 121.867950
f -3 -2 -1
v -33.540298 16.000000 121.867950
v -32.027039 16.000000 122.203430
v -33.525829 16.000000 121.795197
f -3 -2 -1
v -32.027039 16.000000 122.203430
v -31.999376 16.000000 122.064362
v -33.525829 16.000000 121.795197
f -3 -2 -1
v -33.525829 16.000000 121.795197
v -31.999376 16.000000 122.064362
v -33.514545 16.000000 121.721893
f -3 -2 -1
v -31.999376 16.000000 122.064362
v -31.977802 16.000000 121.924210
v -33.514545 16.000000 121.721893
f -3 -2 -1
v -33.514545 16.000000 121.721893
v -31.977802 16.000000 121.924210
v -33.506470 16.000000 121.648163
f -3 -2 -1
v -31.977802 16.000000 121.924210
v -31.962368 16.000000 121.783257
v -33.506470 16.000000 121.648163
f -3 -2 -1
v -33.506470 16.000000 121.648163
v -31.962368 16.000000 121.783257
v -33.501617 16.000000 121.574158
f -3 -2 -1
v -31.962368 16.000000 121.783257
v -31.953093 16.000000 121.641762
v -33.501617 16.000000 121.574158
f -3 -2 -1
v -33.501617 16.000000 121.574158
v -31.953093 16.000000 121.641762
v -33.500000 16.000000 121.500000
f -3 -2 -1
v -31.953093 16.000000 121.641762
v -31.950001 16.000000 121.500000
v -33.500000 16.000000 121.500000
f -3 -2 -1
v -33.500000 16.000000 121.500000
v -31.950001 16.000000 121.500000
v -33.501617 16.000000 121.425842
f -3 -2 -1
v -31.950001 16.000000 121.500000
v -31.953093 16.000000 121.358238
v -33.501617 16.000000 121.425842
f -3 -2 -1
v -33.501617 16.000000 121.425842
v -31.953093 16.000000 121.358238
v -33.506470 16.000000 121.351837
f -3 -2 -1
v -31.953093 16.000000 121.358238
v -31.962368 16.000000 121.216743
v -33.506470 16.000000 121.351837
f -3 -2 -1
v -33.506470 16.000000 121.351837
v -31.962368 16.000000 121.216743
v -33.514545 16.000000 121.278107
f -3 -2 -1
v -31.962368 16.000000 121.216743
v -31.977802 16.000000 121.075790
v -33.514545 16.000000 121.278107
f -3 -2 -1
v -33.514545 16.000000 121.278107
v -31.977802 16.000000 121.075790
v -33.525829 16.000000 121.204803
f -3 -2 -1
v -31.977802 16.000000 121.075790
v -31.999376 16.000000 120.935638
v -33.525829 16.000000 121.204803
f -3 -2 -1
v -33.525829 16.000000 121.204803
v -31.999376 16.000000 120.935638
v -33.540298 16.000000 121.132057
f -3 -2 -1
v -31.999376 16.000000 120.935638
v -32.027039 16.000000 120.796570
v -33.540298 16.000000 121.132057
f -3 -2 -1
v -33.540298 16.000000 121.132057
v -32.027039 16.000000 120.796570
v -33.557926 16.000000 121.060005
f -3 -2 -1
v -32.027039 16.000000 120.796570
v -32.060741 16.000000 120.658836
v -33.557926 16.000000 121.060005
f -3 -2 -1
v -33.557926 16.000000 121.060005
v -32.060741 16.000000 120.658836
v -33.578682 16.000000 120.988800
f -3 -2 -1
v -32.060741 16.000000 120.658836
v -32.100422 16.000000 120.522705
v -33.578682 16.000000 120.988800
f -3 -2 -1
v -33.578682 16.000000 120.988800
v -32.100422 16.000000 120.522705
v -33.602520 16.000000 120.918564
f -3 -2 -1
v -32.100422 16.000000 120.522705
v -32.146000 16.000000 120.388435
v -33.602520 16.000000 120.918564
f -3 -2 -1
v -33.602520 16.000000 120.918564
v -32.146000 16.000000 120.388435
v -33.629406 16.000000 120.849442
f -3 -2 -1
v -32.146000 16.000000 120.388435
v -32.197392 16.000000 120.256279
v -33.629406 16.000000 120.849442
f -3 -2 -1
v -33.629406 16.000000 120.849442
v -32.197392 16.000000 120.256279
v -33.659275 16.000000 120.781548
f -3 -2 -1
v -32.197392 16.000000 120.256279
v -32.254498 16.000000 120.126495
v -33.659275 16.000000 120.781548
f -3 -2 -1
v -33.659275 16.000000 120.781548
v -32.254498 16.000000 120.126495
v -33.692081 16.000000 120.715027
f -3 -2 -1
v -32.254498 16.000000 120.126495
v -32.317215 16.000000 119.999321
v -33.692081 16.000000 120.715027
f -3 -2 -1
v -33.692081 16.000000 120.715027
v -32.317215 16.000000 119.999321
v -33.727757 16.000000 120.650002
f -3 -2 -1
v -32.317215 16.000000 119.999321
v -32.385418 16.000000 119.875000
v -33.727757 16.000000 120.650002
f -3 -2 -1
v -33.727757 16.000000 120.650002
v -32.385418 16.000000 119.875000
v -33.766235 16.000000 120.586586
f -3 -2 -1
v -32.385418 16.000000 119.875000
v -32.458981 16.000000 119.753777
v -33.766235 16.000000 120.586586
f -3 -2 -1
v -33.766235 16.000000 120.586586
v -32.458981 16.000000 119.753777
v -33.807442 16.000000 120.524918
f -3 -2 -1
v -32.458981 16.000000 119.753777
v -32.537754 16.000000 119.635880
v -33.807442 16.000000 120.524918
f -3 -2 -1
v -33.807442 16.000000 120.524918
v -32.537754 16.000000 119.635880
v -33.851299 16.000000 120.465111
f -3 -2 -1
v -32.537754 16.000000 119.635880
v -32.621605 16.000000 119.521530
v -33.851299 16.000000 120.465111
f -3 -2 -1
v -33.851299 16.000000 120.465111
v -32.621605 16.000000 119.521530
v -33.897724 16.000000 120.407265
f -3 -2 -1
v -32.621605 16.000000 119.521530
v -32.710354 16.000000 119.410942
v -33.897724 16.000000 120.407265
f -3 -2 -1
v -33.897724 16.000000 120.407265
v -32.710354 16.000000 119.410942
v -33.946629 16.000000 120.351494
f -3 -2 -1
v -32.710354 16.000000 119.410942
v -32.803848 16.000000 119.304329
v -33.946629 16.000000 120.351494
f -3 -2 -1
v -33.946629 16.000000 120.351494
v -32.803848 16.000000 119.304329
v -33.997921 16.000000 120.297913
f -3 -2 -1
v -32.803848 16.000000 119.304329
v -32.901901 16.000000 119.201904
v -33.997921 16.000000 120.297913
f -3 -2 -1
v -33.997921 16.000000 120.297913
v -32.901901 16.000000 119.201904
v -34.051498 16.000000 120.246628
f -3 -2 -1
v -32.901901 16.000000 119.201904
v -33.004333 16.000000 119.103851
v -34.051498 16.000000 120.246628
f -3 -2 -1
v -34.051498 16.000000 120.246628
v -33.004333 16.000000 119.103851
v -34.107262 16.000000 120.197723
f -3 -2 -1
v -33.004333 16.000000 119.103851
v -33.110939 16.000000 119.010361
v -34.107262 16.000000 120.197723
f -3 -2 -1
v -34.107262 16.000000 120.197723
v -33.110939 16.000000 119.010361
v -34.165108 16.000000 120.151299
f -3 -2 -1
v -33.110939 16.000000 119.010361
v -33.221523 16.000000 118.921600
v -34.165108 16.000000 120.151299
f -3 -2 -1
v -34.165108 16.000000 120.151299
v -33.221523 16.000000 118.921600
v -34.224918 16.000000 120.107445
f -3 -2 -1
v -33.221523 16.000000 118.921600
v -33.335876 16.000000 118.837761
v -34.224918 16.000000 120.107445
f -3 -2 -1
v -34.224918 16.000000 120.107445
v -33.335876 16.000000 118.837761
v -34.286591 16.000000 120.066231
f -3 -2 -1
v -33.335876 16.000000 118.837761
v -33.453777 16.000000 118.758980
v -34.286591 16.000000 120.066231
f -3 -2 -1
v -34.286591 16.000000 120.066231
v -33.453777 16.000000 118.758980
v -34.349998 16.000000 120.027756
f -3 -2 -1
v -33.453777 16.000000 118.758980
v -33.574997 16.000000 118.685417
v -34.349998 16.000000 120.027756
f -3 -2 -1
v -34.349998 16.000000 120.027756
v -33.574997 16.000000 118.685417
v -34.415028 16.000000 119.992088
f -3 -2 -1
v -33.574997 16.000000 118.685417
v -33.699318 16.000000 118.617218
v -34.415028 16.000000 119.992088
f -3 -2 -1
v -34.415028 16.000000 119.992088
v -33.699318 16.000000 118.617218
v -34.481548 16.000000 119.959282
f -3 -2 -1
v -33.699318 16.000000 118.617218
v -33.826488 16.000000 118.554504
v -34.481548 16.000000 119.959282
f -3 -2 -1
v -34.481548 16.000000 119.959282
v -33.826488 16.000000 118.554504
v -34.549438 16.000000 119.929405
f -3 -2 -1
v -33.826488 16.000000 118.554504
v -33.956280 16.000000 118.497391
v -34.549438 16.000000 119.929405
f -3 -2 -1
v -34.549438 16.000000 119.929405
v -33.956280 16.000000 118.497391
v -34.618565 16.000000 119.902519
f -3 -2 -1
v -33.956280 16.000000 118.497391
v -34.088432 16.000000 118.445999
v -34.618565 16.000000 119.902519
f -3 -2 -1
v -34.618565 16.000000 119.902519
v -34.088432 16.000000 118.445999
v -34.688801 16.000000 119.878677
f -3 -2 -1
v -34.088432 16.000000 118.445999
v -34.222706 16.000000 118.400414
v -34.688801 16.000000 119.878677
f -3 -2 -1
v -34.688801 16.000000 119.878677
v -34.222706 16.000000 118.400414
v -34.760006 16.000000 119.857933
f -3 -2 -1
v -34.222706 16.000000 118.400414
v -34.358837 16.000000 118.360741
v -34.760006 16.000000 119.857933
f -3 -2 -1
v -34.760006 16.000000 119.857933
v -34.358837 16.000000 118.360741
v -34.832054 16.000000 119.840294
f -3 -2 -1
v -34.358837 16.000000 118.360741
v -34.496571 16.000000 118.327034
v -34.832054 16.000000 119.840294
f -3 -2 -1
v -34.832054 16.000000 119.840294
v -34.496571 16.000000 118.327034
v -34.904797 16.000000 119.825829
f -3 -2 -1
v -34.496571 16.000000 118.327034
v -34.635643 16.000000 118.299370
v -34.904797 16.000000 119.825829
f -3 -2 -1
v -34.904797 16.000000 119.825829
v -34.635643 16.000000 118.299370
v -34.978107 16.000000 119.814545
f -3 -2 -1
v -34.635643 16.000000 118.299370
v -34.775791 16.000000 118.277802
v -34.978107 16.000000 119.814545
f -3 -2 -1
v -34.978107 16.000000 119.814545
v -34.775791 16.000000 118.277802
v -35.051834 16.000000 119.806465
f -3 -2 -1
v -34.775791 16.000000 118.277802
v -34.916744 16.000000 118.262367
v -35.051834 16.000000 119.806465
f -3 -2 -1
v -35.051834 16.000000 119.806465
v -34.916744 16.000000 118.262367
v -35.125847 16.000000 119.801620
f -3 -2 -1
v -34.916744 16.000000 118.262367
v -35.058239 16.000000 118.253098
v -35.125847 16.000000 119.801620
f -3 -2 -1
v -35.125847 16.000000 119.801620
v -35.058239 16.000000 118.253098
v -35.200001 16.000000 119.800003
f -3 -2 -1
v -35.058239 16.000000 118.253098
v -35.200001 16.000000 118.250000
v -35.200001 16.000000 119.800003
f -3 -2 -1
v -35.200001 16.000000 119.800003
v -35.200001 16.000000 118.250000
v -35.274151 16.000000 119.801620
f -3 -2 -1
v -35.200001 16.000000 118.250000
v -35.341763 16.000000 118.253098
v -35.274151 16.000000 119.801620
f -3 -2 -1
v -35.274151 16.000000 119.801620
v -35.341763 16.000000 118.253098
v -35.348167 16.000000 119.806465
f -3 -2 -1
v -35.341763 16.000000 118.253098
v -35.483257 16.000000 118.262367
v -35.348167 16.000000 119.806465
f -3 -2 -1
v -35.348167 16.000000 119.806465
v -35.483257 16.000000 118.262367
v -35.421894 16.000000 119.814545
f -3 -2 -1
v -35.483257 16.000000 118.262367
v -35.624210 16.000000 118.277802
v -35.421894 16.000000 119.814545
f -3 -2 -1
v -35.421894 16.000000 119.814545
v -35.624210 16.000000 118.277802
v -35.495201 16.000000 119.825829
f -3 -2 -1
v -35.624210 16.000000 118.277802
v -35.764355 16.000000 118.299370
v -35.495201 16.000000 119.825829
f -3 -2 -1
v -35.495201 16.000000 119.825829
v -35.764355 16.000000 118.299370
v -35.567947 16.000000 119.840294
f -3 -2 -1
v -35.764355 16.000000 118.299370
v -35.903427 16.000000 118.327034
v -35.567947 16.000000 119.840294
f -3 -2 -1
v -35.567947 16.000000 119.840294
v -35.903427 16.000000 118.327034
v -35.639996 16.000000 119.857933
f -3 -2 -1
v -35.903427 16.000000 118.327034
v -36.041164 16.000000 118.360741
v -35.639996 16.000000 119.857933
f -3 -2 -1
v -35.639996 16.000000 119.857933
v -36.041164 16.000000 118.360741
v -35.711201 16.000000 119.878677
f -3 -2 -1
v -36.041164 16.000000 118.360741
v -36.177292 16.000000 118.400414
v -35.711201 16.000000 119.878677
f -3 -2 -1
v -35.711201 16.000000 119.878677
v -36.177292 16.000000 118.400414
v -35.781437 16.000000 119.902519
f -3 -2 -1
v -36.177292 16.000000 118.400414
v -36.311565 16.000000 118.445999
v -35.781437 16.000000 119.902519
f -3 -2 -1
v -35.781437 16.000000 119.902519
v -36.311565 16.000000 118.445999
v -35.850563 16.000000 119.929405
f -3 -2 -1
v -36.311565 16.000000 118.445999
v -36.443722 16.000000 118.497391
v -35.850563 16.000000 119.929405
f -3 -2 -1
v -35.850563 16.000000 119.929405
v -36.443722 16.000000 118.497391
v -35.918453 16.000000 119.959282
f -3 -2 -1
v -36.443722 16.000000 118.497391
v -36.573509 16.000000 118.554504
v -35.918453 16.000000 119.959282
f -3 -2 -1
v -35.918453 16.000000 119.959282
v -36.573509 16.000000 118.554504
v -35.984974 16.000000 119.992088
f -3 -2 -1
v -36.573509 16.000000 118.554504
v -36.700684 16.000000 118.617218
v -35.984974 16.000000 119.992088
f -3 -2 -1
v -35.984974 16.000000 119.992088
v -36.700684 16.000000 118.617218
v -36.049999 16.000000 120.027756
f -3 -2 -1
v -36.700684 16.000000 118.617218
v -36.825001 16.000000 118.685417
v -36.049999 16.000000 120.027756
f -3 -2 -1
v -36.049999 16.000000 120.027756
v -36.825001 16.000000 118.685417
v -36.113411 16.000000 120.066231
f -3 -2 -1
v -36.825001 16.000000 118.685417
v -36.946220 16.000000 118.758980
v -36.113411 16.000000 120.066231
f -3 -2 -1
v -36.113411 16.000000 120.066231
v -36.946220 16.000000 118.758980
v -36.175079 16.000000 120.107445
f -3 -2 -1
v -36.946220 16.000000 118.758980
v -37.064125 16.000000 118.837761
v -36.175079 16.000000 120.107445
f -3 -2 -1
v -36.175079 16.000000 120.107445
v -37.064125 16.000000 118.837761
v -36.234894 16.000000 120.151299
f -3 -2 -1
v -37.064125 16.000000 118.837761
v -37.178474 16.000000 118.921600
v -36.234894 16.000000 120.151299
f -3 -2 -1
v -36.234894 16.000000 120.151299
v -37.178474 16.000000 118.921600
v -36.292740 16.000000 120.197723
f -3 -2 -1
v -37.178474 16.000000 118.921600
v -37.289062 16.000000 119.010361
v -36.292740 16.000000 120.197723
f -3 -2 -1
v -36.292740 16.000000 120.197723
v -37.289062 16.000000 119.010361
v -36.348503 16.000000 120.246628
f -3 -2 -1
v -37.289062 16.000000 119.010361
v -37.395668 16.000000 119.103851
v -36.348503 16.000000 120.246628
f -3 -2 -1
v -36.348503 16.000000 120.246628
v -37.395668 16.000000 119.103851
v -36.402081 16.000000 120.297913
f -3 -2 -1
v -37.395668 16.000000 119.103851
v -37.498096 16.000000 119.201904
v -36.402081 16.000000 120.297913
f -3 -2 -1
v -36.402081 16.000000 120.297913
v -37.498096 16.000000 119.201904
v -36.453369 16.000000 120.351494
f -3 -2 -1
v -37.498096 16.000000 119.201904
v -37.596149 16.000000 119.304329
v -36.453369 16.000000 120.351494
f -3 -2 -1
v -36.453369 16.000000 120.351494
v -37.596149 16.000000 119.304329
v -36.502277 16.000000 120.407265
f -3 -2 -1
v -37.596149 16.000000 119.304329
v -37.689644 16.000000 119.410942
v -36.502277 16.000000 120.407265
f -3 -2 -1
v -36.502277 16.000000 120.407265
v -37.689644 16.000000 119.410942
v -36.548698 16.000000 120.465111
f -3 -2 -1
v -37.689644 16.000000 119.410942
v -37.778400 16.000000 119.521530
v -36.548698 16.000000 120.465111
f -3 -2 -1
v -36.548698 16.000000 120.465111
v -37.778400 16.000000 119.521530
v -36.592560 16.000000 120.524918
f -3 -2 -1
v -37.778400 16.000000 119.521530
v -37.862244 16.000000 119.635880
v -36.592560 16.000000 120.524918
f -3 -2 -1
v -36.592560 16.000000 120.524918
v -37.862244 16.000000 119.635880
v -36.633766 16.000000 120.586586
f -3 -2 -1
v -37.862244 16.000000 119.635880
v -37.941025 16.000000 119.753777
v -36.633766 16.000000 120.586586
f -3 -2 -1
v -36.633766 16.000000 120.586586
v -37.941025 16.000000 119.753777
v -36.672241 16.000000 120.650002
f -3 -2 -1
v -37.941025 16.000000 119.753777
v -38.014584 16.000000 119.875000
v -36.672241 16.000000 120.650002
f -3 -2 -1
v -36.672241 16.000000 120.650002
v -38.014584 16.000000 119.875000
v -36.707920 16.000000 120.715027
f -3 -2 -1
v -38.014584 16.000000 119.875000
v -38.082787 16.000000 119.999321
v -36.707920 16.000000 120.715027
f -3 -2 -1
v -36.707920 16.000000 120.715027
v -38.082787 16.000000 119.999321
v -36.740723 16.000000 120.781548
f -3 -2 -1
v -38.082787 16.000000 119.999321
v -38.145500 16.000000 120.126495
v -36.740723 16.000000 120.781548
f -3 -2 -1
v -36.740723 16.000000 120.781548
v -38.145500 16.000000 120.126495
v -36.770592 16.000000 120.849442
f -3 -2 -1
v -38.145500 16.000000 120.126495
v -38.202610 16.000000 120.256279
v -36.770592 16.000000 120.849442
f -3 -2 -1
v -36.770592 16.000000 120.849442
v -38.202610 16.000000 120.256279
v -36.797478 16.000000 120.918564
f -3 -2 -1
v -38.202610 16.000000 120.256279
v -38.254002 16.000000 120.388435
v -36.797478 16.000000 120.918564
f -3 -2 -1
v -36.797478 16.000000 120.918564
v -38.254002 16.000000 120.388435
v -36.821320 16.000000 120.988800
f -3 -2 -1
v -38.254002 16.000000 120.388435
v -38.299580 16.000000 120.522705
v -36.821320 16.000000 120.988800
f -3 -2 -1
v -36.821320 16.000000 120.988800
v -38.299580 16.000000 120.522705
v -36.842075 16.000000 121.060005
f -3 -2 -1
v -38.299580 16.000000 120.522705
v -38.339256 16.000000 120.658836
v -36.842075 16.000000 121.060005
f -3 -2 -1
v -36.842075 16.000000 121.060005
v -38.339256 16.000000 120.658836
v -36.859703 16.000000 121.132057
f -3 -2 -1
v -38.339256 16.000000 120.658836
v -38.372963 16.000000 120.796570
v -36.859703 16.000000 121.132057
f -3 -2 -1
v -36.859703 16.000000 121.132057
v -38.372963 16.000000 120.796570
v -36.874172 16.000000 121.204803
f -3 -2 -1
v -38.372963 16.000000 120.796570
v -38.400623 16.000000 120.935638
v -36.874172 16.000000 121.204803
f -3 -2 -1
v -36.874172 16.000000 121.204803
v -38.400623 16.000000 120.935638
v -36.885456 16.000000 121.278107
f -3 -2 -1
v -38.400623 16.000000 120.935638
v -38.422195 16.000000 121.075790
v -36.885456 16.000000 121.278107
f -3 -2 -1
v -36.885456 16.000000 121.278107
v -38.422195 16.000000 121.075790
v -36.893532 16.000000 121.351837
f -3 -2 -1
v -38.422195 16.000000 121.075790
v -38.437630 16.000000 121.216743
v -36.893532 16.000000 121.351837
f -3 -2 -1
v -36.893532 16.000000 121.351837
v -38.437630 16.000000 121.216743
v -36.898380 16.000000 121.425842
f -3 -2 -1
v -38.437630 16.000000 121.216743
v -38.446907 16.000000 121.358238
v -36.898380 16.000000 121.425842
f -3 -2 -1
v -36.898380 16.000000 121.425842
v -38.446907 16.000000 121.358238
v -36.899998 16.000000 121.500000
f -3 -2 -1
v -38.446907 16.000000 121.358238
v -38.450001 16.000000 121.500000
v -36.899998 16.000000 121.500000
f -3 -2 -1
v -36.899998 16.000000 121.500000
v -38.450001 16.000000 121.500000
v -36.898380 16.000000 121.574158
f -3 -2 -1
v -38.450001 16.000000 121.500000
v -38.446907 16.000000 121.641762
v -36.898380 16.000000 121.574158
f -3 -2 -1
v -36.898380 16.000000 121.574158
v -38.446907 16.000000 121.641762
v -36.893532 16.000000 121.648163
f -3 -2 -1
v -38.446907 16.000000 121.641762
v -38.437630 16.000000 121.783257
v -36.893532 16.000000 121.648163
f -3 -2 -1
v -36.893532 16.000000 121.648163
v -38.437630 16.000000 121.783257
v -36.885456 16.000000 121.721893
f -3 -2 -1
v -38.437630 16.000000 121.783257
v -38.422195 16.000000 121.924210
v -36.885456 16.000000 121.721893
f -3 -2 -1
v -36.885456 16.000000 121.721893
v -38.422195 16.000000 121.924210
v -36.874172 16.000000 121.795197
f -3 -2 -1
v -38.422195 16.000000 121.924210
v -38.400623 16.000000 122.064362
v -36.874172 16.000000 121.795197
f -3 -2 -1
v -36.874172 16.000000 121.795197
v -38.400623 16.000000 122.064362
v -36.859703 16.000000 121.867950
f -3 -2 -1
v -38.400623 16.000000 122.064362
v -38.372963 16.000000 122.203430
v -36.859703 16.000000 121.867950
f -3 -2 -1
v -36.859703 16.000000 121.867950
v -38.372963 16.000000 122.203430
v -36.842075 16.000000 121.939995
f -3 -2 -1
v -38.372963 16.000000 122.203430
v -38.339256 16.000000 122.341164
v -36.842075 16.000000 121.939995
f -3 -2 -1
v -36.842075 16.000000 121.939995
v -38.339256 16.000000 122.341164
v -36.821320 16.000000 122.011200
f -3 -2 -1
v -38.339256 16.000000 122.341164
v -38.299580 16.000000 122.477295
v -36.821320 16.000000 122.011200
f -3 -2 -1
v -36.821320 16.000000 122.011200
v -38.299580 16.000000 122.477295
v -36.797478 16.000000 122.081436
f -3 -2 -1
v -38.299580 16.000000 122.477295
v -38.254002 16.000000 122.611565
v -36.797478 16.000000 122.081436
f -3 -2 -1
v -36.797478 16.000000 122.081436
v -38.254002 16.000000 122.611565
v -36.770592 16.000000 122.150566
f -3 -2 -1
v -38.254002 16.000000 122.611565
v -38.202610 16.000000 122.743721
v -36.770592 16.000000 122.150566
f -3 -2 -1
v -36.770592 16.000000 122.150566
v -38.202610 16.000000 122.743721
v -36.740723 16.000000 122.218452
f -3 -2 -1
v -38.202610 16.000000 122.743721
v -38.145500 16.000000 122.873505
v -36.740723 16.000000 122.218452
f -3 -2 -1
v -36.740723 16.000000 122.218452
v -38.145500 16.000000 122.873505
v -36.707920 16.000000 122.284973
f -3 -2 -1
v -38.145500 16.000000 122.873505
v -38.082787 16.000000 123.000679
v -36.707920 16.000000 122.284973
f -3 -2 -1
v -36.707920 16.000000 122.284973
v -38.082787 16.000000 123.000679
v -36.672241 16.000000 122.349998
f -3 -2 -1
v -38.082787 16.000000 123.000679
v -38.014584 16.000000 123.125000
v -36.672241 16.000000 122.349998
f -3 -2 -1
v -36.672241 16.000000 122.349998
v -38.014584 16.000000 123.125000
v -36.633766 16.000000 122.413414
f -3 -2 -1
v -38.014584 16.000000 123.125000
v -37.941025 16.000000 123.246223
v -36.633766 16.000000 122.413414
f -3 -2 -1
v -3.856997 -19.000000 91.652077
v -3.856997 -13.100000 91.652077
v -4.272697 -13.100000 91.690125
f -3 -2 -1
v -3.856997 -19.000000 91.652077
v -4.272697 -13.100000 91.690125
v -4.272697 -19.000000 91.690125
f -3 -2 -1
v -4.272697 -13.100000 91.690125
v -5.707335 -13.100000 91.857635
v -4.272697 -19.000000 91.690125
f -3 -2 -1
v -4.272697 -19.000000 91.690125
v -5.707335 -13.100000 91.857635
v -5.707335 -19.000000 91.857635
f -3 -2 -1
v -5.707335 -13.100000 91.857635
v -7.040462 -13.100000 92.067093
v -5.707335 -19.000000 91.857635
f -3 -2 -1
v -5.707335 -19.000000 91.857635
v -7.040462 -13.100000 92.067093
v -7.040462 -19.000000 92.067093
f -3 -2 -1
v -7.040462 -13.100000 92.067093
v -8.284560 -13.100000 92.313599
v -7.040462 -19.000000 92.067093
f -3 -2 -1
v -7.040462 -19.000000 92.067093
v -8.284560 -13.100000 92.313599
v -8.284560 -19.000000 92.313599
f -3 -2 -1
v -8.284560 -13.100000 92.313599
v -9.450293 -13.100000 92.593346
v -8.284560 -19.000000 92.313599
f -3 -2 -1
v -8.284560 -19.000000 92.313599
v -9.450293 -13.100000 92.593346
v -9.450293 -19.000000 92.593346
f -3 -2 -1
v -9.450293 -13.100000 92.593346
v -10.546812 -13.100000 92.903419
v -9.450293 -19.000000 92.593346
f -3 -2 -1
v -9.450293 -19.000000 92.593346
v -10.546812 -13.100000 92.903419
v -10.546812 -19.000000 92.903419
f -3 -2 -1
v -10.546812 -13.100000 92.903419
v -11.582022 -13.100000 93.241653
v -10.546812 -19.000000 92.903419
f -3 -2 -1
v -10.546812 -19.000000 92.903419
v -11.582022 -13.100000 93.241653
v -11.582022 -19.000000 93.241653
f -3 -2 -1
v -11.582022 -13.100000 93.241653
v -12.562781 -13.100000 93.606514
v -11.582022 -19.000000 93.241653
f -3 -2 -1
v -11.582022 -19.000000 93.241653
v -12.562781 -13.100000 93.606514
v -12.562781 -19.000000 93.606514
f -3 -2 -1
v -12.562781 -13.100000 93.606514
v -13.495071 -13.100000 93.997002
v -12.562781 -19.000000 93.606514
f -3 -2 -1
v -12.562781 -19.000000 93.606514
v -13.495071 -13.100000 93.997002
v -13.495071 -19.000000 93.997002
f -3 -2 -1
v -13.495071 -13.100000 93.997002
v -14.384128 -13.100000 94.412613
v -13.495071 -19.000000 93.997002
f -3 -2 -1
v -13.495071 -19.000000 93.997002
v -14.384128 -13.100000 94.412613
v -14.384128 -19.000000 94.412613
f -3 -2 -1
v -14.384128 -13.100000 94.412613
v -15.234551 -13.100000 94.853249
v -14.384128 -19.000000 94.412613
f -3 -2 -1
v -14.384128 -19.000000 94.412613
v -15.234551 -13.100000 94.853249
v -15.234551 -19.000000 94.853249
f -3 -2 -1
v -15.234551 -13.100000 94.853249
v -16.050406 -13.100000 95.319275
v -15.234551 -19.000000 94.853249
f -3 -2 -1
v -15.234551 -19.000000 94.853249
v -16.050406 -13.100000 95.319275
v -16.050406 -19.000000 95.319275
f -3 -2 -1
v -16.050406 -13.100000 95.319275
v -16.835281 -13.100000 95.811386
v -16.050406 -19.000000 95.319275
f -3 -2 -1
v -16.050406 -19.000000 95.319275
v -16.835281 -13.100000 95.811386
v -16.835281 -19.000000 95.811386
f -3 -2 -1
v -16.835281 -13.100000 95.811386
v -17.592369 -13.100000 96.330711
v -16.835281 -19.000000 95.811386
f -3 -2 -1
v -16.835281 -19.000000 95.811386
v -17.592369 -13.100000 96.330711
v -17.592369 -19.000000 96.330711
f -3 -2 -1
v -17.592369 -13.100000 96.330711
v -18.324493 -13.100000 96.878738
v -17.592369 -19.000000 96.330711
f -3 -2 -1
v -17.592369 -19.000000 96.330711
v -18.324493 -13.100000 96.878738
v -18.324493 -19.000000 96.878738
f -3 -2 -1
v -18.324493 -13.100000 96.878738
v -19.034164 -13.100000 97.457390
v -18.324493 -19.000000 96.878738
f -3 -2 -1
v -18.324493 -19.000000 96.878738
v -19.034164 -13.100000 97.457390
v -19.034164 -19.000000 97.457390
f -3 -2 -1
v -19.034164 -13.100000 97.457390
v -19.723612 -13.100000 98.069031
v -19.034164 -19.000000 97.457390
f -3 -2 -1
v -19.034164 -19.000000 97.457390
v -19.723612 -13.100000 98.069031
v -19.723612 -19.000000 98.069031
f -3 -2 -1
v -19.723612 -13.100000 98.069031
v -20.394787 -13.100000 98.716530
v -19.723612 -19.000000 98.069031
f -3 -2 -1
v -19.723612 -19.000000 98.069031
v -20.394787 -13.100000 98.716530
v -20.394787 -19.000000 98.716530
f -3 -2 -1
v -20.394787 -13.100000 98.716530
v -21.049398 -13.100000 99.403290
v -20.394787 -19.000000 98.716530
f -3 -2 -1
v -20.394787 -19.000000 98.716530
v -21.049398 -13.100000 99.403290
v -21.049398 -19.000000 99.403290
f -3 -2 -1
v -21.049398 -13.100000 99.403290
v -21.687843 -13.100000 100.132126
v -21.049398 -19.000000 99.403290
f -3 -2 -1
v -21.049398 -19.000000 99.403290
v -21.687843 -13.100000 100.132126
v -21.687843 -19.000000 100.132126
f -3 -2 -1
v -21.687843 -13.100000 100.132126
v -22.207500 -13.100000 100.773628
v -21.687843 -19.000000 100.132126
f -3 -2 -1
v -21.687843 -19.000000 100.132126
v -22.207500 -13.100000 100.773628
v -22.207500 -19.000000 100.773628
f -3 -2 -1
v -22.207500 -13.100000 100.773628
v -22.822420 -13.100000 101.596008
v -22.207500 -19.000000 100.773628
f -3 -2 -1
v -22.207500 -19.000000 100.773628
v -22.822420 -13.100000 101.596008
v -22.822420 -19.000000 101.596008
f -3 -2 -1
v -22.822420 -13.100000 101.596008
v -23.425013 -13.100000 102.477745
v -22.822420 -19.000000 101.596008
f -3 -2 -1
v -22.822420 -19.000000 101.596008
v -23.425013 -13.100000 102.477745
v -23.425013 -19.000000 102.477745
f -3 -2 -1
v -23.425013 -13.100000 102.477745
v -24.015696 -13.100000 103.426666
v -23.425013 -19.000000 102.477745
f -3 -2 -1
v -23.425013 -19.000000 102.477745
v -24.015696 -13.100000 103.426666
v -24.015696 -19.000000 103.426666
f -3 -2 -1
v -24.015696 -13.100000 103.426666
v -24.594505 -13.100000 104.452095
v -24.015696 -19.000000 103.426666
f -3 -2 -1
v -24.015696 -19.000000 103.426666
v -24.594505 -13.100000 104.452095
v -24.594505 -19.000000 104.452095
f -3 -2 -1
v -24.594505 -13.100000 104.452095
v -25.161034 -13.100000 105.565254
v -24.594505 -19.000000 104.452095
f -3 -2 -1
v -24.594505 -19.000000 104.452095
v -25.161034 -13.100000 105.565254
v -25.161034 -19.000000 105.565254
f -3 -2 -1
v -25.161034 -13.100000 105.565254
v -25.714241 -13.100000 106.779625
v -25.161034 -19.000000 105.565254
f -3 -2 -1
v -25.161034 -19.000000 105.565254
v -25.714241 -13.100000 106.779625
v -25.714241 -19.000000 106.779625
f -3 -2 -1
v -25.714241 -13.100000 106.779625
v -26.250841 -13.100000 108.107681
v -25.714241 -19.000000 106.779625
f -3 -2 -1
v -25.714241 -19.000000 106.779625
v -26.250841 -13.100000 108.107681
v -26.250841 -19.000000 108.107681
f -3 -2 -1
v -26.250841 -13.100000 108.107681
v -26.716681 -13.100000 109.413383
v -26.250841 -19.000000 108.107681
f -3 -2 -1
v -26.250841 -19.000000 108.107681
v -26.716681 -13.100000 109.413383
v -26.716681 -19.000000 109.413383
f -3 -2 -1
v -26.716681 -13.100000 109.413383
v -27.163033 -13.100000 110.838539
v -26.716681 -19.000000 109.413383
f -3 -2 -1
v -26.716681 -19.000000 109.413383
v -27.163033 -13.100000 110.838539
v -27.163033 -19.000000 110.838539
f -3 -2 -1
v -27.163033 -13.100000 110.838539
v -27.586153 -13.100000 112.401665
v -27.163033 -19.000000 110.838539
f -3 -2 -1
v -27.163033 -19.000000 110.838539
v -27.586153 -13.100000 112.401665
v -27.586153 -19.000000 112.401665
f -3 -2 -1
v -27.586153 -13.100000 112.401665
v -27.980993 -13.100000 114.125137
v -27.586153 -19.000000 112.401665
f -3 -2 -1
v -27.586153 -19.000000 112.401665
v -27.980993 -13.100000 114.125137
v -27.980993 -19.000000 114.125137
f -3 -2 -1
v -27.980993 -13.100000 114.125137
v -28.340778 -13.100000 116.036270
v -27.980993 -19.000000 114.125137
f -3 -2 -1
v -27.980993 -19.000000 114.125137
v -28.340778 -13.100000 116.036270
v -28.340778 -19.000000 116.036270
f -3 -2 -1
v -28.340778 -13.100000 116.036270
v -28.656454 -13.100000 118.168617
v -28.340778 -19.000000 116.036270
f -3 -2 -1
v -28.340778 -19.000000 116.036270
v -28.656454 -13.100000 118.168617
v -28.656454 -19.000000 118.168617
f -3 -2 -1
v -28.656454 -13.100000 118.168617
v -28.915855 -13.100000 120.563438
v -28.656454 -19.000000 118.168617
f -3 -2 -1
v -28.656454 -19.000000 118.168617
v -28.915855 -13.100000 120.563438
v -28.915855 -19.000000 120.563438
f -3 -2 -1
v -28.915855 -13.100000 120.563438
v -29.113083 -13.100000 123.487457
v -28.915855 -19.000000 120.563438
f -3 -2 -1
v -28.915855 -19.000000 120.563438
v -29.113083 -13.100000 123.487457
v -29.113083 -19.000000 123.487457
f -3 -2 -1
v -23.500000 10.500000 62.700005
v -17.500000 10.500000 62.700005
v -23.500000 -10.500000 62.700005
f -3 -2 -1
v -17.500000 10.500000 62.700005
v -17.500000 -10.500000 62.700005
v -23.500000 -10.500000 62.700005
f -3 -2 -1
v -35.200001 -13.100000 84.799995
v -35.200001 -16.500000 84.799995
v -35.125847 -13.100000 84.801620
f -3 -2 -1
v -35.200001 -16.500000 84.799995
v -35.125847 -16.500000 84.801620
v -35.125847 -13.100000 84.801620
f -3 -2 -1
v -35.125847 -13.100000 84.801620
v -35.125847 -16.500000 84.801620
v -35.051834 -13.100000 84.806473
f -3 -2 -1
v -35.125847 -16.500000 84.801620
v -35.051834 -16.500000 84.806473
v -35.051834 -13.100000 84.806473
f -3 -2 -1
v -35.051834 -13.100000 84.806473
v -35.051834 -16.500000 84.806473
v -34.978107 -13.100000 84.814545
f -3 -2 -1
v -35.051834 -16.500000 84.806473
v -34.978107 -16.500000 84.814545
v -34.978107 -13.100000 84.814545
f -3 -2 -1
v -34.978107 -13.100000 84.814545
v -34.978107 -16.500000 84.814545
v -34.904797 -13.100000 84.825829
f -3 -2 -1
v -34.978107 -16.500000 84.814545
v -34.904797 -16.500000 84.825829
v -34.904797 -13.100000 84.825829
f -3 -2 -1
v -34.904797 -13.100000 84.825829
v -34.904797 -16.500000 84.825829
v -34.832054 -13.100000 84.840302
f -3 -2 -1
v -34.904797 -16.500000 84.825829
v -34.832054 -16.500000 84.840302
v -34.832054 -13.100000 84.840302
f -3 -2 -1
v -34.832054 -13.100000 84.840302
v -34.832054 -16.500000 84.840302
v -34.760006 -13.100000 84.857925
f -3 -2 -1
v -34.832054 -16.500000 84.840302
v -34.760006 -16.500000 84.857925
v -34.760006 -13.100000 84.857925
f -3 -2 -1
v -34.760006 -13.100000 84.857925
v -34.760006 -16.500000 84.857925
v -34.688801 -13.100000 84.878685
f -3 -2 -1
v -34.760006 -16.500000 84.857925
v -34.688801 -16.500000 84.878685
v -34.688801 -13.100000 84.878685
f -3 -2 -1
v -34.688801 -13.100000 84.878685
v -34.688801 -16.500000 84.878685
v -34.618565 -13.100000 84.902527
f -3 -2 -1
v -34.688801 -16.500000 84.878685
v -34.618565 -16.500000 84.902527
v -34.618565 -13.100000 84.902527
f -3 -2 -1
v -34.618565 -13.100000 84.902527
v -34.618565 -16.500000 84.902527
v -34.549438 -13.100000 84.929405
f -3 -2 -1
v -34.618565 -16.500000 84.902527
v -34.549438 -16.500000 84.929405
v -34.549438 -13.100000 84.929405
f -3 -2 -1
v -34.549438 -13.100000 84.929405
v -34.549438 -16.500000 84.929405
v -34.481548 -13.100000 84.959274
f -3 -2 -1
v -34.549438 -16.500000 84.929405
v -34.481548 -16.500000 84.959274
v -34.481548 -13.100000 84.959274
f -3 -2 -1
v -34.481548 -13.100000 84.959274
v -34.481548 -16.500000 84.959274
v -34.415028 -13.100000 84.992081
f -3 -2 -1
v -34.481548 -16.500000 84.959274
v -34.415028 -16.500000 84.992081
v -34.415028 -13.100000 84.992081
f -3 -2 -1
v -34.415028 -13.100000 84.992081
v -34.415028 -16.500000 84.992081
v -34.349998 -13.100000 85.027756
f -3 -2 -1
v -34.415028 -16.500000 84.992081
v -34.349998 -16.500000 85.027756
v -34.349998 -13.100000 85.027756
f -3 -2 -1
v -34.349998 -13.100000 85.027756
v -34.349998 -16.500000 85.027756
v -34.286591 -13.100000 85.066238
f -3 -2 -1
v -34.349998 -16.500000 85.027756
v -34.286591 -16.500000 85.066238
v -34.286591 -13.100000 85.066238
f -3 -2 -1
v -34.286591 -13.100000 85.066238
v -34.286591 -16.500000 85.066238
v -34.224918 -13.100000 85.107437
f -3 -2 -1
v -34.286591 -16.500000 85.066238
v -34.224918 -16.500000 85.107437
v -34.224918 -13.100000 85.107437
f -3 -2 -1
v -34.224918 -13.100000 85.107437
v -34.224918 -16.500000 85.107437
v -34.165108 -13.100000 85.151299
f -3 -2 -1
v -34.224918 -16.500000 85.107437
v -34.165108 -16.500000 85.151299
v -34.165108 -13.100000 85.151299
f -3 -2 -1
v -34.165108 -13.100000 85.151299
v -34.165108 -16.500000 85.151299
v -34.107262 -13.100000 85.197723
f -3 -2 -1
v -34.165108 -16.500000 85.151299
v -34.107262 -16.500000 85.197723
v -34.107262 -13.100000 85.197723
f -3 -2 -1
v -34.107262 -13.100000 85.197723
v -34.107262 -16.500000 85.197723
v -34.051498 -13.100000 85.246628
f -3 -2 -1
v -34.107262 -16.500000 85.197723
v -34.051498 -16.500000 85.246628
v -34.051498 -13.100000 85.246628
f -3 -2 -1
v -34.051498 -13.100000 85.246628
v -34.051498 -16.500000 85.246628
v -33.997921 -13.100000 85.297920
f -3 -2 -1
v -34.051498 -16.500000 85.246628
v -33.997921 -16.500000 85.297920
v -33.997921 -13.100000 85.297920
f -3 -2 -1
v -33.997921 -13.100000 85.297920
v -33.997921 -16.500000 85.297920
v -33.946629 -13.100000 85.351494
f -3 -2 -1
v -33.997921 -16.500000 85.297920
v -33.946629 -16.500000 85.351494
v -33.946629 -13.100000 85.351494
f -3 -2 -1
v -33.946629 -13.100000 85.351494
v -33.946629 -16.500000 85.351494
v -33.897724 -13.100000 85.407265
f -3 -2 -1
v -33.946629 -16.500000 85.351494
v -33.897724 -16.500000 85.407265
v -33.897724 -13.100000 85.407265
f -3 -2 -1
v -33.897724 -13.100000 85.407265
v -33.897724 -16.500000 85.407265
v -33.851299 -13.100000 85.465103
f -3 -2 -1
v -33.897724 -16.500000 85.407265
v -33.851299 -16.500000 85.465103
v -33.851299 -13.100000 85.465103
f -3 -2 -1
v -33.851299 -13.100000 85.465103
v -33.851299 -16.500000 85.465103
v -33.807442 -13.100000 85.524918
f -3 -2 -1
v -33.851299 -16.500000 85.465103
v -33.807442 -16.500000 85.524918
v -33.807442 -13.100000 85.524918
f -3 -2 -1
v -33.807442 -13.100000 85.524918
v -33.807442 -16.500000 85.524918
v -33.766235 -13.100000 85.586594
f -3 -2 -1
v -33.807442 -16.500000 85.524918
v -33.766235 -16.500000 85.586594
v -33.766235 -13.100000 85.586594
f -3 -2 -1
v -33.766235 -13.100000 85.586594
v -33.766235 -16.500000 85.586594
v -33.727757 -13.100000 85.649994
f -3 -2 -1
v -33.766235 -16.500000 85.586594
v -33.727757 -16.500000 85.649994
v -33.727757 -13.100000 85.649994
f -3 -2 -1
v -33.727757 -13.100000 85.649994
v -33.727757 -16.500000 85.649994
v -33.692081 -13.100000 85.715027
f -3 -2 -1
v -33.727757 -16.500000 85.649994
v -33.692081 -16.500000 85.715027
v -33.692081 -13.100000 85.715027
f -3 -2 -1
v -33.692081 -13.100000 85.715027
v -33.692081 -16.500000 85.715027
v -33.659275 -13.100000 85.781555
f -3 -2 -1
v -33.692081 -16.500000 85.715027
v -33.659275 -16.500000 85.781555
v -33.659275 -13.100000 85.781555
f -3 -2 -1
v -33.659275 -13.100000 85.781555
v -33.659275 -16.500000 85.781555
v -33.629406 -13.100000 85.849442
f -3 -2 -1
v -33.659275 -16.500000 85.781555
v -33.629406 -16.500000 85.849442
v -33.629406 -13.100000 85.849442
f -3 -2 -1
v -33.629406 -13.100000 85.849442
v -33.629406 -16.500000 85.849442
v -33.602520 -13.100000 85.918571
f -3 -2 -1
v -33.629406 -16.500000 85.849442
v -33.602520 -16.500000 85.918571
v -33.602520 -13.100000 85.918571
f -3 -2 -1
v -33.602520 -13.100000 85.918571
v -33.602520 -16.500000 85.918571
v -33.578682 -13.100000 85.988800
f -3 -2 -1
v -33.602520 -16.500000 85.918571
v -33.578682 -16.500000 85.988800
v -33.578682 -13.100000 85.988800
f -3 -2 -1
v -33.578682 -13.100000 85.988800
v -33.578682 -16.500000 85.988800
v -33.557926 -13.100000 86.060013
f -3 -2 -1
v -33.578682 -16.500000 85.988800
v -33.557926 -16.500000 86.060013
v -33.557926 -13.100000 86.060013
f -3 -2 -1
v -33.557926 -13.100000 86.060013
v -33.557926 -16.500000 86.060013
v -33.540298 -13.100000 86.132050
f -3 -2 -1
v -33.557926 -16.500000 86.060013
v -33.540298 -16.500000 86.132050
v -33.540298 -13.100000 86.132050
f -3 -2 -1
v -33.540298 -13.100000 86.132050
v -33.540298 -16.500000 86.132050
v -33.525829 -13.100000 86.204796
f -3 -2 -1
v -33.540298 -16.500000 86.132050
v -33.525829 -16.500000 86.204796
v -33.525829 -13.100000 86.204796
f -3 -2 -1
v -33.525829 -13.100000 86.204796
v -33.525829 -16.500000 86.204796
v -33.514545 -13.100000 86.278107
f -3 -2 -1
v -33.525829 -16.500000 86.204796
v -33.514545 -16.500000 86.278107
v -33.514545 -13.100000 86.278107
f -3 -2 -1
v -33.514545 -13.100000 86.278107
v -33.514545 -16.500000 86.278107
v -33.506470 -13.100000 86.351837
f -3 -2 -1
v -33.514545 -16.500000 86.278107
v -33.506470 -16.500000 86.351837
v -33.506470 -13.100000 86.351837
f -3 -2 -1
v -33.506470 -13.100000 86.351837
v -33.506470 -16.500000 86.351837
v -33.501617 -13.100000 86.425850
f -3 -2 -1
v -33.506470 -16.500000 86.351837
v -33.501617 -16.500000 86.425850
v -33.501617 -13.100000 86.425850
f -3 -2 -1
v -33.501617 -13.100000 86.425850
v -33.501617 -16.500000 86.425850
v -33.500000 -13.100000 86.500000
f -3 -2 -1
v -33.501617 -16.500000 86.425850
v -33.500000 -16.500000 86.500000
v -33.500000 -13.100000 86.500000
f -3 -2 -1
v -33.500000 -13.100000 86.500000
v -33.500000 -16.500000 86.500000
v -33.501617 -13.100000 86.574150
f -3 -2 -1
v -33.500000 -16.500000 86.500000
v -33.501617 -16.500000 86.574150
v -33.501617 -13.100000 86.574150
f -3 -2 -1
v -33.501617 -13.100000 86.574150
v -33.501617 -16.500000 86.574150
v -33.506470 -13.100000 86.648163
f -3 -2 -1
v -33.501617 -16.500000 86.574150
v -33.506470 -16.500000 86.648163
v -33.506470 -13.100000 86.648163
f -3 -2 -1
v -33.506470 -13.100000 86.648163
v -33.506470 -16.500000 86.648163
v -33.514545 -13.100000 86.721893
f -3 -2 -1
v -33.506470 -16.500000 86.648163
v -33.514545 -16.500000 86.721893
v -33.514545 -13.100000 86.721893
f -3 -2 -1
v -33.514545 -13.100000 86.721893
v -33.514545 -16.500000 86.721893
v -33.525829 -13.100000 86.795204
f -3 -2 -1
v -33.514545 -16.500000 86.721893
v -33.525829 -16.500000 86.795204
v -33.525829 -13.100000 86.795204
f -3 -2 -1
v -33.525829 -13.100000 86.795204
v -33.525829 -16.500000 86.795204
v -33.540298 -13.100000 86.867950
f -3 -2 -1
v -33.525829 -16.500000 86.795204
v -33.540298 -16.500000 86.867950
v -33.540298 -13.100000 86.867950
f -3 -2 -1
v -33.540298 -13.100000 86.867950
v -33.540298 -16.500000 86.867950
v -33.557926 -13.100000 86.939987
f -3 -2 -1
v -33.540298 -16.500000 86.867950
v -33.557926 -16.500000 86.939987
v -33.557926 -13.100000 86.939987
f -3 -2 -1
v -33.557926 -13.100000 86.939987
v -33.557926 -16.500000 86.939987
v -33.578682 -13.100000 87.011200
f -3 -2 -1
v -33.557926 -16.500000 86.939987
v -33.578682 -16.500000 87.011200
v -33.578682 -13.100000 87.011200
f -3 -2 -1
v -33.578682 -13.100000 87.011200
v -33.578682 -16.500000 87.011200
v -33.602520 -13.100000 87.081436
f -3 -2 -1
v -33.578682 -16.500000 87.011200
v -33.602520 -16.500000 87.081436
v -33.602520 -13.100000 87.081436
f -3 -2 -1
v -33.602520 -13.100000 87.081436
v -33.602520 -16.500000 87.081436
v -33.629406 -13.100000 87.150558
f -3 -2 -1
v -33.602520 -16.500000 87.081436
v -33.629406 -16.500000 87.150558
v -33.629406 -13.100000 87.150558
f -3 -2 -1
v -33.629406 -13.100000 87.150558
v -33.629406 -16.500000 87.150558
v -33.659275 -13.100000 87.218445
f -3 -2 -1
v -33.629406 -16.500000 87.150558
v -33.659275 -16.500000 87.218445
v -33.659275 -13.100000 87.218445
f -3 -2 -1
v -33.659275 -13.100000 87.218445
v -33.659275 -16.500000 87.218445
v -33.692081 -13.100000 87.284973
f -3 -2 -1
v -33.659275 -16.500000 87.218445
v -33.692081 -16.500000 87.284973
v -33.692081 -13.100000 87.284973
f -3 -2 -1
v -33.692081 -13.100000 87.284973
v -33.692081 -16.500000 87.284973
v -33.727757 -13.100000 87.350006
f -3 -2 -1
v -33.692081 -16.500000 87.284973
v -33.727757 -16.500000 87.350006
v -33.727757 -13.100000 87.350006
f -3 -2 -1
v -33.727757 -13.100000 87.350006
v -33.727757 -16.500000 87.350006
v -33.766235 -13.100000 87.413406
f -3 -2 -1
v -33.727757 -16.500000 87.350006
v -33.766235 -16.500000 87.413406
v -33.766235 -13.100000 87.413406
f -3 -2 -1
v -33.766235 -13.100000 87.413406
v -33.766235 -16.500000 87.413406
v -33.807442 -13.100000 87.475075
f -3 -2 -1
v -33.766235 -16.500000 87.413406
v -33.807442 -16.500000 87.475075
v -33.807442 -13.100000 87.475075
f -3 -2 -1
v -33.807442 -13.100000 87.475075
v -33.807442 -16.500000 87.475075
v -33.851299 -13.100000 87.534897
f -3 -2 -1
v -33.807442 -16.500000 87.475075
v -33.851299 -16.500000 87.534897
v -33.851299 -13.100000 87.534897
f -3 -2 -1
v -33.851299 -13.100000 87.534897
v -33.851299 -16.500000 87.534897
v -33.897724 -13.100000 87.592735
f -3 -2 -1
v -33.851299 -16.500000 87.534897
v -33.897724 -16.500000 87.592735
v -33.897724 -13.100000 87.592735
f -3 -2 -1
v -33.897724 -13.100000 87.592735
v -33.897724 -16.500000 87.592735
v -33.946629 -13.100000 87.648506
f -3 -2 -1
v -33.897724 -16.500000 87.592735
v -33.946629 -16.500000 87.648506
v -33.946629 -13.100000 87.648506
f -3 -2 -1
v -33.946629 -13.100000 87.648506
v -33.946629 -16.500000 87.648506
v -33.997921 -13.100000 87.702080
f -3 -2 -1
v -33.946629 -16.500000 87.648506
v -33.997921 -16.500000 87.702080
v -33.997921 -13.100000 87.702080
f -3 -2 -1
v -33.997921 -13.100000 87.702080
v -33.997921 -16.500000 87.702080
v -34.051498 -13.100000 87.753372
f -3 -2 -1
v -33.997921 -16.500000 87.702080
v -34.051498 -16.500000 87.753372
v -34.051498 -13.100000 87.753372
f -3 -2 -1
v -34.051498 -13.100000 87.753372
v -34.051498 -16.500000 87.753372
v -34.107262 -13.100000 87.802277
f -3 -2 -1
v -34.051498 -16.500000 87.753372
v -34.107262 -16.500000 87.802277
v -34.107262 -13.100000 87.802277
f -3 -2 -1
v -34.107262 -13.100000 87.802277
v -34.107262 -16.500000 87.802277
v -34.165108 -13.100000 87.848701
f -3 -2 -1
v -34.107262 -16.500000 87.802277
v -34.165108 -16.500000 87.848701
v -34.165108 -13.100000 87.848701
f -3 -2 -1
v -34.165108 -13.100000 87.848701
v -34.165108 -16.500000 87.848701
v -34.224918 -13.100000 87.892563
f -3 -2 -1
v -34.165108 -16.500000 87.848701
v -34.224918 -16.500000 87.892563
v -34.224918 -13.100000 87.892563
f -3 -2 -1
v -34.224918 -13.100000 87.892563
v -34.224918 -16.500000 87.892563
v -34.286591 -13.100000 87.933762
f -3 -2 -1
v -34.224918 -16.500000 87.892563
v -34.286591 -16.500000 87.933762
v -34.286591 -13.100000 87.933762
f -3 -2 -1
v -34.286591 -13.100000 87.933762
v -34.286591 -16.500000 87.933762
v -34.349998 -13.100000 87.972244
f -3 -2 -1
v -34.286591 -16.500000 87.933762
v -34.349998 -16.500000 87.972244
v -34.349998 -13.100000 87.972244
f -3 -2 -1
v -34.349998 -13.100000 87.972244
v -34.349998 -16.500000 87.972244
v -34.415028 -13.100000 88.007919
f -3 -2 -1
v -34.349998 -16.500000 87.972244
v -34.415028 -16.500000 88.007919
v -34.415028 -13.100000 88.007919
f -3 -2 -1
v -34.415028 -13.100000 88.007919
v -34.415028 -16.500000 88.007919
v -34.481548 -13.100000 88.040726
f -3 -2 -1
v -34.415028 -16.500000 88.007919
v -34.481548 -16.500000 88.040726
v -34.481548 -13.100000 88.040726
f -3 -2 -1
v -34.481548 -13.100000 88.040726
v -34.481548 -16.500000 88.040726
v -34.549438 -13.100000 88.070595
f -3 -2 -1
v -34.481548 -16.500000 88.040726
v -34.549438 -16.500000 88.070595
v -34.549438 -13.100000 88.070595
f -3 -2 -1
v -34.549438 -13.100000 88.070595
v -34.549438 -16.500000 88.070595
v -34.618565 -13.100000 88.097473
f -3 -2 -1
v -34.549438 -16.500000 88.070595
v -34.618565 -16.500000 88.097473
v -34.618565 -13.100000 88.097473
f -3 -2 -1
v -34.618565 -13.100000 88.097473
v -34.618565 -16.500000 88.097473
v -34.688801 -13.100000 88.121315
f -3 -2 -1
v -34.618565 -16.500000 88.097473
v -34.688801 -16.500000 88.121315
v -34.688801 -13.100000 88.121315
f -3 -2 -1
v -34.688801 -13.100000 88.121315
v -34.688801 -16.500000 88.121315
v -34.760006 -13.100000 88.142075
f -3 -2 -1
v -34.688801 -16.500000 88.121315
v -34.760006 -16.500000 88.142075
v -34.760006 -13.100000 88.142075
f -3 -2 -1
v -34.760006 -13.100000 88.142075
v -34.760006 -16.500000 88.142075
v -34.832054 -13.100000 88.159706
f -3 -2 -1
v -34.760006 -16.500000 88.142075
v -34.832054 -16.500000 88.159706
v -34.832054 -13.100000 88.159706
f -3 -2 -1
v -34.832054 -13.100000 88.159706
v -34.832054 -16.500000 88.159706
v -34.904797 -13.100000 88.174171
f -3 -2 -1
v -34.832054 -16.500000 88.159706
v -34.904797 -16.500000 88.174171
v -34.904797 -13.100000 88.174171
f -3 -2 -1
v -34.904797 -13.100000 88.174171
v -34.904797 -16.500000 88.174171
v -34.978107 -13.100000 88.185463
f -3 -2 -1
v -34.904797 -16.500000 88.174171
v -34.978107 -16.500000 88.185463
v -34.978107 -13.100000 88.185463
f -3 -2 -1
v -34.978107 -13.100000 88.185463
v -34.978107 -16.500000 88.185463
v -35.051834 -13.100000 88.193527
f -3 -2 -1
v -34.978107 -16.500000 88.185463
v -35.051834 -16.500000 88.193527
v -35.051834 -13.100000 88.193527
f -3 -2 -1
v -35.051834 -13.100000 88.193527
v -35.051834 -16.500000 88.193527
v -35.125847 -13.100000 88.198380
f -3 -2 -1
v -35.051834 -16.500000 88.193527
v -35.125847 -16.500000 88.198380
v -35.125847 -13.100000 88.198380
f -3 -2 -1
v -35.125847 -13.100000 88.198380
v -35.125847 -16.500000 88.198380
v -35.200001 -13.100000 88.200005
f -3 -2 -1
v -35.125847 -16.500000 88.198380
v -35.200001 -16.500000 88.200005
v -35.200001 -13.100000 88.200005
f -3 -2 -1
v -35.200001 -13.100000 88.200005
v -35.200001 -16.500000 88.200005
v -35.274151 -13.100000 88.198380
f -3 -2 -1
v -35.200001 -16.500000 88.200005
v -35.274151 -16.500000 88.198380
v -35.274151 -13.100000 88.198380
f -3 -2 -1
v -35.274151 -13.100000 88.198380
v -35.274151 -16.500000 88.198380
v -35.348167 -13.100000 88.193527
f -3 -2 -1
v -35.274151 -16.500000 88.198380
v -35.348167 -16.500000 88.193527
v -35.348167 -13.100000 88.193527
f -3 -2 -1
v -35.348167 -13.100000 88.193527
v -35.348167 -16.500000 88.193527
v -35.421894 -13.100000 88.185463
f -3 -2 -1
v -35.348167 -16.500000 88.193527
v -35.421894 -16.500000 88.185463
v -35.421894 -13.100000 88.185463
f -3 -2 -1
v -35.421894 -13.100000 88.185463
v -35.421894 -16.500000 88.185463
v -35.495201 -13.100000 88.174171
f -3 -2 -1
v -35.421894 -16.500000 88.185463
v -35.495201 -16.500000 88.174171
v -35.495201 -13.100000 88.174171
f -3 -2 -1
v -35.495201 -13.100000 88.174171
v -35.495201 -16.500000 88.174171
v -35.567947 -13.100000 88.159706
f -3 -2 -1
v -35.495201 -16.500000 88.174171
v -35.567947 -16.500000 88.159706
v -35.567947 -13.100000 88.159706
f -3 -2 -1
v -35.567947 -13.100000 88.159706
v -35.567947 -16.500000 88.159706
v -35.639996 -13.100000 88.142075
f -3 -2 -1
v -35.567947 -16.500000 88.159706
v -35.639996 -16.500000 88.142075
v -35.639996 -13.100000 88.142075
f -3 -2 -1
v -35.639996 -13.100000 88.142075
v -35.639996 -16.500000 88.142075
v -35.711201 -13.100000 88.121315
f -3 -2 -1
v -35.639996 -16.500000 88.142075
v -35.711201 -16.500000 88.121315
v -35.711201 -13.100000 88.121315
f -3 -2 -1
v -35.711201 -13.100000 88.121315
v -35.711201 -16.500000 88.121315
v -35.781437 -13.100000 88.097473
f -3 -2 -1
v -35.711201 -16.500000 88.121315
v -35.781437 -16.500000 88.097473
v -35.781437 -13.100000 88.097473
f -3 -2 -1
v -35.781437 -13.100000 88.097473
v -35.781437 -16.500000 88.097473
v -35.850563 -13.100000 88.070595
f -3 -2 -1
v -35.781437 -16.500000 88.097473
v -35.850563 -16.500000 88.070595
v -35.850563 -13.100000 88.070595
f -3 -2 -1
v -35.850563 -13.100000 88.070595
v -35.850563 -16.500000 88.070595
v -35.918453 -13.100000 88.040726
f -3 -2 -1
v -35.850563 -16.500000 88.070595
v -35.918453 -16.500000 88.040726
v -35.918453 -13.100000 88.040726
f -3 -2 -1
v -35.918453 -13.100000 88.040726
v -35.918453 -16.500000 88.040726
v -35.984974 -13.100000 88.007919
f -3 -2 -1
v -35.918453 -16.500000 88.040726
v -35.984974 -16.500000 88.007919
v -35.984974 -13.100000 88.007919
f -3 -2 -1
v -35.984974 -13.100000 88.007919
v -35.984974 -16.500000 88.007919
v -36.049999 -13.100000 87.972244
f -3 -2 -1
v -35.984974 -16.500000 88.007919
v -36.049999 -16.500000 87.972244
v -36.049999 -13.100000 87.972244
f -3 -2 -1
v -36.049999 -13.100000 87.972244
v -36.049999 -16.500000 87.972244
v -36.113411 -13.100000 87.933762
f -3 -2 -1
v -36.049999 -16.500000 87.972244
v -36.113411 -16.500000 87.933762
v -36.113411 -13.100000 87.933762
f -3 -2 -1
v -36.113411 -13.100000 87.933762
v -36.113411 -16.500000 87.933762
v -36.175079 -13.100000 87.892563
f -3 -2 -1
v -36.113411 -16.500000 87.933762
v -36.175079 -16.500000 87.892563
v -36.175079 -13.100000 87.892563
f -3 -2 -1
v -36.175079 -13.100000 87.892563
v -36.175079 -16.500000 87.892563
v -36.234894 -13.100000 87.848701
f -3 -2 -1
v -36.175079 -16.500000 87.892563
v -36.234894 -16.500000 87.848701
v -36.234894 -13.100000 87.848701
f -3 -2 -1
v -36.234894 -13.100000 87.848701
v -36.234894 -16.500000 87.848701
v -36.292740 -13.100000 87.802277
f -3 -2 -1
v -36.234894 -16.500000 87.848701
v -36.292740 -16.500000 87.802277
v -36.292740 -13.100000 87.802277
f -3 -2 -1
v -36.292740 -13.100000 87.802277
v -36.292740 -16.500000 87.802277
v -36.348503 -13.100000 87.753372
f -3 -2 -1
v -36.292740 -16.500000 87.802277
v -36.348503 -16.500000 87.753372
v -36.348503 -13.100000 87.753372
f -3 -2 -1
v -36.348503 -13.100000 87.753372
v -36.348503 -16.500000 87.753372
v -36.402081 -13.100000 87.702080
f -3 -2 -1
v -36.348503 -16.500000 87.753372
v -36.402081 -16.500000 87.702080
v -36.402081 -13.100000 87.702080
f -3 -2 -1
v -36.402081 -13.100000 87.702080
v -36.402081 -16.500000 87.702080
v -36.453369 -13.100000 87.648506
f -3 -2 -1
v -36.402081 -16.500000 87.702080
v -36.453369 -16.500000 87.648506
v -36.453369 -13.100000 87.648506
f -3 -2 -1
v -36.453369 -13.100000 87.648506
v -36.453369 -16.500000 87.648506
v -36.502277 -13.100000 87.592735
f -3 -2 -1
v -36.453369 -16.500000 87.648506
v -36.502277 -16.500000 87.592735
v -36.502277 -13.100000 87.592735
f -3 -2 -1
v -36.502277 -13.100000 87.592735
v -36.502277 -16.500000 87.592735
v -36.548698 -13.100000 87.534897
f -3 -2 -1
v -36.502277 -16.500000 87.592735
v -36.548698 -16.500000 87.534897
v -36.548698 -13.100000 87.534897
f -3 -2 -1
v -36.548698 -13.100000 87.534897
v -36.548698 -16.500000 87.534897
v -36.592560 -13.100000 87.475075
f -3 -2 -1
v -36.548698 -16.500000 87.534897
v -36.592560 -16.500000 87.475075
v -36.592560 -13.100000 87.475075
f -3 -2 -1
v -36.592560 -13.100000 87.475075
v -36.592560 -16.500000 87.475075
v -36.633766 -13.100000 87.413406
f -3 -2 -1
v -36.592560 -16.500000 87.475075
v -36.633766 -16.500000 87.413406
v -36.633766 -13.100000 87.413406
f -3 -2 -1
v -36.633766 -13.100000 87.413406
v -36.633766 -16.500000 87.413406
v -36.672241 -13.100000 87.350006
f -3 -2 -1
v -36.633766 -16.500000 87.413406
v -36.672241 -16.500000 87.350006
v -36.672241 -13.100000 87.350006
f -3 -2 -1
v -36.672241 -13.100000 87.350006
v -36.672241 -16.500000 87.350006
v -36.707920 -13.100000 87.284973
f -3 -2 -1
v -36.672241 -16.500000 87.350006
v -36.707920 -16.500000 87.284973
v -36.707920 -13.100000 87.284973
f -3 -2 -1
v -36.707920 -13.100000 87.284973
v -36.707920 -16.500000 87.284973
v -36.740723 -13.100000 87.218445
f -3 -2 -1
v -36.707920 -16.500000 87.284973
v -36.740723 -16.500000 87.218445
v -36.740723 -13.100000 87.218445
f -3 -2 -1
v -36.740723 -13.100000 87.218445
v -36.740723 -16.500000 87.218445
v -36.770592 -13.100000 87.150558
f -3 -2 -1
v -36.740723 -16.500000 87.218445
v -36.770592 -16.500000 87.150558
v -36.770592 -13.100000 87.150558
f -3 -2 -1
v -36.770592 -13.100000 87.150558
v -36.770592 -16.500000 87.150558
v -36.797478 -13.100000 87.081436
f -3 -2 -1
v -36.770592 -16.500000 87.150558
v -36.797478 -16.500000 87.081436
v -36.797478 -13.100000 87.081436
f -3 -2 -1
v -36.797478 -13.100000 87.081436
v -36.797478 -16.500000 87.081436
v -36.821320 -13.100000 87.011200
f -3 -2 -1
v -36.797478 -16.500000 87.081436
v -36.821320 -16.500000 87.011200
v -36.821320 -13.100000 87.011200
f -3 -2 -1
v -36.821320 -13.100000 87.011200
v -36.821320 -16.500000 87.011200
v -36.842075 -13.100000 86.939987
f -3 -2 -1
v -36.821320 -16.500000 87.011200
v -36.842075 -16.500000 86.939987
v -36.842075 -13.100000 86.939987
f -3 -2 -1
v -36.842075 -13.100000 86.939987
v -36.842075 -16.500000 86.939987
v -36.859703 -13.100000 86.867950
f -3 -2 -1
v -36.842075 -16.500000 86.939987
v -36.859703 -16.500000 86.867950
v -36.859703 -13.100000 86.867950
f -3 -2 -1
v -36.859703 -13.100000 86.867950
v -36.859703 -16.500000 86.867950
v -36.874172 -13.100000 86.795204
f -3 -2 -1
v -36.859703 -16.500000 86.867950
v -36.874172 -16.500000 86.795204
v -36.874172 -13.100000 86.795204
f -3 -2 -1
v -36.874172 -13.100000 86.795204
v -36.874172 -16.500000 86.795204
v -36.885456 -13.100000 86.721893
f -3 -2 -1
v -36.874172 -16.500000 86.795204
v -36.885456 -16.500000 86.721893
v -36.885456 -13.100000 86.721893
f -3 -2 -1
v -36.885456 -13.100000 86.721893
v -36.885456 -16.500000 86.721893
v -36.893532 -13.100000 86.648163
f -3 -2 -1
v -36.885456 -16.500000 86.721893
v -36.893532 -16.500000 86.648163
v -36.893532 -13.100000 86.648163
f -3 -2 -1
v -36.893532 -13.100000 86.648163
v -36.893532 -16.500000 86.648163
v -36.898380 -13.100000 86.574150
f -3 -2 -1
v -36.893532 -16.500000 86.648163
v -36.898380 -16.500000 86.574150
v -36.898380 -13.100000 86.574150
f -3 -2 -1
v -36.898380 -13.100000 86.574150
v -36.898380 -16.500000 86.574150
v -36.899998 -13.100000 86.500000
f -3 -2 -1
v -36.898380 -16.500000 86.574150
v -36.899998 -16.500000 86.500000
v -36.899998 -13.100000 86.500000
f -3 -2 -1
v -36.899998 -13.100000 86.500000
v -36.899998 -16.500000 86.500000
v -36.898380 -13.100000 86.425850
f -3 -2 -1
v -36.899998 -16.500000 86.500000
v -36.898380 -16.500000 86.425850
v -36.898380 -13.100000 86.425850
f -3 -2 -1
v -36.898380 -13.100000 86.425850
v -36.898380 -16.500000 86.425850
v -36.893532 -13.100000 86.351837
f -3 -2 -1
v -36.898380 -16.500000 86.425850
v -36.893532 -16.500000 86.351837
v -36.893532 -13.100000 86.351837
f -3 -2 -1
v -36.893532 -13.100000 86.351837
v -36.893532 -16.500000 86.351837
v -36.885456 -13.100000 86.278107
f -3 -2 -1
v -36.893532 -16.500000 86.351837
v -36.885456 -16.500000 86.278107
v -36.885456 -13.100000 86.278107
f -3 -2 -1
v -36.885456 -13.100000 86.278107
v -36.885456 -16.500000 86.278107
v -36.874172 -13.100000 86.204796
f -3 -2 -1
v -36.885456 -16.500000 86.278107
v -36.874172 -16.500000 86.204796
v -36.874172 -13.100000 86.204796
f -3 -2 -1
v -36.874172 -13.100000 86.204796
v -36.874172 -16.500000 86.204796
v -36.859703 -13.100000 86.132050
f -3 -2 -1
v -36.874172 -16.500000 86.204796
v -36.859703 -16.500000 86.132050
v -36.859703 -13.100000 86.132050
f -3 -2 -1
v -36.859703 -13.100000 86.132050
v -36.859703 -16.500000 86.132050
v -36.842075 -13.100000 86.060013
f -3 -2 -1
v -36.859703 -16.500000 86.132050
v -36.842075 -16.500000 86.060013
v -36.842075 -13.100000 86.060013
f -3 -2 -1
v -36.842075 -13.100000 86.060013
v -36.842075 -16.500000 86.060013
v -36.821320 -13.100000 85.988800
f -3 -2 -1
v -36.842075 -16.500000 86.060013
v -36.821320 -16.500000 85.988800
v -36.821320 -13.100000 85.988800
f -3 -2 -1
v -36.821320 -13.100000 85.988800
v -36.821320 -16.500000 85.988800
v -36.797478 -13.100000 85.918571
f -3 -2 -1
v -36.821320 -16.500000 85.988800
v -36.797478 -16.500000 85.918571
v -36.797478 -13.100000 85.918571
f -3 -2 -1
v -36.797478 -13.100000 85.918571
v -36.797478 -16.500000 85.918571
v -36.770592 -13.100000 85.849442
f -3 -2 -1
v -36.797478 -16.500000 85.918571
v -36.770592 -16.500000 85.849442
v -36.770592 -13.100000 85.849442
f -3 -2 -1
v -36.770592 -13.100000 85.849442
v -36.770592 -16.500000 85.849442
v -36.740723 -13.100000 85.781555
f -3 -2 -1
v -36.770592 -16.500000 85.849442
v -36.740723 -16.500000 85.781555
v -36.740723 -13.100000 85.781555
f -3 -2 -1
v -36.740723 -13.100000 85.781555
v -36.740723 -16.500000 85.781555
v -36.707920 -13.100000 85.715027
f -3 -2 -1
v -36.740723 -16.500000 85.781555
v -36.707920 -16.500000 85.715027
v -36.707920 -13.100000 85.715027
f -3 -2 -1
v -36.707920 -13.100000 85.715027
v -36.707920 -16.500000 85.715027
v -36.672241 -13.100000 85.649994
f -3 -2 -1
v -36.707920 -16.500000 85.715027
v -36.672241 -16.500000 85.649994
v -36.672241 -13.100000 85.649994
f -3 -2 -1
v -36.672241 -13.100000 85.649994
v -36.672241 -16.500000 85.649994
v -36.633766 -13.100000 85.586594
f -3 -2 -1
v -36.672241 -16.500000 85.649994
v -36.633766 -16.500000 85.586594
v -36.633766 -13.100000 85.586594
f -3 -2 -1
v -36.633766 -13.100000 85.586594
v -36.633766 -16.500000 85.586594
v -36.592560 -13.100000 85.524918
f -3 -2 -1
v -36.633766 -16.500000 85.586594
v -36.592560 -16.500000 85.524918
v -36.592560 -13.100000 85.524918
f -3 -2 -1
v -36.592560 -13.100000 85.524918
v -36.592560 -16.500000 85.524918
v -36.548698 -13.100000 85.465103
f -3 -2 -1
v -36.592560 -16.500000 85.524918
v -36.548698 -16.500000 85.465103
v -36.548698 -13.100000 85.465103
f -3 -2 -1
v -36.548698 -13.100000 85.465103
v -36.548698 -16.500000 85.465103
v -36.502277 -13.100000 85.407265
f -3 -2 -1
v -36.548698 -16.500000 85.465103
v -36.502277 -16.500000 85.407265
v -36.502277 -13.100000 85.407265
f -3 -2 -1
v -36.502277 -13.100000 85.407265
v -36.502277 -16.500000 85.407265
v -36.453369 -13.100000 85.351494
f -3 -2 -1
v -36.502277 -16.500000 85.407265
v -36.453369 -16.500000 85.351494
v -36.453369 -13.100000 85.351494
f -3 -2 -1
v -36.453369 -13.100000 85.351494
v -36.453369 -16.500000 85.351494
v -36.402081 -13.100000 85.297920
f -3 -2 -1
v -36.453369 -16.500000 85.351494
v -36.402081 -16.500000 85.297920
v -36.402081 -13.100000 85.297920
f -3 -2 -1
v -36.402081 -13.100000 85.297920
v -36.402081 -16.500000 85.297920
v -36.348503 -13.100000 85.246628
f -3 -2 -1
v -36.402081 -16.500000 85.297920
v -36.348503 -16.500000 85.246628
v -36.348503 -13.100000 85.246628
f -3 -2 -1
v -36.348503 -13.100000 85.246628
v -36.348503 -16.500000 85.246628
v -36.292740 -13.100000 85.197723
f -3 -2 -1
v -36.348503 -16.500000 85.246628
v -36.292740 -16.500000 85.197723
v -36.292740 -13.100000 85.197723
f -3 -2 -1
v -36.292740 -13.100000 85.197723
v -36.292740 -16.500000 85.197723
v -36.234894 -13.100000 85.151299
f -3 -2 -1
v -36.292740 -16.500000 85.197723
v -36.234894 -16.500000 85.151299
v -36.234894 -13.100000 85.151299
f -3 -2 -1
v -36.234894 -13.100000 85.151299
v -36.234894 -16.500000 85.151299
v -36.175079 -13.100000 85.107437
f -3 -2 -1
v -36.234894 -16.500000 85.151299
v -36.175079 -16.500000 85.107437
v -36.175079 -13.100000 85.107437
f -3 -2 -1
v -36.175079 -13.100000 85.107437
v -36.175079 -16.500000 85.107437
v -36.113411 -13.100000 85.066238
f -3 -2 -1
v -36.175079 -16.500000 85.107437
v -36.113411 -16.500000 85.066238
v -36.113411 -13.100000 85.066238
f -3 -2 -1
v -36.113411 -13.100000 85.066238
v -36.113411 -16.500000 85.066238
v -36.049999 -13.100000 85.027756
f -3 -2 -1
v -36.113411 -16.500000 85.066238
v -36.049999 -16.500000 85.027756
v -36.049999 -13.100000 85.027756
f -3 -2 -1
v -36.049999 -13.100000 85.027756
v -36.049999 -16.500000 85.027756
v -35.984974 -13.100000 84.992081
f -3 -2 -1
v -36.049999 -16.500000 85.027756
v -35.984974 -16.500000 84.992081
v -35.984974 -13.100000 84.992081
f -3 -2 -1
v -35.984974 -13.100000 84.992081
v -35.984974 -16.500000 84.992081
v -35.918453 -13.100000 84.959274
f -3 -2 -1
v -35.984974 -16.500000 84.992081
v -35.918453 -16.500000 84.959274
v -35.918453 -13.100000 84.959274
f -3 -2 -1
v -35.918453 -13.100000 84.959274
v -35.918453 -16.500000 84.959274
v -35.850563 -13.100000 84.929405
f -3 -2 -1
v -35.918453 -16.500000 84.959274
v -35.850563 -16.500000 84.929405
v -35.850563 -13.100000 84.929405
f -3 -2 -1
v -35.850563 -13.100000 84.929405
v -35.850563 -16.500000 84.929405
v -35.781437 -13.100000 84.902527
f -3 -2 -1
v -35.850563 -16.500000 84.929405
v -35.781437 -16.500000 84.902527
v -35.781437 -13.100000 84.902527
f -3 -2 -1
v -35.781437 -13.100000 84.902527
v -35.781437 -16.500000 84.902527
v -35.711201 -13.100000 84.878685
f -3 -2 -1
v -35.781437 -16.500000 84.902527
v -35.711201 -16.500000 84.878685
v -35.711201 -13.100000 84.878685
f -3 -2 -1
v -35.711201 -13.100000 84.878685
v -35.711201 -16.500000 84.878685
v -35.639996 -13.100000 84.857925
f -3 -2 -1
v -35.711201 -16.500000 84.878685
v -35.639996 -16.500000 84.857925
v -35.639996 -13.100000 84.857925
f -3 -2 -1
v -35.639996 -13.100000 84.857925
v -35.639996 -16.500000 84.857925
v -35.567947 -13.100000 84.840302
f -3 -2 -1
v -35.639996 -16.500000 84.857925
v -35.567947 -16.500000 84.840302
v -35.567947 -13.100000 84.840302
f -3 -2 -1
v -35.567947 -13.100000 84.840302
v -35.567947 -16.500000 84.840302
v -35.495201 -13.100000 84.825829
f -3 -2 -1
v -35.567947 -16.500000 84.840302
v -35.495201 -16.500000 84.825829
v -35.495201 -13.100000 84.825829
f -3 -2 -1
v -35.495201 -13.100000 84.825829
v -35.495201 -16.500000 84.825829
v -35.421894 -13.100000 84.814545
f -3 -2 -1
v -35.495201 -16.500000 84.825829
v -35.421894 -16.500000 84.814545
v -35.421894 -13.100000 84.814545
f -3 -2 -1
v -35.421894 -13.100000 84.814545
v -35.421894 -16.500000 84.814545
v -35.348167 -13.100000 84.806473
f -3 -2 -1
v -35.421894 -16.500000 84.814545
v -35.348167 -16.500000 84.806473
v -35.348167 -13.100000 84.806473
f -3 -2 -1
v -35.348167 -13.100000 84.806473
v -35.348167 -16.500000 84.806473
v -35.274151 -13.100000 84.801620
f -3 -2 -1
v -35.348167 -16.500000 84.806473
v -35.274151 -16.500000 84.801620
v -35.274151 -13.100000 84.801620
f -3 -2 -1
v -35.274151 -13.100000 84.801620
v -35.274151 -16.500000 84.801620
v -35.200001 -13.100000 84.799995
f -3 -2 -1
v -35.274151 -16.500000 84.801620
v -35.200001 -16.500000 84.799995
v -35.200001 -13.100000 84.799995
f -3 -2 -1
v -0.200000 10.700001 77.699997
v -11.500733 10.700001 66.399269
v -0.200000 19.000000 77.699997
f -3 -2 -1
v -11.500733 10.700001 66.399269
v -11.500733 19.000000 66.399269
v -0.200000 19.000000 77.699997
f -3 -2 -1
v -0.200000 -13.100000 81.500000
v -0.200000 -13.100000 87.666809
v -0.200000 -19.000000 87.666809
f -3 -2 -1
v -0.200000 19.000000 87.666809
v -0.200000 13.100000 87.666809
v -0.200000 19.000000 77.699997
f -3 -2 -1
v -0.200000 13.100000 87.666809
v -0.200000 13.100000 81.500000
v -0.200000 19.000000 77.699997
f -3 -2 -1
v -0.200000 -19.000000 87.666809
v -0.200000 -19.000000 77.699997
v -0.200000 -13.100000 81.500000
f -3 -2 -1
v -0.200000 -19.000000 77.699997
v -0.200000 -10.700001 77.699997
v -0.200000 -13.100000 81.500000
f -3 -2 -1
v -0.200000 -13.100000 81.500000
v -0.200000 -10.700001 77.699997
v -0.200000 13.100000 81.500000
f -3 -2 -1
v -0.200000 -10.700001 77.699997
v -0.200000 10.700001 77.699997
v -0.200000 13.100000 81.500000
f -3 -2 -1
v -0.200000 13.100000 81.500000
v -0.200000 10.700001 77.699997
v -0.200000 19.000000 77.699997
f -3 -2 -1
v -31.735897 -16.500000 121.500000
v -33.467949 -16.500000 118.500000
v -31.735897 -19.000000 121.500000
f -3 -2 -1
v -33.467949 -16.500000 118.500000
v -33.467949 -19.000000 118.500000
v -31.735897 -19.000000 121.500000
f -3 -2 -1
v -35.200001 -13.100000 119.800003
v -35.200001 -16.500000 119.800003
v -35.125847 -13.100000 119.801620
f -3 -2 -1
v -35.200001 -16.500000 119.800003
v -35.125847 -16.500000 119.801620
v -35.125847 -13.100000 119.801620
f -3 -2 -1
v -35.125847 -13.100000 119.801620
v -35.125847 -16.500000 119.801620
v -35.051834 -13.100000 119.806465
f -3 -2 -1
v -35.125847 -16.500000 119.801620
v -35.051834 -16.500000 119.806465
v -35.051834 -13.100000 119.806465
f -3 -2 -1
v -35.051834 -13.100000 119.806465
v -35.051834 -16.500000 119.806465
v -34.978107 -13.100000 119.814545
f -3 -2 -1
v -35.051834 -16.500000 119.806465
v -34.978107 -16.500000 119.814545
v -34.978107 -13.100000 119.814545
f -3 -2 -1
v -34.978107 -13.100000 119.814545
v -34.978107 -16.500000 119.814545
v -34.904797 -13.100000 119.825829
f -3 -2 -1
v -34.978107 -16.500000 119.814545
v -34.904797 -16.500000 119.825829
v -34.904797 -13.100000 119.825829
f -3 -2 -1
v -34.904797 -13.100000 119.825829
v -34.904797 -16.500000 119.825829
v -34.832054 -13.100000 119.840294
f -3 -2 -1
v -34.904797 -16.500000 119.825829
v -34.832054 -16.500000 119.840294
v -34.832054 -13.100000 119.840294
f -3 -2 -1
v -34.832054 -13.100000 119.840294
v -34.832054 -16.500000 119.840294
v -34.760006 -13.100000 119.857933
f -3 -2 -1
v -34.832054 -16.500000 119.840294
v -34.760006 -16.500000 119.857933
v -34.760006 -13.100000 119.857933
f -3 -2 -1
v -34.760006 -13.100000 119.857933
v -34.760006 -16.500000 119.857933
v -34.688801 -13.100000 119.878677
f -3 -2 -1
v -34.760006 -16.500000 119.857933
v -34.688801 -16.500000 119.878677
v -34.688801 -13.100000 119.878677
f -3 -2 -1
v -34.688801 -13.100000 119.878677
v -34.688801 -16.500000 119.878677
v -34.618565 -13.100000 119.902519
f -3 -2 -1
v -34.688801 -16.500000 119.878677
v -34.618565 -16.500000 119.902519
v -34.618565 -13.100000 119.902519
f -3 -2 -1
v -34.618565 -13.100000 119.902519
v -34.618565 -16.500000 119.902519
v -34.549438 -13.100000 119.929405
f -3 -2 -1
v -34.618565 -16.500000 119.902519
v -34.549438 -16.500000 119.929405
v -34.549438 -13.100000 119.929405
f -3 -2 -1
v -34.549438 -13.100000 119.929405
v -34.549438 -16.500000 119.929405
v -34.481548 -13.100000 119.959282
f -3 -2 -1
v -34.549438 -16.500000 119.929405
v -34.481548 -16.500000 119.959282
v -34.481548 -13.100000 119.959282
f -3 -2 -1
v -34.481548 -13.100000 119.959282
v -34.481548 -16.500000 119.959282
v -34.415028 -13.100000 119.992088
f -3 -2 -1
v -34.481548 -16.500000 119.959282
v -34.415028 -16.500000 119.992088
v -34.415028 -13.100000 119.992088
f -3 -2 -1
v -34.415028 -13.100000 119.992088
v -34.415028 -16.500000 119.992088
v -34.349998 -13.100000 120.027756
f -3 -2 -1
v -34.415028 -16.500000 119.992088
v -34.349998 -16.500000 120.027756
v -34.349998 -13.100000 120.027756
f -3 -2 -1
v -34.349998 -13.100000 120.027756
v -34.349998 -16.500000 120.027756
v -34.286591 -13.100000 120.066231
f -3 -2 -1
v -34.349998 -16.500000 120.027756
v -34.286591 -16.500000 120.066231
v -34.286591 -13.100000 120.066231
f -3 -2 -1
v -34.286591 -13.100000 120.066231
v -34.286591 -16.500000 120.066231
v -34.224918 -13.100000 120.107445
f -3 -2 -1
v -34.286591 -16.500000 120.066231
v -34.224918 -16.500000 120.107445
v -34.224918 -13.100000 120.107445
f -3 -2 -1
v -34.224918 -13.100000 120.107445
v -34.224918 -16.500000 120.107445
v -34.165108 -13.100000 120.151299
f -3 -2 -1
v -34.224918 -16.500000 120.107445
v -34.165108 -16.500000 120.151299
v -34.165108 -13.100000 120.151299
f -3 -2 -1
v -34.165108 -13.100000 120.151299
v -34.165108 -16.500000 120.151299
v -34.107262 -13.100000 120.197723
f -3 -2 -1
v -34.165108 -16.500000 120.151299
v -34.107262 -16.500000 120.197723
v -34.107262 -13.100000 120.197723
f -3 -2 -1
v -34.107262 -13.100000 120.197723
v -34.107262 -16.500000 120.197723
v -34.051498 -13.100000 120.246628
f -3 -2 -1
v -34.107262 -16.500000 120.197723
v -34.051498 -16.500000 120.246628
v -34.051498 -13.100000 120.246628
f -3 -2 -1
v -34.051498 -13.100000 120.246628
v -34.051498 -16.500000 120.246628
v -33.997921 -13.100000 120.297913
f -3 -2 -1
v -34.051498 -16.500000 120.246628
v -33.997921 -16.500000 120.297913
v -33.997921 -13.100000 120.297913
f -3 -2 -1
v -33.997921 -13.100000 120.297913
v -33.997921 -16.500000 120.297913
v -33.946629 -13.100000 120.351494
f -3 -2 -1
v -33.997921 -16.500000 120.297913
v -33.946629 -16.500000 120.351494
v -33.946629 -13.100000 120.351494
f -3 -2 -1
v -33.946629 -13.100000 120.351494
v -33.946629 -16.500000 120.351494
v -33.897724 -13.100000 120.407265
f -3 -2 -1
v -33.946629 -16.500000 120.351494
v -33.897724 -16.500000 120.407265
v -33.897724 -13.100000 120.407265
f -3 -2 -1
v -33.897724 -13.100000 120.407265
v -33.897724 -16.500000 120.407265
v -33.851299 -13.100000 120.465111
f -3 -2 -1
v -33.897724 -16.500000 120.407265
v -33.851299 -16.500000 120.465111
v -33.851299 -13.100000 120.465111
f -3 -2 -1
v -33.851299 -13.100000 120.465111
v -33.851299 -16.500000 120.465111
v -33.807442 -13.100000 120.524918
f -3 -2 -1
v -33.851299 -16.500000 120.465111
v -33.807442 -16.500000 120.524918
v -33.807442 -13.100000 120.524918
f -3 -2 -1
v -33.807442 -13.100000 120.524918
v -33.807442 -16.500000 120.524918
v -33.766235 -13.100000 120.586586
f -3 -2 -1
v -33.807442 -16.500000 120.524918
v -33.766235 -16.500000 120.586586
v -33.766235 -13.100000 120.586586
f -3 -2 -1
v -33.766235 -13.100000 120.586586
v -33.766235 -16.500000 120.586586
v -33.727757 -13.100000 120.650002
f -3 -2 -1
v -33.766235 -16.500000 120.586586
v -33.727757 -16.500000 120.650002
v -33.727757 -13.100000 120.650002
f -3 -2 -1
v -33.727757 -13.100000 120.650002
v -33.727757 -16.500000 120.650002
v -33.692081 -13.100000 120.715027
f -3 -2 -1
v -33.727757 -16.500000 120.650002
v -33.692081 -16.500000 120.715027
v -33.692081 -13.100000 120.715027
f -3 -2 -1
v -33.692081 -13.100000 120.715027
v -33.692081 -16.500000 120.715027
v -33.659275 -13.100000 120.781548
f -3 -2 -1
v -33.692081 -16.500000 120.715027
v -33.659275 -16.500000 120.781548
v -33.659275 -13.100000 120.781548
f -3 -2 -1
v -33.659275 -13.100000 120.781548
v -33.659275 -16.500000 120.781548
v -33.629406 -13.100000 120.849442
f -3 -2 -1
v -33.659275 -16.500000 120.781548
v -33.629406 -16.500000 120.849442
v -33.629406 -13.100000 120.849442
f -3 -2 -1
v -33.629406 -13.100000 120.849442
v -33.629406 -16.500000 120.849442
v -33.602520 -13.100000 120.918564
f -3 -2 -1
v -33.629406 -16.500000 120.849442
v -33.602520 -16.500000 120.918564
v -33.602520 -13.100000 120.918564
f -3 -2 -1
v -33.602520 -13.100000 120.918564
v -33.602520 -16.500000 120.918564
v -33.578682 -13.100000 120.988800
f -3 -2 -1
v -33.602520 -16.500000 120.918564
v -33.578682 -16.500000 120.988800
v -33.578682 -13.100000 120.988800
f -3 -2 -1
v -33.578682 -13.100000 120.988800
v -33.578682 -16.500000 120.988800
v -33.557926 -13.100000 121.060005
f -3 -2 -1
v -33.578682 -16.500000 120.988800
v -33.557926 -16.500000 121.060005
v -33.557926 -13.100000 121.060005
f -3 -2 -1
v -33.557926 -13.100000 121.060005
v -33.557926 -16.500000 121.060005
v -33.540298 -13.100000 121.132057
f -3 -2 -1
v -33.557926 -16.500000 121.060005
v -33.540298 -16.500000 121.132057
v -33.540298 -13.100000 121.132057
f -3 -2 -1
v -33.540298 -13.100000 121.132057
v -33.540298 -16.500000 121.132057
v -33.525829 -13.100000 121.204803
f -3 -2 -1
v -33.540298 -16.500000 121.132057
v -33.525829 -16.500000 121.204803
v -33.525829 -13.100000 121.204803
f -3 -2 -1
v -33.525829 -13.100000 121.204803
v -33.525829 -16.500000 121.204803
v -33.514545 -13.100000 121.278107
f -3 -2 -1
v -33.525829 -16.500000 121.204803
v -33.514545 -16.500000 121.278107
v -33.514545 -13.100000 121.278107
f -3 -2 -1
v -33.514545 -13.100000 121.278107
v -33.514545 -16.500000 121.278107
v -33.506470 -13.100000 121.351837
f -3 -2 -1
v -33.514545 -16.500000 121.278107
v -33.506470 -16.500000 121.351837
v -33.506470 -13.100000 121.351837
f -3 -2 -1
v -33.506470 -13.100000 121.351837
v -33.506470 -16.500000 121.351837
v -33.501617 -13.100000 121.425842
f -3 -2 -1
v -33.506470 -16.500000 121.351837
v -33.501617 -16.500000 121.425842
v -33.501617 -13.100000 121.425842
f -3 -2 -1
v -33.501617 -13.100000 121.425842
v -33.501617 -16.500000 121.425842
v -33.500000 -13.100000 121.500000
f -3 -2 -1
v -33.501617 -16.500000 121.425842
v -33.500000 -16.500000 121.500000
v -33.500000 -13.100000 121.500000
f -3 -2 -1
v -33.500000 -13.100000 121.500000
v -33.500000 -16.500000 121.500000
v -33.501617 -13.100000 121.574158
f -3 -2 -1
v -33.500000 -16.500000 121.500000
v -33.501617 -16.500000 121.574158
v -33.501617 -13.100000 121.574158
f -3 -2 -1
v -33.501617 -13.100000 121.574158
v -33.501617 -16.500000 121.574158
v -33.506470 -13.100000 121.648163
f -3 -2 -1
v -33.501617 -16.500000 121.574158
v -33.506470 -16.500000 121.648163
v -33.506470 -13.100000 121.648163
f -3 -2 -1
v -33.506470 -13.100000 121.648163
v -33.506470 -16.500000 121.648163
v -33.514545 -13.100000 121.721893
f -3 -2 -1
v -33.506470 -16.500000 121.648163
v -33.514545 -16.500000 121.721893
v -33.514545 -13.100000 121.721893
f -3 -2 -1
v -33.514545 -13.100000 121.721893
v -33.514545 -16.500000 121.721893
v -33.525829 -13.100000 121.795197
f -3 -2 -1
v -33.514545 -16.500000 121.721893
v -33.525829 -16.500000 121.795197
v -33.525829 -13.100000 121.795197
f -3 -2 -1
v -33.525829 -13.100000 121.795197
v -33.525829 -16.500000 121.795197
v -33.540298 -13.100000 121.867950
f -3 -2 -1
v -33.525829 -16.500000 121.795197
v -33.540298 -16.500000 121.867950
v -33.540298 -13.100000 121.867950
f -3 -2 -1
v -33.540298 -13.100000 121.867950
v -33.540298 -16.500000 121.867950
v -33.557926 -13.100000 121.939995
f -3 -2 -1
v -33.540298 -16.500000 121.867950
v -33.557926 -16.500000 121.939995
v -33.557926 -13.100000 121.939995
f -3 -2 -1
v -33.557926 -13.100000 121.939995
v -33.557926 -16.500000 121.939995
v -33.578682 -13.100000 122.011200
f -3 -2 -1
v -33.557926 -16.500000 121.939995
v -33.578682 -16.500000 122.011200
v -33.578682 -13.100000 122.011200
f -3 -2 -1
v -33.578682 -13.100000 122.011200
v -33.578682 -16.500000 122.011200
v -33.602520 -13.100000 122.081436
f -3 -2 -1
v -33.578682 -16.500000 122.011200
v -33.602520 -16.500000 122.081436
v -33.602520 -13.100000 122.081436
f -3 -2 -1
v -33.602520 -13.100000 122.081436
v -33.602520 -16.500000 122.081436
v -33.629406 -13.100000 122.150566
f -3 -2 -1
v -33.602520 -16.500000 122.081436
v -33.629406 -16.500000 122.150566
v -33.629406 -13.100000 122.150566
f -3 -2 -1
v -33.629406 -13.100000 122.150566
v -33.629406 -16.500000 122.150566
v -33.659275 -13.100000 122.218452
f -3 -2 -1
v -33.629406 -16.500000 122.150566
v -33.659275 -16.500000 122.218452
v -33.659275 -13.100000 122.218452
f -3 -2 -1
v -33.659275 -13.100000 122.218452
v -33.659275 -16.500000 122.218452
v -33.692081 -13.100000 122.284973
f -3 -2 -1
v -33.659275 -16.500000 122.218452
v -33.692081 -16.500000 122.284973
v -33.692081 -13.100000 122.284973
f -3 -2 -1
v -33.692081 -13.100000 122.284973
v -33.692081 -16.500000 122.284973
v -33.727757 -13.100000 122.349998
f -3 -2 -1
v -33.692081 -16.500000 122.284973
v -33.727757 -16.500000 122.349998
v -33.727757 -13.100000 122.349998
f -3 -2 -1
v -33.727757 -13.100000 122.349998
v -33.727757 -16.500000 122.349998
v -33.766235 -13.100000 122.413414
f -3 -2 -1
v -33.727757 -16.500000 122.349998
v -33.766235 -16.500000 122.413414
v -33.766235 -13.100000 122.413414
f -3 -2 -1
v -33.766235 -13.100000 122.413414
v -33.766235 -16.500000 122.413414
v -33.807442 -13.100000 122.475082
f -3 -2 -1
v -33.766235 -16.500000 122.413414
v -33.807442 -16.500000 122.475082
v -33.807442 -13.100000 122.475082
f -3 -2 -1
v -33.807442 -13.100000 122.475082
v -33.807442 -16.500000 122.475082
v -33.851299 -13.100000 122.534897
f -3 -2 -1
v -33.807442 -16.500000 122.475082
v -33.851299 -16.500000 122.534897
v -33.851299 -13.100000 122.534897
f -3 -2 -1
v -33.851299 -13.100000 122.534897
v -33.851299 -16.500000 122.534897
v -33.897724 -13.100000 122.592743
f -3 -2 -1
v -33.851299 -16.500000 122.534897
v -33.897724 -16.500000 122.592743
v -33.897724 -13.100000 122.592743
f -3 -2 -1
v -33.897724 -13.100000 122.592743
v -33.897724 -16.500000 122.592743
v -33.946629 -13.100000 122.648499
f -3 -2 -1
v -33.897724 -16.500000 122.592743
v -33.946629 -16.500000 122.648499
v -33.946629 -13.100000 122.648499
f -3 -2 -1
v -33.946629 -13.100000 122.648499
v -33.946629 -16.500000 122.648499
v -33.997921 -13.100000 122.702087
f -3 -2 -1
v -33.946629 -16.500000 122.648499
v -33.997921 -16.500000 122.702087
v -33.997921 -13.100000 122.702087
f -3 -2 -1
v -33.997921 -13.100000 122.702087
v -33.997921 -16.500000 122.702087
v -34.051498 -13.100000 122.753372
f -3 -2 -1
v -33.997921 -16.500000 122.702087
v -34.051498 -16.500000 122.753372
v -34.051498 -13.100000 122.753372
f -3 -2 -1
v -34.051498 -13.100000 122.753372
v -34.051498 -16.500000 122.753372
v -34.107262 -13.100000 122.802269
f -3 -2 -1
v -34.051498 -16.500000 122.753372
v -34.107262 -16.500000 122.802269
v -34.107262 -13.100000 122.802269
f -3 -2 -1
v -34.107262 -13.100000 122.802269
v -34.107262 -16.500000 122.802269
v -34.165108 -13.100000 122.848694
f -3 -2 -1
v -34.107262 -16.500000 122.802269
v -34.165108 -16.500000 122.848694
v -34.165108 -13.100000 122.848694
f -3 -2 -1
v -34.165108 -13.100000 122.848694
v -34.165108 -16.500000 122.848694
v -34.224918 -13.100000 122.892555
f -3 -2 -1
v -34.165108 -16.500000 122.848694
v -34.224918 -16.500000 122.892555
v -34.224918 -13.100000 122.892555
f -3 -2 -1
v -34.224918 -13.100000 122.892555
v -34.224918 -16.500000 122.892555
v -34.286591 -13.100000 122.933769
f -3 -2 -1
v -34.224918 -16.500000 122.892555
v -34.286591 -16.500000 122.933769
v -34.286591 -13.100000 122.933769
f -3 -2 -1
v -34.286591 -13.100000 122.933769
v -34.286591 -16.500000 122.933769
v -34.349998 -13.100000 122.972244
f -3 -2 -1
v -34.286591 -16.500000 122.933769
v -34.349998 -16.500000 122.972244
v -34.349998 -13.100000 122.972244
f -3 -2 -1
v -34.349998 -13.100000 122.972244
v -34.349998 -16.500000 122.972244
v -34.415028 -13.100000 123.007919
f -3 -2 -1
v -34.349998 -16.500000 122.972244
v -34.415028 -16.500000 123.007919
v -34.415028 -13.100000 123.007919
f -3 -2 -1
v -34.415028 -13.100000 123.007919
v -34.415028 -16.500000 123.007919
v -34.481548 -13.100000 123.040718
f -3 -2 -1
v -34.415028 -16.500000 123.007919
v -34.481548 -16.500000 123.040718
v -34.481548 -13.100000 123.040718
f -3 -2 -1
v -34.481548 -13.100000 123.040718
v -34.481548 -16.500000 123.040718
v -34.549438 -13.100000 123.070595
f -3 -2 -1
v -34.481548 -16.500000 123.040718
v -34.549438 -16.500000 123.070595
v -34.549438 -13.100000 123.070595
f -3 -2 -1
v -34.549438 -13.100000 123.070595
v -34.549438 -16.500000 123.070595
v -34.618565 -13.100000 123.097481
f -3 -2 -1
v -34.549438 -16.500000 123.070595
v -34.618565 -16.500000 123.097481
v -34.618565 -13.100000 123.097481
f -3 -2 -1
v -34.618565 -13.100000 123.097481
v -34.618565 -16.500000 123.097481
v -34.688801 -13.100000 123.121323
f -3 -2 -1
v -34.618565 -16.500000 123.097481
v -34.688801 -16.500000 123.121323
v -34.688801 -13.100000 123.121323
f -3 -2 -1
v -34.688801 -13.100000 123.121323
v -34.688801 -16.500000 123.121323
v -34.760006 -13.100000 123.142075
f -3 -2 -1
v -34.688801 -16.500000 123.121323
v -34.760006 -16.500000 123.142075
v -34.760006 -13.100000 123.142075
f -3 -2 -1
v -34.760006 -13.100000 123.142075
v -34.760006 -16.500000 123.142075
v -34.832054 -13.100000 123.159706
f -3 -2 -1
v -34.760006 -16.500000 123.142075
v -34.832054 -16.500000 123.159706
v -34.832054 -13.100000 123.159706
f -3 -2 -1
v -34.832054 -13.100000 123.159706
v -34.832054 -16.500000 123.159706
v -34.904797 -13.100000 123.174179
f -3 -2 -1
v -34.832054 -16.500000 123.159706
v -34.904797 -16.500000 123.174179
v -34.904797 -13.100000 123.174179
f -3 -2 -1
v -34.904797 -13.100000 123.174179
v -34.904797 -16.500000 123.174179
v -34.978107 -13.100000 123.185455
f -3 -2 -1
v -34.904797 -16.500000 123.174179
v -34.978107 -16.500000 123.185455
v -34.978107 -13.100000 123.185455
f -3 -2 -1
v -34.978107 -13.100000 123.185455
v -34.978107 -16.500000 123.185455
v -35.051834 -13.100000 123.193535
f -3 -2 -1
v -34.978107 -16.500000 123.185455
v -35.051834 -16.500000 123.193535
v -35.051834 -13.100000 123.193535
f -3 -2 -1
v -35.051834 -13.100000 123.193535
v -35.051834 -16.500000 123.193535
v -35.125847 -13.100000 123.198380
f -3 -2 -1
v -35.051834 -16.500000 123.193535
v -35.125847 -16.500000 123.198380
v -35.125847 -13.100000 123.198380
f -3 -2 -1
v -35.125847 -13.100000 123.198380
v -35.125847 -16.500000 123.198380
v -35.200001 -13.100000 123.199997
f -3 -2 -1
v -35.125847 -16.500000 123.198380
v -35.200001 -16.500000 123.199997
v -35.200001 -13.100000 123.199997
f -3 -2 -1
v -35.200001 -13.100000 123.199997
v -35.200001 -16.500000 123.199997
v -35.274151 -13.100000 123.198380
f -3 -2 -1
v -35.200001 -16.500000 123.199997
v -35.274151 -16.500000 123.198380
v -35.274151 -13.100000 123.198380
f -3 -2 -1
v -35.274151 -13.100000 123.198380
v -35.274151 -16.500000 123.198380
v -35.348167 -13.100000 123.193535
f -3 -2 -1
v -35.274151 -16.500000 123.198380
v -35.348167 -16.500000 123.193535
v -35.348167 -13.100000 123.193535
f -3 -2 -1
v -35.348167 -13.100000 123.193535
v -35.348167 -16.500000 123.193535
v -35.421894 -13.100000 123.185455
f -3 -2 -1
v -35.348167 -16.500000 123.193535
v -35.421894 -16.500000 123.185455
v -35.421894 -13.100000 123.185455
f -3 -2 -1
v -35.421894 -13.100000 123.185455
v -35.421894 -16.500000 123.185455
v -35.495201 -13.100000 123.174179
f -3 -2 -1
v -35.421894 -16.500000 123.185455
v -35.495201 -16.500000 123.174179
v -35.495201 -13.100000 123.174179
f -3 -2 -1
v -35.495201 -13.100000 123.174179
v -35.495201 -16.500000 123.174179
v -35.567947 -13.100000 123.159706
f -3 -2 -1
v -35.495201 -16.500000 123.174179
v -35.567947 -16.500000 123.159706
v -35.567947 -13.100000 123.159706
f -3 -2 -1
v -35.567947 -13.100000 123.159706
v -35.567947 -16.500000 123.159706
v -35.639996 -13.100000 123.142075
f -3 -2 -1
v -35.567947 -16.500000 123.159706
v -35.639996 -16.500000 123.142075
v -35.639996 -13.100000 123.142075
f -3 -2 -1
v -35.639996 -13.100000 123.142075
v -35.639996 -16.500000 123.142075
v -35.711201 -13.100000 123.121323
f -3 -2 -1
v -35.639996 -16.500000 123.142075
v -35.711201 -16.500000 123.121323
v -35.711201 -13.100000 123.121323
f -3 -2 -1
v -35.711201 -13.100000 123.121323
v -35.711201 -16.500000 123.121323
v -35.781437 -13.100000 123.097481
f -3 -2 -1
v -35.711201 -16.500000 123.121323
v -35.781437 -16.500000 123.097481
v -35.781437 -13.100000 123.097481
f -3 -2 -1
v -35.781437 -13.100000 123.097481
v -35.781437 -16.500000 123.097481
v -35.850563 -13.100000 123.070595
f -3 -2 -1
v -35.781437 -16.500000 123.097481
v -35.850563 -16.500000 123.070595
v -35.850563 -13.100000 123.070595
f -3 -2 -1
v -35.850563 -13.100000 123.070595
v -35.850563 -16.500000 123.070595
v -35.918453 -13.100000 123.040718
f -3 -2 -1
v -35.850563 -16.500000 123.070595
v -35.918453 -16.500000 123.040718
v -35.918453 -13.100000 123.040718
f -3 -2 -1
v -35.918453 -13.100000 123.040718
v -35.918453 -16.500000 123.040718
v -35.984974 -13.100000 123.007919
f -3 -2 -1
v -35.918453 -16.500000 123.040718
v -35.984974 -16.500000 123.007919
v -35.984974 -13.100000 123.007919
f -3 -2 -1
v -35.984974 -13.100000 123.007919
v -35.984974 -16.500000 123.007919
v -36.049999 -13.100000 122.972244
f -3 -2 -1
v -35.984974 -16.500000 123.007919
v -36.049999 -16.500000 122.972244
v -36.049999 -13.100000 122.972244
f -3 -2 -1
v -36.049999 -13.100000 122.972244
v -36.049999 -16.500000 122.972244
v -36.113411 -13.100000 122.933769
f -3 -2 -1
v -36.049999 -16.500000 122.972244
v -36.113411 -16.500000 122.933769
v -36.113411 -13.100000 122.933769
f -3 -2 -1
v -36.113411 -13.100000 122.933769
v -36.113411 -16.500000 122.933769
v -36.175079 -13.100000 122.892555
f -3 -2 -1
v -36.113411 -16.500000 122.933769
v -36.175079 -16.500000 122.892555
v -36.175079 -13.100000 122.892555
f -3 -2 -1
v -36.175079 -13.100000 122.892555
v -36.175079 -16.500000 122.892555
v -36.234894 -13.100000 122.848694
f -3 -2 -1
v -36.175079 -16.500000 122.892555
v -36.234894 -16.500000 122.848694
v -36.234894 -13.100000 122.848694
f -3 -2 -1
v -36.234894 -13.100000 122.848694
v -36.234894 -16.500000 122.848694
v -36.292740 -13.100000 122.802269
f -3 -2 -1
v -36.234894 -16.500000 122.848694
v -36.292740 -16.500000 122.802269
v -36.292740 -13.100000 122.802269
f -3 -2 -1
v -36.292740 -13.100000 122.802269
v -36.292740 -16.500000 122.802269
v -36.348503 -13.100000 122.753372
f -3 -2 -1
v -36.292740 -16.500000 122.802269
v -36.348503 -16.500000 122.753372
v -36.348503 -13.100000 122.753372
f -3 -2 -1
v -36.348503 -13.100000 122.753372
v -36.348503 -16.500000 122.753372
v -36.402081 -13.100000 122.702087
f -3 -2 -1
v -36.348503 -16.500000 122.753372
v -36.402081 -16.500000 122.702087
v -36.402081 -13.100000 122.702087
f -3 -2 -1
v -36.402081 -13.100000 122.702087
v -36.402081 -16.500000 122.702087
v -36.453369 -13.100000 122.648499
f -3 -2 -1
v -36.402081 -16.500000 122.702087
v -36.453369 -16.500000 122.648499
v -36.453369 -13.100000 122.648499
f -3 -2 -1
v -36.453369 -13.100000 122.648499
v -36.453369 -16.500000 122.648499
v -36.502277 -13.100000 122.592743
f -3 -2 -1
v -36.453369 -16.500000 122.648499
v -36.502277 -16.500000 122.592743
v -36.502277 -13.100000 122.592743
f -3 -2 -1
v -36.502277 -13.100000 122.592743
v -36.502277 -16.500000 122.592743
v -36.548698 -13.100000 122.534897
f -3 -2 -1
v -36.502277 -16.500000 122.592743
v -36.548698 -16.500000 122.534897
v -36.548698 -13.100000 122.534897
f -3 -2 -1
v -36.548698 -13.100000 122.534897
v -36.548698 -16.500000 122.534897
v -36.592560 -13.100000 122.475082
f -3 -2 -1
v -36.548698 -16.500000 122.534897
v -36.592560 -16.500000 122.475082
v -36.592560 -13.100000 122.475082
f -3 -2 -1
v -36.592560 -13.100000 122.475082
v -36.592560 -16.500000 122.475082
v -36.633766 -13.100000 122.413414
f -3 -2 -1
v -36.592560 -16.500000 122.475082
v -36.633766 -16.500000 122.413414
v -36.633766 -13.100000 122.413414
f -3 -2 -1
v -36.633766 -13.100000 122.413414
v -36.633766 -16.500000 122.413414
v -36.672241 -13.100000 122.349998
f -3 -2 -1
v -36.633766 -16.500000 122.413414
v -36.672241 -16.500000 122.349998
v -36.672241 -13.100000 122.349998
f -3 -2 -1
v -36.672241 -13.100000 122.349998
v -36.672241 -16.500000 122.349998
v -36.707920 -13.100000 122.284973
f -3 -2 -1
v -36.672241 -16.500000 122.349998
v -36.707920 -16.500000 122.284973
v -36.707920 -13.100000 122.284973
f -3 -2 -1
v -36.707920 -13.100000 122.284973
v -36.707920 -16.500000 122.284973
v -36.740723 -13.100000 122.218452
f -3 -2 -1
v -36.707920 -16.500000 122.284973
v -36.740723 -16.500000 122.218452
v -36.740723 -13.100000 122.218452
f -3 -2 -1
v -36.740723 -13.100000 122.218452
v -36.740723 -16.500000 122.218452
v -36.770592 -13.100000 122.150566
f -3 -2 -1
v -36.740723 -16.500000 122.218452
v -36.770592 -16.500000 122.150566
v -36.770592 -13.100000 122.150566
f -3 -2 -1
v -36.770592 -13.100000 122.150566
v -36.770592 -16.500000 122.150566
v -36.797478 -13.100000 122.081436
f -3 -2 -1
v -36.770592 -16.500000 122.150566
v -36.797478 -16.500000 122.081436
v -36.797478 -13.100000 122.081436
f -3 -2 -1
v -36.797478 -13.100000 122.081436
v -36.797478 -16.500000 122.081436
v -36.821320 -13.100000 122.011200
f -3 -2 -1
v -36.797478 -16.500000 122.081436
v -36.821320 -16.500000 122.011200
v -36.821320 -13.100000 122.011200
f -3 -2 -1
v -36.821320 -13.100000 122.011200
v -36.821320 -16.500000 122.011200
v -36.842075 -13.100000 121.939995
f -3 -2 -1
v -36.821320 -16.500000 122.011200
v -36.842075 -16.500000 121.939995
v -36.842075 -13.100000 121.939995
f -3 -2 -1
v -36.842075 -13.100000 121.939995
v -36.842075 -16.500000 121.939995
v -36.859703 -13.100000 121.867950
f -3 -2 -1
v -36.842075 -16.500000 121.939995
v -36.859703 -16.500000 121.867950
v -36.859703 -13.100000 121.867950
f -3 -2 -1
v -36.859703 -13.100000 121.867950
v -36.859703 -16.500000 121.867950
v -36.874172 -13.100000 121.795197
f -3 -2 -1
v -36.859703 -16.500000 121.867950
v -36.874172 -16.500000 121.795197
v -36.874172 -13.100000 121.795197
f -3 -2 -1
v -36.874172 -13.100000 121.795197
v -36.874172 -16.500000 121.795197
v -36.885456 -13.100000 121.721893
f -3 -2 -1
v -36.874172 -16.500000 121.795197
v -36.885456 -16.500000 121.721893
v -36.885456 -13.100000 121.721893
f -3 -2 -1
v -36.885456 -13.100000 121.721893
v -36.885456 -16.500000 121.721893
v -36.893532 -13.100000 121.648163
f -3 -2 -1
v -36.885456 -16.500000 121.721893
v -36.893532 -16.500000 121.648163
v -36.893532 -13.100000 121.648163
f -3 -2 -1
v -36.893532 -13.100000 121.648163
v -36.893532 -16.500000 121.648163
v -36.898380 -13.100000 121.574158
f -3 -2 -1
v -36.893532 -16.500000 121.648163
v -36.898380 -16.500000 121.574158
v -36.898380 -13.100000 121.574158
f -3 -2 -1
v -36.898380 -13.100000 121.574158
v -36.898380 -16.500000 121.574158
v -36.899998 -13.100000 121.500000
f -3 -2 -1
v -36.898380 -16.500000 121.574158
v -36.899998 -16.500000 121.500000
v -36.899998 -13.100000 121.500000
f -3 -2 -1
v -36.899998 -13.100000 121.500000
v -36.899998 -16.500000 121.500000
v -36.898380 -13.100000 121.425842
f -3 -2 -1
v -36.899998 -16.500000 121.500000
v -36.898380 -16.500000 121.425842
v -36.898380 -13.100000 121.425842
f -3 -2 -1
v -36.898380 -13.100000 121.425842
v -36.898380 -16.500000 121.425842
v -36.893532 -13.100000 121.351837
f -3 -2 -1
v -36.898380 -16.500000 121.425842
v -36.893532 -16.500000 121.351837
v -36.893532 -13.100000 121.351837
f -3 -2 -1
v -36.893532 -13.100000 121.351837
v -36.893532 -16.500000 121.351837
v -36.885456 -13.100000 121.278107
f -3 -2 -1
v -36.893532 -16.500000 121.351837
v -36.885456 -16.500000 121.278107
v -36.885456 -13.100000 121.278107
f -3 -2 -1
v -36.885456 -13.100000 121.278107
v -36.885456 -16.500000 121.278107
v -36.874172 -13.100000 121.204803
f -3 -2 -1
v -36.885456 -16.500000 121.278107
v -36.874172 -16.500000 121.204803
v -36.874172 -13.100000 121.204803
f -3 -2 -1
v -36.874172 -13.100000 121.204803
v -36.874172 -16.500000 121.204803
v -36.859703 -13.100000 121.132057
f -3 -2 -1
v -36.874172 -16.500000 121.204803
v -36.859703 -16.500000 121.132057
v -36.859703 -13.100000 121.132057
f -3 -2 -1
v -36.859703 -13.100000 121.132057
v -36.859703 -16.500000 121.132057
v -36.842075 -13.100000 121.060005
f -3 -2 -1
v -36.859703 -16.500000 121.132057
v -36.842075 -16.500000 121.060005
v -36.842075 -13.100000 121.060005
f -3 -2 -1
v -36.842075 -13.100000 121.060005
v -36.842075 -16.500000 121.060005
v -36.821320 -13.100000 120.988800
f -3 -2 -1
v -36.842075 -16.500000 121.060005
v -36.821320 -16.500000 120.988800
v -36.821320 -13.100000 120.988800
f -3 -2 -1
v -36.821320 -13.100000 120.988800
v -36.821320 -16.500000 120.988800
v -36.797478 -13.100000 120.918564
f -3 -2 -1
v -36.821320 -16.500000 120.988800
v -36.797478 -16.500000 120.918564
v -36.797478 -13.100000 120.918564
f -3 -2 -1
v -36.797478 -13.100000 120.918564
v -36.797478 -16.500000 120.918564
v -36.770592 -13.100000 120.849442
f -3 -2 -1
v -36.797478 -16.500000 120.918564
v -36.770592 -16.500000 120.849442
v -36.770592 -13.100000 120.849442
f -3 -2 -1
v -36.770592 -13.100000 120.849442
v -36.770592 -16.500000 120.849442
v -36.740723 -13.100000 120.781548
f -3 -2 -1
v -36.770592 -16.500000 120.849442
v -36.740723 -16.500000 120.781548
v -36.740723 -13.100000 120.781548
f -3 -2 -1
v -36.740723 -13.100000 120.781548
v -36.740723 -16.500000 120.781548
v -36.707920 -13.100000 120.715027
f -3 -2 -1
v -36.740723 -16.500000 120.781548
v -36.707920 -16.500000 120.715027
v -36.707920 -13.100000 120.715027
f -3 -2 -1
v -36.707920 -13.100000 120.715027
v -36.707920 -16.500000 120.715027
v -36.672241 -13.100000 120.650002
f -3 -2 -1
v -36.707920 -16.500000 120.715027
v -36.672241 -16.500000 120.650002
v -36.672241 -13.100000 120.650002
f -3 -2 -1
v -36.672241 -13.100000 120.650002
v -36.672241 -16.500000 120.650002
v -36.633766 -13.100000 120.586586
f -3 -2 -1
v -36.672241 -16.500000 120.650002
v -36.633766 -16.500000 120.586586
v -36.633766 -13.100000 120.586586
f -3 -2 -1
v -36.633766 -13.100000 120.586586
v -36.633766 -16.500000 120.586586
v -36.592560 -13.100000 120.524918
f -3 -2 -1
v -36.633766 -16.500000 120.586586
v -36.592560 -16.500000 120.524918
v -36.592560 -13.100000 120.524918
f -3 -2 -1
v -36.592560 -13.100000 120.524918
v -36.592560 -16.500000 120.524918
v -36.548698 -13.100000 120.465111
f -3 -2 -1
v -36.592560 -16.500000 120.524918
v -36.548698 -16.500000 120.465111
v -36.548698 -13.100000 120.465111
f -3 -2 -1
v -36.548698 -13.100000 120.465111
v -36.548698 -16.500000 120.465111
v -36.502277 -13.100000 120.407265
f -3 -2 -1
v -36.548698 -16.500000 120.465111
v -36.502277 -16.500000 120.407265
v -36.502277 -13.100000 120.407265
f -3 -2 -1
v -36.502277 -13.100000 120.407265
v -36.502277 -16.500000 120.407265
v -36.453369 -13.100000 120.351494
f -3 -2 -1
v -36.502277 -16.500000 120.407265
v -36.453369 -16.500000 120.351494
v -36.453369 -13.100000 120.351494
f -3 -2 -1
v -36.453369 -13.100000 120.351494
v -36.453369 -16.500000 120.351494
v -36.402081 -13.100000 120.297913
f -3 -2 -1
v -36.453369 -16.500000 120.351494
v -36.402081 -16.500000 120.297913
v -36.402081 -13.100000 120.297913
f -3 -2 -1
v -36.402081 -13.100000 120.297913
v -36.402081 -16.500000 120.297913
v -36.348503 -13.100000 120.246628
f -3 -2 -1
v -36.402081 -16.500000 120.297913
v -36.348503 -16.500000 120.246628
v -36.348503 -13.100000 120.246628
f -3 -2 -1
v -36.348503 -13.100000 120.246628
v -36.348503 -16.500000 120.246628
v -36.292740 -13.100000 120.197723
f -3 -2 -1
v -36.348503 -16.500000 120.246628
v -36.292740 -16.500000 120.197723
v -36.292740 -13.100000 120.197723
f -3 -2 -1
v -36.292740 -13.100000 120.197723
v -36.292740 -16.500000 120.197723
v -36.234894 -13.100000 120.151299
f -3 -2 -1
v -36.292740 -16.500000 120.197723
v -36.234894 -16.500000 120.151299
v -36.234894 -13.100000 120.151299
f -3 -2 -1
v -36.234894 -13.100000 120.151299
v -36.234894 -16.500000 120.151299
v -36.175079 -13.100000 120.107445
f -3 -2 -1
v -36.234894 -16.500000 120.151299
v -36.175079 -16.500000 120.107445
v -36.175079 -13.100000 120.107445
f -3 -2 -1
v -36.175079 -13.100000 120.107445
v -36.175079 -16.500000 120.107445
v -36.113411 -13.100000 120.066231
f -3 -2 -1
v -36.175079 -16.500000 120.107445
v -36.113411 -16.500000 120.066231
v -36.113411 -13.100000 120.066231
f -3 -2 -1
v -36.113411 -13.100000 120.066231
v -36.113411 -16.500000 120.066231
v -36.049999 -13.100000 120.027756
f -3 -2 -1
v -36.113411 -16.500000 120.066231
v -36.049999 -16.500000 120.027756
v -36.049999 -13.100000 120.027756
f -3 -2 -1
v -36.049999 -13.100000 120.027756
v -36.049999 -16.500000 120.027756
v -35.984974 -13.100000 119.992088
f -3 -2 -1
v -36.049999 -16.500000 120.027756
v -35.984974 -16.500000 119.992088
v -35.984974 -13.100000 119.992088
f -3 -2 -1
v -35.984974 -13.100000 119.992088
v -35.984974 -16.500000 119.992088
v -35.918453 -13.100000 119.959282
f -3 -2 -1
v -35.984974 -16.500000 119.992088
v -35.918453 -16.500000 119.959282
v -35.918453 -13.100000 119.959282
f -3 -2 -1
v -35.918453 -13.100000 119.959282
v -35.918453 -16.500000 119.959282
v -35.850563 -13.100000 119.929405
f -3 -2 -1
v -35.918453 -16.500000 119.959282
v -35.850563 -16.500000 119.929405
v -35.850563 -13.100000 119.929405
f -3 -2 -1
v -35.850563 -13.100000 119.929405
v -35.850563 -16.500000 119.929405
v -35.781437 -13.100000 119.902519
f -3 -2 -1
v -35.850563 -16.500000 119.929405
v -35.781437 -16.500000 119.902519
v -35.781437 -13.100000 119.902519
f -3 -2 -1
v -35.781437 -13.100000 119.902519
v -35.781437 -16.500000 119.902519
v -35.711201 -13.100000 119.878677
f -3 -2 -1
v -35.781437 -16.500000 119.902519
v -35.711201 -16.500000 119.878677
v -35.711201 -13.100000 119.878677
f -3 -2 -1
v -35.711201 -13.100000 119.878677
v -35.711201 -16.500000 119.878677
v -35.639996 -13.100000 119.857933
f -3 -2 -1
v -35.711201 -16.500000 119.878677
v -35.639996 -16.500000 119.857933
v -35.639996 -13.100000 119.857933
f -3 -2 -1
v -35.639996 -13.100000 119.857933
v -35.639996 -16.500000 119.857933
v -35.567947 -13.100000 119.840294
f -3 -2 -1
v -35.639996 -16.500000 119.857933
v -35.567947 -16.500000 119.840294
v -35.567947 -13.100000 119.840294
f -3 -2 -1
v -35.567947 -13.100000 119.840294
v -35.567947 -16.500000 119.840294
v -35.495201 -13.100000 119.825829
f -3 -2 -1
v -35.567947 -16.500000 119.840294
v -35.495201 -16.500000 119.825829
v -35.495201 -13.100000 119.825829
f -3 -2 -1
v -35.495201 -13.100000 119.825829
v -35.495201 -16.500000 119.825829
v -35.421894 -13.100000 119.814545
f -3 -2 -1
v -35.495201 -16.500000 119.825829
v -35.421894 -16.500000 119.814545
v -35.421894 -13.100000 119.814545
f -3 -2 -1
v -35.421894 -13.100000 119.814545
v -35.421894 -16.500000 119.814545
v -35.348167 -13.100000 119.806465
f -3 -2 -1
v -35.421894 -16.500000 119.814545
v -35.348167 -16.500000 119.806465
v -35.348167 -13.100000 119.806465
f -3 -2 -1
v -35.348167 -13.100000 119.806465
v -35.348167 -16.500000 119.806465
v -35.274151 -13.100000 119.801620
f -3 -2 -1
v -35.348167 -16.500000 119.806465
v -35.274151 -16.500000 119.801620
v -35.274151 -13.100000 119.801620
f -3 -2 -1
v -35.274151 -13.100000 119.801620
v -35.274151 -16.500000 119.801620
v -35.200001 -13.100000 119.800003
f -3 -2 -1
v -35.274151 -16.500000 119.801620
v -35.200001 -16.500000 119.800003
v -35.200001 -13.100000 119.800003
f -3 -2 -1
v -17.500000 10.500000 62.700005
v -23.500000 10.500000 62.700005
v -17.500000 10.500000 66.399269
f -3 -2 -1
v -23.500000 10.500000 62.700005
v -27.199266 10.500000 66.399269
v -17.500000 10.500000 66.399269
f -3 -2 -1
v -33.108688 -13.100000 127.299995
v -36.200001 -13.100000 127.299995
v -33.108688 -19.000000 127.299995
f -3 -2 -1
v -36.200001 -13.100000 127.299995
v -36.200001 -19.000000 127.299995
v -33.108688 -19.000000 127.299995
f -3 -2 -1
v -5.200000 -13.100000 84.799995
v -5.200000 -16.500000 84.799995
v -5.125847 -13.100000 84.801620
f -3 -2 -1
v -5.200000 -16.500000 84.799995
v -5.125847 -16.500000 84.801620
v -5.125847 -13.100000 84.801620
f -3 -2 -1
v -5.125847 -13.100000 84.801620
v -5.125847 -16.500000 84.801620
v -5.051836 -13.100000 84.806473
f -3 -2 -1
v -5.125847 -16.500000 84.801620
v -5.051836 -16.500000 84.806473
v -5.051836 -13.100000 84.806473
f -3 -2 -1
v -5.051836 -13.100000 84.806473
v -5.051836 -16.500000 84.806473
v -4.978106 -13.100000 84.814545
f -3 -2 -1
v -5.051836 -16.500000 84.806473
v -4.978106 -16.500000 84.814545
v -4.978106 -13.100000 84.814545
f -3 -2 -1
v -4.978106 -13.100000 84.814545
v -4.978106 -16.500000 84.814545
v -4.904798 -13.100000 84.825829
f -3 -2 -1
v -4.978106 -16.500000 84.814545
v -4.904798 -16.500000 84.825829
v -4.904798 -13.100000 84.825829
f -3 -2 -1
v -4.904798 -13.100000 84.825829
v -4.904798 -16.500000 84.825829
v -4.832053 -13.100000 84.840302
f -3 -2 -1
v -4.904798 -16.500000 84.825829
v -4.832053 -16.500000 84.840302
v -4.832053 -13.100000 84.840302
f -3 -2 -1
v -4.832053 -13.100000 84.840302
v -4.832053 -16.500000 84.840302
v -4.760008 -13.100000 84.857925
f -3 -2 -1
v -4.832053 -16.500000 84.840302
v -4.760008 -16.500000 84.857925
v -4.760008 -13.100000 84.857925
f -3 -2 -1
v -4.760008 -13.100000 84.857925
v -4.760008 -16.500000 84.857925
v -4.688800 -13.100000 84.878685
f -3 -2 -1
v -4.760008 -16.500000 84.857925
v -4.688800 -16.500000 84.878685
v -4.688800 -13.100000 84.878685
f -3 -2 -1
v -4.688800 -13.100000 84.878685
v -4.688800 -16.500000 84.878685
v -4.618566 -13.100000 84.902527
f -3 -2 -1
v -4.688800 -16.500000 84.878685
v -4.618566 -16.500000 84.902527
v -4.618566 -13.100000 84.902527
f -3 -2 -1
v -4.618566 -13.100000 84.902527
v -4.618566 -16.500000 84.902527
v -4.549438 -13.100000 84.929405
f -3 -2 -1
v -4.618566 -16.500000 84.902527
v -4.549438 -16.500000 84.929405
v -4.549438 -13.100000 84.929405
f -3 -2 -1
v -4.549438 -13.100000 84.929405
v -4.549438 -16.500000 84.929405
v -4.481549 -13.100000 84.959274
f -3 -2 -1
v -4.549438 -16.500000 84.929405
v -4.481549 -16.500000 84.959274
v -4.481549 -13.100000 84.959274
f -3 -2 -1
v -4.481549 -13.100000 84.959274
v -4.481549 -16.500000 84.959274
v -4.415027 -13.100000 84.992081
f -3 -2 -1
v -4.481549 -16.500000 84.959274
v -4.415027 -16.500000 84.992081
v -4.415027 -13.100000 84.992081
f -3 -2 -1
v -4.415027 -13.100000 84.992081
v -4.415027 -16.500000 84.992081
v -4.350000 -13.100000 85.027756
f -3 -2 -1
v -4.415027 -16.500000 84.992081
v -4.350000 -16.500000 85.027756
v -4.350000 -13.100000 85.027756
f -3 -2 -1
v -4.350000 -13.100000 85.027756
v -4.350000 -16.500000 85.027756
v -4.286591 -13.100000 85.066238
f -3 -2 -1
v -4.350000 -16.500000 85.027756
v -4.286591 -16.500000 85.066238
v -4.286591 -13.100000 85.066238
f -3 -2 -1
v -4.286591 -13.100000 85.066238
v -4.286591 -16.500000 85.066238
v -4.224920 -13.100000 85.107437
f -3 -2 -1
v -4.286591 -16.500000 85.066238
v -4.224920 -16.500000 85.107437
v -4.224920 -13.100000 85.107437
f -3 -2 -1
v -4.224920 -13.100000 85.107437
v -4.224920 -16.500000 85.107437
v -4.165105 -13.100000 85.151299
f -3 -2 -1
v -4.224920 -16.500000 85.107437
v -4.165105 -16.500000 85.151299
v -4.165105 -13.100000 85.151299
f -3 -2 -1
v -4.165105 -13.100000 85.151299
v -4.165105 -16.500000 85.151299
v -4.107261 -13.100000 85.197723
f -3 -2 -1
v -4.165105 -16.500000 85.151299
v -4.107261 -16.500000 85.197723
v -4.107261 -13.100000 85.197723
f -3 -2 -1
v -4.107261 -13.100000 85.197723
v -4.107261 -16.500000 85.197723
v -4.051497 -13.100000 85.246628
f -3 -2 -1
v -4.107261 -16.500000 85.197723
v -4.051497 -16.500000 85.246628
v -4.051497 -13.100000 85.246628
f -3 -2 -1
v -4.051497 -13.100000 85.246628
v -4.051497 -16.500000 85.246628
v -3.997919 -13.100000 85.297920
f -3 -2 -1
v -4.051497 -16.500000 85.246628
v -3.997919 -16.500000 85.297920
v -3.997919 -13.100000 85.297920
f -3 -2 -1
v -3.997919 -13.100000 85.297920
v -3.997919 -16.500000 85.297920
v -3.946628 -13.100000 85.351494
f -3 -2 -1
v -3.997919 -16.500000 85.297920
v -3.946628 -16.500000 85.351494
v -3.946628 -13.100000 85.351494
f -3 -2 -1
v -3.946628 -13.100000 85.351494
v -3.946628 -16.500000 85.351494
v -3.897724 -13.100000 85.407265
f -3 -2 -1
v -3.946628 -16.500000 85.351494
v -3.897724 -16.500000 85.407265
v -3.897724 -13.100000 85.407265
f -3 -2 -1
v -3.897724 -13.100000 85.407265
v -3.897724 -16.500000 85.407265
v -3.851300 -13.100000 85.465103
f -3 -2 -1
v -3.897724 -16.500000 85.407265
v -3.851300 -16.500000 85.465103
v -3.851300 -13.100000 85.465103
f -3 -2 -1
v -3.851300 -13.100000 85.465103
v -3.851300 -16.500000 85.465103
v -3.807441 -13.100000 85.524918
f -3 -2 -1
v -3.851300 -16.500000 85.465103
v -3.807441 -16.500000 85.524918
v -3.807441 -13.100000 85.524918
f -3 -2 -1
v -3.807441 -13.100000 85.524918
v -3.807441 -16.500000 85.524918
v -3.766234 -13.100000 85.586594
f -3 -2 -1
v -3.807441 -16.500000 85.524918
v -3.766234 -16.500000 85.586594
v -3.766234 -13.100000 85.586594
f -3 -2 -1
v -3.766234 -13.100000 85.586594
v -3.766234 -16.500000 85.586594
v -3.727757 -13.100000 85.649994
f -3 -2 -1
v -3.766234 -16.500000 85.586594
v -3.727757 -16.500000 85.649994
v -3.727757 -13.100000 85.649994
f -3 -2 -1
v -3.727757 -13.100000 85.649994
v -3.727757 -16.500000 85.649994
v -3.692082 -13.100000 85.715027
f -3 -2 -1
v -3.727757 -16.500000 85.649994
v -3.692082 -16.500000 85.715027
v -3.692082 -13.100000 85.715027
f -3 -2 -1
v -3.692082 -13.100000 85.715027
v -3.692082 -16.500000 85.715027
v -3.659277 -13.100000 85.781555
f -3 -2 -1
v -3.692082 -16.500000 85.715027
v -3.659277 -16.500000 85.781555
v -3.659277 -13.100000 85.781555
f -3 -2 -1
v -3.659277 -13.100000 85.781555
v -3.659277 -16.500000 85.781555
v -3.629405 -13.100000 85.849442
f -3 -2 -1
v -3.659277 -16.500000 85.781555
v -3.629405 -16.500000 85.849442
v -3.629405 -13.100000 85.849442
f -3 -2 -1
v -3.629405 -13.100000 85.849442
v -3.629405 -16.500000 85.849442
v -3.602523 -13.100000 85.918571
f -3 -2 -1
v -3.629405 -16.500000 85.849442
v -3.602523 -16.500000 85.918571
v -3.602523 -13.100000 85.918571
f -3 -2 -1
v -3.602523 -13.100000 85.918571
v -3.602523 -16.500000 85.918571
v -3.578681 -13.100000 85.988800
f -3 -2 -1
v -3.602523 -16.500000 85.918571
v -3.578681 -16.500000 85.988800
v -3.578681 -13.100000 85.988800
f -3 -2 -1
v -3.578681 -13.100000 85.988800
v -3.578681 -16.500000 85.988800
v -3.557926 -13.100000 86.060013
f -3 -2 -1
v -3.578681 -16.500000 85.988800
v -3.557926 -16.500000 86.060013
v -3.557926 -13.100000 86.060013
f -3 -2 -1
v -3.557926 -13.100000 86.060013
v -3.557926 -16.500000 86.060013
v -3.540297 -13.100000 86.132050
f -3 -2 -1
v -3.557926 -16.500000 86.060013
v -3.540297 -16.500000 86.132050
v -3.540297 -13.100000 86.132050
f -3 -2 -1
v -3.540297 -13.100000 86.132050
v -3.540297 -16.500000 86.132050
v -3.525827 -13.100000 86.204796
f -3 -2 -1
v -3.540297 -16.500000 86.132050
v -3.525827 -16.500000 86.204796
v -3.525827 -13.100000 86.204796
f -3 -2 -1
v -3.525827 -13.100000 86.204796
v -3.525827 -16.500000 86.204796
v -3.514544 -13.100000 86.278107
f -3 -2 -1
v -3.525827 -16.500000 86.204796
v -3.514544 -16.500000 86.278107
v -3.514544 -13.100000 86.278107
f -3 -2 -1
v -3.514544 -13.100000 86.278107
v -3.514544 -16.500000 86.278107
v -3.506469 -13.100000 86.351837
f -3 -2 -1
v -3.514544 -16.500000 86.278107
v -3.506469 -16.500000 86.351837
v -3.506469 -13.100000 86.351837
f -3 -2 -1
v -3.506469 -13.100000 86.351837
v -3.506469 -16.500000 86.351837
v -3.501618 -13.100000 86.425850
f -3 -2 -1
v -3.506469 -16.500000 86.351837
v -3.501618 -16.500000 86.425850
v -3.501618 -13.100000 86.425850
f -3 -2 -1
v -3.501618 -13.100000 86.425850
v -3.501618 -16.500000 86.425850
v -3.500000 -13.100000 86.500000
f -3 -2 -1
v -3.501618 -16.500000 86.425850
v -3.500000 -16.500000 86.500000
v -3.500000 -13.100000 86.500000
f -3 -2 -1
v -3.500000 -13.100000 86.500000
v -3.500000 -16.500000 86.500000
v -3.501618 -13.100000 86.574150
f -3 -2 -1
v -3.500000 -16.500000 86.500000
v -3.501618 -16.500000 86.574150
v -3.501618 -13.100000 86.574150
f -3 -2 -1
v -3.501618 -13.100000 86.574150
v -3.501618 -16.500000 86.574150
v -3.506469 -13.100000 86.648163
f -3 -2 -1
v -3.501618 -16.500000 86.574150
v -3.506469 -16.500000 86.648163
v -3.506469 -13.100000 86.648163
f -3 -2 -1
v -3.506469 -13.100000 86.648163
v -3.506469 -16.500000 86.648163
v -3.514544 -13.100000 86.721893
f -3 -2 -1
v -3.506469 -16.500000 86.648163
v -3.514544 -16.500000 86.721893
v -3.514544 -13.100000 86.721893
f -3 -2 -1
v -3.514544 -13.100000 86.721893
v -3.514544 -16.500000 86.721893
v -3.525827 -13.100000 86.795204
f -3 -2 -1
v -3.514544 -16.500000 86.721893
v -3.525827 -16.500000 86.795204
v -3.525827 -13.100000 86.795204
f -3 -2 -1
v -3.525827 -13.100000 86.795204
v -3.525827 -16.500000 86.795204
v -3.540297 -13.100000 86.867950
f -3 -2 -1
v -3.525827 -16.500000 86.795204
v -3.540297 -16.500000 86.867950
v -3.540297 -13.100000 86.867950
f -3 -2 -1
v -3.540297 -13.100000 86.867950
v -3.540297 -16.500000 86.867950
v -3.557926 -13.100000 86.939987
f -3 -2 -1
v -3.540297 -16.500000 86.867950
v -3.557926 -16.500000 86.939987
v -3.557926 -13.100000 86.939987
f -3 -2 -1
v -3.557926 -13.100000 86.939987
v -3.557926 -16.500000 86.939987
v -3.578681 -13.100000 87.011200
f -3 -2 -1
v -3.557926 -16.500000 86.939987
v -3.578681 -16.500000 87.011200
v -3.578681 -13.100000 87.011200
f -3 -2 -1
v -3.578681 -13.100000 87.011200
v -3.578681 -16.500000 87.011200
v -3.602523 -13.100000 87.081436
f -3 -2 -1
v -3.578681 -16.500000 87.011200
v -3.602523 -16.500000 87.081436
v -3.602523 -13.100000 87.081436
f -3 -2 -1
v -3.602523 -13.100000 87.081436
v -3.602523 -16.500000 87.081436
v -3.629405 -13.100000 87.150558
f -3 -2 -1
v -3.602523 -16.500000 87.081436
v -3.629405 -16.500000 87.150558
v -3.629405 -13.100000 87.150558
f -3 -2 -1
v -3.629405 -13.100000 87.150558
v -3.629405 -16.500000 87.150558
v -3.659277 -13.100000 87.218445
f -3 -2 -1
v -3.629405 -16.500000 87.150558
v -3.659277 -16.500000 87.218445
v -3.659277 -13.100000 87.218445
f -3 -2 -1
v -3.659277 -13.100000 87.218445
v -3.659277 -16.500000 87.218445
v -3.692082 -13.100000 87.284973
f -3 -2 -1
v -3.659277 -16.500000 87.218445
v -3.692082 -16.500000 87.284973
v -3.692082 -13.100000 87.284973
f -3 -2 -1
v -3.692082 -13.100000 87.284973
v -3.692082 -16.500000 87.284973
v -3.727757 -13.100000 87.350006
f -3 -2 -1
v -3.692082 -16.500000 87.284973
v -3.727757 -16.500000 87.350006
v -3.727757 -13.100000 87.350006
f -3 -2 -1
v -3.727757 -13.100000 87.350006
v -3.727757 -16.500000 87.350006
v -3.766234 -13.100000 87.413406
f -3 -2 -1
v -3.727757 -16.500000 87.350006
v -3.766234 -16.500000 87.413406
v -3.766234 -13.100000 87.413406
f -3 -2 -1
v -3.766234 -13.100000 87.413406
v -3.766234 -16.500000 87.413406
v -3.807441 -13.100000 87.475075
f -3 -2 -1
v -3.766234 -16.500000 87.413406
v -3.807441 -16.500000 87.475075
v -3.807441 -13.100000 87.475075
f -3 -2 -1
v -3.807441 -13.100000 87.475075
v -3.807441 -16.500000 87.475075
v -3.851300 -13.100000 87.534897
f -3 -2 -1
v -3.807441 -16.500000 87.475075
v -3.851300 -16.500000 87.534897
v -3.851300 -13.100000 87.534897
f -3 -2 -1
v -3.851300 -13.100000 87.534897
v -3.851300 -16.500000 87.534897
v -3.897724 -13.100000 87.592735
f -3 -2 -1
v -3.851300 -16.500000 87.534897
v -3.897724 -16.500000 87.592735
v -3.897724 -13.100000 87.592735
f -3 -2 -1
v -3.897724 -13.100000 87.592735
v -3.897724 -16.500000 87.592735
v -3.946628 -13.100000 87.648506
f -3 -2 -1
v -3.897724 -16.500000 87.592735
v -3.946628 -16.500000 87.648506
v -3.946628 -13.100000 87.648506
f -3 -2 -1
v -3.946628 -13.100000 87.648506
v -3.946628 -16.500000 87.648506
v -3.997919 -13.100000 87.702080
f -3 -2 -1
v -3.946628 -16.500000 87.648506
v -3.997919 -16.500000 87.702080
v -3.997919 -13.100000 87.702080
f -3 -2 -1
v -3.997919 -13.100000 87.702080
v -3.997919 -16.500000 87.702080
v -4.051497 -13.100000 87.753372
f -3 -2 -1
v -3.997919 -16.500000 87.702080
v -4.051497 -16.500000 87.753372
v -4.051497 -13.100000 87.753372
f -3 -2 -1
v -4.051497 -13.100000 87.753372
v -4.051497 -16.500000 87.753372
v -4.107261 -13.100000 87.802277
f -3 -2 -1
v -4.051497 -16.500000 87.753372
v -4.107261 -16.500000 87.802277
v -4.107261 -13.100000 87.802277
f -3 -2 -1
v -4.107261 -13.100000 87.802277
v -4.107261 -16.500000 87.802277
v -4.165105 -13.100000 87.848701
f -3 -2 -1
v -4.107261 -16.500000 87.802277
v -4.165105 -16.500000 87.848701
v -4.165105 -13.100000 87.848701
f -3 -2 -1
v -4.165105 -13.100000 87.848701
v -4.165105 -16.500000 87.848701
v -4.224920 -13.100000 87.892563
f -3 -2 -1
v -4.165105 -16.500000 87.848701
v -4.224920 -16.500000 87.892563
v -4.224920 -13.100000 87.892563
f -3 -2 -1
v -4.224920 -13.100000 87.892563
v -4.224920 -16.500000 87.892563
v -4.286591 -13.100000 87.933762
f -3 -2 -1
v -4.224920 -16.500000 87.892563
v -4.286591 -16.500000 87.933762
v -4.286591 -13.100000 87.933762
f -3 -2 -1
v -4.286591 -13.100000 87.933762
v -4.286591 -16.500000 87.933762
v -4.350000 -13.100000 87.972244
f -3 -2 -1
v -4.286591 -16.500000 87.933762
v -4.350000 -16.500000 87.972244
v -4.350000 -13.100000 87.972244
f -3 -2 -1
v -4.350000 -13.100000 87.972244
v -4.350000 -16.500000 87.972244
v -4.415027 -13.100000 88.007919
f -3 -2 -1
v -4.350000 -16.500000 87.972244
v -4.415027 -16.500000 88.007919
v -4.415027 -13.100000 88.007919
f -3 -2 -1
v -4.415027 -13.100000 88.007919
v -4.415027 -16.500000 88.007919
v -4.481549 -13.100000 88.040726
f -3 -2 -1
v -4.415027 -16.500000 88.007919
v -4.481549 -16.500000 88.040726
v -4.481549 -13.100000 88.040726
f -3 -2 -1
v -4.481549 -13.100000 88.040726
v -4.481549 -16.500000 88.040726
v -4.549438 -13.100000 88.070595
f -3 -2 -1
v -4.481549 -16.500000 88.040726
v -4.549438 -16.500000 88.070595
v -4.549438 -13.100000 88.070595
f -3 -2 -1
v -4.549438 -13.100000 88.070595
v -4.549438 -16.500000 88.070595
v -4.618566 -13.100000 88.097473
f -3 -2 -1
v -4.549438 -16.500000 88.070595
v -4.618566 -16.500000 88.097473
v -4.618566 -13.100000 88.097473
f -3 -2 -1
v -4.618566 -13.100000 88.097473
v -4.618566 -16.500000 88.097473
v -4.688800 -13.100000 88.121315
f -3 -2 -1
v -4.618566 -16.500000 88.097473
v -4.688800 -16.500000 88.121315
v -4.688800 -13.100000 88.121315
f -3 -2 -1
v -4.688800 -13.100000 88.121315
v -4.688800 -16.500000 88.121315
v -4.760008 -13.100000 88.142075
f -3 -2 -1
v -4.688800 -16.500000 88.121315
v -4.760008 -16.500000 88.142075
v -4.760008 -13.100000 88.142075
f -3 -2 -1
v -4.760008 -13.100000 88.142075
v -4.760008 -16.500000 88.142075
v -4.832053 -13.100000 88.159706
f -3 -2 -1
v -4.760008 -16.500000 88.142075
v -4.832053 -16.500000 88.159706
v -4.832053 -13.100000 88.159706
f -3 -2 -1
v -4.832053 -13.100000 88.159706
v -4.832053 -16.500000 88.159706
v -4.904798 -13.100000 88.174171
f -3 -2 -1
v -4.832053 -16.500000 88.159706
v -4.904798 -16.500000 88.174171
v -4.904798 -13.100000 88.174171
f -3 -2 -1
v -4.904798 -13.100000 88.174171
v -4.904798 -16.500000 88.174171
v -4.978106 -13.100000 88.185463
f -3 -2 -1
v -4.904798 -16.500000 88.174171
v -4.978106 -16.500000 88.185463
v -4.978106 -13.100000 88.185463
f -3 -2 -1
v -4.978106 -13.100000 88.185463
v -4.978106 -16.500000 88.185463
v -5.051836 -13.100000 88.193527
f -3 -2 -1
v -4.978106 -16.500000 88.185463
v -5.051836 -16.500000 88.193527
v -5.051836 -13.100000 88.193527
f -3 -2 -1
v -5.051836 -13.100000 88.193527
v -5.051836 -16.500000 88.193527
v -5.125847 -13.100000 88.198380
f -3 -2 -1
v -5.051836 -16.500000 88.193527
v -5.125847 -16.500000 88.198380
v -5.125847 -13.100000 88.198380
f -3 -2 -1
v -5.125847 -13.100000 88.198380
v -5.125847 -16.500000 88.198380
v -5.200000 -13.100000 88.200005
f -3 -2 -1
v -5.125847 -16.500000 88.198380
v -5.200000 -16.500000 88.200005
v -5.200000 -13.100000 88.200005
f -3 -2 -1
v -5.200000 -13.100000 88.200005
v -5.200000 -16.500000 88.200005
v -5.274153 -13.100000 88.198380
f -3 -2 -1
v -5.200000 -16.500000 88.200005
v -5.274153 -16.500000 88.198380
v -5.274153 -13.100000 88.198380
f -3 -2 -1
v -5.274153 -13.100000 88.198380
v -5.274153 -16.500000 88.198380
v -5.348165 -13.100000 88.193527
f -3 -2 -1
v -5.274153 -16.500000 88.198380
v -5.348165 -16.500000 88.193527
v -5.348165 -13.100000 88.193527
f -3 -2 -1
v -5.348165 -13.100000 88.193527
v -5.348165 -16.500000 88.193527
v -5.421895 -13.100000 88.185463
f -3 -2 -1
v -5.348165 -16.500000 88.193527
v -5.421895 -16.500000 88.185463
v -5.421895 -13.100000 88.185463
f -3 -2 -1
v -5.421895 -13.100000 88.185463
v -5.421895 -16.500000 88.185463
v -5.495202 -13.100000 88.174171
f -3 -2 -1
v -5.421895 -16.500000 88.185463
v -5.495202 -16.500000 88.174171
v -5.495202 -13.100000 88.174171
f -3 -2 -1
v -5.495202 -13.100000 88.174171
v -5.495202 -16.500000 88.174171
v -5.567947 -13.100000 88.159706
f -3 -2 -1
v -5.495202 -16.500000 88.174171
v -5.567947 -16.500000 88.159706
v -5.567947 -13.100000 88.159706
f -3 -2 -1
v -5.567947 -13.100000 88.159706
v -5.567947 -16.500000 88.159706
v -5.639992 -13.100000 88.142075
f -3 -2 -1
v -5.567947 -16.500000 88.159706
v -5.639992 -16.500000 88.142075
v -5.639992 -13.100000 88.142075
f -3 -2 -1
v -5.639992 -13.100000 88.142075
v -5.639992 -16.500000 88.142075
v -5.711200 -13.100000 88.121315
f -3 -2 -1
v -5.639992 -16.500000 88.142075
v -5.711200 -16.500000 88.121315
v -5.711200 -13.100000 88.121315
f -3 -2 -1
v -5.711200 -13.100000 88.121315
v -5.711200 -16.500000 88.121315
v -5.781435 -13.100000 88.097473
f -3 -2 -1
v -5.711200 -16.500000 88.121315
v -5.781435 -16.500000 88.097473
v -5.781435 -13.100000 88.097473
f -3 -2 -1
v -5.781435 -13.100000 88.097473
v -5.781435 -16.500000 88.097473
v -5.850562 -13.100000 88.070595
f -3 -2 -1
v -5.781435 -16.500000 88.097473
v -5.850562 -16.500000 88.070595
v -5.850562 -13.100000 88.070595
f -3 -2 -1
v -5.850562 -13.100000 88.070595
v -5.850562 -16.500000 88.070595
v -5.918451 -13.100000 88.040726
f -3 -2 -1
v -5.850562 -16.500000 88.070595
v -5.918451 -16.500000 88.040726
v -5.918451 -13.100000 88.040726
f -3 -2 -1
v -5.918451 -13.100000 88.040726
v -5.918451 -16.500000 88.040726
v -5.984972 -13.100000 88.007919
f -3 -2 -1
v -5.918451 -16.500000 88.040726
v -5.984972 -16.500000 88.007919
v -5.984972 -13.100000 88.007919
f -3 -2 -1
v -5.984972 -13.100000 88.007919
v -5.984972 -16.500000 88.007919
v -6.050000 -13.100000 87.972244
f -3 -2 -1
v -5.984972 -16.500000 88.007919
v -6.050000 -16.500000 87.972244
v -6.050000 -13.100000 87.972244
f -3 -2 -1
v -6.050000 -13.100000 87.972244
v -6.050000 -16.500000 87.972244
v -6.113410 -13.100000 87.933762
f -3 -2 -1
v -6.050000 -16.500000 87.972244
v -6.113410 -16.500000 87.933762
v -6.113410 -13.100000 87.933762
f -3 -2 -1
v -6.113410 -13.100000 87.933762
v -6.113410 -16.500000 87.933762
v -6.175080 -13.100000 87.892563
f -3 -2 -1
v -6.113410 -16.500000 87.933762
v -6.175080 -16.500000 87.892563
v -6.175080 -13.100000 87.892563
f -3 -2 -1
v -6.175080 -13.100000 87.892563
v -6.175080 -16.500000 87.892563
v -6.234894 -13.100000 87.848701
f -3 -2 -1
v -6.175080 -16.500000 87.892563
v -6.234894 -16.500000 87.848701
v -6.234894 -13.100000 87.848701
f -3 -2 -1
v -6.234894 -13.100000 87.848701
v -6.234894 -16.500000 87.848701
v -6.292739 -13.100000 87.802277
f -3 -2 -1
v -6.234894 -16.500000 87.848701
v -6.292739 -16.500000 87.802277
v -6.292739 -13.100000 87.802277
f -3 -2 -1
v -6.292739 -13.100000 87.802277
v -6.292739 -16.500000 87.802277
v -6.348503 -13.100000 87.753372
f -3 -2 -1
v -6.292739 -16.500000 87.802277
v -6.348503 -16.500000 87.753372
v -6.348503 -13.100000 87.753372
f -3 -2 -1
v -6.348503 -13.100000 87.753372
v -6.348503 -16.500000 87.753372
v -6.402081 -13.100000 87.702080
f -3 -2 -1
v -6.348503 -16.500000 87.753372
v -6.402081 -16.500000 87.702080
v -6.402081 -13.100000 87.702080
f -3 -2 -1
v -6.402081 -13.100000 87.702080
v -6.402081 -16.500000 87.702080
v -6.453372 -13.100000 87.648506
f -3 -2 -1
v -6.402081 -16.500000 87.702080
v -6.453372 -16.500000 87.648506
v -6.453372 -13.100000 87.648506
f -3 -2 -1
v -6.453372 -13.100000 87.648506
v -6.453372 -16.500000 87.648506
v -6.502275 -13.100000 87.592735
f -3 -2 -1
v -6.453372 -16.500000 87.648506
v -6.502275 -16.500000 87.592735
v -6.502275 -13.100000 87.592735
f -3 -2 -1
v -6.502275 -13.100000 87.592735
v -6.502275 -16.500000 87.592735
v -6.548701 -13.100000 87.534897
f -3 -2 -1
v -6.502275 -16.500000 87.592735
v -6.548701 -16.500000 87.534897
v -6.548701 -13.100000 87.534897
f -3 -2 -1
v -6.548701 -13.100000 87.534897
v -6.548701 -16.500000 87.534897
v -6.592559 -13.100000 87.475075
f -3 -2 -1
v -6.548701 -16.500000 87.534897
v -6.592559 -16.500000 87.475075
v -6.592559 -13.100000 87.475075
f -3 -2 -1
v -6.592559 -13.100000 87.475075
v -6.592559 -16.500000 87.475075
v -6.633766 -13.100000 87.413406
f -3 -2 -1
v -6.592559 -16.500000 87.475075
v -6.633766 -16.500000 87.413406
v -6.633766 -13.100000 87.413406
f -3 -2 -1
v -6.633766 -13.100000 87.413406
v -6.633766 -16.500000 87.413406
v -6.672243 -13.100000 87.350006
f -3 -2 -1
v -6.633766 -16.500000 87.413406
v -6.672243 -16.500000 87.350006
v -6.672243 -13.100000 87.350006
f -3 -2 -1
v -6.672243 -13.100000 87.350006
v -6.672243 -16.500000 87.350006
v -6.707918 -13.100000 87.284973
f -3 -2 -1
v -6.672243 -16.500000 87.350006
v -6.707918 -16.500000 87.284973
v -6.707918 -13.100000 87.284973
f -3 -2 -1
v -6.707918 -13.100000 87.284973
v -6.707918 -16.500000 87.284973
v -6.740723 -13.100000 87.218445
f -3 -2 -1
v -6.707918 -16.500000 87.284973
v -6.740723 -16.500000 87.218445
v -6.740723 -13.100000 87.218445
f -3 -2 -1
v -6.740723 -13.100000 87.218445
v -6.740723 -16.500000 87.218445
v -6.770595 -13.100000 87.150558
f -3 -2 -1
v -6.740723 -16.500000 87.218445
v -6.770595 -16.500000 87.150558
v -6.770595 -13.100000 87.150558
f -3 -2 -1
v -6.770595 -13.100000 87.150558
v -6.770595 -16.500000 87.150558
v -6.797478 -13.100000 87.081436
f -3 -2 -1
v -6.770595 -16.500000 87.150558
v -6.797478 -16.500000 87.081436
v -6.797478 -13.100000 87.081436
f -3 -2 -1
v -6.797478 -13.100000 87.081436
v -6.797478 -16.500000 87.081436
v -6.821319 -13.100000 87.011200
f -3 -2 -1
v -6.797478 -16.500000 87.081436
v -6.821319 -16.500000 87.011200
v -6.821319 -13.100000 87.011200
f -3 -2 -1
v -6.821319 -13.100000 87.011200
v -6.821319 -16.500000 87.011200
v -6.842074 -13.100000 86.939987
f -3 -2 -1
v -6.821319 -16.500000 87.011200
v -6.842074 -16.500000 86.939987
v -6.842074 -13.100000 86.939987
f -3 -2 -1
v -6.842074 -13.100000 86.939987
v -6.842074 -16.500000 86.939987
v -6.859703 -13.100000 86.867950
f -3 -2 -1
v -6.842074 -16.500000 86.939987
v -6.859703 -16.500000 86.867950
v -6.859703 -13.100000 86.867950
f -3 -2 -1
v -6.859703 -13.100000 86.867950
v -6.859703 -16.500000 86.867950
v -6.874173 -13.100000 86.795204
f -3 -2 -1
v -6.859703 -16.500000 86.867950
v -6.874173 -16.500000 86.795204
v -6.874173 -13.100000 86.795204
f -3 -2 -1
v -6.874173 -13.100000 86.795204
v -6.874173 -16.500000 86.795204
v -6.885457 -13.100000 86.721893
f -3 -2 -1
v -6.874173 -16.500000 86.795204
v -6.885457 -16.500000 86.721893
v -6.885457 -13.100000 86.721893
f -3 -2 -1
v -6.885457 -13.100000 86.721893
v -6.885457 -16.500000 86.721893
v -6.893531 -13.100000 86.648163
f -3 -2 -1
v -6.885457 -16.500000 86.721893
v -6.893531 -16.500000 86.648163
v -6.893531 -13.100000 86.648163
f -3 -2 -1
v -6.893531 -13.100000 86.648163
v -6.893531 -16.500000 86.648163
v -6.898382 -13.100000 86.574150
f -3 -2 -1
v -6.893531 -16.500000 86.648163
v -6.898382 -16.500000 86.574150
v -6.898382 -13.100000 86.574150
f -3 -2 -1
v -6.898382 -13.100000 86.574150
v -6.898382 -16.500000 86.574150
v -6.900000 -13.100000 86.500000
f -3 -2 -1
v -6.898382 -16.500000 86.574150
v -6.900000 -16.500000 86.500000
v -6.900000 -13.100000 86.500000
f -3 -2 -1
v -6.900000 -13.100000 86.500000
v -6.900000 -16.500000 86.500000
v -6.898382 -13.100000 86.425850
f -3 -2 -1
v -6.900000 -16.500000 86.500000
v -6.898382 -16.500000 86.425850
v -6.898382 -13.100000 86.425850
f -3 -2 -1
v -6.898382 -13.100000 86.425850
v -6.898382 -16.500000 86.425850
v -6.893531 -13.100000 86.351837
f -3 -2 -1
v -6.898382 -16.500000 86.425850
v -6.893531 -16.500000 86.351837
v -6.893531 -13.100000 86.351837
f -3 -2 -1
v -6.893531 -13.100000 86.351837
v -6.893531 -16.500000 86.351837
v -6.885457 -13.100000 86.278107
f -3 -2 -1
v -6.893531 -16.500000 86.351837
v -6.885457 -16.500000 86.278107
v -6.885457 -13.100000 86.278107
f -3 -2 -1
v -6.885457 -13.100000 86.278107
v -6.885457 -16.500000 86.278107
v -6.874173 -13.100000 86.204796
f -3 -2 -1
v -6.885457 -16.500000 86.278107
v -6.874173 -16.500000 86.204796
v -6.874173 -13.100000 86.204796
f -3 -2 -1
v -6.874173 -13.100000 86.204796
v -6.874173 -16.500000 86.204796
v -6.859703 -13.100000 86.132050
f -3 -2 -1
v -6.874173 -16.500000 86.204796
v -6.859703 -16.500000 86.132050
v -6.859703 -13.100000 86.132050
f -3 -2 -1
v -6.859703 -13.100000 86.132050
v -6.859703 -16.500000 86.132050
v -6.842074 -13.100000 86.060013
f -3 -2 -1
v -6.859703 -16.500000 86.132050
v -6.842074 -16.500000 86.060013
v -6.842074 -13.100000 86.060013
f -3 -2 -1
v -6.842074 -13.100000 86.060013
v -6.842074 -16.500000 86.060013
v -6.821319 -13.100000 85.988800
f -3 -2 -1
v -6.842074 -16.500000 86.060013
v -6.821319 -16.500000 85.988800
v -6.821319 -13.100000 85.988800
f -3 -2 -1
v -6.821319 -13.100000 85.988800
v -6.821319 -16.500000 85.988800
v -6.797478 -13.100000 85.918571
f -3 -2 -1
v -6.821319 -16.500000 85.988800
v -6.797478 -16.500000 85.918571
v -6.797478 -13.100000 85.918571
f -3 -2 -1
v -6.797478 -13.100000 85.918571
v -6.797478 -16.500000 85.918571
v -6.770595 -13.100000 85.849442
f -3 -2 -1
v -6.797478 -16.500000 85.918571
v -6.770595 -16.500000 85.849442
v -6.770595 -13.100000 85.849442
f -3 -2 -1
v -6.770595 -13.100000 85.849442
v -6.770595 -16.500000 85.849442
v -6.740723 -13.100000 85.781555
f -3 -2 -1
v -6.770595 -16.500000 85.849442
v -6.740723 -16.500000 85.781555
v -6.740723 -13.100000 85.781555
f -3 -2 -1
v -6.740723 -13.100000 85.781555
v -6.740723 -16.500000 85.781555
v -6.707918 -13.100000 85.715027
f -3 -2 -1
v -6.740723 -16.500000 85.781555
v -6.707918 -16.500000 85.715027
v -6.707918 -13.100000 85.715027
f -3 -2 -1
v -6.707918 -13.100000 85.715027
v -6.707918 -16.500000 85.715027
v -6.672243 -13.100000 85.649994
f -3 -2 -1
v -6.707918 -16.500000 85.715027
v -6.672243 -16.500000 85.649994
v -6.672243 -13.100000 85.649994
f -3 -2 -1
v -6.672243 -13.100000 85.649994
v -6.672243 -16.500000 85.649994
v -6.633766 -13.100000 85.586594
f -3 -2 -1
v -6.672243 -16.500000 85.649994
v -6.633766 -16.500000 85.586594
v -6.633766 -13.100000 85.586594
f -3 -2 -1
v -6.633766 -13.100000 85.586594
v -6.633766 -16.500000 85.586594
v -6.592559 -13.100000 85.524918
f -3 -2 -1
v -6.633766 -16.500000 85.586594
v -6.592559 -16.500000 85.524918
v -6.592559 -13.100000 85.524918
f -3 -2 -1
v -6.592559 -13.100000 85.524918
v -6.592559 -16.500000 85.524918
v -6.548701 -13.100000 85.465103
f -3 -2 -1
v -6.592559 -16.500000 85.524918
v -6.548701 -16.500000 85.465103
v -6.548701 -13.100000 85.465103
f -3 -2 -1
v -6.548701 -13.100000 85.465103
v -6.548701 -16.500000 85.465103
v -6.502275 -13.100000 85.407265
f -3 -2 -1
v -6.548701 -16.500000 85.465103
v -6.502275 -16.500000 85.407265
v -6.502275 -13.100000 85.407265
f -3 -2 -1
v -6.502275 -13.100000 85.407265
v -6.502275 -16.500000 85.407265
v -6.453372 -13.100000 85.351494
f -3 -2 -1
v -6.502275 -16.500000 85.407265
v -6.453372 -16.500000 85.351494
v -6.453372 -13.100000 85.351494
f -3 -2 -1
v -6.453372 -13.100000 85.351494
v -6.453372 -16.500000 85.351494
v -6.402081 -13.100000 85.297920
f -3 -2 -1
v -6.453372 -16.500000 85.351494
v -6.402081 -16.500000 85.297920
v -6.402081 -13.100000 85.297920
f -3 -2 -1
v -6.402081 -13.100000 85.297920
v -6.402081 -16.500000 85.297920
v -6.348503 -13.100000 85.246628
f -3 -2 -1
v -6.402081 -16.500000 85.297920
v -6.348503 -16.500000 85.246628
v -6.348503 -13.100000 85.246628
f -3 -2 -1
v -6.348503 -13.100000 85.246628
v -6.348503 -16.500000 85.246628
v -6.292739 -13.100000 85.197723
f -3 -2 -1
v -6.348503 -16.500000 85.246628
v -6.292739 -16.500000 85.197723
v -6.292739 -13.100000 85.197723
f -3 -2 -1
v -6.292739 -13.100000 85.197723
v -6.292739 -16.500000 85.197723
v -6.234894 -13.100000 85.151299
f -3 -2 -1
v -6.292739 -16.500000 85.197723
v -6.234894 -16.500000 85.151299
v -6.234894 -13.100000 85.151299
f -3 -2 -1
v -6.234894 -13.100000 85.151299
v -6.234894 -16.500000 85.151299
v -6.175080 -13.100000 85.107437
f -3 -2 -1
v -6.234894 -16.500000 85.151299
v -6.175080 -16.500000 85.107437
v -6.175080 -13.100000 85.107437
f -3 -2 -1
v -6.175080 -13.100000 85.107437
v -6.175080 -16.500000 85.107437
v -6.113410 -13.100000 85.066238
f -3 -2 -1
v -6.175080 -16.500000 85.107437
v -6.113410 -16.500000 85.066238
v -6.113410 -13.100000 85.066238
f -3 -2 -1
v -6.113410 -13.100000 85.066238
v -6.113410 -16.500000 85.066238
v -6.050000 -13.100000 85.027756
f -3 -2 -1
v -6.113410 -16.500000 85.066238
v -6.050000 -16.500000 85.027756
v -6.050000 -13.100000 85.027756
f -3 -2 -1
v -6.050000 -13.100000 85.027756
v -6.050000 -16.500000 85.027756
v -5.984972 -13.100000 84.992081
f -3 -2 -1
v -6.050000 -16.500000 85.027756
v -5.984972 -16.500000 84.992081
v -5.984972 -13.100000 84.992081
f -3 -2 -1
v -5.984972 -13.100000 84.992081
v -5.984972 -16.500000 84.992081
v -5.918451 -13.100000 84.959274
f -3 -2 -1
v -5.984972 -16.500000 84.992081
v -5.918451 -16.500000 84.959274
v -5.918451 -13.100000 84.959274
f -3 -2 -1
v -5.918451 -13.100000 84.959274
v -5.918451 -16.500000 84.959274
v -5.850562 -13.100000 84.929405
f -3 -2 -1
v -5.918451 -16.500000 84.959274
v -5.850562 -16.500000 84.929405
v -5.850562 -13.100000 84.929405
f -3 -2 -1
v -5.850562 -13.100000 84.929405
v -5.850562 -16.500000 84.929405
v -5.781435 -13.100000 84.902527
f -3 -2 -1
v -5.850562 -16.500000 84.929405
v -5.781435 -16.500000 84.902527
v -5.781435 -13.100000 84.902527
f -3 -2 -1
v -5.781435 -13.100000 84.902527
v -5.781435 -16.500000 84.902527
v -5.711200 -13.100000 84.878685
f -3 -2 -1
v -5.781435 -16.500000 84.902527
v -5.711200 -16.500000 84.878685
v -5.711200 -13.100000 84.878685
f -3 -2 -1
v -5.711200 -13.100000 84.878685
v -5.711200 -16.500000 84.878685
v -5.639992 -13.100000 84.857925
f -3 -2 -1
v -5.711200 -16.500000 84.878685
v -5.639992 -16.500000 84.857925
v -5.639992 -13.100000 84.857925
f -3 -2 -1
v -5.639992 -13.100000 84.857925
v -5.639992 -16.500000 84.857925
v -5.567947 -13.100000 84.840302
f -3 -2 -1
v -5.639992 -16.500000 84.857925
v -5.567947 -16.500000 84.840302
v -5.567947 -13.100000 84.840302
f -3 -2 -1
v -5.567947 -13.100000 84.840302
v -5.567947 -16.500000 84.840302
v -5.495202 -13.100000 84.825829
f -3 -2 -1
v -5.567947 -16.500000 84.840302
v -5.495202 -16.500000 84.825829
v -5.495202 -13.100000 84.825829
f -3 -2 -1
v -5.495202 -13.100000 84.825829
v -5.495202 -16.500000 84.825829
v -5.421895 -13.100000 84.814545
f -3 -2 -1
v -5.495202 -16.500000 84.825829
v -5.421895 -16.500000 84.814545
v -5.421895 -13.100000 84.814545
f -3 -2 -1
v -5.421895 -13.100000 84.814545
v -5.421895 -16.500000 84.814545
v -5.348165 -13.100000 84.806473
f -3 -2 -1
v -5.421895 -16.500000 84.814545
v -5.348165 -16.500000 84.806473
v -5.348165 -13.100000 84.806473
f -3 -2 -1
v -5.348165 -13.100000 84.806473
v -5.348165 -16.500000 84.806473
v -5.274153 -13.100000 84.801620
f -3 -2 -1
v -5.348165 -16.500000 84.806473
v -5.274153 -16.500000 84.801620
v -5.274153 -13.100000 84.801620
f -3 -2 -1
v -5.274153 -13.100000 84.801620
v -5.274153 -16.500000 84.801620
v -5.200000 -13.100000 84.799995
f -3 -2 -1
v -5.274153 -16.500000 84.801620
v -5.200000 -16.500000 84.799995
v -5.200000 -13.100000 84.799995
f -3 -2 -1
v -17.500000 10.700001 66.399269
v -11.500733 10.700001 66.399269
v -17.500000 10.700001 77.699997
f -3 -2 -1
v -11.500733 10.700001 66.399269
v -0.200000 10.700001 77.699997
v -17.500000 10.700001 77.699997
f -3 -2 -1
v -0.200000 10.700001 77.699997
v -0.200000 -10.700001 77.699997
v -17.500000 10.700001 77.699997
f -3 -2 -1
v -0.200000 -10.700001 77.699997
v -17.500000 -10.700001 77.699997
v -17.500000 10.700001 77.699997
f -3 -2 -1
v -36.842075 -13.100000 86.060013
v -36.821320 -13.100000 85.988800
v -40.199997 -13.100000 81.500000
f -3 -2 -1
v -36.453369 -13.100000 87.648506
v -36.502277 -13.100000 87.592735
v -40.199997 -13.100000 123.300003
f -3 -2 -1
v -36.502277 -13.100000 87.592735
v -36.548698 -13.100000 87.534897
v -40.199997 -13.100000 123.300003
f -3 -2 -1
v -40.199997 -13.100000 123.300003
v -36.548698 -13.100000 87.534897
v -36.592560 -13.100000 87.475075
f -3 -2 -1
v -40.199997 -13.100000 123.300003
v -36.707920 -13.100000 87.284973
v -36.740723 -13.100000 87.218445
f -3 -2 -1
v -4.350000 -13.100000 85.027756
v -4.286591 -13.100000 85.066238
v -0.200000 -13.100000 81.500000
f -3 -2 -1
v -6.859703 -13.100000 86.867950
v -6.874173 -13.100000 86.795204
v -33.540298 -13.100000 86.867950
f -3 -2 -1
v -33.578682 -13.100000 87.011200
v -33.602520 -13.100000 87.081436
v -6.842074 -13.100000 86.939987
f -3 -2 -1
v -33.602520 -13.100000 87.081436
v -33.629406 -13.100000 87.150558
v -6.842074 -13.100000 86.939987
f -3 -2 -1
v -6.842074 -13.100000 86.939987
v -33.629406 -13.100000 87.150558
v -33.659275 -13.100000 87.218445
f -3 -2 -1
v -33.659275 -13.100000 87.218445
v -33.692081 -13.100000 87.284973
v -6.842074 -13.100000 86.939987
f -3 -2 -1
v -33.692081 -13.100000 87.284973
v -33.727757 -13.100000 87.350006
v -6.842074 -13.100000 86.939987
f -3 -2 -1
v -6.842074 -13.100000 86.939987
v -33.727757 -13.100000 87.350006
v -33.766235 -13.100000 87.413406
f -3 -2 -1
v -34.415028 -13.100000 88.007919
v -34.481548 -13.100000 88.040726
v -6.842074 -13.100000 86.939987
f -3 -2 -1
v -36.592560 -13.100000 87.475075
v -36.633766 -13.100000 87.413406
v -40.199997 -13.100000 123.300003
f -3 -2 -1
v -36.633766 -13.100000 87.413406
v -36.672241 -13.100000 87.350006
v -40.199997 -13.100000 123.300003
f -3 -2 -1
v -40.199997 -13.100000 123.300003
v -36.672241 -13.100000 87.350006
v -36.707920 -13.100000 87.284973
f -3 -2 -1
v -6.859703 -13.100000 86.867950
v -33.540298 -13.100000 86.867950
v -6.842074 -13.100000 86.939987
f -3 -2 -1
v -33.540298 -13.100000 86.867950
v -33.557926 -13.100000 86.939987
v -6.842074 -13.100000 86.939987
f -3 -2 -1
v -6.842074 -13.100000 86.939987
v -33.557926 -13.100000 86.939987
v -33.578682 -13.100000 87.011200
f -3 -2 -1
v -33.766235 -13.100000 87.413406
v -33.807442 -13.100000 87.475075
v -6.842074 -13.100000 86.939987
f -3 -2 -1
v -33.807442 -13.100000 87.475075
v -33.851299 -13.100000 87.534897
v -6.842074 -13.100000 86.939987
f -3 -2 -1
v -6.842074 -13.100000 86.939987
v -33.851299 -13.100000 87.534897
v -33.897724 -13.100000 87.592735
f -3 -2 -1
v -36.633766 -13.100000 122.413414
v -36.672241 -13.100000 122.349998
v -40.063702 -13.100000 124.335274
f -3 -2 -1
v -40.199997 -13.100000 123.300003
v -36.842075 -13.100000 121.939995
v -36.859703 -13.100000 121.867950
f -3 -2 -1
v -36.234894 -13.100000 87.848701
v -36.292740 -13.100000 87.802277
v -40.199997 -13.100000 123.300003
f -3 -2 -1
v -36.292740 -13.100000 87.802277
v -36.348503 -13.100000 87.753372
v -40.199997 -13.100000 123.300003
f -3 -2 -1
v -36.348503 -13.100000 87.753372
v -36.402081 -13.100000 87.702080
v -40.199997 -13.100000 123.300003
f -3 -2 -1
v -40.199997 -13.100000 123.300003
v -36.402081 -13.100000 87.702080
v -36.453369 -13.100000 87.648506
f -3 -2 -1
v -36.740723 -13.100000 87.218445
v -36.770592 -13.100000 87.150558
v -40.199997 -13.100000 123.300003
f -3 -2 -1
v -36.770592 -13.100000 87.150558
v -36.797478 -13.100000 87.081436
v -40.199997 -13.100000 123.300003
f -3 -2 -1
v -40.199997 -13.100000 123.300003
v -36.797478 -13.100000 87.081436
v -40.199997 -13.100000 81.500000
f -3 -2 -1
v -36.797478 -13.100000 87.081436
v -36.821320 -13.100000 87.011200
v -40.199997 -13.100000 81.500000
f -3 -2 -1
v -40.199997 -13.100000 81.500000
v -36.821320 -13.100000 87.011200
v -36.842075 -13.100000 86.939987
f -3 -2 -1
v -36.842075 -13.100000 86.939987
v -36.859703 -13.100000 86.867950
v -40.199997 -13.100000 81.500000
f -3 -2 -1
v -36.859703 -13.100000 86.867950
v -36.874172 -13.100000 86.795204
v -40.199997 -13.100000 81.500000
f -3 -2 -1
v -40.199997 -13.100000 81.500000
v -36.874172 -13.100000 86.795204
v -36.885456 -13.100000 86.721893
f -3 -2 -1
v -36.885456 -13.100000 86.721893
v -36.893532 -13.100000 86.648163
v -40.199997 -13.100000 81.500000
f -3 -2 -1
v -36.893532 -13.100000 86.648163
v -36.898380 -13.100000 86.574150
v -40.199997 -13.100000 81.500000
f -3 -2 -1
v -40.199997 -13.100000 81.500000
v -36.898380 -13.100000 86.574150
v -36.899998 -13.100000 86.500000
f -3 -2 -1
v -36.821320 -13.100000 85.988800
v -36.797478 -13.100000 85.918571
v -40.199997 -13.100000 81.500000
f -3 -2 -1
v -36.797478 -13.100000 85.918571
v -36.770592 -13.100000 85.849442
v -40.199997 -13.100000 81.500000
f -3 -2 -1
v -40.199997 -13.100000 81.500000
v -36.770592 -13.100000 85.849442
v -36.740723 -13.100000 85.781555
f -3 -2 -1
v -36.707920 -13.100000 120.715027
v -36.672241 -13.100000 120.650002
v -35.200001 -13.100000 88.200005
f -3 -2 -1
v -36.672241 -13.100000 120.650002
v -36.633766 -13.100000 120.586586
v -35.200001 -13.100000 88.200005
f -3 -2 -1
v -35.200001 -13.100000 88.200005
v -36.633766 -13.100000 120.586586
v -36.592560 -13.100000 120.524918
f -3 -2 -1
v -36.113411 -13.100000 120.066231
v -35.200001 -13.100000 88.200005
v -36.175079 -13.100000 120.107445
f -3 -2 -1
v -35.200001 -13.100000 88.200005
v -36.234894 -13.100000 120.151299
v -36.175079 -13.100000 120.107445
f -3 -2 -1
v -34.415028 -13.100000 119.992088
v -34.349998 -13.100000 120.027756
v -23.425013 -13.100000 102.477745
f -3 -2 -1
v -33.727757 -13.100000 120.650002
v -33.692081 -13.100000 120.715027
v -28.656454 -13.100000 118.168617
f -3 -2 -1
v -33.692081 -13.100000 120.715027
v -33.659275 -13.100000 120.781548
v -28.656454 -13.100000 118.168617
f -3 -2 -1
v -33.997921 -13.100000 122.702087
v -30.284990 -13.100000 126.133141
v -33.946629 -13.100000 122.648499
f -3 -2 -1
v -30.284990 -13.100000 126.133141
v -30.164349 -13.100000 126.007553
v -33.946629 -13.100000 122.648499
f -3 -2 -1
v -33.946629 -13.100000 122.648499
v -30.164349 -13.100000 126.007553
v -33.897724 -13.100000 122.592743
f -3 -2 -1
v -34.051498 -13.100000 122.753372
v -30.542091 -13.100000 126.367989
v -33.997921 -13.100000 122.702087
f -3 -2 -1
v -30.542091 -13.100000 126.367989
v -30.410982 -13.100000 126.253365
v -33.997921 -13.100000 122.702087
f -3 -2 -1
v -33.997921 -13.100000 122.702087
v -30.410982 -13.100000 126.253365
v -30.284990 -13.100000 126.133141
f -3 -2 -1
v -6.874173 -13.100000 86.795204
v -6.885457 -13.100000 86.721893
v -33.540298 -13.100000 86.867950
f -3 -2 -1
v -6.885457 -13.100000 86.721893
v -6.893531 -13.100000 86.648163
v -33.540298 -13.100000 86.867950
f -3 -2 -1
v -33.540298 -13.100000 86.867950
v -6.893531 -13.100000 86.648163
v -33.525829 -13.100000 86.795204
f -3 -2 -1
v -6.893531 -13.100000 86.648163
v -33.514545 -13.100000 86.721893
v -33.525829 -13.100000 86.795204
f -3 -2 -1
v -35.200001 -13.100000 123.199997
v -35.274151 -13.100000 123.198380
v -36.200001 -13.100000 127.299995
f -3 -2 -1
v -35.274151 -13.100000 123.198380
v -35.348167 -13.100000 123.193535
v -36.200001 -13.100000 127.299995
f -3 -2 -1
v -36.113411 -13.100000 122.933769
v -38.349201 -13.100000 126.673561
v -36.049999 -13.100000 122.972244
f -3 -2 -1
v -38.349201 -13.100000 126.673561
v -38.199997 -13.100000 126.764107
v -36.049999 -13.100000 122.972244
f -3 -2 -1
v -36.049999 -13.100000 122.972244
v -38.199997 -13.100000 126.764107
v -35.984974 -13.100000 123.007919
f -3 -2 -1
v -36.234894 -13.100000 122.848694
v -38.771149 -13.100000 126.364174
v -36.175079 -13.100000 122.892555
f -3 -2 -1
v -38.771149 -13.100000 126.364174
v -38.635044 -13.100000 126.473412
v -36.175079 -13.100000 122.892555
f -3 -2 -1
v -36.175079 -13.100000 122.892555
v -38.635044 -13.100000 126.473412
v -36.113411 -13.100000 122.933769
f -3 -2 -1
v -38.635044 -13.100000 126.473412
v -38.494308 -13.100000 126.576599
v -36.113411 -13.100000 122.933769
f -3 -2 -1
v -36.113411 -13.100000 122.933769
v -38.494308 -13.100000 126.576599
v -38.349201 -13.100000 126.673561
f -3 -2 -1
v -36.548698 -13.100000 122.534897
v -39.748043 -13.100000 125.147003
v -36.502277 -13.100000 122.592743
f -3 -2 -1
v -39.748043 -13.100000 125.147003
v -39.664101 -13.100000 125.300003
v -36.502277 -13.100000 122.592743
f -3 -2 -1
v -36.502277 -13.100000 122.592743
v -39.664101 -13.100000 125.300003
v -36.453369 -13.100000 122.648499
f -3 -2 -1
v -40.063702 -13.100000 124.335274
v -36.672241 -13.100000 122.349998
v -40.105183 -13.100000 124.165756
f -3 -2 -1
v -36.672241 -13.100000 122.349998
v -36.707920 -13.100000 122.284973
v -40.105183 -13.100000 124.165756
f -3 -2 -1
v -40.105183 -13.100000 124.165756
v -36.707920 -13.100000 122.284973
v -40.139233 -13.100000 123.994598
f -3 -2 -1
v -36.899998 -13.100000 86.500000
v -36.898380 -13.100000 86.425850
v -40.199997 -13.100000 81.500000
f -3 -2 -1
v -36.898380 -13.100000 86.425850
v -36.893532 -13.100000 86.351837
v -40.199997 -13.100000 81.500000
f -3 -2 -1
v -40.199997 -13.100000 81.500000
v -36.893532 -13.100000 86.351837
v -36.885456 -13.100000 86.278107
f -3 -2 -1
v -36.885456 -13.100000 86.278107
v -36.874172 -13.100000 86.204796
v -40.199997 -13.100000 81.500000
f -3 -2 -1
v -36.874172 -13.100000 86.204796
v -36.859703 -13.100000 86.132050
v -40.199997 -13.100000 81.500000
f -3 -2 -1
v -40.199997 -13.100000 81.500000
v -36.859703 -13.100000 86.132050
v -36.842075 -13.100000 86.060013
f -3 -2 -1
v -36.740723 -13.100000 85.781555
v -36.707920 -13.100000 85.715027
v -40.199997 -13.100000 81.500000
f -3 -2 -1
v -36.707920 -13.100000 85.715027
v -36.672241 -13.100000 85.649994
v -40.199997 -13.100000 81.500000
f -3 -2 -1
v -40.199997 -13.100000 81.500000
v -36.672241 -13.100000 85.649994
v -36.633766 -13.100000 85.586594
f -3 -2 -1
v -3.946628 -13.100000 85.351494
v -3.897724 -13.100000 85.407265
v -0.200000 -13.100000 81.500000
f -3 -2 -1
v -3.897724 -13.100000 85.407265
v -3.851300 -13.100000 85.465103
v -0.200000 -13.100000 81.500000
f -3 -2 -1
v -0.200000 -13.100000 87.666809
v -3.525827 -13.100000 86.204796
v -3.514544 -13.100000 86.278107
f -3 -2 -1
v -4.978106 -13.100000 88.185463
v -5.051836 -13.100000 88.193527
v -4.272697 -13.100000 91.690125
f -3 -2 -1
v -5.051836 -13.100000 88.193527
v -5.125847 -13.100000 88.198380
v -4.272697 -13.100000 91.690125
f -3 -2 -1
v -4.272697 -13.100000 91.690125
v -5.125847 -13.100000 88.198380
v -5.707335 -13.100000 91.857635
f -3 -2 -1
v -36.885456 -13.100000 121.278107
v -36.874172 -13.100000 121.204803
v -35.200001 -13.100000 88.200005
f -3 -2 -1
v -36.874172 -13.100000 121.204803
v -36.859703 -13.100000 121.132057
v -35.200001 -13.100000 88.200005
f -3 -2 -1
v -36.453369 -13.100000 120.351494
v -36.402081 -13.100000 120.297913
v -35.200001 -13.100000 88.200005
f -3 -2 -1
v -6.842074 -13.100000 86.939987
v -35.125847 -13.100000 88.198380
v -6.821319 -13.100000 87.011200
f -3 -2 -1
v -35.125847 -13.100000 88.198380
v -6.797478 -13.100000 87.081436
v -6.821319 -13.100000 87.011200
f -3 -2 -1
v -33.557926 -13.100000 121.060005
v -33.540298 -13.100000 121.132057
v -28.915855 -13.100000 120.563438
f -3 -2 -1
v -33.540298 -13.100000 121.132057
v -33.525829 -13.100000 121.204803
v -28.915855 -13.100000 120.563438
f -3 -2 -1
v -33.525829 -13.100000 121.795197
v -33.540298 -13.100000 121.867950
v -29.113083 -13.100000 123.487457
f -3 -2 -1
v -34.107262 -13.100000 122.802269
v -30.818642 -13.100000 126.579582
v -34.051498 -13.100000 122.753372
f -3 -2 -1
v -30.818642 -13.100000 126.579582
v -30.678062 -13.100000 126.476791
v -34.051498 -13.100000 122.753372
f -3 -2 -1
v -34.051498 -13.100000 122.753372
v -30.678062 -13.100000 126.476791
v -30.542091 -13.100000 126.367989
f -3 -2 -1
v -34.224918 -13.100000 122.892555
v -31.265314 -13.100000 126.849937
v -34.165108 -13.100000 122.848694
f -3 -2 -1
v -31.265314 -13.100000 126.849937
v -31.112547 -13.100000 126.766327
v -34.165108 -13.100000 122.848694
f -3 -2 -1
v -34.165108 -13.100000 122.848694
v -31.112547 -13.100000 126.766327
v -34.107262 -13.100000 122.802269
f -3 -2 -1
v -31.112547 -13.100000 126.766327
v -30.963560 -13.100000 126.676155
v -34.107262 -13.100000 122.802269
f -3 -2 -1
v -34.107262 -13.100000 122.802269
v -30.963560 -13.100000 126.676155
v -30.818642 -13.100000 126.579582
f -3 -2 -1
v -32.587688 -13.100000 127.265930
v -32.415558 -13.100000 127.239494
v -34.481548 -13.100000 123.040718
f -3 -2 -1
v -32.415558 -13.100000 127.239494
v -34.415028 -13.100000 123.007919
v -34.481548 -13.100000 123.040718
f -3 -2 -1
v -34.481548 -13.100000 88.040726
v -34.549438 -13.100000 88.070595
v -6.842074 -13.100000 86.939987
f -3 -2 -1
v -34.549438 -13.100000 88.070595
v -34.618565 -13.100000 88.097473
v -6.842074 -13.100000 86.939987
f -3 -2 -1
v -6.842074 -13.100000 86.939987
v -34.618565 -13.100000 88.097473
v -34.688801 -13.100000 88.121315
f -3 -2 -1
v -38.199997 -13.100000 126.764107
v -38.046993 -13.100000 126.848045
v -35.984974 -13.100000 123.007919
f -3 -2 -1
v -38.046993 -13.100000 126.848045
v -37.890472 -13.100000 126.925232
v -35.984974 -13.100000 123.007919
f -3 -2 -1
v -35.984974 -13.100000 123.007919
v -37.890472 -13.100000 126.925232
v -35.918453 -13.100000 123.040718
f -3 -2 -1
v -37.890472 -13.100000 126.925232
v -37.730736 -13.100000 126.995522
v -35.918453 -13.100000 123.040718
f -3 -2 -1
v -35.918453 -13.100000 123.040718
v -37.730736 -13.100000 126.995522
v -35.850563 -13.100000 123.070595
f -3 -2 -1
v -40.063702 -13.100000 124.335274
v -40.014866 -13.100000 124.502823
v -36.633766 -13.100000 122.413414
f -3 -2 -1
v -40.014866 -13.100000 124.502823
v -39.958771 -13.100000 124.668083
v -36.633766 -13.100000 122.413414
f -3 -2 -1
v -36.633766 -13.100000 122.413414
v -39.958771 -13.100000 124.668083
v -36.592560 -13.100000 122.475082
f -3 -2 -1
v -39.958771 -13.100000 124.668083
v -39.895519 -13.100000 124.830727
v -36.592560 -13.100000 122.475082
f -3 -2 -1
v -36.592560 -13.100000 122.475082
v -39.895519 -13.100000 124.830727
v -36.548698 -13.100000 122.534897
f -3 -2 -1
v -39.895519 -13.100000 124.830727
v -39.825230 -13.100000 124.990471
v -36.548698 -13.100000 122.534897
f -3 -2 -1
v -36.548698 -13.100000 122.534897
v -39.825230 -13.100000 124.990471
v -39.748043 -13.100000 125.147003
f -3 -2 -1
v -36.859703 -13.100000 121.867950
v -36.874172 -13.100000 121.795197
v -40.199997 -13.100000 123.300003
f -3 -2 -1
v -36.874172 -13.100000 121.795197
v -36.885456 -13.100000 121.721893
v -40.199997 -13.100000 123.300003
f -3 -2 -1
v -40.199997 -13.100000 123.300003
v -36.885456 -13.100000 121.721893
v -36.893532 -13.100000 121.648163
f -3 -2 -1
v -35.348167 -13.100000 88.193527
v -35.421894 -13.100000 88.185463
v -40.199997 -13.100000 123.300003
f -3 -2 -1
v -35.421894 -13.100000 88.185463
v -35.495201 -13.100000 88.174171
v -40.199997 -13.100000 123.300003
f -3 -2 -1
v -40.199997 -13.100000 123.300003
v -35.495201 -13.100000 88.174171
v -35.567947 -13.100000 88.159706
f -3 -2 -1
v -40.199997 -13.100000 123.300003
v -35.781437 -13.100000 88.097473
v -35.850563 -13.100000 88.070595
f -3 -2 -1
v -36.049999 -13.100000 87.972244
v -36.113411 -13.100000 87.933762
v -40.199997 -13.100000 123.300003
f -3 -2 -1
v -36.113411 -13.100000 87.933762
v -36.175079 -13.100000 87.892563
v -40.199997 -13.100000 123.300003
f -3 -2 -1
v -40.199997 -13.100000 123.300003
v -36.175079 -13.100000 87.892563
v -36.234894 -13.100000 87.848701
f -3 -2 -1
v -36.633766 -13.100000 85.586594
v -36.592560 -13.100000 85.524918
v -40.199997 -13.100000 81.500000
f -3 -2 -1
v -36.592560 -13.100000 85.524918
v -36.548698 -13.100000 85.465103
v -40.199997 -13.100000 81.500000
f -3 -2 -1
v -40.199997 -13.100000 81.500000
v -36.548698 -13.100000 85.465103
v -36.502277 -13.100000 85.407265
f -3 -2 -1
v -6.842074 -13.100000 86.060013
v -6.821319 -13.100000 85.988800
v -33.540298 -13.100000 86.132050
f -3 -2 -1
v -6.402081 -13.100000 85.297920
v -6.348503 -13.100000 85.246628
v -33.540298 -13.100000 86.132050
f -3 -2 -1
v -4.286591 -13.100000 85.066238
v -4.224920 -13.100000 85.107437
v -0.200000 -13.100000 81.500000
f -3 -2 -1
v -4.224920 -13.100000 85.107437
v -4.165105 -13.100000 85.151299
v -0.200000 -13.100000 81.500000
f -3 -2 -1
v -0.200000 -13.100000 81.500000
v -4.165105 -13.100000 85.151299
v -4.107261 -13.100000 85.197723
f -3 -2 -1
v -3.851300 -13.100000 85.465103
v -3.807441 -13.100000 85.524918
v -0.200000 -13.100000 81.500000
f -3 -2 -1
v -3.807441 -13.100000 85.524918
v -3.766234 -13.100000 85.586594
v -0.200000 -13.100000 81.500000
f -3 -2 -1
v -0.200000 -13.100000 81.500000
v -3.766234 -13.100000 85.586594
v -3.727757 -13.100000 85.649994
f -3 -2 -1
v -3.727757 -13.100000 85.649994
v -3.692082 -13.100000 85.715027
v -0.200000 -13.100000 81.500000
f -3 -2 -1
v -3.692082 -13.100000 85.715027
v -3.659277 -13.100000 85.781555
v -0.200000 -13.100000 81.500000
f -3 -2 -1
v -0.200000 -13.100000 81.500000
v -3.659277 -13.100000 85.781555
v -3.629405 -13.100000 85.849442
f -3 -2 -1
v -0.200000 -13.100000 81.500000
v -3.557926 -13.100000 86.060013
v -0.200000 -13.100000 87.666809
f -3 -2 -1
v -3.557926 -13.100000 86.060013
v -3.540297 -13.100000 86.132050
v -0.200000 -13.100000 87.666809
f -3 -2 -1
v -0.200000 -13.100000 87.666809
v -3.540297 -13.100000 86.132050
v -3.525827 -13.100000 86.204796
f -3 -2 -1
v -3.514544 -13.100000 86.278107
v -3.506469 -13.100000 86.351837
v -0.200000 -13.100000 87.666809
f -3 -2 -1
v -3.506469 -13.100000 86.351837
v -3.501618 -13.100000 86.425850
v -0.200000 -13.100000 87.666809
f -3 -2 -1
v -0.200000 -13.100000 87.666809
v -3.501618 -13.100000 86.425850
v -3.500000 -13.100000 86.500000
f -3 -2 -1
v -3.851300 -13.100000 87.534897
v -0.793145 -13.100000 89.762840
v -3.807441 -13.100000 87.475075
f -3 -2 -1
v -0.793145 -13.100000 89.762840
v -0.707310 -13.100000 89.616447
v -3.807441 -13.100000 87.475075
f -3 -2 -1
v -3.807441 -13.100000 87.475075
v -0.707310 -13.100000 89.616447
v -3.766234 -13.100000 87.413406
f -3 -2 -1
v -36.859703 -13.100000 121.132057
v -36.842075 -13.100000 121.060005
v -35.200001 -13.100000 88.200005
f -3 -2 -1
v -36.842075 -13.100000 121.060005
v -36.821320 -13.100000 120.988800
v -35.200001 -13.100000 88.200005
f -3 -2 -1
v -35.200001 -13.100000 88.200005
v -36.821320 -13.100000 120.988800
v -36.797478 -13.100000 120.918564
f -3 -2 -1
v -10.546812 -13.100000 92.903419
v -9.450293 -13.100000 92.593346
v -6.175080 -13.100000 87.892563
f -3 -2 -1
v -6.175080 -13.100000 87.892563
v -6.234894 -13.100000 87.848701
v -10.546812 -13.100000 92.903419
f -3 -2 -1
v -6.234894 -13.100000 87.848701
v -6.292739 -13.100000 87.802277
v -10.546812 -13.100000 92.903419
f -3 -2 -1
v -10.546812 -13.100000 92.903419
v -6.292739 -13.100000 87.802277
v -11.582022 -13.100000 93.241653
f -3 -2 -1
v -6.292739 -13.100000 87.802277
v -6.348503 -13.100000 87.753372
v -11.582022 -13.100000 93.241653
f -3 -2 -1
v -11.582022 -13.100000 93.241653
v -6.348503 -13.100000 87.753372
v -12.562781 -13.100000 93.606514
f -3 -2 -1
v -6.348503 -13.100000 87.753372
v -6.402081 -13.100000 87.702080
v -12.562781 -13.100000 93.606514
f -3 -2 -1
v -12.562781 -13.100000 93.606514
v -6.402081 -13.100000 87.702080
v -13.495071 -13.100000 93.997002
f -3 -2 -1
v -16.050406 -13.100000 95.319275
v -15.234551 -13.100000 94.853249
v -6.502275 -13.100000 87.592735
f -3 -2 -1
v -36.402081 -13.100000 120.297913
v -36.348503 -13.100000 120.246628
v -35.200001 -13.100000 88.200005
f -3 -2 -1
v -36.348503 -13.100000 120.246628
v -36.292740 -13.100000 120.197723
v -35.200001 -13.100000 88.200005
f -3 -2 -1
v -35.200001 -13.100000 88.200005
v -36.292740 -13.100000 120.197723
v -36.234894 -13.100000 120.151299
f -3 -2 -1
v -33.525829 -13.100000 121.204803
v -33.514545 -13.100000 121.278107
v -28.915855 -13.100000 120.563438
f -3 -2 -1
v -33.514545 -13.100000 121.278107
v -33.506470 -13.100000 121.351837
v -28.915855 -13.100000 120.563438
f -3 -2 -1
v -28.915855 -13.100000 120.563438
v -33.506470 -13.100000 121.351837
v -33.501617 -13.100000 121.425842
f -3 -2 -1
v -33.525829 -13.100000 121.795197
v -29.113083 -13.100000 123.487457
v -33.514545 -13.100000 121.721893
f -3 -2 -1
v -34.286591 -13.100000 122.933769
v -31.581041 -13.100000 126.996803
v -34.224918 -13.100000 122.892555
f -3 -2 -1
v -31.581041 -13.100000 126.996803
v -31.421579 -13.100000 126.926796
v -34.224918 -13.100000 122.892555
f -3 -2 -1
v -34.224918 -13.100000 122.892555
v -31.421579 -13.100000 126.926796
v -31.265314 -13.100000 126.849937
f -3 -2 -1
v -32.415558 -13.100000 127.239494
v -32.244743 -13.100000 127.205582
v -34.415028 -13.100000 123.007919
f -3 -2 -1
v -32.244743 -13.100000 127.205582
v -32.075562 -13.100000 127.164276
v -34.415028 -13.100000 123.007919
f -3 -2 -1
v -34.415028 -13.100000 123.007919
v -32.075562 -13.100000 127.164276
v -34.349998 -13.100000 122.972244
f -3 -2 -1
v -32.075562 -13.100000 127.164276
v -31.908344 -13.100000 127.115654
v -34.349998 -13.100000 122.972244
f -3 -2 -1
v -34.349998 -13.100000 122.972244
v -31.908344 -13.100000 127.115654
v -34.286591 -13.100000 122.933769
f -3 -2 -1
v -31.908344 -13.100000 127.115654
v -31.743401 -13.100000 127.059784
v -34.286591 -13.100000 122.933769
f -3 -2 -1
v -34.286591 -13.100000 122.933769
v -31.743401 -13.100000 127.059784
v -31.581041 -13.100000 126.996803
f -3 -2 -1
v -34.832054 -13.100000 123.159706
v -34.904797 -13.100000 123.174179
v -33.108688 -13.100000 127.299995
f -3 -2 -1
v -33.500000 -13.100000 86.500000
v -33.501617 -13.100000 86.574150
v -6.893531 -13.100000 86.648163
f -3 -2 -1
v -33.501617 -13.100000 86.574150
v -33.506470 -13.100000 86.648163
v -6.893531 -13.100000 86.648163
f -3 -2 -1
v -6.893531 -13.100000 86.648163
v -33.506470 -13.100000 86.648163
v -33.514545 -13.100000 86.721893
f -3 -2 -1
v -33.897724 -13.100000 87.592735
v -33.946629 -13.100000 87.648506
v -6.842074 -13.100000 86.939987
f -3 -2 -1
v -33.946629 -13.100000 87.648506
v -33.997921 -13.100000 87.702080
v -6.842074 -13.100000 86.939987
f -3 -2 -1
v -6.842074 -13.100000 86.939987
v -33.997921 -13.100000 87.702080
v -34.051498 -13.100000 87.753372
f -3 -2 -1
v -34.224918 -13.100000 87.892563
v -34.286591 -13.100000 87.933762
v -6.842074 -13.100000 86.939987
f -3 -2 -1
v -34.286591 -13.100000 87.933762
v -34.349998 -13.100000 87.972244
v -6.842074 -13.100000 86.939987
f -3 -2 -1
v -6.842074 -13.100000 86.939987
v -34.349998 -13.100000 87.972244
v -34.415028 -13.100000 88.007919
f -3 -2 -1
v -34.904797 -13.100000 88.174171
v -34.978107 -13.100000 88.185463
v -6.842074 -13.100000 86.939987
f -3 -2 -1
v -34.978107 -13.100000 88.185463
v -35.051834 -13.100000 88.193527
v -6.842074 -13.100000 86.939987
f -3 -2 -1
v -6.842074 -13.100000 86.939987
v -35.051834 -13.100000 88.193527
v -35.125847 -13.100000 88.198380
f -3 -2 -1
v -35.711201 -13.100000 123.121323
v -36.894592 -13.100000 127.239227
v -35.639996 -13.100000 123.142075
f -3 -2 -1
v -36.894592 -13.100000 127.239227
v -36.722103 -13.100000 127.265778
v -35.639996 -13.100000 123.142075
f -3 -2 -1
v -35.639996 -13.100000 123.142075
v -36.722103 -13.100000 127.265778
v -35.567947 -13.100000 123.159706
f -3 -2 -1
v -37.730736 -13.100000 126.995522
v -37.568081 -13.100000 127.058777
v -35.850563 -13.100000 123.070595
f -3 -2 -1
v -37.568081 -13.100000 127.058777
v -37.402824 -13.100000 127.114861
v -35.850563 -13.100000 123.070595
f -3 -2 -1
v -35.850563 -13.100000 123.070595
v -37.402824 -13.100000 127.114861
v -35.781437 -13.100000 123.097481
f -3 -2 -1
v -37.402824 -13.100000 127.114861
v -37.235275 -13.100000 127.163712
v -35.781437 -13.100000 123.097481
f -3 -2 -1
v -35.781437 -13.100000 123.097481
v -37.235275 -13.100000 127.163712
v -35.711201 -13.100000 123.121323
f -3 -2 -1
v -37.235275 -13.100000 127.163712
v -37.065758 -13.100000 127.205177
v -35.711201 -13.100000 123.121323
f -3 -2 -1
v -35.711201 -13.100000 123.121323
v -37.065758 -13.100000 127.205177
v -36.894592 -13.100000 127.239227
f -3 -2 -1
v -36.348503 -13.100000 122.753372
v -39.149109 -13.100000 126.002357
v -36.292740 -13.100000 122.802269
f -3 -2 -1
v -39.149109 -13.100000 126.002357
v -39.028427 -13.100000 126.128418
v -36.292740 -13.100000 122.802269
f -3 -2 -1
v -36.292740 -13.100000 122.802269
v -39.028427 -13.100000 126.128418
v -36.234894 -13.100000 122.848694
f -3 -2 -1
v -39.028427 -13.100000 126.128418
v -38.902363 -13.100000 126.249107
v -36.234894 -13.100000 122.848694
f -3 -2 -1
v -36.234894 -13.100000 122.848694
v -38.902363 -13.100000 126.249107
v -38.771149 -13.100000 126.364174
f -3 -2 -1
v -39.664101 -13.100000 125.300003
v -39.573566 -13.100000 125.449196
v -36.453369 -13.100000 122.648499
f -3 -2 -1
v -39.573566 -13.100000 125.449196
v -39.476608 -13.100000 125.594299
v -36.453369 -13.100000 122.648499
f -3 -2 -1
v -36.453369 -13.100000 122.648499
v -39.476608 -13.100000 125.594299
v -36.402081 -13.100000 122.702087
f -3 -2 -1
v -39.476608 -13.100000 125.594299
v -39.373413 -13.100000 125.735046
v -36.402081 -13.100000 122.702087
f -3 -2 -1
v -36.402081 -13.100000 122.702087
v -39.373413 -13.100000 125.735046
v -36.348503 -13.100000 122.753372
f -3 -2 -1
v -39.373413 -13.100000 125.735046
v -39.264175 -13.100000 125.871155
v -36.348503 -13.100000 122.753372
f -3 -2 -1
v -36.348503 -13.100000 122.753372
v -39.264175 -13.100000 125.871155
v -39.149109 -13.100000 126.002357
f -3 -2 -1
v -40.139233 -13.100000 123.994598
v -36.707920 -13.100000 122.284973
v -40.165779 -13.100000 123.822105
f -3 -2 -1
v -36.707920 -13.100000 122.284973
v -36.740723 -13.100000 122.218452
v -40.165779 -13.100000 123.822105
f -3 -2 -1
v -40.165779 -13.100000 123.822105
v -36.740723 -13.100000 122.218452
v -40.184776 -13.100000 123.648621
f -3 -2 -1
v -36.740723 -13.100000 122.218452
v -36.770592 -13.100000 122.150566
v -40.184776 -13.100000 123.648621
f -3 -2 -1
v -40.184776 -13.100000 123.648621
v -36.770592 -13.100000 122.150566
v -40.196190 -13.100000 123.474480
f -3 -2 -1
v -36.770592 -13.100000 122.150566
v -36.797478 -13.100000 122.081436
v -40.196190 -13.100000 123.474480
f -3 -2 -1
v -40.196190 -13.100000 123.474480
v -36.797478 -13.100000 122.081436
v -40.199997 -13.100000 123.300003
f -3 -2 -1
v -36.797478 -13.100000 122.081436
v -36.821320 -13.100000 122.011200
v -40.199997 -13.100000 123.300003
f -3 -2 -1
v -40.199997 -13.100000 123.300003
v -36.821320 -13.100000 122.011200
v -36.842075 -13.100000 121.939995
f -3 -2 -1
v -35.567947 -13.100000 88.159706
v -35.639996 -13.100000 88.142075
v -40.199997 -13.100000 123.300003
f -3 -2 -1
v -35.639996 -13.100000 88.142075
v -35.711201 -13.100000 88.121315
v -40.199997 -13.100000 123.300003
f -3 -2 -1
v -40.199997 -13.100000 123.300003
v -35.711201 -13.100000 88.121315
v -35.781437 -13.100000 88.097473
f -3 -2 -1
v -35.850563 -13.100000 88.070595
v -35.918453 -13.100000 88.040726
v -40.199997 -13.100000 123.300003
f -3 -2 -1
v -35.918453 -13.100000 88.040726
v -35.984974 -13.100000 88.007919
v -40.199997 -13.100000 123.300003
f -3 -2 -1
v -40.199997 -13.100000 123.300003
v -35.984974 -13.100000 88.007919
v -36.049999 -13.100000 87.972244
f -3 -2 -1
v -6.740723 -13.100000 85.781555
v -6.707918 -13.100000 85.715027
v -33.540298 -13.100000 86.132050
f -3 -2 -1
v -6.234894 -13.100000 85.151299
v -6.175080 -13.100000 85.107437
v -40.199997 -13.100000 81.500000
f -3 -2 -1
v -6.175080 -13.100000 85.107437
v -6.113410 -13.100000 85.066238
v -40.199997 -13.100000 81.500000
f -3 -2 -1
v -40.199997 -13.100000 81.500000
v -6.113410 -13.100000 85.066238
v -6.050000 -13.100000 85.027756
f -3 -2 -1
v -0.200000 -13.100000 81.500000
v -5.274153 -13.100000 84.801620
v -5.200000 -13.100000 84.799995
f -3 -2 -1
v -4.760008 -13.100000 84.857925
v -4.688800 -13.100000 84.878685
v -0.200000 -13.100000 81.500000
f -3 -2 -1
v -4.688800 -13.100000 84.878685
v -4.618566 -13.100000 84.902527
v -0.200000 -13.100000 81.500000
f -3 -2 -1
v -0.200000 -13.100000 81.500000
v -4.618566 -13.100000 84.902527
v -4.549438 -13.100000 84.929405
f -3 -2 -1
v -3.629405 -13.100000 85.849442
v -3.602523 -13.100000 85.918571
v -0.200000 -13.100000 81.500000
f -3 -2 -1
v -3.602523 -13.100000 85.918571
v -3.578681 -13.100000 85.988800
v -0.200000 -13.100000 81.500000
f -3 -2 -1
v -0.200000 -13.100000 81.500000
v -3.578681 -13.100000 85.988800
v -3.557926 -13.100000 86.060013
f -3 -2 -1
v -3.500000 -13.100000 86.500000
v -3.501618 -13.100000 86.574150
v -0.200000 -13.100000 87.666809
f -3 -2 -1
v -3.501618 -13.100000 86.574150
v -3.506469 -13.100000 86.648163
v -0.200000 -13.100000 87.666809
f -3 -2 -1
v -0.200000 -13.100000 87.666809
v -3.506469 -13.100000 86.648163
v -3.514544 -13.100000 86.721893
f -3 -2 -1
v -3.997919 -13.100000 87.702080
v -1.196094 -13.100000 90.308121
v -3.946628 -13.100000 87.648506
f -3 -2 -1
v -1.196094 -13.100000 90.308121
v -1.086768 -13.100000 90.178337
v -3.946628 -13.100000 87.648506
f -3 -2 -1
v -3.946628 -13.100000 87.648506
v -1.086768 -13.100000 90.178337
v -3.897724 -13.100000 87.592735
f -3 -2 -1
v -1.086768 -13.100000 90.178337
v -0.983045 -13.100000 90.044029
v -3.897724 -13.100000 87.592735
f -3 -2 -1
v -3.897724 -13.100000 87.592735
v -0.983045 -13.100000 90.044029
v -3.851300 -13.100000 87.534897
f -3 -2 -1
v -0.983045 -13.100000 90.044029
v -0.885112 -13.100000 89.905449
v -3.851300 -13.100000 87.534897
f -3 -2 -1
v -3.851300 -13.100000 87.534897
v -0.885112 -13.100000 89.905449
v -0.793145 -13.100000 89.762840
f -3 -2 -1
v -4.224920 -13.100000 87.892563
v -1.958036 -13.100000 90.979446
v -4.165105 -13.100000 87.848701
f -3 -2 -1
v -1.958036 -13.100000 90.979446
v -1.819551 -13.100000 90.881378
v -4.165105 -13.100000 87.848701
f -3 -2 -1
v -4.165105 -13.100000 87.848701
v -1.819551 -13.100000 90.881378
v -4.107261 -13.100000 87.802277
f -3 -2 -1
v -4.415027 -13.100000 88.007919
v -2.549729 -13.100000 91.310516
v -4.350000 -13.100000 87.972244
f -3 -2 -1
v -2.549729 -13.100000 91.310516
v -2.396670 -13.100000 91.237236
v -4.350000 -13.100000 87.972244
f -3 -2 -1
v -4.350000 -13.100000 87.972244
v -2.396670 -13.100000 91.237236
v -4.286591 -13.100000 87.933762
f -3 -2 -1
v -2.396670 -13.100000 91.237236
v -2.246855 -13.100000 91.157539
v -4.286591 -13.100000 87.933762
f -3 -2 -1
v -4.286591 -13.100000 87.933762
v -2.246855 -13.100000 91.157539
v -4.224920 -13.100000 87.892563
f -3 -2 -1
v -2.246855 -13.100000 91.157539
v -2.100557 -13.100000 91.071564
v -4.224920 -13.100000 87.892563
f -3 -2 -1
v -4.224920 -13.100000 87.892563
v -2.100557 -13.100000 91.071564
v -1.958036 -13.100000 90.979446
f -3 -2 -1
v -4.549438 -13.100000 88.070595
v -4.618566 -13.100000 88.097473
v -3.353893 -13.100000 91.576294
f -3 -2 -1
v -36.797478 -13.100000 120.918564
v -36.770592 -13.100000 120.849442
v -35.200001 -13.100000 88.200005
f -3 -2 -1
v -36.770592 -13.100000 120.849442
v -36.740723 -13.100000 120.781548
v -35.200001 -13.100000 88.200005
f -3 -2 -1
v -35.200001 -13.100000 88.200005
v -36.740723 -13.100000 120.781548
v -36.707920 -13.100000 120.715027
f -3 -2 -1
v -5.125847 -13.100000 88.198380
v -5.200000 -13.100000 88.200005
v -5.707335 -13.100000 91.857635
f -3 -2 -1
v -5.200000 -13.100000 88.200005
v -5.274153 -13.100000 88.198380
v -5.707335 -13.100000 91.857635
f -3 -2 -1
v -5.707335 -13.100000 91.857635
v -5.274153 -13.100000 88.198380
v -5.348165 -13.100000 88.193527
f -3 -2 -1
v -5.639992 -13.100000 88.142075
v -5.711200 -13.100000 88.121315
v -7.040462 -13.100000 92.067093
f -3 -2 -1
v -5.918451 -13.100000 88.040726
v -8.284560 -13.100000 92.313599
v -5.850562 -13.100000 88.070595
f -3 -2 -1
v -8.284560 -13.100000 92.313599
v -7.040462 -13.100000 92.067093
v -5.850562 -13.100000 88.070595
f -3 -2 -1
v -5.850562 -13.100000 88.070595
v -7.040462 -13.100000 92.067093
v -5.781435 -13.100000 88.097473
f -3 -2 -1
v -7.040462 -13.100000 92.067093
v -5.711200 -13.100000 88.121315
v -5.781435 -13.100000 88.097473
f -3 -2 -1
v -5.918451 -13.100000 88.040726
v -5.984972 -13.100000 88.007919
v -8.284560 -13.100000 92.313599
f -3 -2 -1
v -5.984972 -13.100000 88.007919
v -6.050000 -13.100000 87.972244
v -8.284560 -13.100000 92.313599
f -3 -2 -1
v -8.284560 -13.100000 92.313599
v -6.050000 -13.100000 87.972244
v -9.450293 -13.100000 92.593346
f -3 -2 -1
v -6.050000 -13.100000 87.972244
v -6.113410 -13.100000 87.933762
v -9.450293 -13.100000 92.593346
f -3 -2 -1
v -9.450293 -13.100000 92.593346
v -6.113410 -13.100000 87.933762
v -6.175080 -13.100000 87.892563
f -3 -2 -1
v -15.234551 -13.100000 94.853249
v -14.384128 -13.100000 94.412613
v -6.502275 -13.100000 87.592735
f -3 -2 -1
v -14.384128 -13.100000 94.412613
v -13.495071 -13.100000 93.997002
v -6.502275 -13.100000 87.592735
f -3 -2 -1
v -6.502275 -13.100000 87.592735
v -13.495071 -13.100000 93.997002
v -6.453372 -13.100000 87.648506
f -3 -2 -1
v -13.495071 -13.100000 93.997002
v -6.402081 -13.100000 87.702080
v -6.453372 -13.100000 87.648506
f -3 -2 -1
v -36.592560 -13.100000 120.524918
v -36.548698 -13.100000 120.465111
v -35.200001 -13.100000 88.200005
f -3 -2 -1
v -36.548698 -13.100000 120.465111
v -36.502277 -13.100000 120.407265
v -35.200001 -13.100000 88.200005
f -3 -2 -1
v -35.200001 -13.100000 88.200005
v -36.502277 -13.100000 120.407265
v -36.453369 -13.100000 120.351494
f -3 -2 -1
v -33.897724 -13.100000 120.407265
v -28.340778 -13.100000 116.036270
v -33.946629 -13.100000 120.351494
f -3 -2 -1
v -28.340778 -13.100000 116.036270
v -27.980993 -13.100000 114.125137
v -33.946629 -13.100000 120.351494
f -3 -2 -1
v -33.946629 -13.100000 120.351494
v -27.980993 -13.100000 114.125137
v -33.997921 -13.100000 120.297913
f -3 -2 -1
v -33.897724 -13.100000 120.407265
v -33.851299 -13.100000 120.465111
v -28.340778 -13.100000 116.036270
f -3 -2 -1
v -33.851299 -13.100000 120.465111
v -33.807442 -13.100000 120.524918
v -28.340778 -13.100000 116.036270
f -3 -2 -1
v -28.340778 -13.100000 116.036270
v -33.807442 -13.100000 120.524918
v -28.656454 -13.100000 118.168617
f -3 -2 -1
v -33.807442 -13.100000 120.524918
v -33.766235 -13.100000 120.586586
v -28.656454 -13.100000 118.168617
f -3 -2 -1
v -28.656454 -13.100000 118.168617
v -33.766235 -13.100000 120.586586
v -33.727757 -13.100000 120.650002
f -3 -2 -1
v -33.659275 -13.100000 120.781548
v -33.629406 -13.100000 120.849442
v -28.656454 -13.100000 118.168617
f -3 -2 -1
v -33.629406 -13.100000 120.849442
v -33.602520 -13.100000 120.918564
v -28.656454 -13.100000 118.168617
f -3 -2 -1
v -28.656454 -13.100000 118.168617
v -33.602520 -13.100000 120.918564
v -28.915855 -13.100000 120.563438
f -3 -2 -1
v -33.602520 -13.100000 120.918564
v -33.578682 -13.100000 120.988800
v -28.915855 -13.100000 120.563438
f -3 -2 -1
v -28.915855 -13.100000 120.563438
v -33.578682 -13.100000 120.988800
v -33.557926 -13.100000 121.060005
f -3 -2 -1
v -33.501617 -13.100000 121.425842
v -33.500000 -13.100000 121.500000
v -28.915855 -13.100000 120.563438
f -3 -2 -1
v -33.500000 -13.100000 121.500000
v -33.501617 -13.100000 121.574158
v -28.915855 -13.100000 120.563438
f -3 -2 -1
v -28.915855 -13.100000 120.563438
v -33.501617 -13.100000 121.574158
v -29.113083 -13.100000 123.487457
f -3 -2 -1
v -33.501617 -13.100000 121.574158
v -33.506470 -13.100000 121.648163
v -29.113083 -13.100000 123.487457
f -3 -2 -1
v -29.113083 -13.100000 123.487457
v -33.506470 -13.100000 121.648163
v -33.514545 -13.100000 121.721893
f -3 -2 -1
v -34.688801 -13.100000 88.121315
v -34.760006 -13.100000 88.142075
v -6.842074 -13.100000 86.939987
f -3 -2 -1
v -34.760006 -13.100000 88.142075
v -34.832054 -13.100000 88.159706
v -6.842074 -13.100000 86.939987
f -3 -2 -1
v -6.842074 -13.100000 86.939987
v -34.832054 -13.100000 88.159706
v -34.904797 -13.100000 88.174171
f -3 -2 -1
v -36.893532 -13.100000 121.648163
v -36.898380 -13.100000 121.574158
v -40.199997 -13.100000 123.300003
f -3 -2 -1
v -36.898380 -13.100000 121.574158
v -36.899998 -13.100000 121.500000
v -40.199997 -13.100000 123.300003
f -3 -2 -1
v -40.199997 -13.100000 123.300003
v -36.899998 -13.100000 121.500000
v -36.898380 -13.100000 121.425842
f -3 -2 -1
v -33.766235 -13.100000 85.586594
v -6.234894 -13.100000 85.151299
v -33.807442 -13.100000 85.524918
f -3 -2 -1
v -6.234894 -13.100000 85.151299
v -33.851299 -13.100000 85.465103
v -33.807442 -13.100000 85.524918
f -3 -2 -1
v -33.766235 -13.100000 85.586594
v -33.727757 -13.100000 85.649994
v -6.234894 -13.100000 85.151299
f -3 -2 -1
v -33.727757 -13.100000 85.649994
v -33.692081 -13.100000 85.715027
v -6.234894 -13.100000 85.151299
f -3 -2 -1
v -6.234894 -13.100000 85.151299
v -33.692081 -13.100000 85.715027
v -33.659275 -13.100000 85.781555
f -3 -2 -1
v -33.659275 -13.100000 85.781555
v -33.629406 -13.100000 85.849442
v -6.234894 -13.100000 85.151299
f -3 -2 -1
v -33.629406 -13.100000 85.849442
v -33.602520 -13.100000 85.918571
v -6.234894 -13.100000 85.151299
f -3 -2 -1
v -6.234894 -13.100000 85.151299
v -33.602520 -13.100000 85.918571
v -33.578682 -13.100000 85.988800
f -3 -2 -1
v -6.348503 -13.100000 85.246628
v -6.292739 -13.100000 85.197723
v -33.540298 -13.100000 86.132050
f -3 -2 -1
v -6.292739 -13.100000 85.197723
v -6.234894 -13.100000 85.151299
v -33.540298 -13.100000 86.132050
f -3 -2 -1
v -33.540298 -13.100000 86.132050
v -6.234894 -13.100000 85.151299
v -33.557926 -13.100000 86.060013
f -3 -2 -1
v -6.234894 -13.100000 85.151299
v -33.578682 -13.100000 85.988800
v -33.557926 -13.100000 86.060013
f -3 -2 -1
v -33.506470 -13.100000 86.351837
v -6.900000 -13.100000 86.500000
v -33.514545 -13.100000 86.278107
f -3 -2 -1
v -6.900000 -13.100000 86.500000
v -6.898382 -13.100000 86.425850
v -33.514545 -13.100000 86.278107
f -3 -2 -1
v -33.514545 -13.100000 86.278107
v -6.898382 -13.100000 86.425850
v -33.525829 -13.100000 86.204796
f -3 -2 -1
v -6.893531 -13.100000 86.648163
v -6.898382 -13.100000 86.574150
v -33.500000 -13.100000 86.500000
f -3 -2 -1
v -6.898382 -13.100000 86.574150
v -6.900000 -13.100000 86.500000
v -33.500000 -13.100000 86.500000
f -3 -2 -1
v -33.500000 -13.100000 86.500000
v -6.900000 -13.100000 86.500000
v -33.501617 -13.100000 86.425850
f -3 -2 -1
v -6.900000 -13.100000 86.500000
v -33.506470 -13.100000 86.351837
v -33.501617 -13.100000 86.425850
f -3 -2 -1
v -6.592559 -13.100000 85.524918
v -6.548701 -13.100000 85.465103
v -33.540298 -13.100000 86.132050
f -3 -2 -1
v -5.781435 -13.100000 84.902527
v -5.711200 -13.100000 84.878685
v -0.200000 -13.100000 81.500000
f -3 -2 -1
v -5.200000 -13.100000 84.799995
v -5.125847 -13.100000 84.801620
v -0.200000 -13.100000 81.500000
f -3 -2 -1
v -5.125847 -13.100000 84.801620
v -5.051836 -13.100000 84.806473
v -0.200000 -13.100000 81.500000
f -3 -2 -1
v -0.200000 -13.100000 81.500000
v -5.051836 -13.100000 84.806473
v -4.978106 -13.100000 84.814545
f -3 -2 -1
v -4.549438 -13.100000 84.929405
v -4.481549 -13.100000 84.959274
v -0.200000 -13.100000 81.500000
f -3 -2 -1
v -4.481549 -13.100000 84.959274
v -4.415027 -13.100000 84.992081
v -0.200000 -13.100000 81.500000
f -3 -2 -1
v -0.200000 -13.100000 81.500000
v -4.415027 -13.100000 84.992081
v -4.350000 -13.100000 85.027756
f -3 -2 -1
v -4.107261 -13.100000 85.197723
v -4.051497 -13.100000 85.246628
v -0.200000 -13.100000 81.500000
f -3 -2 -1
v -4.051497 -13.100000 85.246628
v -3.997919 -13.100000 85.297920
v -0.200000 -13.100000 81.500000
f -3 -2 -1
v -0.200000 -13.100000 81.500000
v -3.997919 -13.100000 85.297920
v -3.946628 -13.100000 85.351494
f -3 -2 -1
v -1.819551 -13.100000 90.881378
v -1.685350 -13.100000 90.777519
v -4.107261 -13.100000 87.802277
f -3 -2 -1
v -1.685350 -13.100000 90.777519
v -1.555675 -13.100000 90.668068
v -4.107261 -13.100000 87.802277
f -3 -2 -1
v -4.107261 -13.100000 87.802277
v -1.555675 -13.100000 90.668068
v -4.051497 -13.100000 87.753372
f -3 -2 -1
v -1.555675 -13.100000 90.668068
v -1.430758 -13.100000 90.553207
v -4.051497 -13.100000 87.753372
f -3 -2 -1
v -4.051497 -13.100000 87.753372
v -1.430758 -13.100000 90.553207
v -3.997919 -13.100000 87.702080
f -3 -2 -1
v -1.430758 -13.100000 90.553207
v -1.310826 -13.100000 90.433151
v -3.997919 -13.100000 87.702080
f -3 -2 -1
v -3.997919 -13.100000 87.702080
v -1.310826 -13.100000 90.433151
v -1.196094 -13.100000 90.308121
f -3 -2 -1
v -3.353893 -13.100000 91.576294
v -4.618566 -13.100000 88.097473
v -3.520473 -13.100000 91.608665
f -3 -2 -1
v -4.618566 -13.100000 88.097473
v -4.688800 -13.100000 88.121315
v -3.520473 -13.100000 91.608665
f -3 -2 -1
v -3.520473 -13.100000 91.608665
v -4.688800 -13.100000 88.121315
v -3.688274 -13.100000 91.633942
f -3 -2 -1
v -4.688800 -13.100000 88.121315
v -4.760008 -13.100000 88.142075
v -3.688274 -13.100000 91.633942
f -3 -2 -1
v -3.688274 -13.100000 91.633942
v -4.760008 -13.100000 88.142075
v -3.856997 -13.100000 91.652077
f -3 -2 -1
v -4.760008 -13.100000 88.142075
v -4.832053 -13.100000 88.159706
v -3.856997 -13.100000 91.652077
f -3 -2 -1
v -3.856997 -13.100000 91.652077
v -4.832053 -13.100000 88.159706
v -4.272697 -13.100000 91.690125
f -3 -2 -1
v -4.832053 -13.100000 88.159706
v -4.904798 -13.100000 88.174171
v -4.272697 -13.100000 91.690125
f -3 -2 -1
v -4.272697 -13.100000 91.690125
v -4.904798 -13.100000 88.174171
v -4.978106 -13.100000 88.185463
f -3 -2 -1
v -36.113411 -13.100000 120.066231
v -36.049999 -13.100000 120.027756
v -35.200001 -13.100000 88.200005
f -3 -2 -1
v -36.049999 -13.100000 120.027756
v -35.984974 -13.100000 119.992088
v -35.200001 -13.100000 88.200005
f -3 -2 -1
v -35.200001 -13.100000 88.200005
v -35.984974 -13.100000 119.992088
v -35.918453 -13.100000 119.959282
f -3 -2 -1
v -35.567947 -13.100000 119.840294
v -35.200001 -13.100000 88.200005
v -35.639996 -13.100000 119.857933
f -3 -2 -1
v -35.200001 -13.100000 88.200005
v -35.711201 -13.100000 119.878677
v -35.639996 -13.100000 119.857933
f -3 -2 -1
v -6.592559 -13.100000 87.475075
v -18.324493 -13.100000 96.878738
v -6.548701 -13.100000 87.534897
f -3 -2 -1
v -18.324493 -13.100000 96.878738
v -17.592369 -13.100000 96.330711
v -6.548701 -13.100000 87.534897
f -3 -2 -1
v -6.548701 -13.100000 87.534897
v -17.592369 -13.100000 96.330711
v -6.502275 -13.100000 87.592735
f -3 -2 -1
v -17.592369 -13.100000 96.330711
v -16.835281 -13.100000 95.811386
v -6.502275 -13.100000 87.592735
f -3 -2 -1
v -6.502275 -13.100000 87.592735
v -16.835281 -13.100000 95.811386
v -16.050406 -13.100000 95.319275
f -3 -2 -1
v -23.425013 -13.100000 102.477745
v -34.349998 -13.100000 120.027756
v -24.015696 -13.100000 103.426666
f -3 -2 -1
v -33.727757 -13.100000 122.349998
v -29.353485 -13.100000 124.677841
v -33.692081 -13.100000 122.284973
f -3 -2 -1
v -29.353485 -13.100000 124.677841
v -29.297071 -13.100000 124.513092
v -33.692081 -13.100000 122.284973
f -3 -2 -1
v -33.692081 -13.100000 122.284973
v -29.297071 -13.100000 124.513092
v -33.659275 -13.100000 122.218452
f -3 -2 -1
v -33.766235 -13.100000 122.413414
v -29.487547 -13.100000 124.999214
v -33.727757 -13.100000 122.349998
f -3 -2 -1
v -29.487547 -13.100000 124.999214
v -29.417017 -13.100000 124.839989
v -33.727757 -13.100000 122.349998
f -3 -2 -1
v -33.727757 -13.100000 122.349998
v -29.417017 -13.100000 124.839989
v -29.353485 -13.100000 124.677841
f -3 -2 -1
v -30.164349 -13.100000 126.007553
v -30.049286 -13.100000 125.876831
v -33.897724 -13.100000 122.592743
f -3 -2 -1
v -30.049286 -13.100000 125.876831
v -29.940025 -13.100000 125.741226
v -33.897724 -13.100000 122.592743
f -3 -2 -1
v -33.897724 -13.100000 122.592743
v -29.940025 -13.100000 125.741226
v -33.851299 -13.100000 122.534897
f -3 -2 -1
v -34.832054 -13.100000 123.159706
v -33.108688 -13.100000 127.299995
v -34.760006 -13.100000 123.142075
f -3 -2 -1
v -34.904797 -13.100000 123.174179
v -34.978107 -13.100000 123.185455
v -33.108688 -13.100000 127.299995
f -3 -2 -1
v -34.978107 -13.100000 123.185455
v -35.051834 -13.100000 123.193535
v -33.108688 -13.100000 127.299995
f -3 -2 -1
v -33.108688 -13.100000 127.299995
v -35.051834 -13.100000 123.193535
v -36.200001 -13.100000 127.299995
f -3 -2 -1
v -35.051834 -13.100000 123.193535
v -35.125847 -13.100000 123.198380
v -36.200001 -13.100000 127.299995
f -3 -2 -1
v -36.200001 -13.100000 127.299995
v -35.125847 -13.100000 123.198380
v -35.200001 -13.100000 123.199997
f -3 -2 -1
v -34.051498 -13.100000 87.753372
v -34.107262 -13.100000 87.802277
v -6.842074 -13.100000 86.939987
f -3 -2 -1
v -34.107262 -13.100000 87.802277
v -34.165108 -13.100000 87.848701
v -6.842074 -13.100000 86.939987
f -3 -2 -1
v -6.842074 -13.100000 86.939987
v -34.165108 -13.100000 87.848701
v -34.224918 -13.100000 87.892563
f -3 -2 -1
v -35.348167 -13.100000 123.193535
v -35.421894 -13.100000 123.185455
v -36.200001 -13.100000 127.299995
f -3 -2 -1
v -35.421894 -13.100000 123.185455
v -35.495201 -13.100000 123.174179
v -36.200001 -13.100000 127.299995
f -3 -2 -1
v -36.200001 -13.100000 127.299995
v -35.495201 -13.100000 123.174179
v -36.374477 -13.100000 127.296196
f -3 -2 -1
v -35.495201 -13.100000 123.174179
v -35.567947 -13.100000 123.159706
v -36.374477 -13.100000 127.296196
f -3 -2 -1
v -36.374477 -13.100000 127.296196
v -35.567947 -13.100000 123.159706
v -36.548622 -13.100000 127.284782
f -3 -2 -1
v -35.567947 -13.100000 123.159706
v -36.722103 -13.100000 127.265778
v -36.548622 -13.100000 127.284782
f -3 -2 -1
v -35.348167 -13.100000 88.193527
v -40.199997 -13.100000 123.300003
v -35.274151 -13.100000 88.198380
f -3 -2 -1
v -40.199997 -13.100000 123.300003
v -36.898380 -13.100000 121.425842
v -35.274151 -13.100000 88.198380
f -3 -2 -1
v -35.274151 -13.100000 88.198380
v -36.898380 -13.100000 121.425842
v -35.200001 -13.100000 88.200005
f -3 -2 -1
v -36.898380 -13.100000 121.425842
v -36.893532 -13.100000 121.351837
v -35.200001 -13.100000 88.200005
f -3 -2 -1
v -35.200001 -13.100000 88.200005
v -36.893532 -13.100000 121.351837
v -36.885456 -13.100000 121.278107
f -3 -2 -1
v -34.415028 -13.100000 84.992081
v -34.349998 -13.100000 85.027756
v -6.234894 -13.100000 85.151299
f -3 -2 -1
v -6.885457 -13.100000 86.278107
v -6.874173 -13.100000 86.204796
v -33.540298 -13.100000 86.132050
f -3 -2 -1
v -6.874173 -13.100000 86.204796
v -6.859703 -13.100000 86.132050
v -33.540298 -13.100000 86.132050
f -3 -2 -1
v -33.540298 -13.100000 86.132050
v -6.859703 -13.100000 86.132050
v -6.842074 -13.100000 86.060013
f -3 -2 -1
v -6.548701 -13.100000 85.465103
v -6.502275 -13.100000 85.407265
v -33.540298 -13.100000 86.132050
f -3 -2 -1
v -6.502275 -13.100000 85.407265
v -6.453372 -13.100000 85.351494
v -33.540298 -13.100000 86.132050
f -3 -2 -1
v -33.540298 -13.100000 86.132050
v -6.453372 -13.100000 85.351494
v -6.402081 -13.100000 85.297920
f -3 -2 -1
v -6.050000 -13.100000 85.027756
v -5.984972 -13.100000 84.992081
v -40.199997 -13.100000 81.500000
f -3 -2 -1
v -5.984972 -13.100000 84.992081
v -5.918451 -13.100000 84.959274
v -40.199997 -13.100000 81.500000
f -3 -2 -1
v -40.199997 -13.100000 81.500000
v -5.918451 -13.100000 84.959274
v -0.200000 -13.100000 81.500000
f -3 -2 -1
v -5.918451 -13.100000 84.959274
v -5.850562 -13.100000 84.929405
v -0.200000 -13.100000 81.500000
f -3 -2 -1
v -0.200000 -13.100000 81.500000
v -5.850562 -13.100000 84.929405
v -5.781435 -13.100000 84.902527
f -3 -2 -1
v -4.978106 -13.100000 84.814545
v -4.904798 -13.100000 84.825829
v -0.200000 -13.100000 81.500000
f -3 -2 -1
v -4.904798 -13.100000 84.825829
v -4.832053 -13.100000 84.840302
v -0.200000 -13.100000 81.500000
f -3 -2 -1
v -0.200000 -13.100000 81.500000
v -4.832053 -13.100000 84.840302
v -4.760008 -13.100000 84.857925
f -3 -2 -1
v -3.514544 -13.100000 86.721893
v -3.525827 -13.100000 86.795204
v -0.200000 -13.100000 87.666809
f -3 -2 -1
v -3.525827 -13.100000 86.795204
v -3.540297 -13.100000 86.867950
v -0.200000 -13.100000 87.666809
f -3 -2 -1
v -0.200000 -13.100000 87.666809
v -3.540297 -13.100000 86.867950
v -0.203600 -13.100000 87.836464
f -3 -2 -1
v -3.540297 -13.100000 86.867950
v -3.557926 -13.100000 86.939987
v -0.203600 -13.100000 87.836464
f -3 -2 -1
v -0.203600 -13.100000 87.836464
v -3.557926 -13.100000 86.939987
v -0.214392 -13.100000 88.005814
f -3 -2 -1
v -3.557926 -13.100000 86.939987
v -3.578681 -13.100000 87.011200
v -0.214392 -13.100000 88.005814
f -3 -2 -1
v -0.214392 -13.100000 88.005814
v -3.578681 -13.100000 87.011200
v -0.232357 -13.100000 88.174561
f -3 -2 -1
v -3.578681 -13.100000 87.011200
v -3.602523 -13.100000 87.081436
v -0.232357 -13.100000 88.174561
f -3 -2 -1
v -0.707310 -13.100000 89.616447
v -0.627760 -13.100000 89.466560
v -3.766234 -13.100000 87.413406
f -3 -2 -1
v -0.627760 -13.100000 89.466560
v -0.554640 -13.100000 89.313423
v -3.766234 -13.100000 87.413406
f -3 -2 -1
v -3.766234 -13.100000 87.413406
v -0.554640 -13.100000 89.313423
v -3.727757 -13.100000 87.350006
f -3 -2 -1
v -0.554640 -13.100000 89.313423
v -0.488080 -13.100000 89.157326
v -3.727757 -13.100000 87.350006
f -3 -2 -1
v -3.727757 -13.100000 87.350006
v -0.488080 -13.100000 89.157326
v -3.692082 -13.100000 87.284973
f -3 -2 -1
v -0.488080 -13.100000 89.157326
v -0.428202 -13.100000 88.998550
v -3.692082 -13.100000 87.284973
f -3 -2 -1
v -3.692082 -13.100000 87.284973
v -0.428202 -13.100000 88.998550
v -3.659277 -13.100000 87.218445
f -3 -2 -1
v -5.348165 -13.100000 88.193527
v -5.421895 -13.100000 88.185463
v -5.707335 -13.100000 91.857635
f -3 -2 -1
v -5.421895 -13.100000 88.185463
v -5.495202 -13.100000 88.174171
v -5.707335 -13.100000 91.857635
f -3 -2 -1
v -5.707335 -13.100000 91.857635
v -5.495202 -13.100000 88.174171
v -7.040462 -13.100000 92.067093
f -3 -2 -1
v -5.495202 -13.100000 88.174171
v -5.567947 -13.100000 88.159706
v -7.040462 -13.100000 92.067093
f -3 -2 -1
v -7.040462 -13.100000 92.067093
v -5.567947 -13.100000 88.159706
v -5.639992 -13.100000 88.142075
f -3 -2 -1
v -35.918453 -13.100000 119.959282
v -35.850563 -13.100000 119.929405
v -35.200001 -13.100000 88.200005
f -3 -2 -1
v -35.850563 -13.100000 119.929405
v -35.781437 -13.100000 119.902519
v -35.200001 -13.100000 88.200005
f -3 -2 -1
v -35.200001 -13.100000 88.200005
v -35.781437 -13.100000 119.902519
v -35.711201 -13.100000 119.878677
f -3 -2 -1
v -6.592559 -13.100000 87.475075
v -6.633766 -13.100000 87.413406
v -18.324493 -13.100000 96.878738
f -3 -2 -1
v -6.633766 -13.100000 87.413406
v -6.672243 -13.100000 87.350006
v -18.324493 -13.100000 96.878738
f -3 -2 -1
v -18.324493 -13.100000 96.878738
v -6.672243 -13.100000 87.350006
v -19.034164 -13.100000 97.457390
f -3 -2 -1
v -34.688801 -13.100000 119.878677
v -34.618565 -13.100000 119.902519
v -23.425013 -13.100000 102.477745
f -3 -2 -1
v -33.540298 -13.100000 121.867950
v -33.557926 -13.100000 121.939995
v -29.113083 -13.100000 123.487457
f -3 -2 -1
v -33.557926 -13.100000 121.939995
v -33.578682 -13.100000 122.011200
v -29.113083 -13.100000 123.487457
f -3 -2 -1
v -29.113083 -13.100000 123.487457
v -33.578682 -13.100000 122.011200
v -29.125029 -13.100000 123.661201
f -3 -2 -1
v -33.578682 -13.100000 122.011200
v -33.602520 -13.100000 122.081436
v -29.125029 -13.100000 123.661201
f -3 -2 -1
v -29.125029 -13.100000 123.661201
v -33.602520 -13.100000 122.081436
v -29.144526 -13.100000 123.834251
f -3 -2 -1
v -33.602520 -13.100000 122.081436
v -33.629406 -13.100000 122.150566
v -29.144526 -13.100000 123.834251
f -3 -2 -1
v -29.297071 -13.100000 124.513092
v -29.247881 -13.100000 124.346031
v -33.659275 -13.100000 122.218452
f -3 -2 -1
v -29.247881 -13.100000 124.346031
v -29.206009 -13.100000 124.176994
v -33.659275 -13.100000 122.218452
f -3 -2 -1
v -33.659275 -13.100000 122.218452
v -29.206009 -13.100000 124.176994
v -33.629406 -13.100000 122.150566
f -3 -2 -1
v -29.206009 -13.100000 124.176994
v -29.171535 -13.100000 124.006287
v -33.629406 -13.100000 122.150566
f -3 -2 -1
v -33.629406 -13.100000 122.150566
v -29.171535 -13.100000 124.006287
v -29.144526 -13.100000 123.834251
f -3 -2 -1
v -29.940025 -13.100000 125.741226
v -29.836771 -13.100000 125.600990
v -33.851299 -13.100000 122.534897
f -3 -2 -1
v -29.836771 -13.100000 125.600990
v -29.739717 -13.100000 125.456390
v -33.851299 -13.100000 122.534897
f -3 -2 -1
v -33.851299 -13.100000 122.534897
v -29.739717 -13.100000 125.456390
v -33.807442 -13.100000 122.475082
f -3 -2 -1
v -29.739717 -13.100000 125.456390
v -29.649050 -13.100000 125.307709
v -33.807442 -13.100000 122.475082
f -3 -2 -1
v -33.807442 -13.100000 122.475082
v -29.649050 -13.100000 125.307709
v -33.766235 -13.100000 122.413414
f -3 -2 -1
v -29.649050 -13.100000 125.307709
v -29.564939 -13.100000 125.155228
v -33.766235 -13.100000 122.413414
f -3 -2 -1
v -33.766235 -13.100000 122.413414
v -29.564939 -13.100000 125.155228
v -29.487547 -13.100000 124.999214
f -3 -2 -1
v -32.587688 -13.100000 127.265930
v -34.481548 -13.100000 123.040718
v -32.760803 -13.100000 127.284843
f -3 -2 -1
v -34.481548 -13.100000 123.040718
v -34.549438 -13.100000 123.070595
v -32.760803 -13.100000 127.284843
f -3 -2 -1
v -32.760803 -13.100000 127.284843
v -34.549438 -13.100000 123.070595
v -32.934582 -13.100000 127.296211
f -3 -2 -1
v -34.549438 -13.100000 123.070595
v -34.618565 -13.100000 123.097481
v -32.934582 -13.100000 127.296211
f -3 -2 -1
v -32.934582 -13.100000 127.296211
v -34.618565 -13.100000 123.097481
v -33.108688 -13.100000 127.299995
f -3 -2 -1
v -34.618565 -13.100000 123.097481
v -34.688801 -13.100000 123.121323
v -33.108688 -13.100000 127.299995
f -3 -2 -1
v -33.108688 -13.100000 127.299995
v -34.688801 -13.100000 123.121323
v -34.760006 -13.100000 123.142075
f -3 -2 -1
v -33.525829 -13.100000 86.204796
v -6.898382 -13.100000 86.425850
v -33.540298 -13.100000 86.132050
f -3 -2 -1
v -6.898382 -13.100000 86.425850
v -6.893531 -13.100000 86.351837
v -33.540298 -13.100000 86.132050
f -3 -2 -1
v -33.540298 -13.100000 86.132050
v -6.893531 -13.100000 86.351837
v -6.885457 -13.100000 86.278107
f -3 -2 -1
v -6.821319 -13.100000 85.988800
v -6.797478 -13.100000 85.918571
v -33.540298 -13.100000 86.132050
f -3 -2 -1
v -6.797478 -13.100000 85.918571
v -6.770595 -13.100000 85.849442
v -33.540298 -13.100000 86.132050
f -3 -2 -1
v -33.540298 -13.100000 86.132050
v -6.770595 -13.100000 85.849442
v -6.740723 -13.100000 85.781555
f -3 -2 -1
v -6.707918 -13.100000 85.715027
v -6.672243 -13.100000 85.649994
v -33.540298 -13.100000 86.132050
f -3 -2 -1
v -6.672243 -13.100000 85.649994
v -6.633766 -13.100000 85.586594
v -33.540298 -13.100000 86.132050
f -3 -2 -1
v -33.540298 -13.100000 86.132050
v -6.633766 -13.100000 85.586594
v -6.592559 -13.100000 85.524918
f -3 -2 -1
v -5.711200 -13.100000 84.878685
v -5.639992 -13.100000 84.857925
v -0.200000 -13.100000 81.500000
f -3 -2 -1
v -5.639992 -13.100000 84.857925
v -5.567947 -13.100000 84.840302
v -0.200000 -13.100000 81.500000
f -3 -2 -1
v -0.200000 -13.100000 81.500000
v -5.567947 -13.100000 84.840302
v -5.495202 -13.100000 84.825829
f -3 -2 -1
v -5.495202 -13.100000 84.825829
v -5.421895 -13.100000 84.814545
v -0.200000 -13.100000 81.500000
f -3 -2 -1
v -5.421895 -13.100000 84.814545
v -5.348165 -13.100000 84.806473
v -0.200000 -13.100000 81.500000
f -3 -2 -1
v -0.200000 -13.100000 81.500000
v -5.348165 -13.100000 84.806473
v -5.274153 -13.100000 84.801620
f -3 -2 -1
v -0.428202 -13.100000 88.998550
v -0.375111 -13.100000 88.837372
v -3.659277 -13.100000 87.218445
f -3 -2 -1
v -0.375111 -13.100000 88.837372
v -0.328904 -13.100000 88.674088
v -3.659277 -13.100000 87.218445
f -3 -2 -1
v -3.659277 -13.100000 87.218445
v -0.328904 -13.100000 88.674088
v -3.629405 -13.100000 87.150558
f -3 -2 -1
v -0.328904 -13.100000 88.674088
v -0.289665 -13.100000 88.508995
v -3.629405 -13.100000 87.150558
f -3 -2 -1
v -3.629405 -13.100000 87.150558
v -0.289665 -13.100000 88.508995
v -3.602523 -13.100000 87.081436
f -3 -2 -1
v -0.289665 -13.100000 88.508995
v -0.257463 -13.100000 88.342384
v -3.602523 -13.100000 87.081436
f -3 -2 -1
v -3.602523 -13.100000 87.081436
v -0.257463 -13.100000 88.342384
v -0.232357 -13.100000 88.174561
f -3 -2 -1
v -3.353893 -13.100000 91.576294
v -3.188837 -13.100000 91.536896
v -4.549438 -13.100000 88.070595
f -3 -2 -1
v -3.188837 -13.100000 91.536896
v -3.025601 -13.100000 91.490524
v -4.549438 -13.100000 88.070595
f -3 -2 -1
v -4.549438 -13.100000 88.070595
v -3.025601 -13.100000 91.490524
v -4.481549 -13.100000 88.040726
f -3 -2 -1
v -3.025601 -13.100000 91.490524
v -2.864478 -13.100000 91.437263
v -4.481549 -13.100000 88.040726
f -3 -2 -1
v -4.481549 -13.100000 88.040726
v -2.864478 -13.100000 91.437263
v -4.415027 -13.100000 88.007919
f -3 -2 -1
v -2.864478 -13.100000 91.437263
v -2.705759 -13.100000 91.377228
v -4.415027 -13.100000 88.007919
f -3 -2 -1
v -4.415027 -13.100000 88.007919
v -2.705759 -13.100000 91.377228
v -2.549729 -13.100000 91.310516
f -3 -2 -1
v -34.618565 -13.100000 119.902519
v -34.549438 -13.100000 119.929405
v -23.425013 -13.100000 102.477745
f -3 -2 -1
v -34.549438 -13.100000 119.929405
v -34.481548 -13.100000 119.959282
v -23.425013 -13.100000 102.477745
f -3 -2 -1
v -23.425013 -13.100000 102.477745
v -34.481548 -13.100000 119.959282
v -34.415028 -13.100000 119.992088
f -3 -2 -1
v -26.250841 -13.100000 108.107681
v -25.714241 -13.100000 106.779625
v -34.286591 -13.100000 120.066231
f -3 -2 -1
v -25.714241 -13.100000 106.779625
v -25.161034 -13.100000 105.565254
v -34.286591 -13.100000 120.066231
f -3 -2 -1
v -34.286591 -13.100000 120.066231
v -25.161034 -13.100000 105.565254
v -34.349998 -13.100000 120.027756
f -3 -2 -1
v -25.161034 -13.100000 105.565254
v -24.594505 -13.100000 104.452095
v -34.349998 -13.100000 120.027756
f -3 -2 -1
v -34.349998 -13.100000 120.027756
v -24.594505 -13.100000 104.452095
v -24.015696 -13.100000 103.426666
f -3 -2 -1
v -36.502277 -13.100000 85.407265
v -36.453369 -13.100000 85.351494
v -40.199997 -13.100000 81.500000
f -3 -2 -1
v -36.453369 -13.100000 85.351494
v -36.402081 -13.100000 85.297920
v -40.199997 -13.100000 81.500000
f -3 -2 -1
v -40.199997 -13.100000 81.500000
v -36.402081 -13.100000 85.297920
v -36.348503 -13.100000 85.246628
f -3 -2 -1
v -36.348503 -13.100000 85.246628
v -36.292740 -13.100000 85.197723
v -40.199997 -13.100000 81.500000
f -3 -2 -1
v -36.292740 -13.100000 85.197723
v -36.234894 -13.100000 85.151299
v -40.199997 -13.100000 81.500000
f -3 -2 -1
v -40.199997 -13.100000 81.500000
v -36.234894 -13.100000 85.151299
v -36.175079 -13.100000 85.107437
f -3 -2 -1
v -40.199997 -13.100000 81.500000
v -35.781437 -13.100000 84.902527
v -35.711201 -13.100000 84.878685
f -3 -2 -1
v -34.688801 -13.100000 84.878685
v -34.618565 -13.100000 84.902527
v -6.234894 -13.100000 85.151299
f -3 -2 -1
v -34.349998 -13.100000 85.027756
v -34.286591 -13.100000 85.066238
v -6.234894 -13.100000 85.151299
f -3 -2 -1
v -34.286591 -13.100000 85.066238
v -34.224918 -13.100000 85.107437
v -6.234894 -13.100000 85.151299
f -3 -2 -1
v -6.234894 -13.100000 85.151299
v -34.224918 -13.100000 85.107437
v -34.165108 -13.100000 85.151299
f -3 -2 -1
v -33.997921 -13.100000 85.297920
v -33.946629 -13.100000 85.351494
v -6.234894 -13.100000 85.151299
f -3 -2 -1
v -33.946629 -13.100000 85.351494
v -33.897724 -13.100000 85.407265
v -6.234894 -13.100000 85.151299
f -3 -2 -1
v -6.234894 -13.100000 85.151299
v -33.897724 -13.100000 85.407265
v -33.851299 -13.100000 85.465103
f -3 -2 -1
v -35.200001 -13.100000 119.800003
v -35.125847 -13.100000 88.198380
v -35.274151 -13.100000 119.801620
f -3 -2 -1
v -35.125847 -13.100000 88.198380
v -35.200001 -13.100000 88.200005
v -35.274151 -13.100000 119.801620
f -3 -2 -1
v -35.274151 -13.100000 119.801620
v -35.200001 -13.100000 88.200005
v -35.348167 -13.100000 119.806465
f -3 -2 -1
v -26.250841 -13.100000 108.107681
v -34.286591 -13.100000 120.066231
v -26.716681 -13.100000 109.413383
f -3 -2 -1
v -34.286591 -13.100000 120.066231
v -34.224918 -13.100000 120.107445
v -26.716681 -13.100000 109.413383
f -3 -2 -1
v -26.716681 -13.100000 109.413383
v -34.224918 -13.100000 120.107445
v -27.163033 -13.100000 110.838539
f -3 -2 -1
v -34.224918 -13.100000 120.107445
v -34.165108 -13.100000 120.151299
v -27.163033 -13.100000 110.838539
f -3 -2 -1
v -27.163033 -13.100000 110.838539
v -34.165108 -13.100000 120.151299
v -27.586153 -13.100000 112.401665
f -3 -2 -1
v -34.165108 -13.100000 120.151299
v -34.107262 -13.100000 120.197723
v -27.586153 -13.100000 112.401665
f -3 -2 -1
v -27.586153 -13.100000 112.401665
v -34.107262 -13.100000 120.197723
v -27.980993 -13.100000 114.125137
f -3 -2 -1
v -34.107262 -13.100000 120.197723
v -34.051498 -13.100000 120.246628
v -27.980993 -13.100000 114.125137
f -3 -2 -1
v -27.980993 -13.100000 114.125137
v -34.051498 -13.100000 120.246628
v -33.997921 -13.100000 120.297913
f -3 -2 -1
v -36.175079 -13.100000 85.107437
v -36.113411 -13.100000 85.066238
v -40.199997 -13.100000 81.500000
f -3 -2 -1
v -36.113411 -13.100000 85.066238
v -36.049999 -13.100000 85.027756
v -40.199997 -13.100000 81.500000
f -3 -2 -1
v -40.199997 -13.100000 81.500000
v -36.049999 -13.100000 85.027756
v -35.984974 -13.100000 84.992081
f -3 -2 -1
v -40.199997 -13.100000 81.500000
v -35.495201 -13.100000 84.825829
v -35.421894 -13.100000 84.814545
f -3 -2 -1
v -35.421894 -13.100000 84.814545
v -35.348167 -13.100000 84.806473
v -40.199997 -13.100000 81.500000
f -3 -2 -1
v -35.348167 -13.100000 84.806473
v -35.274151 -13.100000 84.801620
v -40.199997 -13.100000 81.500000
f -3 -2 -1
v -40.199997 -13.100000 81.500000
v -35.274151 -13.100000 84.801620
v -35.200001 -13.100000 84.799995
f -3 -2 -1
v -34.618565 -13.100000 84.902527
v -34.549438 -13.100000 84.929405
v -6.234894 -13.100000 85.151299
f -3 -2 -1
v -34.549438 -13.100000 84.929405
v -34.481548 -13.100000 84.959274
v -6.234894 -13.100000 85.151299
f -3 -2 -1
v -6.234894 -13.100000 85.151299
v -34.481548 -13.100000 84.959274
v -34.415028 -13.100000 84.992081
f -3 -2 -1
v -34.165108 -13.100000 85.151299
v -34.107262 -13.100000 85.197723
v -6.234894 -13.100000 85.151299
f -3 -2 -1
v -34.107262 -13.100000 85.197723
v -34.051498 -13.100000 85.246628
v -6.234894 -13.100000 85.151299
f -3 -2 -1
v -6.234894 -13.100000 85.151299
v -34.051498 -13.100000 85.246628
v -33.997921 -13.100000 85.297920
f -3 -2 -1
v -35.567947 -13.100000 119.840294
v -35.495201 -13.100000 119.825829
v -35.200001 -13.100000 88.200005
f -3 -2 -1
v -35.495201 -13.100000 119.825829
v -35.421894 -13.100000 119.814545
v -35.200001 -13.100000 88.200005
f -3 -2 -1
v -35.200001 -13.100000 88.200005
v -35.421894 -13.100000 119.814545
v -35.348167 -13.100000 119.806465
f -3 -2 -1
v -35.200001 -13.100000 119.800003
v -35.125847 -13.100000 119.801620
v -35.125847 -13.100000 88.198380
f -3 -2 -1
v -35.125847 -13.100000 119.801620
v -35.051834 -13.100000 119.806465
v -35.125847 -13.100000 88.198380
f -3 -2 -1
v -35.125847 -13.100000 88.198380
v -35.051834 -13.100000 119.806465
v -34.978107 -13.100000 119.814545
f -3 -2 -1
v -35.984974 -13.100000 84.992081
v -35.918453 -13.100000 84.959274
v -40.199997 -13.100000 81.500000
f -3 -2 -1
v -35.918453 -13.100000 84.959274
v -35.850563 -13.100000 84.929405
v -40.199997 -13.100000 81.500000
f -3 -2 -1
v -40.199997 -13.100000 81.500000
v -35.850563 -13.100000 84.929405
v -35.781437 -13.100000 84.902527
f -3 -2 -1
v -35.711201 -13.100000 84.878685
v -35.639996 -13.100000 84.857925
v -40.199997 -13.100000 81.500000
f -3 -2 -1
v -35.639996 -13.100000 84.857925
v -35.567947 -13.100000 84.840302
v -40.199997 -13.100000 81.500000
f -3 -2 -1
v -40.199997 -13.100000 81.500000
v -35.567947 -13.100000 84.840302
v -35.495201 -13.100000 84.825829
f -3 -2 -1
v -23.425013 -13.100000 102.477745
v -22.822420 -13.100000 101.596008
v -35.125847 -13.100000 88.198380
f -3 -2 -1
v -35.200001 -13.100000 84.799995
v -35.125847 -13.100000 84.801620
v -40.199997 -13.100000 81.500000
f -3 -2 -1
v -35.125847 -13.100000 84.801620
v -35.051834 -13.100000 84.806473
v -40.199997 -13.100000 81.500000
f -3 -2 -1
v -40.199997 -13.100000 81.500000
v -35.051834 -13.100000 84.806473
v -34.978107 -13.100000 84.814545
f -3 -2 -1
v -34.978107 -13.100000 84.814545
v -34.904797 -13.100000 84.825829
v -40.199997 -13.100000 81.500000
f -3 -2 -1
v -34.904797 -13.100000 84.825829
v -34.832054 -13.100000 84.840302
v -40.199997 -13.100000 81.500000
f -3 -2 -1
v -40.199997 -13.100000 81.500000
v -34.832054 -13.100000 84.840302
v -6.234894 -13.100000 85.151299
f -3 -2 -1
v -34.832054 -13.100000 84.840302
v -34.760006 -13.100000 84.857925
v -6.234894 -13.100000 85.151299
f -3 -2 -1
v -6.234894 -13.100000 85.151299
v -34.760006 -13.100000 84.857925
v -34.688801 -13.100000 84.878685
f -3 -2 -1
v -34.978107 -13.100000 119.814545
v -34.904797 -13.100000 119.825829
v -35.125847 -13.100000 88.198380
f -3 -2 -1
v -34.904797 -13.100000 119.825829
v -34.832054 -13.100000 119.840294
v -35.125847 -13.100000 88.198380
f -3 -2 -1
v -35.125847 -13.100000 88.198380
v -34.832054 -13.100000 119.840294
v -23.425013 -13.100000 102.477745
f -3 -2 -1
v -34.832054 -13.100000 119.840294
v -34.760006 -13.100000 119.857933
v -23.425013 -13.100000 102.477745
f -3 -2 -1
v -23.425013 -13.100000 102.477745
v -34.760006 -13.100000 119.857933
v -34.688801 -13.100000 119.878677
f -3 -2 -1
v -22.822420 -13.100000 101.596008
v -22.207500 -13.100000 100.773628
v -35.125847 -13.100000 88.198380
f -3 -2 -1
v -22.207500 -13.100000 100.773628
v -21.687843 -13.100000 100.132126
v -35.125847 -13.100000 88.198380
f -3 -2 -1
v -35.125847 -13.100000 88.198380
v -21.687843 -13.100000 100.132126
v -21.049398 -13.100000 99.403290
f -3 -2 -1
v -21.049398 -13.100000 99.403290
v -20.394787 -13.100000 98.716530
v -35.125847 -13.100000 88.198380
f -3 -2 -1
v -20.394787 -13.100000 98.716530
v -19.723612 -13.100000 98.069031
v -35.125847 -13.100000 88.198380
f -3 -2 -1
v -35.125847 -13.100000 88.198380
v -19.723612 -13.100000 98.069031
v -19.034164 -13.100000 97.457390
f -3 -2 -1
v -6.672243 -13.100000 87.350006
v -6.707918 -13.100000 87.284973
v -19.034164 -13.100000 97.457390
f -3 -2 -1
v -6.707918 -13.100000 87.284973
v -6.740723 -13.100000 87.218445
v -19.034164 -13.100000 97.457390
f -3 -2 -1
v -19.034164 -13.100000 97.457390
v -6.740723 -13.100000 87.218445
v -35.125847 -13.100000 88.198380
f -3 -2 -1
v -6.740723 -13.100000 87.218445
v -6.770595 -13.100000 87.150558
v -35.125847 -13.100000 88.198380
f -3 -2 -1
v -35.125847 -13.100000 88.198380
v -6.770595 -13.100000 87.150558
v -6.797478 -13.100000 87.081436
f -3 -2 -1
v -0.200000 13.100000 81.500000
v -40.199997 13.100000 81.500000
v -0.200000 -13.100000 81.500000
f -3 -2 -1
v -40.199997 13.100000 81.500000
v -40.199997 -13.100000 81.500000
v -0.200000 -13.100000 81.500000
f -3 -2 -1
v -33.108688 19.000000 127.299995
v -36.200001 19.000000 127.299995
v -33.108688 13.100000 127.299995
f -3 -2 -1
v -36.200001 19.000000 127.299995
v -36.200001 13.100000 127.299995
v -33.108688 13.100000 127.299995
f -3 -2 -1
v -5.341763 19.000000 89.746910
v -5.483256 19.000000 89.737633
v -5.707335 19.000000 91.857635
f -3 -2 -1
v -5.483256 19.000000 89.737633
v -5.624210 19.000000 89.722191
v -5.707335 19.000000 91.857635
f -3 -2 -1
v -5.624210 19.000000 89.722191
v -5.764356 19.000000 89.700623
v -5.707335 19.000000 91.857635
f -3 -2 -1
v -5.707335 19.000000 91.857635
v -5.764356 19.000000 89.700623
v -7.040462 19.000000 92.067093
f -3 -2 -1
v -35.058239 19.000000 124.746902
v -36.200001 19.000000 127.299995
v -34.916744 19.000000 124.737633
f -3 -2 -1
v -36.200001 19.000000 127.299995
v -33.108688 19.000000 127.299995
v -34.916744 19.000000 124.737633
f -3 -2 -1
v -34.916744 19.000000 124.737633
v -33.108688 19.000000 127.299995
v -34.775791 19.000000 124.722198
f -3 -2 -1
v -35.903427 19.000000 118.327034
v -35.764355 19.000000 118.299370
v -35.200001 19.000000 89.750000
f -3 -2 -1
v -35.764355 19.000000 118.299370
v -35.624210 19.000000 118.277802
v -35.200001 19.000000 89.750000
f -3 -2 -1
v -33.956280 19.000000 118.497391
v -33.826488 19.000000 118.554504
v -34.916744 19.000000 89.737633
f -3 -2 -1
v -35.058239 19.000000 124.746902
v -35.200001 19.000000 124.750000
v -36.200001 19.000000 127.299995
f -3 -2 -1
v -35.200001 19.000000 124.750000
v -35.341763 19.000000 124.746902
v -36.200001 19.000000 127.299995
f -3 -2 -1
v -36.200001 19.000000 127.299995
v -35.341763 19.000000 124.746902
v -35.483257 19.000000 124.737633
f -3 -2 -1
v -35.624210 19.000000 118.277802
v -35.483257 19.000000 118.262367
v -35.200001 19.000000 89.750000
f -3 -2 -1
v -35.483257 19.000000 118.262367
v -35.341763 19.000000 118.253098
v -35.200001 19.000000 89.750000
f -3 -2 -1
v -35.200001 19.000000 89.750000
v -35.341763 19.000000 118.253098
v -35.200001 19.000000 118.250000
f -3 -2 -1
v -38.437630 19.000000 121.216743
v -35.200001 19.000000 89.750000
v -35.341763 19.000000 89.746910
f -3 -2 -1
v -35.058239 19.000000 118.253098
v -34.916744 19.000000 118.262367
v -34.916744 19.000000 89.737633
f -3 -2 -1
v -34.916744 19.000000 118.262367
v -34.775791 19.000000 118.277802
v -34.916744 19.000000 89.737633
f -3 -2 -1
v -33.826488 19.000000 118.554504
v -33.699318 19.000000 118.617218
v -34.916744 19.000000 89.737633
f -3 -2 -1
v -33.699318 19.000000 118.617218
v -33.574997 19.000000 118.685417
v -34.916744 19.000000 89.737633
f -3 -2 -1
v -34.916744 19.000000 89.737633
v -33.574997 19.000000 118.685417
v -33.453777 19.000000 118.758980
f -3 -2 -1
v -35.624210 19.000000 83.277809
v -35.483257 19.000000 83.262367
v -27.199266 19.000000 66.399269
f -3 -2 -1
v -35.483257 19.000000 83.262367
v -35.341763 19.000000 83.253090
v -27.199266 19.000000 66.399269
f -3 -2 -1
v -27.199266 19.000000 66.399269
v -35.341763 19.000000 83.253090
v -35.200001 19.000000 83.250000
f -3 -2 -1
v -5.341763 19.000000 83.253090
v -5.200000 19.000000 83.250000
v -11.500733 19.000000 66.399269
f -3 -2 -1
v -5.200000 19.000000 83.250000
v -5.058237 19.000000 83.253090
v -11.500733 19.000000 66.399269
f -3 -2 -1
v -36.700684 19.000000 118.617218
v -35.200001 19.000000 89.750000
v -36.825001 19.000000 118.685417
f -3 -2 -1
v -35.200001 19.000000 89.750000
v -36.946220 19.000000 118.758980
v -36.825001 19.000000 118.685417
f -3 -2 -1
v -36.311565 19.000000 118.445999
v -36.177292 19.000000 118.400414
v -35.200001 19.000000 89.750000
f -3 -2 -1
v -36.177292 19.000000 118.400414
v -36.041164 19.000000 118.360741
v -35.200001 19.000000 89.750000
f -3 -2 -1
v -35.200001 19.000000 89.750000
v -36.041164 19.000000 118.360741
v -35.903427 19.000000 118.327034
f -3 -2 -1
v -35.058239 19.000000 118.253098
v -34.916744 19.000000 89.737633
v -35.200001 19.000000 118.250000
f -3 -2 -1
v -34.916744 19.000000 89.737633
v -35.058239 19.000000 89.746910
v -35.200001 19.000000 118.250000
f -3 -2 -1
v -35.200001 19.000000 118.250000
v -35.058239 19.000000 89.746910
v -35.200001 19.000000 89.750000
f -3 -2 -1
v -5.764356 19.000000 89.700623
v -5.903429 19.000000 89.672958
v -7.040462 19.000000 92.067093
f -3 -2 -1
v -5.903429 19.000000 89.672958
v -6.041162 19.000000 89.639259
v -7.040462 19.000000 92.067093
f -3 -2 -1
v -7.040462 19.000000 92.067093
v -6.041162 19.000000 89.639259
v -6.177294 19.000000 89.599579
f -3 -2 -1
v -4.775790 19.000000 89.722191
v -4.916744 19.000000 89.737633
v -4.272697 19.000000 91.690125
f -3 -2 -1
v -4.916744 19.000000 89.737633
v -5.058237 19.000000 89.746910
v -4.272697 19.000000 91.690125
f -3 -2 -1
v -4.272697 19.000000 91.690125
v -5.058237 19.000000 89.746910
v -5.707335 19.000000 91.857635
f -3 -2 -1
v -5.058237 19.000000 89.746910
v -5.200000 19.000000 89.750000
v -5.707335 19.000000 91.857635
f -3 -2 -1
v -5.707335 19.000000 91.857635
v -5.200000 19.000000 89.750000
v -5.341763 19.000000 89.746910
f -3 -2 -1
v -36.700684 19.000000 118.617218
v -36.573509 19.000000 118.554504
v -35.200001 19.000000 89.750000
f -3 -2 -1
v -36.573509 19.000000 118.554504
v -36.443722 19.000000 118.497391
v -35.200001 19.000000 89.750000
f -3 -2 -1
v -35.200001 19.000000 89.750000
v -36.443722 19.000000 118.497391
v -36.311565 19.000000 118.445999
f -3 -2 -1
v -34.775791 19.000000 118.277802
v -34.635643 19.000000 118.299370
v -34.916744 19.000000 89.737633
f -3 -2 -1
v -34.635643 19.000000 118.299370
v -34.496571 19.000000 118.327034
v -34.916744 19.000000 89.737633
f -3 -2 -1
v -34.916744 19.000000 89.737633
v -34.496571 19.000000 118.327034
v -34.358837 19.000000 118.360741
f -3 -2 -1
v -34.358837 19.000000 118.360741
v -34.222706 19.000000 118.400414
v -34.916744 19.000000 89.737633
f -3 -2 -1
v -34.222706 19.000000 118.400414
v -34.088432 19.000000 118.445999
v -34.916744 19.000000 89.737633
f -3 -2 -1
v -34.916744 19.000000 89.737633
v -34.088432 19.000000 118.445999
v -33.956280 19.000000 118.497391
f -3 -2 -1
v -5.903429 19.000000 83.327042
v -5.764356 19.000000 83.299377
v -11.500733 19.000000 66.399269
f -3 -2 -1
v -38.254002 19.000000 120.388435
v -38.202610 19.000000 120.256279
v -35.200001 19.000000 89.750000
f -3 -2 -1
v -38.202610 19.000000 120.256279
v -38.145500 19.000000 120.126495
v -35.200001 19.000000 89.750000
f -3 -2 -1
v -35.200001 19.000000 89.750000
v -38.145500 19.000000 120.126495
v -38.082787 19.000000 119.999321
f -3 -2 -1
v -38.082787 19.000000 119.999321
v -38.014584 19.000000 119.875000
v -35.200001 19.000000 89.750000
f -3 -2 -1
v -38.014584 19.000000 119.875000
v -37.941025 19.000000 119.753777
v -35.200001 19.000000 89.750000
f -3 -2 -1
v -35.200001 19.000000 89.750000
v -37.941025 19.000000 119.753777
v -37.862244 19.000000 119.635880
f -3 -2 -1
v -37.862244 19.000000 119.635880
v -37.778400 19.000000 119.521530
v -35.200001 19.000000 89.750000
f -3 -2 -1
v -37.778400 19.000000 119.521530
v -37.689644 19.000000 119.410942
v -35.200001 19.000000 89.750000
f -3 -2 -1
v -35.200001 19.000000 89.750000
v -37.689644 19.000000 119.410942
v -37.596149 19.000000 119.304329
f -3 -2 -1
v -40.199997 19.000000 79.400002
v -36.311565 19.000000 83.445999
v -36.177292 19.000000 83.400421
f -3 -2 -1
v -5.764356 19.000000 83.299377
v -5.624210 19.000000 83.277809
v -11.500733 19.000000 66.399269
f -3 -2 -1
v -5.624210 19.000000 83.277809
v -5.483256 19.000000 83.262367
v -11.500733 19.000000 66.399269
f -3 -2 -1
v -11.500733 19.000000 66.399269
v -5.483256 19.000000 83.262367
v -5.341763 19.000000 83.253090
f -3 -2 -1
v -34.358837 19.000000 124.639259
v -34.496571 19.000000 124.672966
v -33.108688 19.000000 127.299995
f -3 -2 -1
v -34.496571 19.000000 124.672966
v -34.635643 19.000000 124.700630
v -33.108688 19.000000 127.299995
f -3 -2 -1
v -33.108688 19.000000 127.299995
v -34.635643 19.000000 124.700630
v -34.775791 19.000000 124.722198
f -3 -2 -1
v -37.596149 19.000000 119.304329
v -37.498096 19.000000 119.201904
v -35.200001 19.000000 89.750000
f -3 -2 -1
v -37.498096 19.000000 119.201904
v -37.395668 19.000000 119.103851
v -35.200001 19.000000 89.750000
f -3 -2 -1
v -35.200001 19.000000 89.750000
v -37.395668 19.000000 119.103851
v -37.289062 19.000000 119.010361
f -3 -2 -1
v -35.483257 19.000000 124.737633
v -35.624210 19.000000 124.722198
v -36.200001 19.000000 127.299995
f -3 -2 -1
v -35.624210 19.000000 124.722198
v -35.764355 19.000000 124.700630
v -36.200001 19.000000 127.299995
f -3 -2 -1
v -36.200001 19.000000 127.299995
v -35.764355 19.000000 124.700630
v -36.374477 19.000000 127.296196
f -3 -2 -1
v -35.764355 19.000000 124.700630
v -35.903427 19.000000 124.672966
v -36.374477 19.000000 127.296196
f -3 -2 -1
v -36.177292 19.000000 124.599586
v -36.894592 19.000000 127.239227
v -36.041164 19.000000 124.639259
f -3 -2 -1
v -36.894592 19.000000 127.239227
v -36.722103 19.000000 127.265778
v -36.041164 19.000000 124.639259
f -3 -2 -1
v -36.041164 19.000000 124.639259
v -36.722103 19.000000 127.265778
v -35.903427 19.000000 124.672966
f -3 -2 -1
v -36.722103 19.000000 127.265778
v -36.548622 19.000000 127.284782
v -35.903427 19.000000 124.672966
f -3 -2 -1
v -35.903427 19.000000 124.672966
v -36.548622 19.000000 127.284782
v -36.374477 19.000000 127.296196
f -3 -2 -1
v -40.199997 19.000000 123.300003
v -36.700684 19.000000 89.382782
v -36.825001 19.000000 89.314583
f -3 -2 -1
v -36.177292 19.000000 83.400421
v -36.041164 19.000000 83.360741
v -40.199997 19.000000 79.400002
f -3 -2 -1
v -36.041164 19.000000 83.360741
v -35.903427 19.000000 83.327042
v -40.199997 19.000000 79.400002
f -3 -2 -1
v -40.199997 19.000000 79.400002
v -35.903427 19.000000 83.327042
v -27.199266 19.000000 66.399269
f -3 -2 -1
v -35.903427 19.000000 83.327042
v -35.764355 19.000000 83.299377
v -27.199266 19.000000 66.399269
f -3 -2 -1
v -27.199266 19.000000 66.399269
v -35.764355 19.000000 83.299377
v -35.624210 19.000000 83.277809
f -3 -2 -1
v -34.358837 19.000000 89.639259
v -34.496571 19.000000 89.672958
v -28.340778 19.000000 116.036270
f -3 -2 -1
v -33.826488 19.000000 124.445496
v -33.956280 19.000000 124.502609
v -32.760803 19.000000 127.284843
f -3 -2 -1
v -32.760803 19.000000 127.284843
v -33.956280 19.000000 124.502609
v -32.934582 19.000000 127.296211
f -3 -2 -1
v -33.956280 19.000000 124.502609
v -34.088432 19.000000 124.554001
v -32.934582 19.000000 127.296211
f -3 -2 -1
v -32.934582 19.000000 127.296211
v -34.088432 19.000000 124.554001
v -33.108688 19.000000 127.299995
f -3 -2 -1
v -34.088432 19.000000 124.554001
v -34.222706 19.000000 124.599586
v -33.108688 19.000000 127.299995
f -3 -2 -1
v -33.108688 19.000000 127.299995
v -34.222706 19.000000 124.599586
v -34.358837 19.000000 124.639259
f -3 -2 -1
v -4.496571 19.000000 83.327042
v -4.358838 19.000000 83.360741
v -0.200000 19.000000 77.699997
f -3 -2 -1
v -3.699317 19.000000 89.382782
v -3.826491 19.000000 89.445503
v -2.864478 19.000000 91.437263
f -3 -2 -1
v -38.437630 19.000000 121.216743
v -38.422195 19.000000 121.075790
v -35.200001 19.000000 89.750000
f -3 -2 -1
v -38.422195 19.000000 121.075790
v -38.400623 19.000000 120.935638
v -35.200001 19.000000 89.750000
f -3 -2 -1
v -35.200001 19.000000 89.750000
v -38.400623 19.000000 120.935638
v -38.372963 19.000000 120.796570
f -3 -2 -1
v -37.289062 19.000000 119.010361
v -37.178474 19.000000 118.921600
v -35.200001 19.000000 89.750000
f -3 -2 -1
v -37.178474 19.000000 118.921600
v -37.064125 19.000000 118.837761
v -35.200001 19.000000 89.750000
f -3 -2 -1
v -35.200001 19.000000 89.750000
v -37.064125 19.000000 118.837761
v -36.946220 19.000000 118.758980
f -3 -2 -1
v -36.443722 19.000000 124.502609
v -37.402824 19.000000 127.114861
v -36.311565 19.000000 124.554001
f -3 -2 -1
v -37.402824 19.000000 127.114861
v -37.235275 19.000000 127.163712
v -36.311565 19.000000 124.554001
f -3 -2 -1
v -36.311565 19.000000 124.554001
v -37.235275 19.000000 127.163712
v -36.177292 19.000000 124.599586
f -3 -2 -1
v -37.235275 19.000000 127.163712
v -37.065758 19.000000 127.205177
v -36.177292 19.000000 124.599586
f -3 -2 -1
v -36.177292 19.000000 124.599586
v -37.065758 19.000000 127.205177
v -36.894592 19.000000 127.239227
f -3 -2 -1
v -37.596149 19.000000 123.695671
v -39.476608 19.000000 125.594299
v -37.498096 19.000000 123.798096
f -3 -2 -1
v -39.476608 19.000000 125.594299
v -39.373413 19.000000 125.735046
v -37.498096 19.000000 123.798096
f -3 -2 -1
v -37.498096 19.000000 123.798096
v -39.373413 19.000000 125.735046
v -37.395668 19.000000 123.896149
f -3 -2 -1
v -35.903427 19.000000 89.672958
v -36.041164 19.000000 89.639259
v -40.199997 19.000000 123.300003
f -3 -2 -1
v -36.041164 19.000000 89.639259
v -36.177292 19.000000 89.599579
v -40.199997 19.000000 123.300003
f -3 -2 -1
v -40.199997 19.000000 123.300003
v -36.177292 19.000000 89.599579
v -36.311565 19.000000 89.554001
f -3 -2 -1
v -36.825001 19.000000 89.314583
v -36.946220 19.000000 89.241020
v -40.199997 19.000000 123.300003
f -3 -2 -1
v -36.946220 19.000000 89.241020
v -37.064125 19.000000 89.162247
v -40.199997 19.000000 123.300003
f -3 -2 -1
v -40.199997 19.000000 123.300003
v -37.064125 19.000000 89.162247
v -37.178474 19.000000 89.078400
f -3 -2 -1
v -37.064125 19.000000 83.837753
v -36.946220 19.000000 83.758980
v -40.199997 19.000000 79.400002
f -3 -2 -1
v -36.946220 19.000000 83.758980
v -36.825001 19.000000 83.685417
v -40.199997 19.000000 79.400002
f -3 -2 -1
v -40.199997 19.000000 79.400002
v -36.825001 19.000000 83.685417
v -36.700684 19.000000 83.617218
f -3 -2 -1
v -6.573509 19.000000 89.445503
v -8.284560 19.000000 92.313599
v -6.443721 19.000000 89.502609
f -3 -2 -1
v -8.284560 19.000000 92.313599
v -7.040462 19.000000 92.067093
v -6.443721 19.000000 89.502609
f -3 -2 -1
v -6.443721 19.000000 89.502609
v -7.040462 19.000000 92.067093
v -6.311565 19.000000 89.554001
f -3 -2 -1
v -7.040462 19.000000 92.067093
v -6.177294 19.000000 89.599579
v -6.311565 19.000000 89.554001
f -3 -2 -1
v -6.573509 19.000000 89.445503
v -6.700683 19.000000 89.382782
v -8.284560 19.000000 92.313599
f -3 -2 -1
v -6.700683 19.000000 89.382782
v -6.825000 19.000000 89.314583
v -8.284560 19.000000 92.313599
f -3 -2 -1
v -8.284560 19.000000 92.313599
v -6.825000 19.000000 89.314583
v -9.450293 19.000000 92.593346
f -3 -2 -1
v -35.200001 19.000000 83.250000
v -35.058239 19.000000 83.253090
v -27.199266 19.000000 66.399269
f -3 -2 -1
v -35.058239 19.000000 83.253090
v -34.916744 19.000000 83.262367
v -27.199266 19.000000 66.399269
f -3 -2 -1
v -27.199266 19.000000 66.399269
v -34.916744 19.000000 83.262367
v -34.775791 19.000000 83.277809
f -3 -2 -1
v -28.340778 19.000000 116.036270
v -34.496571 19.000000 89.672958
v -28.656454 19.000000 118.168617
f -3 -2 -1
v -34.496571 19.000000 89.672958
v -34.635643 19.000000 89.700623
v -28.656454 19.000000 118.168617
f -3 -2 -1
v -28.656454 19.000000 118.168617
v -34.635643 19.000000 89.700623
v -28.915855 19.000000 120.563438
f -3 -2 -1
v -33.335876 19.000000 118.837761
v -33.221523 19.000000 118.921600
v -34.635643 19.000000 89.700623
f -3 -2 -1
v -5.058237 19.000000 83.253090
v -4.916744 19.000000 83.262367
v -11.500733 19.000000 66.399269
f -3 -2 -1
v -4.916744 19.000000 83.262367
v -4.775790 19.000000 83.277809
v -11.500733 19.000000 66.399269
f -3 -2 -1
v -11.500733 19.000000 66.399269
v -4.775790 19.000000 83.277809
v -0.200000 19.000000 77.699997
f -3 -2 -1
v -4.775790 19.000000 83.277809
v -4.635643 19.000000 83.299377
v -0.200000 19.000000 77.699997
f -3 -2 -1
v -0.200000 19.000000 77.699997
v -4.635643 19.000000 83.299377
v -4.496571 19.000000 83.327042
f -3 -2 -1
v -2.864478 19.000000 91.437263
v -3.826491 19.000000 89.445503
v -3.025601 19.000000 91.490524
f -3 -2 -1
v -3.826491 19.000000 89.445503
v -3.956279 19.000000 89.502609
v -3.025601 19.000000 91.490524
f -3 -2 -1
v -3.025601 19.000000 91.490524
v -3.956279 19.000000 89.502609
v -3.188837 19.000000 91.536896
f -3 -2 -1
v -3.188837 19.000000 91.536896
v -3.956279 19.000000 89.502609
v -3.353893 19.000000 91.576294
f -3 -2 -1
v -3.956279 19.000000 89.502609
v -4.088434 19.000000 89.554001
v -3.353893 19.000000 91.576294
f -3 -2 -1
v -3.353893 19.000000 91.576294
v -4.088434 19.000000 89.554001
v -3.520473 19.000000 91.608665
f -3 -2 -1
v -4.088434 19.000000 89.554001
v -4.222706 19.000000 89.599579
v -3.520473 19.000000 91.608665
f -3 -2 -1
v -3.520473 19.000000 91.608665
v -4.222706 19.000000 89.599579
v -3.688274 19.000000 91.633942
f -3 -2 -1
v -4.222706 19.000000 89.599579
v -4.358838 19.000000 89.639259
v -3.688274 19.000000 91.633942
f -3 -2 -1
v -3.688274 19.000000 91.633942
v -4.358838 19.000000 89.639259
v -3.856997 19.000000 91.652077
f -3 -2 -1
v -4.358838 19.000000 89.639259
v -4.496571 19.000000 89.672958
v -3.856997 19.000000 91.652077
f -3 -2 -1
v -3.856997 19.000000 91.652077
v -4.496571 19.000000 89.672958
v -4.272697 19.000000 91.690125
f -3 -2 -1
v -4.496571 19.000000 89.672958
v -4.635643 19.000000 89.700623
v -4.272697 19.000000 91.690125
f -3 -2 -1
v -4.272697 19.000000 91.690125
v -4.635643 19.000000 89.700623
v -4.775790 19.000000 89.722191
f -3 -2 -1
v -38.372963 19.000000 120.796570
v -38.339256 19.000000 120.658836
v -35.200001 19.000000 89.750000
f -3 -2 -1
v -38.339256 19.000000 120.658836
v -38.299580 19.000000 120.522705
v -35.200001 19.000000 89.750000
f -3 -2 -1
v -35.200001 19.000000 89.750000
v -38.299580 19.000000 120.522705
v -38.254002 19.000000 120.388435
f -3 -2 -1
v -36.311565 19.000000 89.554001
v -36.443722 19.000000 89.502609
v -40.199997 19.000000 123.300003
f -3 -2 -1
v -36.443722 19.000000 89.502609
v -36.573509 19.000000 89.445503
v -40.199997 19.000000 123.300003
f -3 -2 -1
v -40.199997 19.000000 123.300003
v -36.573509 19.000000 89.445503
v -36.700684 19.000000 89.382782
f -3 -2 -1
v -37.178474 19.000000 89.078400
v -37.289062 19.000000 88.989647
v -40.199997 19.000000 123.300003
f -3 -2 -1
v -37.289062 19.000000 88.989647
v -37.395668 19.000000 88.896149
v -40.199997 19.000000 123.300003
f -3 -2 -1
v -40.199997 19.000000 123.300003
v -37.395668 19.000000 88.896149
v -37.498096 19.000000 88.798096
f -3 -2 -1
v -37.778400 19.000000 84.521523
v -37.689644 19.000000 84.410942
v -40.199997 19.000000 79.400002
f -3 -2 -1
v -36.700684 19.000000 83.617218
v -36.573509 19.000000 83.554497
v -40.199997 19.000000 79.400002
f -3 -2 -1
v -36.573509 19.000000 83.554497
v -36.443722 19.000000 83.497391
v -40.199997 19.000000 79.400002
f -3 -2 -1
v -40.199997 19.000000 79.400002
v -36.443722 19.000000 83.497391
v -36.311565 19.000000 83.445999
f -3 -2 -1
v -6.825000 19.000000 89.314583
v -6.946224 19.000000 89.241020
v -9.450293 19.000000 92.593346
f -3 -2 -1
v -6.946224 19.000000 89.241020
v -7.064124 19.000000 89.162247
v -9.450293 19.000000 92.593346
f -3 -2 -1
v -9.450293 19.000000 92.593346
v -7.064124 19.000000 89.162247
v -10.546812 19.000000 92.903419
f -3 -2 -1
v -34.775791 19.000000 83.277809
v -34.635643 19.000000 83.299377
v -27.199266 19.000000 66.399269
f -3 -2 -1
v -34.635643 19.000000 83.299377
v -34.496571 19.000000 83.327042
v -27.199266 19.000000 66.399269
f -3 -2 -1
v -27.199266 19.000000 66.399269
v -34.496571 19.000000 83.327042
v -34.358837 19.000000 83.360741
f -3 -2 -1
v -32.317215 19.000000 119.999321
v -32.254498 19.000000 120.126495
v -28.915855 19.000000 120.563438
f -3 -2 -1
v -32.760803 19.000000 127.284843
v -32.587688 19.000000 127.265930
v -33.826488 19.000000 124.445496
f -3 -2 -1
v -32.587688 19.000000 127.265930
v -32.415558 19.000000 127.239494
v -33.826488 19.000000 124.445496
f -3 -2 -1
v -33.826488 19.000000 124.445496
v -32.415558 19.000000 127.239494
v -33.699318 19.000000 124.382790
f -3 -2 -1
v -36.700684 19.000000 124.382790
v -37.890472 19.000000 126.925232
v -36.573509 19.000000 124.445496
f -3 -2 -1
v -37.890472 19.000000 126.925232
v -37.730736 19.000000 126.995522
v -36.573509 19.000000 124.445496
f -3 -2 -1
v -36.573509 19.000000 124.445496
v -37.730736 19.000000 126.995522
v -36.443722 19.000000 124.502609
f -3 -2 -1
v -37.730736 19.000000 126.995522
v -37.568081 19.000000 127.058777
v -36.443722 19.000000 124.502609
f -3 -2 -1
v -36.443722 19.000000 124.502609
v -37.568081 19.000000 127.058777
v -37.402824 19.000000 127.114861
f -3 -2 -1
v -36.946220 19.000000 124.241028
v -38.349201 19.000000 126.673561
v -36.825001 19.000000 124.314583
f -3 -2 -1
v -38.349201 19.000000 126.673561
v -38.199997 19.000000 126.764107
v -36.825001 19.000000 124.314583
f -3 -2 -1
v -36.825001 19.000000 124.314583
v -38.199997 19.000000 126.764107
v -36.700684 19.000000 124.382790
f -3 -2 -1
v -38.199997 19.000000 126.764107
v -38.046993 19.000000 126.848045
v -36.700684 19.000000 124.382790
f -3 -2 -1
v -36.700684 19.000000 124.382790
v -38.046993 19.000000 126.848045
v -37.890472 19.000000 126.925232
f -3 -2 -1
v -37.178474 19.000000 124.078400
v -38.771149 19.000000 126.364174
v -37.064125 19.000000 124.162239
f -3 -2 -1
v -38.771149 19.000000 126.364174
v -38.635044 19.000000 126.473412
v -37.064125 19.000000 124.162239
f -3 -2 -1
v -37.064125 19.000000 124.162239
v -38.635044 19.000000 126.473412
v -36.946220 19.000000 124.241028
f -3 -2 -1
v -38.635044 19.000000 126.473412
v -38.494308 19.000000 126.576599
v -36.946220 19.000000 124.241028
f -3 -2 -1
v -36.946220 19.000000 124.241028
v -38.494308 19.000000 126.576599
v -38.349201 19.000000 126.673561
f -3 -2 -1
v -37.778400 19.000000 123.478470
v -37.862244 19.000000 123.364120
v -39.895519 19.000000 124.830727
f -3 -2 -1
v -37.689644 19.000000 84.410942
v -37.596149 19.000000 84.304337
v -40.199997 19.000000 79.400002
f -3 -2 -1
v -37.596149 19.000000 84.304337
v -37.498096 19.000000 84.201904
v -40.199997 19.000000 79.400002
f -3 -2 -1
v -40.199997 19.000000 79.400002
v -37.498096 19.000000 84.201904
v -37.395668 19.000000 84.103844
f -3 -2 -1
v -6.311565 19.000000 83.445999
v -6.177294 19.000000 83.400421
v -11.500733 19.000000 66.399269
f -3 -2 -1
v -6.177294 19.000000 83.400421
v -6.041162 19.000000 83.360741
v -11.500733 19.000000 66.399269
f -3 -2 -1
v -11.500733 19.000000 66.399269
v -6.041162 19.000000 83.360741
v -5.903429 19.000000 83.327042
f -3 -2 -1
v -30.542091 19.000000 126.367989
v -32.901901 19.000000 123.798096
v -33.004333 19.000000 123.896149
f -3 -2 -1
v -31.581041 19.000000 126.996803
v -33.335876 19.000000 124.162239
v -33.453777 19.000000 124.241028
f -3 -2 -1
v -32.415558 19.000000 127.239494
v -32.244743 19.000000 127.205582
v -33.699318 19.000000 124.382790
f -3 -2 -1
v -32.244743 19.000000 127.205582
v -32.075562 19.000000 127.164276
v -33.699318 19.000000 124.382790
f -3 -2 -1
v -33.699318 19.000000 124.382790
v -32.075562 19.000000 127.164276
v -33.574997 19.000000 124.314583
f -3 -2 -1
v -32.075562 19.000000 127.164276
v -31.908344 19.000000 127.115654
v -33.574997 19.000000 124.314583
f -3 -2 -1
v -33.574997 19.000000 124.314583
v -31.908344 19.000000 127.115654
v -33.453777 19.000000 124.241028
f -3 -2 -1
v -31.908344 19.000000 127.115654
v -31.743401 19.000000 127.059784
v -33.453777 19.000000 124.241028
f -3 -2 -1
v -33.453777 19.000000 124.241028
v -31.743401 19.000000 127.059784
v -31.581041 19.000000 126.996803
f -3 -2 -1
v -4.358838 19.000000 83.360741
v -4.222706 19.000000 83.400421
v -0.200000 19.000000 77.699997
f -3 -2 -1
v -4.222706 19.000000 83.400421
v -4.088434 19.000000 83.445999
v -0.200000 19.000000 77.699997
f -3 -2 -1
v -0.200000 19.000000 77.699997
v -4.088434 19.000000 83.445999
v -3.956279 19.000000 83.497391
f -3 -2 -1
v -37.778400 19.000000 88.478477
v -37.862244 19.000000 88.364120
v -40.199997 19.000000 123.300003
f -3 -2 -1
v -37.862244 19.000000 88.364120
v -37.941025 19.000000 88.246223
v -40.199997 19.000000 123.300003
f -3 -2 -1
v -33.335876 19.000000 118.837761
v -34.635643 19.000000 89.700623
v -33.453777 19.000000 118.758980
f -3 -2 -1
v -34.635643 19.000000 89.700623
v -34.775791 19.000000 89.722191
v -33.453777 19.000000 118.758980
f -3 -2 -1
v -33.453777 19.000000 118.758980
v -34.775791 19.000000 89.722191
v -34.916744 19.000000 89.737633
f -3 -2 -1
v -32.901901 19.000000 119.201904
v -32.803848 19.000000 119.304329
v -34.635643 19.000000 89.700623
f -3 -2 -1
v -32.803848 19.000000 119.304329
v -32.710354 19.000000 119.410942
v -34.635643 19.000000 89.700623
f -3 -2 -1
v -34.635643 19.000000 89.700623
v -32.710354 19.000000 119.410942
v -28.915855 19.000000 120.563438
f -3 -2 -1
v -32.710354 19.000000 119.410942
v -32.621605 19.000000 119.521530
v -28.915855 19.000000 120.563438
f -3 -2 -1
v -28.915855 19.000000 120.563438
v -32.621605 19.000000 119.521530
v -32.537754 19.000000 119.635880
f -3 -2 -1
v -33.110939 19.000000 123.989639
v -30.818642 19.000000 126.579582
v -33.004333 19.000000 123.896149
f -3 -2 -1
v -30.818642 19.000000 126.579582
v -30.678062 19.000000 126.476791
v -33.004333 19.000000 123.896149
f -3 -2 -1
v -33.004333 19.000000 123.896149
v -30.678062 19.000000 126.476791
v -30.542091 19.000000 126.367989
f -3 -2 -1
v -31.581041 19.000000 126.996803
v -31.421579 19.000000 126.926796
v -33.335876 19.000000 124.162239
f -3 -2 -1
v -31.421579 19.000000 126.926796
v -31.265314 19.000000 126.849937
v -33.335876 19.000000 124.162239
f -3 -2 -1
v -33.335876 19.000000 124.162239
v -31.265314 19.000000 126.849937
v -33.221523 19.000000 124.078400
f -3 -2 -1
v -31.265314 19.000000 126.849937
v -31.112547 19.000000 126.766327
v -33.221523 19.000000 124.078400
f -3 -2 -1
v -33.221523 19.000000 124.078400
v -31.112547 19.000000 126.766327
v -33.110939 19.000000 123.989639
f -3 -2 -1
v -31.112547 19.000000 126.766327
v -30.963560 19.000000 126.676155
v -33.110939 19.000000 123.989639
f -3 -2 -1
v -33.110939 19.000000 123.989639
v -30.963560 19.000000 126.676155
v -30.818642 19.000000 126.579582
f -3 -2 -1
v -3.335877 19.000000 89.162247
v -1.958036 19.000000 90.979446
v -3.221525 19.000000 89.078400
f -3 -2 -1
v -1.958036 19.000000 90.979446
v -1.819551 19.000000 90.881378
v -3.221525 19.000000 89.078400
f -3 -2 -1
v -3.221525 19.000000 89.078400
v -1.819551 19.000000 90.881378
v -3.110940 19.000000 88.989647
f -3 -2 -1
v -2.864478 19.000000 91.437263
v -2.705759 19.000000 91.377228
v -3.699317 19.000000 89.382782
f -3 -2 -1
v -2.705759 19.000000 91.377228
v -2.549729 19.000000 91.310516
v -3.699317 19.000000 89.382782
f -3 -2 -1
v -3.699317 19.000000 89.382782
v -2.549729 19.000000 91.310516
v -3.575000 19.000000 89.314583
f -3 -2 -1
v -2.549729 19.000000 91.310516
v -2.396670 19.000000 91.237236
v -3.575000 19.000000 89.314583
f -3 -2 -1
v -3.575000 19.000000 89.314583
v -2.396670 19.000000 91.237236
v -3.453776 19.000000 89.241020
f -3 -2 -1
v -2.396670 19.000000 91.237236
v -2.246855 19.000000 91.157539
v -3.453776 19.000000 89.241020
f -3 -2 -1
v -3.453776 19.000000 89.241020
v -2.246855 19.000000 91.157539
v -3.335877 19.000000 89.162247
f -3 -2 -1
v -2.246855 19.000000 91.157539
v -2.100557 19.000000 91.071564
v -3.335877 19.000000 89.162247
f -3 -2 -1
v -3.335877 19.000000 89.162247
v -2.100557 19.000000 91.071564
v -1.958036 19.000000 90.979446
f -3 -2 -1
v -39.373413 19.000000 125.735046
v -39.264175 19.000000 125.871155
v -37.395668 19.000000 123.896149
f -3 -2 -1
v -39.264175 19.000000 125.871155
v -39.149109 19.000000 126.002357
v -37.395668 19.000000 123.896149
f -3 -2 -1
v -37.395668 19.000000 123.896149
v -39.149109 19.000000 126.002357
v -37.289062 19.000000 123.989639
f -3 -2 -1
v -39.149109 19.000000 126.002357
v -39.028427 19.000000 126.128418
v -37.289062 19.000000 123.989639
f -3 -2 -1
v -37.289062 19.000000 123.989639
v -39.028427 19.000000 126.128418
v -37.178474 19.000000 124.078400
f -3 -2 -1
v -39.028427 19.000000 126.128418
v -38.902363 19.000000 126.249107
v -37.178474 19.000000 124.078400
f -3 -2 -1
v -37.178474 19.000000 124.078400
v -38.902363 19.000000 126.249107
v -38.771149 19.000000 126.364174
f -3 -2 -1
v -39.895519 19.000000 124.830727
v -37.862244 19.000000 123.364120
v -39.958771 19.000000 124.668083
f -3 -2 -1
v -37.862244 19.000000 123.364120
v -37.941025 19.000000 123.246223
v -39.958771 19.000000 124.668083
f -3 -2 -1
v -39.958771 19.000000 124.668083
v -37.941025 19.000000 123.246223
v -40.014866 19.000000 124.502823
f -3 -2 -1
v -38.400623 19.000000 122.064362
v -40.199997 19.000000 123.300003
v -38.372963 19.000000 122.203430
f -3 -2 -1
v -40.199997 19.000000 123.300003
v -38.339256 19.000000 122.341164
v -38.372963 19.000000 122.203430
f -3 -2 -1
v -38.400623 19.000000 122.064362
v -38.422195 19.000000 121.924210
v -40.199997 19.000000 123.300003
f -3 -2 -1
v -38.422195 19.000000 121.924210
v -38.437630 19.000000 121.783257
v -40.199997 19.000000 123.300003
f -3 -2 -1
v -40.199997 19.000000 123.300003
v -38.437630 19.000000 121.783257
v -38.446907 19.000000 121.641762
f -3 -2 -1
v -38.446907 19.000000 121.641762
v -38.450001 19.000000 121.500000
v -40.199997 19.000000 123.300003
f -3 -2 -1
v -38.450001 19.000000 121.500000
v -38.446907 19.000000 121.358238
v -40.199997 19.000000 123.300003
f -3 -2 -1
v -40.199997 19.000000 123.300003
v -38.446907 19.000000 121.358238
v -38.437630 19.000000 121.216743
f -3 -2 -1
v -37.941025 19.000000 88.246223
v -38.014584 19.000000 88.125000
v -40.199997 19.000000 123.300003
f -3 -2 -1
v -38.014584 19.000000 88.125000
v -38.082787 19.000000 88.000687
v -40.199997 19.000000 123.300003
f -3 -2 -1
v -40.199997 19.000000 123.300003
v -38.082787 19.000000 88.000687
v -38.145500 19.000000 87.873512
f -3 -2 -1
v -38.446907 19.000000 86.641769
v -40.199997 19.000000 79.400002
v -38.437630 19.000000 86.783249
f -3 -2 -1
v -40.199997 19.000000 79.400002
v -38.422195 19.000000 86.924210
v -38.437630 19.000000 86.783249
f -3 -2 -1
v -38.254002 19.000000 85.388435
v -38.202610 19.000000 85.256279
v -40.199997 19.000000 79.400002
f -3 -2 -1
v -38.202610 19.000000 85.256279
v -38.145500 19.000000 85.126488
v -40.199997 19.000000 79.400002
f -3 -2 -1
v -38.145500 19.000000 85.126488
v -38.082787 19.000000 84.999313
v -40.199997 19.000000 79.400002
f -3 -2 -1
v -40.199997 19.000000 79.400002
v -38.082787 19.000000 84.999313
v -38.014584 19.000000 84.875000
f -3 -2 -1
v -38.014584 19.000000 84.875000
v -37.941025 19.000000 84.753777
v -40.199997 19.000000 79.400002
f -3 -2 -1
v -37.941025 19.000000 84.753777
v -37.862244 19.000000 84.635880
v -40.199997 19.000000 79.400002
f -3 -2 -1
v -40.199997 19.000000 79.400002
v -37.862244 19.000000 84.635880
v -37.778400 19.000000 84.521523
f -3 -2 -1
v -37.395668 19.000000 84.103844
v -37.289062 19.000000 84.010353
v -40.199997 19.000000 79.400002
f -3 -2 -1
v -37.289062 19.000000 84.010353
v -37.178474 19.000000 83.921600
v -40.199997 19.000000 79.400002
f -3 -2 -1
v -40.199997 19.000000 79.400002
v -37.178474 19.000000 83.921600
v -37.064125 19.000000 83.837753
f -3 -2 -1
v -16.835281 19.000000 95.811386
v -7.498097 19.000000 88.798096
v -17.592369 19.000000 96.330711
f -3 -2 -1
v -7.498097 19.000000 88.798096
v -7.596151 19.000000 88.695671
v -17.592369 19.000000 96.330711
f -3 -2 -1
v -17.592369 19.000000 96.330711
v -7.596151 19.000000 88.695671
v -18.324493 19.000000 96.878738
f -3 -2 -1
v -34.358837 19.000000 83.360741
v -34.222706 19.000000 83.400421
v -27.199266 19.000000 66.399269
f -3 -2 -1
v -34.222706 19.000000 83.400421
v -34.088432 19.000000 83.445999
v -27.199266 19.000000 66.399269
f -3 -2 -1
v -27.199266 19.000000 66.399269
v -34.088432 19.000000 83.445999
v -33.956280 19.000000 83.497391
f -3 -2 -1
v -33.221523 19.000000 118.921600
v -33.110939 19.000000 119.010361
v -34.635643 19.000000 89.700623
f -3 -2 -1
v -33.110939 19.000000 119.010361
v -33.004333 19.000000 119.103851
v -34.635643 19.000000 89.700623
f -3 -2 -1
v -34.635643 19.000000 89.700623
v -33.004333 19.000000 119.103851
v -32.901901 19.000000 119.201904
f -3 -2 -1
v -32.537754 19.000000 119.635880
v -32.458981 19.000000 119.753777
v -28.915855 19.000000 120.563438
f -3 -2 -1
v -32.458981 19.000000 119.753777
v -32.385418 19.000000 119.875000
v -28.915855 19.000000 120.563438
f -3 -2 -1
v -28.915855 19.000000 120.563438
v -32.385418 19.000000 119.875000
v -32.317215 19.000000 119.999321
f -3 -2 -1
v -32.254498 19.000000 120.126495
v -32.197392 19.000000 120.256279
v -28.915855 19.000000 120.563438
f -3 -2 -1
v -32.197392 19.000000 120.256279
v -32.146000 19.000000 120.388435
v -28.915855 19.000000 120.563438
f -3 -2 -1
v -28.915855 19.000000 120.563438
v -32.146000 19.000000 120.388435
v -32.100422 19.000000 120.522705
f -3 -2 -1
v -32.100422 19.000000 120.522705
v -32.060741 19.000000 120.658836
v -28.915855 19.000000 120.563438
f -3 -2 -1
v -32.060741 19.000000 120.658836
v -32.027039 19.000000 120.796570
v -28.915855 19.000000 120.563438
f -3 -2 -1
v -28.915855 19.000000 120.563438
v -32.027039 19.000000 120.796570
v -31.999376 19.000000 120.935638
f -3 -2 -1
v -31.999376 19.000000 120.935638
v -31.977802 19.000000 121.075790
v -28.915855 19.000000 120.563438
f -3 -2 -1
v -31.977802 19.000000 121.075790
v -31.962368 19.000000 121.216743
v -28.915855 19.000000 120.563438
f -3 -2 -1
v -28.915855 19.000000 120.563438
v -31.962368 19.000000 121.216743
v -31.953093 19.000000 121.358238
f -3 -2 -1
v -30.542091 19.000000 126.367989
v -30.410982 19.000000 126.253365
v -32.901901 19.000000 123.798096
f -3 -2 -1
v -30.410982 19.000000 126.253365
v -30.284990 19.000000 126.133141
v -32.901901 19.000000 123.798096
f -3 -2 -1
v -32.901901 19.000000 123.798096
v -30.284990 19.000000 126.133141
v -32.803848 19.000000 123.695671
f -3 -2 -1
v -30.284990 19.000000 126.133141
v -30.164349 19.000000 126.007553
v -32.803848 19.000000 123.695671
f -3 -2 -1
v -32.803848 19.000000 123.695671
v -30.164349 19.000000 126.007553
v -32.710354 19.000000 123.589058
f -3 -2 -1
v -3.956279 19.000000 83.497391
v -3.826491 19.000000 83.554497
v -0.200000 19.000000 77.699997
f -3 -2 -1
v -3.826491 19.000000 83.554497
v -3.699317 19.000000 83.617218
v -0.200000 19.000000 77.699997
f -3 -2 -1
v -0.200000 19.000000 77.699997
v -3.699317 19.000000 83.617218
v -3.575000 19.000000 83.685417
f -3 -2 -1
v -0.200000 19.000000 77.699997
v -2.901903 19.000000 84.201904
v -2.803849 19.000000 84.304337
f -3 -2 -1
v -1.819551 19.000000 90.881378
v -1.685350 19.000000 90.777519
v -3.110940 19.000000 88.989647
f -3 -2 -1
v -1.685350 19.000000 90.777519
v -1.555675 19.000000 90.668068
v -3.110940 19.000000 88.989647
f -3 -2 -1
v -3.110940 19.000000 88.989647
v -1.555675 19.000000 90.668068
v -3.004332 19.000000 88.896149
f -3 -2 -1
v -1.555675 19.000000 90.668068
v -1.430758 19.000000 90.553207
v -3.004332 19.000000 88.896149
f -3 -2 -1
v -3.004332 19.000000 88.896149
v -1.430758 19.000000 90.553207
v -2.901903 19.000000 88.798096
f -3 -2 -1
v -39.895519 19.000000 124.830727
v -39.825230 19.000000 124.990471
v -37.778400 19.000000 123.478470
f -3 -2 -1
v -39.825230 19.000000 124.990471
v -39.748043 19.000000 125.147003
v -37.778400 19.000000 123.478470
f -3 -2 -1
v -37.778400 19.000000 123.478470
v -39.748043 19.000000 125.147003
v -37.689644 19.000000 123.589058
f -3 -2 -1
v -39.748043 19.000000 125.147003
v -39.664101 19.000000 125.300003
v -37.689644 19.000000 123.589058
f -3 -2 -1
v -37.689644 19.000000 123.589058
v -39.664101 19.000000 125.300003
v -37.596149 19.000000 123.695671
f -3 -2 -1
v -39.664101 19.000000 125.300003
v -39.573566 19.000000 125.449196
v -37.596149 19.000000 123.695671
f -3 -2 -1
v -37.596149 19.000000 123.695671
v -39.573566 19.000000 125.449196
v -39.476608 19.000000 125.594299
f -3 -2 -1
v -40.014866 19.000000 124.502823
v -37.941025 19.000000 123.246223
v -40.063702 19.000000 124.335274
f -3 -2 -1
v -37.941025 19.000000 123.246223
v -38.014584 19.000000 123.125000
v -40.063702 19.000000 124.335274
f -3 -2 -1
v -40.063702 19.000000 124.335274
v -38.014584 19.000000 123.125000
v -40.105183 19.000000 124.165756
f -3 -2 -1
v -38.014584 19.000000 123.125000
v -38.082787 19.000000 123.000679
v -40.105183 19.000000 124.165756
f -3 -2 -1
v -40.105183 19.000000 124.165756
v -38.082787 19.000000 123.000679
v -40.139233 19.000000 123.994598
f -3 -2 -1
v -35.341763 19.000000 89.746910
v -35.483257 19.000000 89.737633
v -38.437630 19.000000 121.216743
f -3 -2 -1
v -35.483257 19.000000 89.737633
v -35.624210 19.000000 89.722191
v -38.437630 19.000000 121.216743
f -3 -2 -1
v -38.437630 19.000000 121.216743
v -35.624210 19.000000 89.722191
v -40.199997 19.000000 123.300003
f -3 -2 -1
v -35.624210 19.000000 89.722191
v -35.764355 19.000000 89.700623
v -40.199997 19.000000 123.300003
f -3 -2 -1
v -40.199997 19.000000 123.300003
v -35.764355 19.000000 89.700623
v -35.903427 19.000000 89.672958
f -3 -2 -1
v -37.498096 19.000000 88.798096
v -37.596149 19.000000 88.695671
v -40.199997 19.000000 123.300003
f -3 -2 -1
v -37.596149 19.000000 88.695671
v -37.689644 19.000000 88.589058
v -40.199997 19.000000 123.300003
f -3 -2 -1
v -40.199997 19.000000 123.300003
v -37.689644 19.000000 88.589058
v -37.778400 19.000000 88.478477
f -3 -2 -1
v -38.145500 19.000000 87.873512
v -38.202610 19.000000 87.743721
v -40.199997 19.000000 123.300003
f -3 -2 -1
v -38.202610 19.000000 87.743721
v -38.254002 19.000000 87.611565
v -40.199997 19.000000 123.300003
f -3 -2 -1
v -40.199997 19.000000 123.300003
v -38.254002 19.000000 87.611565
v -38.299580 19.000000 87.477295
f -3 -2 -1
v -38.299580 19.000000 87.477295
v -38.339256 19.000000 87.341156
v -40.199997 19.000000 123.300003
f -3 -2 -1
v -38.339256 19.000000 87.341156
v -38.372963 19.000000 87.203430
v -40.199997 19.000000 123.300003
f -3 -2 -1
v -40.199997 19.000000 123.300003
v -38.372963 19.000000 87.203430
v -40.199997 19.000000 79.400002
f -3 -2 -1
v -38.372963 19.000000 87.203430
v -38.400623 19.000000 87.064354
v -40.199997 19.000000 79.400002
f -3 -2 -1
v -40.199997 19.000000 79.400002
v -38.400623 19.000000 87.064354
v -38.422195 19.000000 86.924210
f -3 -2 -1
v -38.446907 19.000000 86.641769
v -38.450001 19.000000 86.500000
v -40.199997 19.000000 79.400002
f -3 -2 -1
v -38.450001 19.000000 86.500000
v -38.446907 19.000000 86.358231
v -40.199997 19.000000 79.400002
f -3 -2 -1
v -40.199997 19.000000 79.400002
v -38.446907 19.000000 86.358231
v -38.437630 19.000000 86.216743
f -3 -2 -1
v -16.835281 19.000000 95.811386
v -16.050406 19.000000 95.319275
v -7.498097 19.000000 88.798096
f -3 -2 -1
v -16.050406 19.000000 95.319275
v -15.234551 19.000000 94.853249
v -7.498097 19.000000 88.798096
f -3 -2 -1
v -7.498097 19.000000 88.798096
v -15.234551 19.000000 94.853249
v -14.384128 19.000000 94.412613
f -3 -2 -1
v -33.956280 19.000000 83.497391
v -33.826488 19.000000 83.554497
v -27.199266 19.000000 66.399269
f -3 -2 -1
v -33.826488 19.000000 83.554497
v -33.699318 19.000000 83.617218
v -27.199266 19.000000 66.399269
f -3 -2 -1
v -27.199266 19.000000 66.399269
v -33.699318 19.000000 83.617218
v -33.574997 19.000000 83.685417
f -3 -2 -1
v -6.700683 19.000000 83.617218
v -6.573509 19.000000 83.554497
v -11.500733 19.000000 66.399269
f -3 -2 -1
v -6.573509 19.000000 83.554497
v -6.443721 19.000000 83.497391
v -11.500733 19.000000 66.399269
f -3 -2 -1
v -11.500733 19.000000 66.399269
v -6.443721 19.000000 83.497391
v -6.311565 19.000000 83.445999
f -3 -2 -1
v -31.962368 19.000000 121.783257
v -29.113083 19.000000 123.487457
v -31.953093 19.000000 121.641762
f -3 -2 -1
v -29.113083 19.000000 123.487457
v -28.915855 19.000000 120.563438
v -31.953093 19.000000 121.641762
f -3 -2 -1
v -31.953093 19.000000 121.641762
v -28.915855 19.000000 120.563438
v -31.950001 19.000000 121.500000
f -3 -2 -1
v -28.915855 19.000000 120.563438
v -31.953093 19.000000 121.358238
v -31.950001 19.000000 121.500000
f -3 -2 -1
v -2.803849 19.000000 84.304337
v -2.710356 19.000000 84.410942
v -0.200000 19.000000 77.699997
f -3 -2 -1
v -2.710356 19.000000 84.410942
v -2.621602 19.000000 84.521523
v -0.200000 19.000000 77.699997
f -3 -2 -1
v -0.200000 19.000000 77.699997
v -2.621602 19.000000 84.521523
v -2.537756 19.000000 84.635880
f -3 -2 -1
v -0.200000 19.000000 87.666809
v -1.999375 19.000000 85.935646
v -1.977804 19.000000 86.075790
f -3 -2 -1
v -40.139233 19.000000 123.994598
v -38.082787 19.000000 123.000679
v -40.165779 19.000000 123.822105
f -3 -2 -1
v -38.082787 19.000000 123.000679
v -38.145500 19.000000 122.873505
v -40.165779 19.000000 123.822105
f -3 -2 -1
v -40.165779 19.000000 123.822105
v -38.145500 19.000000 122.873505
v -40.184776 19.000000 123.648621
f -3 -2 -1
v -38.145500 19.000000 122.873505
v -38.202610 19.000000 122.743721
v -40.184776 19.000000 123.648621
f -3 -2 -1
v -40.184776 19.000000 123.648621
v -38.202610 19.000000 122.743721
v -40.196190 19.000000 123.474480
f -3 -2 -1
v -38.202610 19.000000 122.743721
v -38.254002 19.000000 122.611565
v -40.196190 19.000000 123.474480
f -3 -2 -1
v -40.196190 19.000000 123.474480
v -38.254002 19.000000 122.611565
v -40.199997 19.000000 123.300003
f -3 -2 -1
v -38.254002 19.000000 122.611565
v -38.299580 19.000000 122.477295
v -40.199997 19.000000 123.300003
f -3 -2 -1
v -40.199997 19.000000 123.300003
v -38.299580 19.000000 122.477295
v -38.339256 19.000000 122.341164
f -3 -2 -1
v -7.064124 19.000000 89.162247
v -7.178475 19.000000 89.078400
v -10.546812 19.000000 92.903419
f -3 -2 -1
v -7.178475 19.000000 89.078400
v -7.289060 19.000000 88.989647
v -10.546812 19.000000 92.903419
f -3 -2 -1
v -10.546812 19.000000 92.903419
v -7.289060 19.000000 88.989647
v -11.582022 19.000000 93.241653
f -3 -2 -1
v -7.289060 19.000000 88.989647
v -7.395668 19.000000 88.896149
v -11.582022 19.000000 93.241653
f -3 -2 -1
v -11.582022 19.000000 93.241653
v -7.395668 19.000000 88.896149
v -12.562781 19.000000 93.606514
f -3 -2 -1
v -7.395668 19.000000 88.896149
v -7.498097 19.000000 88.798096
v -12.562781 19.000000 93.606514
f -3 -2 -1
v -12.562781 19.000000 93.606514
v -7.498097 19.000000 88.798096
v -13.495071 19.000000 93.997002
f -3 -2 -1
v -7.498097 19.000000 88.798096
v -14.384128 19.000000 94.412613
v -13.495071 19.000000 93.997002
f -3 -2 -1
v -31.962368 19.000000 121.783257
v -31.977802 19.000000 121.924210
v -29.113083 19.000000 123.487457
f -3 -2 -1
v -31.977802 19.000000 121.924210
v -31.999376 19.000000 122.064362
v -29.113083 19.000000 123.487457
f -3 -2 -1
v -29.113083 19.000000 123.487457
v -31.999376 19.000000 122.064362
v -32.027039 19.000000 122.203430
f -3 -2 -1
v -30.164349 19.000000 126.007553
v -30.049286 19.000000 125.876831
v -32.710354 19.000000 123.589058
f -3 -2 -1
v -30.049286 19.000000 125.876831
v -29.940025 19.000000 125.741226
v -32.710354 19.000000 123.589058
f -3 -2 -1
v -32.710354 19.000000 123.589058
v -29.940025 19.000000 125.741226
v -32.621605 19.000000 123.478470
f -3 -2 -1
v -3.575000 19.000000 83.685417
v -3.453776 19.000000 83.758980
v -0.200000 19.000000 77.699997
f -3 -2 -1
v -3.453776 19.000000 83.758980
v -3.335877 19.000000 83.837753
v -0.200000 19.000000 77.699997
f -3 -2 -1
v -0.200000 19.000000 77.699997
v -3.335877 19.000000 83.837753
v -3.221525 19.000000 83.921600
f -3 -2 -1
v -2.537756 19.000000 84.635880
v -2.458978 19.000000 84.753777
v -0.200000 19.000000 77.699997
f -3 -2 -1
v -2.458978 19.000000 84.753777
v -2.385417 19.000000 84.875000
v -0.200000 19.000000 77.699997
f -3 -2 -1
v -0.200000 19.000000 77.699997
v -2.385417 19.000000 84.875000
v -2.317215 19.000000 84.999313
f -3 -2 -1
v -1.977804 19.000000 86.075790
v -1.962367 19.000000 86.216743
v -0.200000 19.000000 87.666809
f -3 -2 -1
v -1.962367 19.000000 86.216743
v -1.953093 19.000000 86.358231
v -0.200000 19.000000 87.666809
f -3 -2 -1
v -0.200000 19.000000 87.666809
v -1.953093 19.000000 86.358231
v -1.950000 19.000000 86.500000
f -3 -2 -1
v -38.437630 19.000000 86.216743
v -38.422195 19.000000 86.075790
v -40.199997 19.000000 79.400002
f -3 -2 -1
v -38.422195 19.000000 86.075790
v -38.400623 19.000000 85.935646
v -40.199997 19.000000 79.400002
f -3 -2 -1
v -40.199997 19.000000 79.400002
v -38.400623 19.000000 85.935646
v -38.372963 19.000000 85.796570
f -3 -2 -1
v -28.340778 19.000000 116.036270
v -27.980993 19.000000 114.125137
v -34.358837 19.000000 89.639259
f -3 -2 -1
v -27.980993 19.000000 114.125137
v -27.586153 19.000000 112.401665
v -34.358837 19.000000 89.639259
f -3 -2 -1
v -34.358837 19.000000 89.639259
v -27.586153 19.000000 112.401665
v -34.222706 19.000000 89.599579
f -3 -2 -1
v -27.586153 19.000000 112.401665
v -27.163033 19.000000 110.838539
v -34.222706 19.000000 89.599579
f -3 -2 -1
v -34.222706 19.000000 89.599579
v -27.163033 19.000000 110.838539
v -34.088432 19.000000 89.554001
f -3 -2 -1
v -27.163033 19.000000 110.838539
v -26.716681 19.000000 109.413383
v -34.088432 19.000000 89.554001
f -3 -2 -1
v -34.088432 19.000000 89.554001
v -26.716681 19.000000 109.413383
v -33.956280 19.000000 89.502609
f -3 -2 -1
v -26.716681 19.000000 109.413383
v -26.250841 19.000000 108.107681
v -33.956280 19.000000 89.502609
f -3 -2 -1
v -33.956280 19.000000 89.502609
v -26.250841 19.000000 108.107681
v -33.826488 19.000000 89.445503
f -3 -2 -1
v -26.250841 19.000000 108.107681
v -25.714241 19.000000 106.779625
v -33.826488 19.000000 89.445503
f -3 -2 -1
v -33.826488 19.000000 89.445503
v -25.714241 19.000000 106.779625
v -33.699318 19.000000 89.382782
f -3 -2 -1
v -25.714241 19.000000 106.779625
v -25.161034 19.000000 105.565254
v -33.699318 19.000000 89.382782
f -3 -2 -1
v -33.699318 19.000000 89.382782
v -25.161034 19.000000 105.565254
v -33.574997 19.000000 89.314583
f -3 -2 -1
v -25.161034 19.000000 105.565254
v -24.594505 19.000000 104.452095
v -33.574997 19.000000 89.314583
f -3 -2 -1
v -33.574997 19.000000 89.314583
v -24.594505 19.000000 104.452095
v -33.453777 19.000000 89.241020
f -3 -2 -1
v -24.594505 19.000000 104.452095
v -24.015696 19.000000 103.426666
v -33.453777 19.000000 89.241020
f -3 -2 -1
v -33.453777 19.000000 89.241020
v -24.015696 19.000000 103.426666
v -33.335876 19.000000 89.162247
f -3 -2 -1
v -24.015696 19.000000 103.426666
v -23.425013 19.000000 102.477745
v -33.335876 19.000000 89.162247
f -3 -2 -1
v -32.385418 19.000000 123.125000
v -29.353485 19.000000 124.677841
v -32.317215 19.000000 123.000679
f -3 -2 -1
v -29.353485 19.000000 124.677841
v -29.297071 19.000000 124.513092
v -32.317215 19.000000 123.000679
f -3 -2 -1
v -32.317215 19.000000 123.000679
v -29.297071 19.000000 124.513092
v -32.254498 19.000000 122.873505
f -3 -2 -1
v -3.221525 19.000000 83.921600
v -3.110940 19.000000 84.010353
v -0.200000 19.000000 77.699997
f -3 -2 -1
v -3.110940 19.000000 84.010353
v -3.004332 19.000000 84.103844
v -0.200000 19.000000 77.699997
f -3 -2 -1
v -0.200000 19.000000 77.699997
v -3.004332 19.000000 84.103844
v -2.901903 19.000000 84.201904
f -3 -2 -1
v -2.317215 19.000000 84.999313
v -2.254500 19.000000 85.126488
v -0.200000 19.000000 77.699997
f -3 -2 -1
v -2.254500 19.000000 85.126488
v -2.197392 19.000000 85.256279
v -0.200000 19.000000 77.699997
f -3 -2 -1
v -0.200000 19.000000 77.699997
v -2.197392 19.000000 85.256279
v -2.145999 19.000000 85.388435
f -3 -2 -1
v -1.950000 19.000000 86.500000
v -1.953093 19.000000 86.641769
v -0.200000 19.000000 87.666809
f -3 -2 -1
v -1.953093 19.000000 86.641769
v -1.962367 19.000000 86.783249
v -0.200000 19.000000 87.666809
f -3 -2 -1
v -0.200000 19.000000 87.666809
v -1.962367 19.000000 86.783249
v -1.977804 19.000000 86.924210
f -3 -2 -1
v -38.372963 19.000000 85.796570
v -38.339256 19.000000 85.658844
v -40.199997 19.000000 79.400002
f -3 -2 -1
v -38.339256 19.000000 85.658844
v -38.299580 19.000000 85.522705
v -40.199997 19.000000 79.400002
f -3 -2 -1
v -40.199997 19.000000 79.400002
v -38.299580 19.000000 85.522705
v -38.254002 19.000000 85.388435
f -3 -2 -1
v -33.004333 19.000000 84.103844
v -32.901901 19.000000 84.201904
v -11.500733 19.000000 66.399269
f -3 -2 -1
v -29.940025 19.000000 125.741226
v -29.836771 19.000000 125.600990
v -32.621605 19.000000 123.478470
f -3 -2 -1
v -29.836771 19.000000 125.600990
v -29.739717 19.000000 125.456390
v -32.621605 19.000000 123.478470
f -3 -2 -1
v -32.621605 19.000000 123.478470
v -29.739717 19.000000 125.456390
v -32.537754 19.000000 123.364120
f -3 -2 -1
v -29.739717 19.000000 125.456390
v -29.649050 19.000000 125.307709
v -32.537754 19.000000 123.364120
f -3 -2 -1
v -32.537754 19.000000 123.364120
v -29.649050 19.000000 125.307709
v -32.458981 19.000000 123.246223
f -3 -2 -1
v -2.458978 19.000000 88.246223
v -0.554640 19.000000 89.313423
v -2.385417 19.000000 88.125000
f -3 -2 -1
v -0.554640 19.000000 89.313423
v -0.488080 19.000000 89.157326
v -2.385417 19.000000 88.125000
f -3 -2 -1
v -2.385417 19.000000 88.125000
v -0.488080 19.000000 89.157326
v -2.317215 19.000000 88.000687
f -3 -2 -1
v -0.488080 19.000000 89.157326
v -0.428202 19.000000 88.998550
v -2.317215 19.000000 88.000687
f -3 -2 -1
v -2.317215 19.000000 88.000687
v -0.428202 19.000000 88.998550
v -2.254500 19.000000 87.873512
f -3 -2 -1
v -33.004333 19.000000 84.103844
v -11.500733 19.000000 66.399269
v -33.110939 19.000000 84.010353
f -3 -2 -1
v -32.901901 19.000000 84.201904
v -32.803848 19.000000 84.304337
v -11.500733 19.000000 66.399269
f -3 -2 -1
v -32.803848 19.000000 84.304337
v -32.710354 19.000000 84.410942
v -11.500733 19.000000 66.399269
f -3 -2 -1
v -11.500733 19.000000 66.399269
v -32.710354 19.000000 84.410942
v -32.621605 19.000000 84.521523
f -3 -2 -1
v -32.146000 19.000000 85.388435
v -32.100422 19.000000 85.522705
v -6.700683 19.000000 83.617218
f -3 -2 -1
v -32.100422 19.000000 85.522705
v -32.060741 19.000000 85.658844
v -6.700683 19.000000 83.617218
f -3 -2 -1
v -32.254498 19.000000 87.873512
v -32.317215 19.000000 88.000687
v -18.324493 19.000000 96.878738
f -3 -2 -1
v -32.027039 19.000000 122.203430
v -32.060741 19.000000 122.341164
v -29.113083 19.000000 123.487457
f -3 -2 -1
v -32.060741 19.000000 122.341164
v -32.100422 19.000000 122.477295
v -29.113083 19.000000 123.487457
f -3 -2 -1
v -29.113083 19.000000 123.487457
v -32.100422 19.000000 122.477295
v -29.125029 19.000000 123.661201
f -3 -2 -1
v -32.100422 19.000000 122.477295
v -32.146000 19.000000 122.611565
v -29.125029 19.000000 123.661201
f -3 -2 -1
v -29.125029 19.000000 123.661201
v -32.146000 19.000000 122.611565
v -29.144526 19.000000 123.834251
f -3 -2 -1
v -32.146000 19.000000 122.611565
v -32.197392 19.000000 122.743721
v -29.144526 19.000000 123.834251
f -3 -2 -1
v -29.297071 19.000000 124.513092
v -29.247881 19.000000 124.346031
v -32.254498 19.000000 122.873505
f -3 -2 -1
v -29.247881 19.000000 124.346031
v -29.206009 19.000000 124.176994
v -32.254498 19.000000 122.873505
f -3 -2 -1
v -32.254498 19.000000 122.873505
v -29.206009 19.000000 124.176994
v -32.197392 19.000000 122.743721
f -3 -2 -1
v -29.206009 19.000000 124.176994
v -29.171535 19.000000 124.006287
v -32.197392 19.000000 122.743721
f -3 -2 -1
v -32.197392 19.000000 122.743721
v -29.171535 19.000000 124.006287
v -29.144526 19.000000 123.834251
f -3 -2 -1
v -29.649050 19.000000 125.307709
v -29.564939 19.000000 125.155228
v -32.458981 19.000000 123.246223
f -3 -2 -1
v -29.564939 19.000000 125.155228
v -29.487547 19.000000 124.999214
v -32.458981 19.000000 123.246223
f -3 -2 -1
v -32.458981 19.000000 123.246223
v -29.487547 19.000000 124.999214
v -32.385418 19.000000 123.125000
f -3 -2 -1
v -29.487547 19.000000 124.999214
v -29.417017 19.000000 124.839989
v -32.385418 19.000000 123.125000
f -3 -2 -1
v -32.385418 19.000000 123.125000
v -29.417017 19.000000 124.839989
v -29.353485 19.000000 124.677841
f -3 -2 -1
v -2.145999 19.000000 85.388435
v -2.100420 19.000000 85.522705
v -0.200000 19.000000 77.699997
f -3 -2 -1
v -2.100420 19.000000 85.522705
v -2.060741 19.000000 85.658844
v -0.200000 19.000000 77.699997
f -3 -2 -1
v -0.200000 19.000000 77.699997
v -2.060741 19.000000 85.658844
v -0.200000 19.000000 87.666809
f -3 -2 -1
v -2.060741 19.000000 85.658844
v -2.027038 19.000000 85.796570
v -0.200000 19.000000 87.666809
f -3 -2 -1
v -0.200000 19.000000 87.666809
v -2.027038 19.000000 85.796570
v -1.999375 19.000000 85.935646
f -3 -2 -1
v -2.621602 19.000000 88.478477
v -0.793145 19.000000 89.762840
v -2.537756 19.000000 88.364120
f -3 -2 -1
v -0.793145 19.000000 89.762840
v -0.707310 19.000000 89.616447
v -2.537756 19.000000 88.364120
f -3 -2 -1
v -2.537756 19.000000 88.364120
v -0.707310 19.000000 89.616447
v -2.458978 19.000000 88.246223
f -3 -2 -1
v -0.707310 19.000000 89.616447
v -0.627760 19.000000 89.466560
v -2.458978 19.000000 88.246223
f -3 -2 -1
v -2.458978 19.000000 88.246223
v -0.627760 19.000000 89.466560
v -0.554640 19.000000 89.313423
f -3 -2 -1
v -1.430758 19.000000 90.553207
v -1.310826 19.000000 90.433151
v -2.901903 19.000000 88.798096
f -3 -2 -1
v -1.310826 19.000000 90.433151
v -1.196094 19.000000 90.308121
v -2.901903 19.000000 88.798096
f -3 -2 -1
v -2.901903 19.000000 88.798096
v -1.196094 19.000000 90.308121
v -2.803849 19.000000 88.695671
f -3 -2 -1
v -1.196094 19.000000 90.308121
v -1.086768 19.000000 90.178337
v -2.803849 19.000000 88.695671
f -3 -2 -1
v -2.803849 19.000000 88.695671
v -1.086768 19.000000 90.178337
v -2.710356 19.000000 88.589058
f -3 -2 -1
v -1.086768 19.000000 90.178337
v -0.983045 19.000000 90.044029
v -2.710356 19.000000 88.589058
f -3 -2 -1
v -2.710356 19.000000 88.589058
v -0.983045 19.000000 90.044029
v -2.621602 19.000000 88.478477
f -3 -2 -1
v -0.983045 19.000000 90.044029
v -0.885112 19.000000 89.905449
v -2.621602 19.000000 88.478477
f -3 -2 -1
v -2.621602 19.000000 88.478477
v -0.885112 19.000000 89.905449
v -0.793145 19.000000 89.762840
f -3 -2 -1
v -33.574997 19.000000 83.685417
v -33.453777 19.000000 83.758980
v -27.199266 19.000000 66.399269
f -3 -2 -1
v -33.453777 19.000000 83.758980
v -33.335876 19.000000 83.837753
v -27.199266 19.000000 66.399269
f -3 -2 -1
v -27.199266 19.000000 66.399269
v -33.335876 19.000000 83.837753
v -11.500733 19.000000 66.399269
f -3 -2 -1
v -33.335876 19.000000 83.837753
v -33.221523 19.000000 83.921600
v -11.500733 19.000000 66.399269
f -3 -2 -1
v -11.500733 19.000000 66.399269
v -33.221523 19.000000 83.921600
v -33.110939 19.000000 84.010353
f -3 -2 -1
v -32.621605 19.000000 84.521523
v -32.537754 19.000000 84.635880
v -11.500733 19.000000 66.399269
f -3 -2 -1
v -32.537754 19.000000 84.635880
v -32.458981 19.000000 84.753777
v -11.500733 19.000000 66.399269
f -3 -2 -1
v -11.500733 19.000000 66.399269
v -32.458981 19.000000 84.753777
v -32.385418 19.000000 84.875000
f -3 -2 -1
v -32.060741 19.000000 85.658844
v -32.027039 19.000000 85.796570
v -6.700683 19.000000 83.617218
f -3 -2 -1
v -32.027039 19.000000 85.796570
v -31.999376 19.000000 85.935646
v -6.700683 19.000000 83.617218
f -3 -2 -1
v -6.700683 19.000000 83.617218
v -31.999376 19.000000 85.935646
v -6.825000 19.000000 83.685417
f -3 -2 -1
v -2.145999 19.000000 87.611565
v -0.232357 19.000000 88.174561
v -2.100420 19.000000 87.477295
f -3 -2 -1
v -0.232357 19.000000 88.174561
v -0.214392 19.000000 88.005814
v -2.100420 19.000000 87.477295
f -3 -2 -1
v -2.100420 19.000000 87.477295
v -0.214392 19.000000 88.005814
v -2.060741 19.000000 87.341156
f -3 -2 -1
v -0.214392 19.000000 88.005814
v -0.203600 19.000000 87.836464
v -2.060741 19.000000 87.341156
f -3 -2 -1
v -2.060741 19.000000 87.341156
v -0.203600 19.000000 87.836464
v -2.027038 19.000000 87.203430
f -3 -2 -1
v -0.203600 19.000000 87.836464
v -0.200000 19.000000 87.666809
v -2.027038 19.000000 87.203430
f -3 -2 -1
v -2.027038 19.000000 87.203430
v -0.200000 19.000000 87.666809
v -1.999375 19.000000 87.064354
f -3 -2 -1
v -0.200000 19.000000 87.666809
v -1.977804 19.000000 86.924210
v -1.999375 19.000000 87.064354
f -3 -2 -1
v -0.428202 19.000000 88.998550
v -0.375111 19.000000 88.837372
v -2.254500 19.000000 87.873512
f -3 -2 -1
v -0.375111 19.000000 88.837372
v -0.328904 19.000000 88.674088
v -2.254500 19.000000 87.873512
f -3 -2 -1
v -2.254500 19.000000 87.873512
v -0.328904 19.000000 88.674088
v -2.197392 19.000000 87.743721
f -3 -2 -1
v -0.328904 19.000000 88.674088
v -0.289665 19.000000 88.508995
v -2.197392 19.000000 87.743721
f -3 -2 -1
v -2.197392 19.000000 87.743721
v -0.289665 19.000000 88.508995
v -2.145999 19.000000 87.611565
f -3 -2 -1
v -0.289665 19.000000 88.508995
v -0.257463 19.000000 88.342384
v -2.145999 19.000000 87.611565
f -3 -2 -1
v -2.145999 19.000000 87.611565
v -0.257463 19.000000 88.342384
v -0.232357 19.000000 88.174561
f -3 -2 -1
v -32.385418 19.000000 84.875000
v -32.317215 19.000000 84.999313
v -11.500733 19.000000 66.399269
f -3 -2 -1
v -32.317215 19.000000 84.999313
v -32.254498 19.000000 85.126488
v -11.500733 19.000000 66.399269
f -3 -2 -1
v -11.500733 19.000000 66.399269
v -32.254498 19.000000 85.126488
v -6.700683 19.000000 83.617218
f -3 -2 -1
v -32.254498 19.000000 85.126488
v -32.197392 19.000000 85.256279
v -6.700683 19.000000 83.617218
f -3 -2 -1
v -6.700683 19.000000 83.617218
v -32.197392 19.000000 85.256279
v -32.146000 19.000000 85.388435
f -3 -2 -1
v -32.254498 19.000000 87.873512
v -18.324493 19.000000 96.878738
v -32.197392 19.000000 87.743721
f -3 -2 -1
v -7.941022 19.000000 84.753777
v -7.862244 19.000000 84.635880
v -31.999376 19.000000 85.935646
f -3 -2 -1
v -7.862244 19.000000 84.635880
v -7.778398 19.000000 84.521523
v -31.999376 19.000000 85.935646
f -3 -2 -1
v -32.027039 19.000000 87.203430
v -7.596151 19.000000 88.695671
v -31.999376 19.000000 87.064354
f -3 -2 -1
v -7.596151 19.000000 88.695671
v -7.689645 19.000000 88.589058
v -31.999376 19.000000 87.064354
f -3 -2 -1
v -31.999376 19.000000 87.064354
v -7.689645 19.000000 88.589058
v -7.778398 19.000000 88.478477
f -3 -2 -1
v -8.202609 19.000000 85.256279
v -8.145500 19.000000 85.126488
v -31.962368 19.000000 86.216743
f -3 -2 -1
v -8.145500 19.000000 85.126488
v -8.082786 19.000000 84.999313
v -31.962368 19.000000 86.216743
f -3 -2 -1
v -31.962368 19.000000 86.216743
v -8.082786 19.000000 84.999313
v -31.977802 19.000000 86.075790
f -3 -2 -1
v -8.446907 19.000000 86.641769
v -8.450000 19.000000 86.500000
v -31.950001 19.000000 86.500000
f -3 -2 -1
v -31.977802 19.000000 86.075790
v -8.082786 19.000000 84.999313
v -31.999376 19.000000 85.935646
f -3 -2 -1
v -8.082786 19.000000 84.999313
v -8.014582 19.000000 84.875000
v -31.999376 19.000000 85.935646
f -3 -2 -1
v -31.999376 19.000000 85.935646
v -8.014582 19.000000 84.875000
v -7.941022 19.000000 84.753777
f -3 -2 -1
v -7.778398 19.000000 84.521523
v -7.689645 19.000000 84.410942
v -31.999376 19.000000 85.935646
f -3 -2 -1
v -7.689645 19.000000 84.410942
v -7.596151 19.000000 84.304337
v -31.999376 19.000000 85.935646
f -3 -2 -1
v -31.999376 19.000000 85.935646
v -7.596151 19.000000 84.304337
v -7.498097 19.000000 84.201904
f -3 -2 -1
v -7.498097 19.000000 84.201904
v -7.395668 19.000000 84.103844
v -31.999376 19.000000 85.935646
f -3 -2 -1
v -7.395668 19.000000 84.103844
v -7.289060 19.000000 84.010353
v -31.999376 19.000000 85.935646
f -3 -2 -1
v -31.999376 19.000000 85.935646
v -7.289060 19.000000 84.010353
v -7.178475 19.000000 83.921600
f -3 -2 -1
v -7.178475 19.000000 83.921600
v -7.064124 19.000000 83.837753
v -31.999376 19.000000 85.935646
f -3 -2 -1
v -7.064124 19.000000 83.837753
v -6.946224 19.000000 83.758980
v -31.999376 19.000000 85.935646
f -3 -2 -1
v -31.999376 19.000000 85.935646
v -6.946224 19.000000 83.758980
v -6.825000 19.000000 83.685417
f -3 -2 -1
v -32.027039 19.000000 87.203430
v -32.060741 19.000000 87.341156
v -7.596151 19.000000 88.695671
f -3 -2 -1
v -32.060741 19.000000 87.341156
v -32.100422 19.000000 87.477295
v -7.596151 19.000000 88.695671
f -3 -2 -1
v -7.596151 19.000000 88.695671
v -32.100422 19.000000 87.477295
v -18.324493 19.000000 96.878738
f -3 -2 -1
v -32.100422 19.000000 87.477295
v -32.146000 19.000000 87.611565
v -18.324493 19.000000 96.878738
f -3 -2 -1
v -18.324493 19.000000 96.878738
v -32.146000 19.000000 87.611565
v -32.197392 19.000000 87.743721
f -3 -2 -1
v -32.317215 19.000000 88.000687
v -32.385418 19.000000 88.125000
v -18.324493 19.000000 96.878738
f -3 -2 -1
v -32.385418 19.000000 88.125000
v -32.458981 19.000000 88.246223
v -18.324493 19.000000 96.878738
f -3 -2 -1
v -18.324493 19.000000 96.878738
v -32.458981 19.000000 88.246223
v -19.034164 19.000000 97.457390
f -3 -2 -1
v -32.458981 19.000000 88.246223
v -32.537754 19.000000 88.364120
v -19.034164 19.000000 97.457390
f -3 -2 -1
v -19.034164 19.000000 97.457390
v -32.537754 19.000000 88.364120
v -19.723612 19.000000 98.069031
f -3 -2 -1
v -32.537754 19.000000 88.364120
v -32.621605 19.000000 88.478477
v -19.723612 19.000000 98.069031
f -3 -2 -1
v -19.723612 19.000000 98.069031
v -32.621605 19.000000 88.478477
v -20.394787 19.000000 98.716530
f -3 -2 -1
v -32.621605 19.000000 88.478477
v -32.710354 19.000000 88.589058
v -20.394787 19.000000 98.716530
f -3 -2 -1
v -20.394787 19.000000 98.716530
v -32.710354 19.000000 88.589058
v -21.049398 19.000000 99.403290
f -3 -2 -1
v -32.710354 19.000000 88.589058
v -32.803848 19.000000 88.695671
v -21.049398 19.000000 99.403290
f -3 -2 -1
v -21.049398 19.000000 99.403290
v -32.803848 19.000000 88.695671
v -21.687843 19.000000 100.132126
f -3 -2 -1
v -32.803848 19.000000 88.695671
v -32.901901 19.000000 88.798096
v -21.687843 19.000000 100.132126
f -3 -2 -1
v -21.687843 19.000000 100.132126
v -32.901901 19.000000 88.798096
v -22.207500 19.000000 100.773628
f -3 -2 -1
v -32.901901 19.000000 88.798096
v -33.004333 19.000000 88.896149
v -22.207500 19.000000 100.773628
f -3 -2 -1
v -22.207500 19.000000 100.773628
v -33.004333 19.000000 88.896149
v -22.822420 19.000000 101.596008
f -3 -2 -1
v -33.004333 19.000000 88.896149
v -33.110939 19.000000 88.989647
v -22.822420 19.000000 101.596008
f -3 -2 -1
v -22.822420 19.000000 101.596008
v -33.110939 19.000000 88.989647
v -23.425013 19.000000 102.477745
f -3 -2 -1
v -33.110939 19.000000 88.989647
v -33.221523 19.000000 89.078400
v -23.425013 19.000000 102.477745
f -3 -2 -1
v -23.425013 19.000000 102.477745
v -33.221523 19.000000 89.078400
v -33.335876 19.000000 89.162247
f -3 -2 -1
v -7.862244 19.000000 88.364120
v -31.962368 19.000000 86.783249
v -7.778398 19.000000 88.478477
f -3 -2 -1
v -31.962368 19.000000 86.783249
v -31.977802 19.000000 86.924210
v -7.778398 19.000000 88.478477
f -3 -2 -1
v -7.778398 19.000000 88.478477
v -31.977802 19.000000 86.924210
v -31.999376 19.000000 87.064354
f -3 -2 -1
v -8.339259 19.000000 87.341156
v -31.962368 19.000000 86.783249
v -8.299580 19.000000 87.477295
f -3 -2 -1
v -31.962368 19.000000 86.783249
v -8.254001 19.000000 87.611565
v -8.299580 19.000000 87.477295
f -3 -2 -1
v -7.862244 19.000000 88.364120
v -7.941022 19.000000 88.246223
v -31.962368 19.000000 86.783249
f -3 -2 -1
v -7.941022 19.000000 88.246223
v -8.014582 19.000000 88.125000
v -31.962368 19.000000 86.783249
f -3 -2 -1
v -31.962368 19.000000 86.783249
v -8.014582 19.000000 88.125000
v -8.082786 19.000000 88.000687
f -3 -2 -1
v -8.339259 19.000000 87.341156
v -8.372963 19.000000 87.203430
v -31.962368 19.000000 86.783249
f -3 -2 -1
v -8.372963 19.000000 87.203430
v -8.400625 19.000000 87.064354
v -31.962368 19.000000 86.783249
f -3 -2 -1
v -31.962368 19.000000 86.783249
v -8.400625 19.000000 87.064354
v -8.422195 19.000000 86.924210
f -3 -2 -1
v -31.950001 19.000000 86.500000
v -8.450000 19.000000 86.500000
v -31.953093 19.000000 86.358231
f -3 -2 -1
v -8.450000 19.000000 86.500000
v -8.446907 19.000000 86.358231
v -31.953093 19.000000 86.358231
f -3 -2 -1
v -31.953093 19.000000 86.358231
v -8.446907 19.000000 86.358231
v -31.962368 19.000000 86.216743
f -3 -2 -1
v -8.446907 19.000000 86.358231
v -8.437633 19.000000 86.216743
v -31.962368 19.000000 86.216743
f -3 -2 -1
v -31.962368 19.000000 86.216743
v -8.437633 19.000000 86.216743
v -8.422195 19.000000 86.075790
f -3 -2 -1
v -8.422195 19.000000 86.075790
v -8.400625 19.000000 85.935646
v -31.962368 19.000000 86.216743
f -3 -2 -1
v -8.400625 19.000000 85.935646
v -8.372963 19.000000 85.796570
v -31.962368 19.000000 86.216743
f -3 -2 -1
v -31.962368 19.000000 86.216743
v -8.372963 19.000000 85.796570
v -8.339259 19.000000 85.658844
f -3 -2 -1
v -8.339259 19.000000 85.658844
v -8.299580 19.000000 85.522705
v -31.962368 19.000000 86.216743
f -3 -2 -1
v -8.299580 19.000000 85.522705
v -8.254001 19.000000 85.388435
v -31.962368 19.000000 86.216743
f -3 -2 -1
v -31.962368 19.000000 86.216743
v -8.254001 19.000000 85.388435
v -8.202609 19.000000 85.256279
f -3 -2 -1
v -8.082786 19.000000 88.000687
v -8.145500 19.000000 87.873512
v -31.962368 19.000000 86.783249
f -3 -2 -1
v -8.145500 19.000000 87.873512
v -8.202609 19.000000 87.743721
v -31.962368 19.000000 86.783249
f -3 -2 -1
v -31.962368 19.000000 86.783249
v -8.202609 19.000000 87.743721
v -8.254001 19.000000 87.611565
f -3 -2 -1
v -31.950001 19.000000 86.500000
v -31.953093 19.000000 86.641769
v -8.446907 19.000000 86.641769
f -3 -2 -1
v -31.953093 19.000000 86.641769
v -31.962368 19.000000 86.783249
v -8.446907 19.000000 86.641769
f -3 -2 -1
v -8.446907 19.000000 86.641769
v -31.962368 19.000000 86.783249
v -8.437633 19.000000 86.783249
f -3 -2 -1
v -31.962368 19.000000 86.783249
v -8.422195 19.000000 86.924210
v -8.437633 19.000000 86.783249
f -3 -2 -1
v -29.113083 19.000000 123.487457
v -29.113083 13.100000 123.487457
v -28.915855 13.100000 120.563438
f -3 -2 -1
v -29.113083 19.000000 123.487457
v -28.915855 13.100000 120.563438
v -28.915855 19.000000 120.563438
f -3 -2 -1
v -28.915855 13.100000 120.563438
v -28.656454 13.100000 118.168617
v -28.915855 19.000000 120.563438
f -3 -2 -1
v -28.915855 19.000000 120.563438
v -28.656454 13.100000 118.168617
v -28.656454 19.000000 118.168617
f -3 -2 -1
v -28.656454 13.100000 118.168617
v -28.340778 13.100000 116.036270
v -28.656454 19.000000 118.168617
f -3 -2 -1
v -28.656454 19.000000 118.168617
v -28.340778 13.100000 116.036270
v -28.340778 19.000000 116.036270
f -3 -2 -1
v -28.340778 13.100000 116.036270
v -27.980993 13.100000 114.125137
v -28.340778 19.000000 116.036270
f -3 -2 -1
v -28.340778 19.000000 116.036270
v -27.980993 13.100000 114.125137
v -27.980993 19.000000 114.125137
f -3 -2 -1
v -27.980993 13.100000 114.125137
v -27.586153 13.100000 112.401665
v -27.980993 19.000000 114.125137
f -3 -2 -1
v -27.980993 19.000000 114.125137
v -27.586153 13.100000 112.401665
v -27.586153 19.000000 112.401665
f -3 -2 -1
v -27.586153 13.100000 112.401665
v -27.163033 13.100000 110.838539
v -27.586153 19.000000 112.401665
f -3 -2 -1
v -27.586153 19.000000 112.401665
v -27.163033 13.100000 110.838539
v -27.163033 19.000000 110.838539
f -3 -2 -1
v -27.163033 13.100000 110.838539
v -26.716681 13.100000 109.413383
v -27.163033 19.000000 110.838539
f -3 -2 -1
v -27.163033 19.000000 110.838539
v -26.716681 13.100000 109.413383
v -26.716681 19.000000 109.413383
f -3 -2 -1
v -26.716681 13.100000 109.413383
v -26.250841 13.100000 108.107681
v -26.716681 19.000000 109.413383
f -3 -2 -1
v -26.716681 19.000000 109.413383
v -26.250841 13.100000 108.107681
v -26.250841 19.000000 108.107681
f -3 -2 -1
v -26.250841 13.100000 108.107681
v -25.714241 13.100000 106.779625
v -26.250841 19.000000 108.107681
f -3 -2 -1
v -26.250841 19.000000 108.107681
v -25.714241 13.100000 106.779625
v -25.714241 19.000000 106.779625
f -3 -2 -1
v -25.714241 13.100000 106.779625
v -25.161034 13.100000 105.565254
v -25.714241 19.000000 106.779625
f -3 -2 -1
v -25.714241 19.000000 106.779625
v -25.161034 13.100000 105.565254
v -25.161034 19.000000 105.565254
f -3 -2 -1
v -25.161034 13.100000 105.565254
v -24.594505 13.100000 104.452095
v -25.161034 19.000000 105.565254
f -3 -2 -1
v -25.161034 19.000000 105.565254
v -24.594505 13.100000 104.452095
v -24.594505 19.000000 104.452095
f -3 -2 -1
v -24.594505 13.100000 104.452095
v -24.015696 13.100000 103.426666
v -24.594505 19.000000 104.452095
f -3 -2 -1
v -24.594505 19.000000 104.452095
v -24.015696 13.100000 103.426666
v -24.015696 19.000000 103.426666
f -3 -2 -1
v -24.015696 13.100000 103.426666
v -23.425013 13.100000 102.477745
v -24.015696 19.000000 103.426666
f -3 -2 -1
v -24.015696 19.000000 103.426666
v -23.425013 13.100000 102.477745
v -23.425013 19.000000 102.477745
f -3 -2 -1
v -23.425013 13.100000 102.477745
v -22.822420 13.100000 101.596008
v -23.425013 19.000000 102.477745
f -3 -2 -1
v -23.425013 19.000000 102.477745
v -22.822420 13.100000 101.596008
v -22.822420 19.000000 101.596008
f -3 -2 -1
v -22.822420 13.100000 101.596008
v -22.207500 13.100000 100.773628
v -22.822420 19.000000 101.596008
f -3 -2 -1
v -22.822420 19.000000 101.596008
v -22.207500 13.100000 100.773628
v -22.207500 19.000000 100.773628
f -3 -2 -1
v -22.207500 13.100000 100.773628
v -21.687843 13.100000 100.132126
v -22.207500 19.000000 100.773628
f -3 -2 -1
v -22.207500 19.000000 100.773628
v -21.687843 13.100000 100.132126
v -21.687843 19.000000 100.132126
f -3 -2 -1
v -21.687843 13.100000 100.132126
v -21.049398 13.100000 99.403290
v -21.687843 19.000000 100.132126
f -3 -2 -1
v -21.687843 19.000000 100.132126
v -21.049398 13.100000 99.403290
v -21.049398 19.000000 99.403290
f -3 -2 -1
v -21.049398 13.100000 99.403290
v -20.394787 13.100000 98.716530
v -21.049398 19.000000 99.403290
f -3 -2 -1
v -21.049398 19.000000 99.403290
v -20.394787 13.100000 98.716530
v -20.394787 19.000000 98.716530
f -3 -2 -1
v -20.394787 13.100000 98.716530
v -19.723612 13.100000 98.069031
v -20.394787 19.000000 98.716530
f -3 -2 -1
v -20.394787 19.000000 98.716530
v -19.723612 13.100000 98.069031
v -19.723612 19.000000 98.069031
f -3 -2 -1
v -19.723612 13.100000 98.069031
v -19.034164 13.100000 97.457390
v -19.723612 19.000000 98.069031
f -3 -2 -1
v -19.723612 19.000000 98.069031
v -19.034164 13.100000 97.457390
v -19.034164 19.000000 97.457390
f -3 -2 -1
v -19.034164 13.100000 97.457390
v -18.324493 13.100000 96.878738
v -19.034164 19.000000 97.457390
f -3 -2 -1
v -19.034164 19.000000 97.457390
v -18.324493 13.100000 96.878738
v -18.324493 19.000000 96.878738
f -3 -2 -1
v -18.324493 13.100000 96.878738
v -17.592369 13.100000 96.330711
v -18.324493 19.000000 96.878738
f -3 -2 -1
v -18.324493 19.000000 96.878738
v -17.592369 13.100000 96.330711
v -17.592369 19.000000 96.330711
f -3 -2 -1
v -17.592369 13.100000 96.330711
v -16.835281 13.100000 95.811386
v -17.592369 19.000000 96.330711
f -3 -2 -1
v -17.592369 19.000000 96.330711
v -16.835281 13.100000 95.811386
v -16.835281 19.000000 95.811386
f -3 -2 -1
v -16.835281 13.100000 95.811386
v -16.050406 13.100000 95.319275
v -16.835281 19.000000 95.811386
f -3 -2 -1
v -16.835281 19.000000 95.811386
v -16.050406 13.100000 95.319275
v -16.050406 19.000000 95.319275
f -3 -2 -1
v -16.050406 13.100000 95.319275
v -15.234551 13.100000 94.853249
v -16.050406 19.000000 95.319275
f -3 -2 -1
v -16.050406 19.000000 95.319275
v -15.234551 13.100000 94.853249
v -15.234551 19.000000 94.853249
f -3 -2 -1
v -15.234551 13.100000 94.853249
v -14.384128 13.100000 94.412613
v -15.234551 19.000000 94.853249
f -3 -2 -1
v -15.234551 19.000000 94.853249
v -14.384128 13.100000 94.412613
v -14.384128 19.000000 94.412613
f -3 -2 -1
v -14.384128 13.100000 94.412613
v -13.495071 13.100000 93.997002
v -14.384128 19.000000 94.412613
f -3 -2 -1
v -14.384128 19.000000 94.412613
v -13.495071 13.100000 93.997002
v -13.495071 19.000000 93.997002
f -3 -2 -1
v -13.495071 13.100000 93.997002
v -12.562781 13.100000 93.606514
v -13.495071 19.000000 93.997002
f -3 -2 -1
v -13.495071 19.000000 93.997002
v -12.562781 13.100000 93.606514
v -12.562781 19.000000 93.606514
f -3 -2 -1
v -12.562781 13.100000 93.606514
v -11.582022 13.100000 93.241653
v -12.562781 19.000000 93.606514
f -3 -2 -1
v -12.562781 19.000000 93.606514
v -11.582022 13.100000 93.241653
v -11.582022 19.000000 93.241653
f -3 -2 -1
v -11.582022 13.100000 93.241653
v -10.546812 13.100000 92.903419
v -11.582022 19.000000 93.241653
f -3 -2 -1
v -11.582022 19.000000 93.241653
v -10.546812 13.100000 92.903419
v -10.546812 19.000000 92.903419
f -3 -2 -1
v -10.546812 13.100000 92.903419
v -9.450293 13.100000 92.593346
v -10.546812 19.000000 92.903419
f -3 -2 -1
v -10.546812 19.000000 92.903419
v -9.450293 13.100000 92.593346
v -9.450293 19.000000 92.593346
f -3 -2 -1
v -9.450293 13.100000 92.593346
v -8.284560 13.100000 92.313599
v -9.450293 19.000000 92.593346
f -3 -2 -1
v -9.450293 19.000000 92.593346
v -8.284560 13.100000 92.313599
v -8.284560 19.000000 92.313599
f -3 -2 -1
v -8.284560 13.100000 92.313599
v -7.040462 13.100000 92.067093
v -8.284560 19.000000 92.313599
f -3 -2 -1
v -8.284560 19.000000 92.313599
v -7.040462 13.100000 92.067093
v -7.040462 19.000000 92.067093
f -3 -2 -1
v -7.040462 13.100000 92.067093
v -5.707335 13.100000 91.857635
v -7.040462 19.000000 92.067093
f -3 -2 -1
v -7.040462 19.000000 92.067093
v -5.707335 13.100000 91.857635
v -5.707335 19.000000 91.857635
f -3 -2 -1
v -5.707335 13.100000 91.857635
v -4.272697 13.100000 91.690125
v -5.707335 19.000000 91.857635
f -3 -2 -1
v -5.707335 19.000000 91.857635
v -4.272697 13.100000 91.690125
v -4.272697 19.000000 91.690125
f -3 -2 -1
v -4.272697 13.100000 91.690125
v -3.856997 13.100000 91.652077
v -4.272697 19.000000 91.690125
f -3 -2 -1
v -4.272697 19.000000 91.690125
v -3.856997 13.100000 91.652077
v -3.856997 19.000000 91.652077
f -3 -2 -1
v -17.500000 10.500000 66.399269
v -27.199266 10.500000 66.399269
v -17.500000 10.700001 66.399269
f -3 -2 -1
v -27.199266 10.500000 66.399269
v -27.199266 19.000000 66.399269
v -17.500000 10.700001 66.399269
f -3 -2 -1
v -17.500000 10.700001 66.399269
v -27.199266 19.000000 66.399269
v -11.500733 10.700001 66.399269
f -3 -2 -1
v -27.199266 19.000000 66.399269
v -11.500733 19.000000 66.399269
v -11.500733 10.700001 66.399269
f -3 -2 -1
v -5.125847 13.100000 84.801620
v -5.200000 13.100000 84.799995
v -0.200000 13.100000 81.500000
f -3 -2 -1
v -6.821319 13.100000 87.011200
v -6.797478 13.100000 87.081436
v -33.500000 13.100000 86.500000
f -3 -2 -1
v -36.453369 13.100000 85.351494
v -36.502277 13.100000 85.407265
v -40.199997 13.100000 81.500000
f -3 -2 -1
v -36.502277 13.100000 85.407265
v -36.548698 13.100000 85.465103
v -40.199997 13.100000 81.500000
f -3 -2 -1
v -40.199997 13.100000 81.500000
v -36.548698 13.100000 85.465103
v -36.592560 13.100000 85.524918
f -3 -2 -1
v -36.592560 13.100000 85.524918
v -36.633766 13.100000 85.586594
v -40.199997 13.100000 81.500000
f -3 -2 -1
v -36.633766 13.100000 85.586594
v -36.672241 13.100000 85.649994
v -40.199997 13.100000 81.500000
f -3 -2 -1
v -40.199997 13.100000 81.500000
v -36.672241 13.100000 85.649994
v -36.707920 13.100000 85.715027
f -3 -2 -1
v -36.842075 13.100000 86.939987
v -36.821320 13.100000 87.011200
v -33.897724 13.100000 120.407265
f -3 -2 -1
v -33.602520 13.100000 85.918571
v -33.629406 13.100000 85.849442
v -6.234894 13.100000 85.151299
f -3 -2 -1
v -6.797478 13.100000 87.081436
v -6.770595 13.100000 87.150558
v -33.500000 13.100000 86.500000
f -3 -2 -1
v -6.770595 13.100000 87.150558
v -6.740723 13.100000 87.218445
v -33.500000 13.100000 86.500000
f -3 -2 -1
v -33.500000 13.100000 86.500000
v -6.740723 13.100000 87.218445
v -6.707918 13.100000 87.284973
f -3 -2 -1
v -6.707918 13.100000 87.284973
v -6.672243 13.100000 87.350006
v -33.500000 13.100000 86.500000
f -3 -2 -1
v -6.672243 13.100000 87.350006
v -6.633766 13.100000 87.413406
v -33.500000 13.100000 86.500000
f -3 -2 -1
v -33.500000 13.100000 86.500000
v -6.633766 13.100000 87.413406
v -6.592559 13.100000 87.475075
f -3 -2 -1
v -35.274151 13.100000 84.801620
v -35.348167 13.100000 84.806473
v -40.199997 13.100000 81.500000
f -3 -2 -1
v -40.199997 13.100000 81.500000
v -36.049999 13.100000 85.027756
v -36.113411 13.100000 85.066238
f -3 -2 -1
v -33.807442 13.100000 120.524918
v -33.851299 13.100000 120.465111
v -36.770592 13.100000 87.150558
f -3 -2 -1
v -33.851299 13.100000 120.465111
v -33.897724 13.100000 120.407265
v -36.770592 13.100000 87.150558
f -3 -2 -1
v -36.770592 13.100000 87.150558
v -33.897724 13.100000 120.407265
v -36.797478 13.100000 87.081436
f -3 -2 -1
v -33.897724 13.100000 120.407265
v -36.821320 13.100000 87.011200
v -36.797478 13.100000 87.081436
f -3 -2 -1
v -5.711200 13.100000 84.878685
v -5.781435 13.100000 84.902527
v -40.199997 13.100000 81.500000
f -3 -2 -1
v -5.984972 13.100000 84.992081
v -6.050000 13.100000 85.027756
v -40.199997 13.100000 81.500000
f -3 -2 -1
v -6.050000 13.100000 85.027756
v -6.113410 13.100000 85.066238
v -40.199997 13.100000 81.500000
f -3 -2 -1
v -33.602520 13.100000 85.918571
v -6.234894 13.100000 85.151299
v -33.578682 13.100000 85.988800
f -3 -2 -1
v -6.234894 13.100000 85.151299
v -33.727757 13.100000 85.649994
v -33.766235 13.100000 85.586594
f -3 -2 -1
v -34.415028 13.100000 84.992081
v -34.481548 13.100000 84.959274
v -6.234894 13.100000 85.151299
f -3 -2 -1
v -40.199997 13.100000 81.500000
v -35.781437 13.100000 84.902527
v -35.850563 13.100000 84.929405
f -3 -2 -1
v -36.113411 13.100000 85.066238
v -36.175079 13.100000 85.107437
v -40.199997 13.100000 81.500000
f -3 -2 -1
v -36.175079 13.100000 85.107437
v -36.234894 13.100000 85.151299
v -40.199997 13.100000 81.500000
f -3 -2 -1
v -40.199997 13.100000 81.500000
v -36.234894 13.100000 85.151299
v -36.292740 13.100000 85.197723
f -3 -2 -1
v -36.292740 13.100000 85.197723
v -36.348503 13.100000 85.246628
v -40.199997 13.100000 81.500000
f -3 -2 -1
v -36.348503 13.100000 85.246628
v -36.402081 13.100000 85.297920
v -40.199997 13.100000 81.500000
f -3 -2 -1
v -40.199997 13.100000 81.500000
v -36.402081 13.100000 85.297920
v -36.453369 13.100000 85.351494
f -3 -2 -1
v -33.659275 13.100000 120.781548
v -33.692081 13.100000 120.715027
v -36.770592 13.100000 87.150558
f -3 -2 -1
v -33.692081 13.100000 120.715027
v -33.727757 13.100000 120.650002
v -36.770592 13.100000 87.150558
f -3 -2 -1
v -33.727757 13.100000 120.650002
v -33.766235 13.100000 120.586586
v -36.770592 13.100000 87.150558
f -3 -2 -1
v -36.770592 13.100000 87.150558
v -33.766235 13.100000 120.586586
v -33.807442 13.100000 120.524918
f -3 -2 -1
v -34.481548 13.100000 119.959282
v -36.859703 13.100000 86.867950
v -34.415028 13.100000 119.992088
f -3 -2 -1
v -36.859703 13.100000 86.867950
v -34.349998 13.100000 120.027756
v -34.415028 13.100000 119.992088
f -3 -2 -1
v -36.548698 13.100000 87.534897
v -36.502277 13.100000 87.592735
v -33.506470 13.100000 121.351837
f -3 -2 -1
v -36.502277 13.100000 87.592735
v -36.453369 13.100000 87.648506
v -33.506470 13.100000 121.351837
f -3 -2 -1
v -0.200000 13.100000 81.500000
v -4.165105 13.100000 85.151299
v -4.224920 13.100000 85.107437
f -3 -2 -1
v -5.125847 13.100000 84.801620
v -0.200000 13.100000 81.500000
v -5.051836 13.100000 84.806473
f -3 -2 -1
v -5.781435 13.100000 84.902527
v -5.850562 13.100000 84.929405
v -40.199997 13.100000 81.500000
f -3 -2 -1
v -5.850562 13.100000 84.929405
v -5.918451 13.100000 84.959274
v -40.199997 13.100000 81.500000
f -3 -2 -1
v -40.199997 13.100000 81.500000
v -5.918451 13.100000 84.959274
v -5.984972 13.100000 84.992081
f -3 -2 -1
v -6.348503 13.100000 85.246628
v -6.402081 13.100000 85.297920
v -33.540298 13.100000 86.132050
f -3 -2 -1
v -6.348503 13.100000 85.246628
v -33.540298 13.100000 86.132050
v -6.292739 13.100000 85.197723
f -3 -2 -1
v -6.874173 13.100000 86.795204
v -33.500000 13.100000 86.500000
v -6.885457 13.100000 86.721893
f -3 -2 -1
v -33.500000 13.100000 86.500000
v -6.893531 13.100000 86.648163
v -6.885457 13.100000 86.721893
f -3 -2 -1
v -6.874173 13.100000 86.795204
v -6.859703 13.100000 86.867950
v -33.500000 13.100000 86.500000
f -3 -2 -1
v -6.859703 13.100000 86.867950
v -6.842074 13.100000 86.939987
v -33.500000 13.100000 86.500000
f -3 -2 -1
v -33.500000 13.100000 86.500000
v -6.842074 13.100000 86.939987
v -6.821319 13.100000 87.011200
f -3 -2 -1
v -33.629406 13.100000 85.849442
v -33.659275 13.100000 85.781555
v -6.234894 13.100000 85.151299
f -3 -2 -1
v -33.659275 13.100000 85.781555
v -33.692081 13.100000 85.715027
v -6.234894 13.100000 85.151299
f -3 -2 -1
v -6.234894 13.100000 85.151299
v -33.692081 13.100000 85.715027
v -33.727757 13.100000 85.649994
f -3 -2 -1
v -35.348167 13.100000 84.806473
v -35.421894 13.100000 84.814545
v -40.199997 13.100000 81.500000
f -3 -2 -1
v -35.421894 13.100000 84.814545
v -35.495201 13.100000 84.825829
v -40.199997 13.100000 81.500000
f -3 -2 -1
v -40.199997 13.100000 81.500000
v -35.495201 13.100000 84.825829
v -35.567947 13.100000 84.840302
f -3 -2 -1
v -33.525829 13.100000 121.204803
v -33.540298 13.100000 121.132057
v -36.770592 13.100000 87.150558
f -3 -2 -1
v -33.540298 13.100000 121.132057
v -33.557926 13.100000 121.060005
v -36.770592 13.100000 87.150558
f -3 -2 -1
v -36.770592 13.100000 87.150558
v -33.557926 13.100000 121.060005
v -33.578682 13.100000 120.988800
f -3 -2 -1
v -36.859703 13.100000 86.867950
v -35.125847 13.100000 119.801620
v -36.874172 13.100000 86.795204
f -3 -2 -1
v -35.125847 13.100000 119.801620
v -36.885456 13.100000 86.721893
v -36.874172 13.100000 86.795204
f -3 -2 -1
v -36.740723 13.100000 87.218445
v -36.707920 13.100000 87.284973
v -33.506470 13.100000 121.351837
f -3 -2 -1
v -36.707920 13.100000 87.284973
v -36.672241 13.100000 87.350006
v -33.506470 13.100000 121.351837
f -3 -2 -1
v -33.602520 13.100000 122.081436
v -33.578682 13.100000 122.011200
v -29.113083 13.100000 123.487457
f -3 -2 -1
v -3.578681 13.100000 87.011200
v -3.557926 13.100000 86.939987
v -0.203600 13.100000 87.836464
f -3 -2 -1
v -0.200000 13.100000 87.666809
v -3.525827 13.100000 86.795204
v -3.514544 13.100000 86.721893
f -3 -2 -1
v -4.224920 13.100000 85.107437
v -4.286591 13.100000 85.066238
v -0.200000 13.100000 81.500000
f -3 -2 -1
v -4.286591 13.100000 85.066238
v -4.350000 13.100000 85.027756
v -0.200000 13.100000 81.500000
f -3 -2 -1
v -0.200000 13.100000 81.500000
v -4.350000 13.100000 85.027756
v -4.415027 13.100000 84.992081
f -3 -2 -1
v -6.402081 13.100000 85.297920
v -6.453372 13.100000 85.351494
v -33.540298 13.100000 86.132050
f -3 -2 -1
v -6.453372 13.100000 85.351494
v -6.502275 13.100000 85.407265
v -33.540298 13.100000 86.132050
f -3 -2 -1
v -33.540298 13.100000 86.132050
v -6.502275 13.100000 85.407265
v -6.548701 13.100000 85.465103
f -3 -2 -1
v -6.859703 13.100000 86.132050
v -33.540298 13.100000 86.132050
v -6.842074 13.100000 86.060013
f -3 -2 -1
v -33.540298 13.100000 86.132050
v -6.821319 13.100000 85.988800
v -6.842074 13.100000 86.060013
f -3 -2 -1
v -33.506470 13.100000 86.351837
v -33.514545 13.100000 86.278107
v -6.893531 13.100000 86.351837
f -3 -2 -1
v -33.514545 13.100000 86.278107
v -33.525829 13.100000 86.204796
v -6.893531 13.100000 86.351837
f -3 -2 -1
v -6.893531 13.100000 86.351837
v -33.525829 13.100000 86.204796
v -33.540298 13.100000 86.132050
f -3 -2 -1
v -6.898382 13.100000 86.425850
v -6.900000 13.100000 86.500000
v -33.500000 13.100000 86.500000
f -3 -2 -1
v -6.900000 13.100000 86.500000
v -6.898382 13.100000 86.574150
v -33.500000 13.100000 86.500000
f -3 -2 -1
v -33.500000 13.100000 86.500000
v -6.898382 13.100000 86.574150
v -6.893531 13.100000 86.648163
f -3 -2 -1
v -6.292739 13.100000 85.197723
v -33.540298 13.100000 86.132050
v -6.234894 13.100000 85.151299
f -3 -2 -1
v -33.540298 13.100000 86.132050
v -33.557926 13.100000 86.060013
v -6.234894 13.100000 85.151299
f -3 -2 -1
v -6.234894 13.100000 85.151299
v -33.557926 13.100000 86.060013
v -33.578682 13.100000 85.988800
f -3 -2 -1
v -34.549438 13.100000 84.929405
v -34.618565 13.100000 84.902527
v -40.199997 13.100000 81.500000
f -3 -2 -1
v -35.567947 13.100000 84.840302
v -35.639996 13.100000 84.857925
v -40.199997 13.100000 81.500000
f -3 -2 -1
v -35.639996 13.100000 84.857925
v -35.711201 13.100000 84.878685
v -40.199997 13.100000 81.500000
f -3 -2 -1
v -40.199997 13.100000 81.500000
v -35.711201 13.100000 84.878685
v -35.781437 13.100000 84.902527
f -3 -2 -1
v -35.850563 13.100000 84.929405
v -35.918453 13.100000 84.959274
v -40.199997 13.100000 81.500000
f -3 -2 -1
v -35.918453 13.100000 84.959274
v -35.984974 13.100000 84.992081
v -40.199997 13.100000 81.500000
f -3 -2 -1
v -40.199997 13.100000 81.500000
v -35.984974 13.100000 84.992081
v -36.049999 13.100000 85.027756
f -3 -2 -1
v -36.740723 13.100000 87.218445
v -33.506470 13.100000 121.351837
v -36.770592 13.100000 87.150558
f -3 -2 -1
v -33.506470 13.100000 121.351837
v -33.514545 13.100000 121.278107
v -36.770592 13.100000 87.150558
f -3 -2 -1
v -36.770592 13.100000 87.150558
v -33.514545 13.100000 121.278107
v -33.525829 13.100000 121.204803
f -3 -2 -1
v -33.578682 13.100000 120.988800
v -33.602520 13.100000 120.918564
v -36.770592 13.100000 87.150558
f -3 -2 -1
v -33.602520 13.100000 120.918564
v -33.629406 13.100000 120.849442
v -36.770592 13.100000 87.150558
f -3 -2 -1
v -36.770592 13.100000 87.150558
v -33.629406 13.100000 120.849442
v -33.659275 13.100000 120.781548
f -3 -2 -1
v -36.842075 13.100000 86.939987
v -33.897724 13.100000 120.407265
v -36.859703 13.100000 86.867950
f -3 -2 -1
v -33.897724 13.100000 120.407265
v -33.946629 13.100000 120.351494
v -36.859703 13.100000 86.867950
f -3 -2 -1
v -36.859703 13.100000 86.867950
v -33.946629 13.100000 120.351494
v -33.997921 13.100000 120.297913
f -3 -2 -1
v -33.997921 13.100000 120.297913
v -34.051498 13.100000 120.246628
v -36.859703 13.100000 86.867950
f -3 -2 -1
v -34.051498 13.100000 120.246628
v -34.107262 13.100000 120.197723
v -36.859703 13.100000 86.867950
f -3 -2 -1
v -36.859703 13.100000 86.867950
v -34.107262 13.100000 120.197723
v -34.165108 13.100000 120.151299
f -3 -2 -1
v -34.481548 13.100000 119.959282
v -34.549438 13.100000 119.929405
v -36.859703 13.100000 86.867950
f -3 -2 -1
v -34.549438 13.100000 119.929405
v -34.618565 13.100000 119.902519
v -36.859703 13.100000 86.867950
f -3 -2 -1
v -36.859703 13.100000 86.867950
v -34.618565 13.100000 119.902519
v -34.688801 13.100000 119.878677
f -3 -2 -1
v -36.672241 13.100000 87.350006
v -36.633766 13.100000 87.413406
v -33.506470 13.100000 121.351837
f -3 -2 -1
v -36.633766 13.100000 87.413406
v -36.592560 13.100000 87.475075
v -33.506470 13.100000 121.351837
f -3 -2 -1
v -33.506470 13.100000 121.351837
v -36.592560 13.100000 87.475075
v -36.548698 13.100000 87.534897
f -3 -2 -1
v -0.203600 13.100000 87.836464
v -3.557926 13.100000 86.939987
v -0.200000 13.100000 87.666809
f -3 -2 -1
v -3.557926 13.100000 86.939987
v -3.540297 13.100000 86.867950
v -0.200000 13.100000 87.666809
f -3 -2 -1
v -0.200000 13.100000 87.666809
v -3.540297 13.100000 86.867950
v -3.525827 13.100000 86.795204
f -3 -2 -1
v -3.514544 13.100000 86.721893
v -3.506469 13.100000 86.648163
v -0.200000 13.100000 87.666809
f -3 -2 -1
v -3.506469 13.100000 86.648163
v -3.501618 13.100000 86.574150
v -0.200000 13.100000 87.666809
f -3 -2 -1
v -0.200000 13.100000 87.666809
v -3.501618 13.100000 86.574150
v -3.500000 13.100000 86.500000
f -3 -2 -1
v -3.659277 13.100000 85.781555
v -3.692082 13.100000 85.715027
v -0.200000 13.100000 81.500000
f -3 -2 -1
v -3.692082 13.100000 85.715027
v -3.727757 13.100000 85.649994
v -0.200000 13.100000 81.500000
f -3 -2 -1
v -4.618566 13.100000 84.902527
v -4.688800 13.100000 84.878685
v -0.200000 13.100000 81.500000
f -3 -2 -1
v -4.688800 13.100000 84.878685
v -4.760008 13.100000 84.857925
v -0.200000 13.100000 81.500000
f -3 -2 -1
v -0.200000 13.100000 81.500000
v -4.760008 13.100000 84.857925
v -4.832053 13.100000 84.840302
f -3 -2 -1
v -5.200000 13.100000 84.799995
v -5.274153 13.100000 84.801620
v -0.200000 13.100000 81.500000
f -3 -2 -1
v -5.274153 13.100000 84.801620
v -5.348165 13.100000 84.806473
v -0.200000 13.100000 81.500000
f -3 -2 -1
v -0.200000 13.100000 81.500000
v -5.348165 13.100000 84.806473
v -5.421895 13.100000 84.814545
f -3 -2 -1
v -6.672243 13.100000 85.649994
v -6.707918 13.100000 85.715027
v -33.540298 13.100000 86.132050
f -3 -2 -1
v -6.707918 13.100000 85.715027
v -6.740723 13.100000 85.781555
v -33.540298 13.100000 86.132050
f -3 -2 -1
v -6.859703 13.100000 86.132050
v -6.874173 13.100000 86.204796
v -33.540298 13.100000 86.132050
f -3 -2 -1
v -6.874173 13.100000 86.204796
v -6.885457 13.100000 86.278107
v -33.540298 13.100000 86.132050
f -3 -2 -1
v -33.540298 13.100000 86.132050
v -6.885457 13.100000 86.278107
v -6.893531 13.100000 86.351837
f -3 -2 -1
v -33.766235 13.100000 85.586594
v -33.807442 13.100000 85.524918
v -6.234894 13.100000 85.151299
f -3 -2 -1
v -33.807442 13.100000 85.524918
v -33.851299 13.100000 85.465103
v -6.234894 13.100000 85.151299
f -3 -2 -1
v -6.234894 13.100000 85.151299
v -33.851299 13.100000 85.465103
v -33.897724 13.100000 85.407265
f -3 -2 -1
v -6.113410 13.100000 85.066238
v -6.175080 13.100000 85.107437
v -40.199997 13.100000 81.500000
f -3 -2 -1
v -6.175080 13.100000 85.107437
v -6.234894 13.100000 85.151299
v -40.199997 13.100000 81.500000
f -3 -2 -1
v -40.199997 13.100000 81.500000
v -6.234894 13.100000 85.151299
v -34.549438 13.100000 84.929405
f -3 -2 -1
v -6.234894 13.100000 85.151299
v -34.481548 13.100000 84.959274
v -34.549438 13.100000 84.929405
f -3 -2 -1
v -34.165108 13.100000 120.151299
v -34.224918 13.100000 120.107445
v -36.859703 13.100000 86.867950
f -3 -2 -1
v -34.224918 13.100000 120.107445
v -34.286591 13.100000 120.066231
v -36.859703 13.100000 86.867950
f -3 -2 -1
v -36.859703 13.100000 86.867950
v -34.286591 13.100000 120.066231
v -34.349998 13.100000 120.027756
f -3 -2 -1
v -34.688801 13.100000 119.878677
v -34.760006 13.100000 119.857933
v -36.859703 13.100000 86.867950
f -3 -2 -1
v -34.760006 13.100000 119.857933
v -34.832054 13.100000 119.840294
v -36.859703 13.100000 86.867950
f -3 -2 -1
v -36.859703 13.100000 86.867950
v -34.832054 13.100000 119.840294
v -34.904797 13.100000 119.825829
f -3 -2 -1
v -34.904797 13.100000 119.825829
v -34.978107 13.100000 119.814545
v -36.859703 13.100000 86.867950
f -3 -2 -1
v -34.978107 13.100000 119.814545
v -35.051834 13.100000 119.806465
v -36.859703 13.100000 86.867950
f -3 -2 -1
v -36.859703 13.100000 86.867950
v -35.051834 13.100000 119.806465
v -35.125847 13.100000 119.801620
f -3 -2 -1
v -36.707920 13.100000 85.715027
v -36.740723 13.100000 85.781555
v -40.199997 13.100000 81.500000
f -3 -2 -1
v -36.740723 13.100000 85.781555
v -36.770592 13.100000 85.849442
v -40.199997 13.100000 81.500000
f -3 -2 -1
v -40.199997 13.100000 81.500000
v -36.770592 13.100000 85.849442
v -36.797478 13.100000 85.918571
f -3 -2 -1
v -36.797478 13.100000 85.918571
v -36.821320 13.100000 85.988800
v -40.199997 13.100000 81.500000
f -3 -2 -1
v -36.821320 13.100000 85.988800
v -36.842075 13.100000 86.060013
v -40.199997 13.100000 81.500000
f -3 -2 -1
v -40.199997 13.100000 81.500000
v -36.842075 13.100000 86.060013
v -36.859703 13.100000 86.132050
f -3 -2 -1
v -34.051498 13.100000 122.753372
v -33.997921 13.100000 122.702087
v -30.542091 13.100000 126.367989
f -3 -2 -1
v -33.946629 13.100000 122.648499
v -30.284990 13.100000 126.133141
v -33.997921 13.100000 122.702087
f -3 -2 -1
v -30.284990 13.100000 126.133141
v -30.410982 13.100000 126.253365
v -33.997921 13.100000 122.702087
f -3 -2 -1
v -33.997921 13.100000 122.702087
v -30.410982 13.100000 126.253365
v -30.542091 13.100000 126.367989
f -3 -2 -1
v -6.453372 13.100000 87.648506
v -6.402081 13.100000 87.702080
v -8.284560 13.100000 92.313599
f -3 -2 -1
v -3.727757 13.100000 87.350006
v -0.554640 13.100000 89.313423
v -3.766234 13.100000 87.413406
f -3 -2 -1
v -0.554640 13.100000 89.313423
v -0.627760 13.100000 89.466560
v -3.766234 13.100000 87.413406
f -3 -2 -1
v -3.766234 13.100000 87.413406
v -0.627760 13.100000 89.466560
v -3.807441 13.100000 87.475075
f -3 -2 -1
v -0.203600 13.100000 87.836464
v -0.214392 13.100000 88.005814
v -3.578681 13.100000 87.011200
f -3 -2 -1
v -0.214392 13.100000 88.005814
v -0.232357 13.100000 88.174561
v -3.578681 13.100000 87.011200
f -3 -2 -1
v -3.578681 13.100000 87.011200
v -0.232357 13.100000 88.174561
v -3.602523 13.100000 87.081436
f -3 -2 -1
v -0.232357 13.100000 88.174561
v -0.257463 13.100000 88.342384
v -3.602523 13.100000 87.081436
f -3 -2 -1
v -3.602523 13.100000 87.081436
v -0.257463 13.100000 88.342384
v -3.629405 13.100000 87.150558
f -3 -2 -1
v -3.500000 13.100000 86.500000
v -3.501618 13.100000 86.425850
v -0.200000 13.100000 87.666809
f -3 -2 -1
v -3.501618 13.100000 86.425850
v -3.506469 13.100000 86.351837
v -0.200000 13.100000 87.666809
f -3 -2 -1
v -0.200000 13.100000 87.666809
v -3.506469 13.100000 86.351837
v -3.514544 13.100000 86.278107
f -3 -2 -1
v -3.514544 13.100000 86.278107
v -3.525827 13.100000 86.204796
v -0.200000 13.100000 87.666809
f -3 -2 -1
v -3.525827 13.100000 86.204796
v -3.540297 13.100000 86.132050
v -0.200000 13.100000 87.666809
f -3 -2 -1
v -0.200000 13.100000 87.666809
v -3.540297 13.100000 86.132050
v -0.200000 13.100000 81.500000
f -3 -2 -1
v -3.540297 13.100000 86.132050
v -3.557926 13.100000 86.060013
v -0.200000 13.100000 81.500000
f -3 -2 -1
v -0.200000 13.100000 81.500000
v -3.557926 13.100000 86.060013
v -3.578681 13.100000 85.988800
f -3 -2 -1
v -3.727757 13.100000 85.649994
v -3.766234 13.100000 85.586594
v -0.200000 13.100000 81.500000
f -3 -2 -1
v -3.766234 13.100000 85.586594
v -3.807441 13.100000 85.524918
v -0.200000 13.100000 81.500000
f -3 -2 -1
v -0.200000 13.100000 81.500000
v -3.807441 13.100000 85.524918
v -3.851300 13.100000 85.465103
f -3 -2 -1
v -3.851300 13.100000 85.465103
v -3.897724 13.100000 85.407265
v -0.200000 13.100000 81.500000
f -3 -2 -1
v -3.897724 13.100000 85.407265
v -3.946628 13.100000 85.351494
v -0.200000 13.100000 81.500000
f -3 -2 -1
v -0.200000 13.100000 81.500000
v -3.946628 13.100000 85.351494
v -3.997919 13.100000 85.297920
f -3 -2 -1
v -4.832053 13.100000 84.840302
v -4.904798 13.100000 84.825829
v -0.200000 13.100000 81.500000
f -3 -2 -1
v -4.904798 13.100000 84.825829
v -4.978106 13.100000 84.814545
v -0.200000 13.100000 81.500000
f -3 -2 -1
v -0.200000 13.100000 81.500000
v -4.978106 13.100000 84.814545
v -5.051836 13.100000 84.806473
f -3 -2 -1
v -5.421895 13.100000 84.814545
v -5.495202 13.100000 84.825829
v -0.200000 13.100000 81.500000
f -3 -2 -1
v -5.495202 13.100000 84.825829
v -5.567947 13.100000 84.840302
v -0.200000 13.100000 81.500000
f -3 -2 -1
v -0.200000 13.100000 81.500000
v -5.567947 13.100000 84.840302
v -40.199997 13.100000 81.500000
f -3 -2 -1
v -5.567947 13.100000 84.840302
v -5.639992 13.100000 84.857925
v -40.199997 13.100000 81.500000
f -3 -2 -1
v -40.199997 13.100000 81.500000
v -5.639992 13.100000 84.857925
v -5.711200 13.100000 84.878685
f -3 -2 -1
v -6.548701 13.100000 85.465103
v -6.592559 13.100000 85.524918
v -33.540298 13.100000 86.132050
f -3 -2 -1
v -6.592559 13.100000 85.524918
v -6.633766 13.100000 85.586594
v -33.540298 13.100000 86.132050
f -3 -2 -1
v -33.540298 13.100000 86.132050
v -6.633766 13.100000 85.586594
v -6.672243 13.100000 85.649994
f -3 -2 -1
v -6.740723 13.100000 85.781555
v -6.770595 13.100000 85.849442
v -33.540298 13.100000 86.132050
f -3 -2 -1
v -6.770595 13.100000 85.849442
v -6.797478 13.100000 85.918571
v -33.540298 13.100000 86.132050
f -3 -2 -1
v -33.540298 13.100000 86.132050
v -6.797478 13.100000 85.918571
v -6.821319 13.100000 85.988800
f -3 -2 -1
v -6.898382 13.100000 86.425850
v -33.500000 13.100000 86.500000
v -6.893531 13.100000 86.351837
f -3 -2 -1
v -33.500000 13.100000 86.500000
v -33.501617 13.100000 86.425850
v -6.893531 13.100000 86.351837
f -3 -2 -1
v -6.893531 13.100000 86.351837
v -33.501617 13.100000 86.425850
v -33.506470 13.100000 86.351837
f -3 -2 -1
v -33.897724 13.100000 85.407265
v -33.946629 13.100000 85.351494
v -6.234894 13.100000 85.151299
f -3 -2 -1
v -33.946629 13.100000 85.351494
v -33.997921 13.100000 85.297920
v -6.234894 13.100000 85.151299
f -3 -2 -1
v -6.234894 13.100000 85.151299
v -33.997921 13.100000 85.297920
v -34.051498 13.100000 85.246628
f -3 -2 -1
v -34.618565 13.100000 84.902527
v -34.688801 13.100000 84.878685
v -40.199997 13.100000 81.500000
f -3 -2 -1
v -34.688801 13.100000 84.878685
v -34.760006 13.100000 84.857925
v -40.199997 13.100000 81.500000
f -3 -2 -1
v -40.199997 13.100000 81.500000
v -34.760006 13.100000 84.857925
v -34.832054 13.100000 84.840302
f -3 -2 -1
v -34.832054 13.100000 84.840302
v -34.904797 13.100000 84.825829
v -40.199997 13.100000 81.500000
f -3 -2 -1
v -34.904797 13.100000 84.825829
v -34.978107 13.100000 84.814545
v -40.199997 13.100000 81.500000
f -3 -2 -1
v -40.199997 13.100000 81.500000
v -34.978107 13.100000 84.814545
v -35.051834 13.100000 84.806473
f -3 -2 -1
v -35.051834 13.100000 84.806473
v -35.125847 13.100000 84.801620
v -40.199997 13.100000 81.500000
f -3 -2 -1
v -35.125847 13.100000 84.801620
v -35.200001 13.100000 84.799995
v -40.199997 13.100000 81.500000
f -3 -2 -1
v -40.199997 13.100000 81.500000
v -35.200001 13.100000 84.799995
v -35.274151 13.100000 84.801620
f -3 -2 -1
v -36.049999 13.100000 122.972244
v -35.984974 13.100000 123.007919
v -38.046993 13.100000 126.848045
f -3 -2 -1
v -30.542091 13.100000 126.367989
v -30.678062 13.100000 126.476791
v -34.051498 13.100000 122.753372
f -3 -2 -1
v -30.678062 13.100000 126.476791
v -30.818642 13.100000 126.579582
v -34.051498 13.100000 122.753372
f -3 -2 -1
v -34.051498 13.100000 122.753372
v -30.818642 13.100000 126.579582
v -34.107262 13.100000 122.802269
f -3 -2 -1
v -30.818642 13.100000 126.579582
v -30.963560 13.100000 126.676155
v -34.107262 13.100000 122.802269
f -3 -2 -1
v -34.107262 13.100000 122.802269
v -30.963560 13.100000 126.676155
v -34.165108 13.100000 122.848694
f -3 -2 -1
v -33.578682 13.100000 122.011200
v -33.557926 13.100000 121.939995
v -29.113083 13.100000 123.487457
f -3 -2 -1
v -33.557926 13.100000 121.939995
v -33.540298 13.100000 121.867950
v -29.113083 13.100000 123.487457
f -3 -2 -1
v -29.113083 13.100000 123.487457
v -33.540298 13.100000 121.867950
v -33.525829 13.100000 121.795197
f -3 -2 -1
v -33.557926 13.100000 86.939987
v -10.546812 13.100000 92.903419
v -11.582022 13.100000 93.241653
f -3 -2 -1
v -33.514545 13.100000 86.721893
v -33.506470 13.100000 86.648163
v -6.548701 13.100000 87.534897
f -3 -2 -1
v -0.257463 13.100000 88.342384
v -0.289665 13.100000 88.508995
v -3.629405 13.100000 87.150558
f -3 -2 -1
v -0.289665 13.100000 88.508995
v -0.328904 13.100000 88.674088
v -3.629405 13.100000 87.150558
f -3 -2 -1
v -3.629405 13.100000 87.150558
v -0.328904 13.100000 88.674088
v -3.659277 13.100000 87.218445
f -3 -2 -1
v -0.328904 13.100000 88.674088
v -0.375111 13.100000 88.837372
v -3.659277 13.100000 87.218445
f -3 -2 -1
v -3.659277 13.100000 87.218445
v -0.375111 13.100000 88.837372
v -3.692082 13.100000 87.284973
f -3 -2 -1
v -0.375111 13.100000 88.837372
v -0.428202 13.100000 88.998550
v -3.692082 13.100000 87.284973
f -3 -2 -1
v -3.692082 13.100000 87.284973
v -0.428202 13.100000 88.998550
v -3.727757 13.100000 87.350006
f -3 -2 -1
v -0.428202 13.100000 88.998550
v -0.488080 13.100000 89.157326
v -3.727757 13.100000 87.350006
f -3 -2 -1
v -3.727757 13.100000 87.350006
v -0.488080 13.100000 89.157326
v -0.554640 13.100000 89.313423
f -3 -2 -1
v -3.578681 13.100000 85.988800
v -3.602523 13.100000 85.918571
v -0.200000 13.100000 81.500000
f -3 -2 -1
v -3.602523 13.100000 85.918571
v -3.629405 13.100000 85.849442
v -0.200000 13.100000 81.500000
f -3 -2 -1
v -0.200000 13.100000 81.500000
v -3.629405 13.100000 85.849442
v -3.659277 13.100000 85.781555
f -3 -2 -1
v -3.997919 13.100000 85.297920
v -4.051497 13.100000 85.246628
v -0.200000 13.100000 81.500000
f -3 -2 -1
v -4.051497 13.100000 85.246628
v -4.107261 13.100000 85.197723
v -0.200000 13.100000 81.500000
f -3 -2 -1
v -0.200000 13.100000 81.500000
v -4.107261 13.100000 85.197723
v -4.165105 13.100000 85.151299
f -3 -2 -1
v -4.415027 13.100000 84.992081
v -4.481549 13.100000 84.959274
v -0.200000 13.100000 81.500000
f -3 -2 -1
v -4.481549 13.100000 84.959274
v -4.549438 13.100000 84.929405
v -0.200000 13.100000 81.500000
f -3 -2 -1
v -0.200000 13.100000 81.500000
v -4.549438 13.100000 84.929405
v -4.618566 13.100000 84.902527
f -3 -2 -1
v -34.051498 13.100000 85.246628
v -34.107262 13.100000 85.197723
v -6.234894 13.100000 85.151299
f -3 -2 -1
v -34.107262 13.100000 85.197723
v -34.165108 13.100000 85.151299
v -6.234894 13.100000 85.151299
f -3 -2 -1
v -6.234894 13.100000 85.151299
v -34.165108 13.100000 85.151299
v -34.224918 13.100000 85.107437
f -3 -2 -1
v -34.224918 13.100000 85.107437
v -34.286591 13.100000 85.066238
v -6.234894 13.100000 85.151299
f -3 -2 -1
v -34.286591 13.100000 85.066238
v -34.349998 13.100000 85.027756
v -6.234894 13.100000 85.151299
f -3 -2 -1
v -6.234894 13.100000 85.151299
v -34.349998 13.100000 85.027756
v -34.415028 13.100000 84.992081
f -3 -2 -1
v -36.049999 13.100000 120.027756
v -36.113411 13.100000 120.066231
v -40.199997 13.100000 81.500000
f -3 -2 -1
v -36.113411 13.100000 120.066231
v -36.175079 13.100000 120.107445
v -40.199997 13.100000 81.500000
f -3 -2 -1
v -36.175079 13.100000 120.107445
v -36.234894 13.100000 120.151299
v -40.199997 13.100000 81.500000
f -3 -2 -1
v -36.234894 13.100000 120.151299
v -36.292740 13.100000 120.197723
v -40.199997 13.100000 81.500000
f -3 -2 -1
v -40.199997 13.100000 81.500000
v -36.292740 13.100000 120.197723
v -36.348503 13.100000 120.246628
f -3 -2 -1
v -36.842075 13.100000 121.939995
v -40.199997 13.100000 123.300003
v -36.859703 13.100000 121.867950
f -3 -2 -1
v -40.199997 13.100000 123.300003
v -36.874172 13.100000 121.795197
v -36.859703 13.100000 121.867950
f -3 -2 -1
v -33.851299 13.100000 122.534897
v -29.940025 13.100000 125.741226
v -33.897724 13.100000 122.592743
f -3 -2 -1
v -29.940025 13.100000 125.741226
v -30.049286 13.100000 125.876831
v -33.897724 13.100000 122.592743
f -3 -2 -1
v -33.897724 13.100000 122.592743
v -30.049286 13.100000 125.876831
v -33.946629 13.100000 122.648499
f -3 -2 -1
v -30.049286 13.100000 125.876831
v -30.164349 13.100000 126.007553
v -33.946629 13.100000 122.648499
f -3 -2 -1
v -33.946629 13.100000 122.648499
v -30.164349 13.100000 126.007553
v -30.284990 13.100000 126.133141
f -3 -2 -1
v -29.353485 13.100000 124.677841
v -33.727757 13.100000 122.349998
v -33.692081 13.100000 122.284973
f -3 -2 -1
v -36.113411 13.100000 87.933762
v -36.049999 13.100000 87.972244
v -33.506470 13.100000 121.351837
f -3 -2 -1
v -33.557926 13.100000 86.939987
v -11.582022 13.100000 93.241653
v -33.578682 13.100000 87.011200
f -3 -2 -1
v -10.546812 13.100000 92.903419
v -33.557926 13.100000 86.939987
v -9.450293 13.100000 92.593346
f -3 -2 -1
v -33.557926 13.100000 86.939987
v -33.540298 13.100000 86.867950
v -9.450293 13.100000 92.593346
f -3 -2 -1
v -9.450293 13.100000 92.593346
v -33.540298 13.100000 86.867950
v -8.284560 13.100000 92.313599
f -3 -2 -1
v -33.540298 13.100000 86.867950
v -33.525829 13.100000 86.795204
v -8.284560 13.100000 92.313599
f -3 -2 -1
v -8.284560 13.100000 92.313599
v -33.525829 13.100000 86.795204
v -33.514545 13.100000 86.721893
f -3 -2 -1
v -6.548701 13.100000 87.534897
v -33.506470 13.100000 86.648163
v -6.592559 13.100000 87.475075
f -3 -2 -1
v -33.506470 13.100000 86.648163
v -33.501617 13.100000 86.574150
v -6.592559 13.100000 87.475075
f -3 -2 -1
v -6.592559 13.100000 87.475075
v -33.501617 13.100000 86.574150
v -33.500000 13.100000 86.500000
f -3 -2 -1
v -33.514545 13.100000 86.721893
v -6.548701 13.100000 87.534897
v -8.284560 13.100000 92.313599
f -3 -2 -1
v -6.548701 13.100000 87.534897
v -6.502275 13.100000 87.592735
v -8.284560 13.100000 92.313599
f -3 -2 -1
v -8.284560 13.100000 92.313599
v -6.502275 13.100000 87.592735
v -6.453372 13.100000 87.648506
f -3 -2 -1
v -6.402081 13.100000 87.702080
v -6.348503 13.100000 87.753372
v -8.284560 13.100000 92.313599
f -3 -2 -1
v -6.348503 13.100000 87.753372
v -6.292739 13.100000 87.802277
v -8.284560 13.100000 92.313599
f -3 -2 -1
v -8.284560 13.100000 92.313599
v -6.292739 13.100000 87.802277
v -6.234894 13.100000 87.848701
f -3 -2 -1
v -36.859703 13.100000 86.132050
v -36.874172 13.100000 86.204796
v -40.199997 13.100000 81.500000
f -3 -2 -1
v -36.874172 13.100000 86.204796
v -36.885456 13.100000 86.278107
v -40.199997 13.100000 81.500000
f -3 -2 -1
v -40.199997 13.100000 81.500000
v -36.885456 13.100000 86.278107
v -36.893532 13.100000 86.351837
f -3 -2 -1
v -35.495201 13.100000 119.825829
v -35.567947 13.100000 119.840294
v -40.199997 13.100000 81.500000
f -3 -2 -1
v -40.199997 13.100000 81.500000
v -35.781437 13.100000 119.902519
v -35.850563 13.100000 119.929405
f -3 -2 -1
v -36.348503 13.100000 120.246628
v -36.402081 13.100000 120.297913
v -40.199997 13.100000 81.500000
f -3 -2 -1
v -36.402081 13.100000 120.297913
v -36.453369 13.100000 120.351494
v -40.199997 13.100000 81.500000
f -3 -2 -1
v -40.199997 13.100000 81.500000
v -36.453369 13.100000 120.351494
v -36.502277 13.100000 120.407265
f -3 -2 -1
v -36.672241 13.100000 120.650002
v -36.707920 13.100000 120.715027
v -40.199997 13.100000 123.300003
f -3 -2 -1
v -36.707920 13.100000 120.715027
v -36.740723 13.100000 120.781548
v -40.199997 13.100000 123.300003
f -3 -2 -1
v -36.821320 13.100000 120.988800
v -36.842075 13.100000 121.060005
v -40.199997 13.100000 123.300003
f -3 -2 -1
v -36.842075 13.100000 121.060005
v -36.859703 13.100000 121.132057
v -40.199997 13.100000 123.300003
f -3 -2 -1
v -36.859703 13.100000 121.132057
v -36.874172 13.100000 121.204803
v -40.199997 13.100000 123.300003
f -3 -2 -1
v -36.874172 13.100000 121.204803
v -36.885456 13.100000 121.278107
v -40.199997 13.100000 123.300003
f -3 -2 -1
v -40.199997 13.100000 123.300003
v -36.885456 13.100000 121.278107
v -36.893532 13.100000 121.351837
f -3 -2 -1
v -36.893532 13.100000 121.351837
v -36.898380 13.100000 121.425842
v -40.199997 13.100000 123.300003
f -3 -2 -1
v -36.898380 13.100000 121.425842
v -36.899998 13.100000 121.500000
v -40.199997 13.100000 123.300003
f -3 -2 -1
v -40.199997 13.100000 123.300003
v -36.899998 13.100000 121.500000
v -36.898380 13.100000 121.574158
f -3 -2 -1
v -38.046993 13.100000 126.848045
v -35.984974 13.100000 123.007919
v -37.890472 13.100000 126.925232
f -3 -2 -1
v -35.984974 13.100000 123.007919
v -35.918453 13.100000 123.040718
v -37.890472 13.100000 126.925232
f -3 -2 -1
v -37.890472 13.100000 126.925232
v -35.918453 13.100000 123.040718
v -37.730736 13.100000 126.995522
f -3 -2 -1
v -33.807442 13.100000 122.475082
v -29.739717 13.100000 125.456390
v -33.851299 13.100000 122.534897
f -3 -2 -1
v -29.739717 13.100000 125.456390
v -29.836771 13.100000 125.600990
v -33.851299 13.100000 122.534897
f -3 -2 -1
v -33.851299 13.100000 122.534897
v -29.836771 13.100000 125.600990
v -29.940025 13.100000 125.741226
f -3 -2 -1
v -29.353485 13.100000 124.677841
v -29.417017 13.100000 124.839989
v -33.727757 13.100000 122.349998
f -3 -2 -1
v -29.417017 13.100000 124.839989
v -29.487547 13.100000 124.999214
v -33.727757 13.100000 122.349998
f -3 -2 -1
v -33.727757 13.100000 122.349998
v -29.487547 13.100000 124.999214
v -33.766235 13.100000 122.413414
f -3 -2 -1
v -29.487547 13.100000 124.999214
v -29.564939 13.100000 125.155228
v -33.766235 13.100000 122.413414
f -3 -2 -1
v -33.766235 13.100000 122.413414
v -29.564939 13.100000 125.155228
v -33.807442 13.100000 122.475082
f -3 -2 -1
v -29.564939 13.100000 125.155228
v -29.649050 13.100000 125.307709
v -33.807442 13.100000 122.475082
f -3 -2 -1
v -33.807442 13.100000 122.475082
v -29.649050 13.100000 125.307709
v -29.739717 13.100000 125.456390
f -3 -2 -1
v -33.629406 13.100000 122.150566
v -29.206009 13.100000 124.176994
v -33.659275 13.100000 122.218452
f -3 -2 -1
v -29.206009 13.100000 124.176994
v -29.247881 13.100000 124.346031
v -33.659275 13.100000 122.218452
f -3 -2 -1
v -33.659275 13.100000 122.218452
v -29.247881 13.100000 124.346031
v -33.692081 13.100000 122.284973
f -3 -2 -1
v -29.247881 13.100000 124.346031
v -29.297071 13.100000 124.513092
v -33.692081 13.100000 122.284973
f -3 -2 -1
v -33.692081 13.100000 122.284973
v -29.297071 13.100000 124.513092
v -29.353485 13.100000 124.677841
f -3 -2 -1
v -29.113083 13.100000 123.487457
v -29.125029 13.100000 123.661201
v -33.602520 13.100000 122.081436
f -3 -2 -1
v -29.125029 13.100000 123.661201
v -29.144526 13.100000 123.834251
v -33.602520 13.100000 122.081436
f -3 -2 -1
v -33.602520 13.100000 122.081436
v -29.144526 13.100000 123.834251
v -33.629406 13.100000 122.150566
f -3 -2 -1
v -29.144526 13.100000 123.834251
v -29.171535 13.100000 124.006287
v -33.629406 13.100000 122.150566
f -3 -2 -1
v -33.629406 13.100000 122.150566
v -29.171535 13.100000 124.006287
v -29.206009 13.100000 124.176994
f -3 -2 -1
v -6.234894 13.100000 87.848701
v -6.175080 13.100000 87.892563
v -8.284560 13.100000 92.313599
f -3 -2 -1
v -6.175080 13.100000 87.892563
v -6.113410 13.100000 87.933762
v -8.284560 13.100000 92.313599
f -3 -2 -1
v -8.284560 13.100000 92.313599
v -6.113410 13.100000 87.933762
v -6.050000 13.100000 87.972244
f -3 -2 -1
v -36.893532 13.100000 86.351837
v -36.898380 13.100000 86.425850
v -40.199997 13.100000 81.500000
f -3 -2 -1
v -36.898380 13.100000 86.425850
v -36.899998 13.100000 86.500000
v -40.199997 13.100000 81.500000
f -3 -2 -1
v -40.199997 13.100000 81.500000
v -36.899998 13.100000 86.500000
v -36.898380 13.100000 86.574150
f -3 -2 -1
v -35.495201 13.100000 119.825829
v -40.199997 13.100000 81.500000
v -35.421894 13.100000 119.814545
f -3 -2 -1
v -35.567947 13.100000 119.840294
v -35.639996 13.100000 119.857933
v -40.199997 13.100000 81.500000
f -3 -2 -1
v -35.639996 13.100000 119.857933
v -35.711201 13.100000 119.878677
v -40.199997 13.100000 81.500000
f -3 -2 -1
v -40.199997 13.100000 81.500000
v -35.711201 13.100000 119.878677
v -35.781437 13.100000 119.902519
f -3 -2 -1
v -35.850563 13.100000 119.929405
v -35.918453 13.100000 119.959282
v -40.199997 13.100000 81.500000
f -3 -2 -1
v -35.918453 13.100000 119.959282
v -35.984974 13.100000 119.992088
v -40.199997 13.100000 81.500000
f -3 -2 -1
v -40.199997 13.100000 81.500000
v -35.984974 13.100000 119.992088
v -36.049999 13.100000 120.027756
f -3 -2 -1
v -36.898380 13.100000 121.574158
v -36.893532 13.100000 121.648163
v -40.199997 13.100000 123.300003
f -3 -2 -1
v -36.893532 13.100000 121.648163
v -36.885456 13.100000 121.721893
v -40.199997 13.100000 123.300003
f -3 -2 -1
v -40.199997 13.100000 123.300003
v -36.885456 13.100000 121.721893
v -36.874172 13.100000 121.795197
f -3 -2 -1
v -36.672241 13.100000 122.349998
v -40.105183 13.100000 124.165756
v -36.707920 13.100000 122.284973
f -3 -2 -1
v -40.105183 13.100000 124.165756
v -40.139233 13.100000 123.994598
v -36.707920 13.100000 122.284973
f -3 -2 -1
v -36.707920 13.100000 122.284973
v -40.139233 13.100000 123.994598
v -36.740723 13.100000 122.218452
f -3 -2 -1
v -40.139233 13.100000 123.994598
v -40.165779 13.100000 123.822105
v -36.740723 13.100000 122.218452
f -3 -2 -1
v -36.740723 13.100000 122.218452
v -40.165779 13.100000 123.822105
v -36.770592 13.100000 122.150566
f -3 -2 -1
v -36.502277 13.100000 122.592743
v -39.748043 13.100000 125.147003
v -36.548698 13.100000 122.534897
f -3 -2 -1
v -39.748043 13.100000 125.147003
v -39.825230 13.100000 124.990471
v -36.548698 13.100000 122.534897
f -3 -2 -1
v -36.548698 13.100000 122.534897
v -39.825230 13.100000 124.990471
v -36.592560 13.100000 122.475082
f -3 -2 -1
v -36.175079 13.100000 122.892555
v -38.771149 13.100000 126.364174
v -36.234894 13.100000 122.848694
f -3 -2 -1
v -38.771149 13.100000 126.364174
v -38.902363 13.100000 126.249107
v -36.234894 13.100000 122.848694
f -3 -2 -1
v -36.234894 13.100000 122.848694
v -38.902363 13.100000 126.249107
v -36.292740 13.100000 122.802269
f -3 -2 -1
v -38.046993 13.100000 126.848045
v -38.199997 13.100000 126.764107
v -36.049999 13.100000 122.972244
f -3 -2 -1
v -38.199997 13.100000 126.764107
v -38.349201 13.100000 126.673561
v -36.049999 13.100000 122.972244
f -3 -2 -1
v -36.049999 13.100000 122.972244
v -38.349201 13.100000 126.673561
v -36.113411 13.100000 122.933769
f -3 -2 -1
v -38.349201 13.100000 126.673561
v -38.494308 13.100000 126.576599
v -36.113411 13.100000 122.933769
f -3 -2 -1
v -36.113411 13.100000 122.933769
v -38.494308 13.100000 126.576599
v -36.175079 13.100000 122.892555
f -3 -2 -1
v -38.494308 13.100000 126.576599
v -38.635044 13.100000 126.473412
v -36.175079 13.100000 122.892555
f -3 -2 -1
v -36.175079 13.100000 122.892555
v -38.635044 13.100000 126.473412
v -38.771149 13.100000 126.364174
f -3 -2 -1
v -37.730736 13.100000 126.995522
v -35.918453 13.100000 123.040718
v -37.568081 13.100000 127.058777
f -3 -2 -1
v -35.918453 13.100000 123.040718
v -35.850563 13.100000 123.070595
v -37.568081 13.100000 127.058777
f -3 -2 -1
v -37.568081 13.100000 127.058777
v -35.850563 13.100000 123.070595
v -37.402824 13.100000 127.114861
f -3 -2 -1
v -35.850563 13.100000 123.070595
v -35.781437 13.100000 123.097481
v -37.402824 13.100000 127.114861
f -3 -2 -1
v -37.402824 13.100000 127.114861
v -35.781437 13.100000 123.097481
v -37.235275 13.100000 127.163712
f -3 -2 -1
v -37.235275 13.100000 127.163712
v -35.781437 13.100000 123.097481
v -37.065758 13.100000 127.205177
f -3 -2 -1
v -35.781437 13.100000 123.097481
v -35.711201 13.100000 123.121323
v -37.065758 13.100000 127.205177
f -3 -2 -1
v -37.065758 13.100000 127.205177
v -35.711201 13.100000 123.121323
v -36.894592 13.100000 127.239227
f -3 -2 -1
v -35.711201 13.100000 123.121323
v -35.639996 13.100000 123.142075
v -36.894592 13.100000 127.239227
f -3 -2 -1
v -36.894592 13.100000 127.239227
v -35.639996 13.100000 123.142075
v -36.722103 13.100000 127.265778
f -3 -2 -1
v -35.348167 13.100000 123.193535
v -35.274151 13.100000 123.198380
v -36.200001 13.100000 127.299995
f -3 -2 -1
v -36.453369 13.100000 87.648506
v -36.402081 13.100000 87.702080
v -33.506470 13.100000 121.351837
f -3 -2 -1
v -36.402081 13.100000 87.702080
v -36.348503 13.100000 87.753372
v -33.506470 13.100000 121.351837
f -3 -2 -1
v -33.506470 13.100000 121.351837
v -36.348503 13.100000 87.753372
v -36.292740 13.100000 87.802277
f -3 -2 -1
v -36.292740 13.100000 87.802277
v -36.234894 13.100000 87.848701
v -33.506470 13.100000 121.351837
f -3 -2 -1
v -36.234894 13.100000 87.848701
v -36.175079 13.100000 87.892563
v -33.506470 13.100000 121.351837
f -3 -2 -1
v -33.506470 13.100000 121.351837
v -36.175079 13.100000 87.892563
v -36.113411 13.100000 87.933762
f -3 -2 -1
v -33.525829 13.100000 121.795197
v -33.514545 13.100000 121.721893
v -29.113083 13.100000 123.487457
f -3 -2 -1
v -33.514545 13.100000 121.721893
v -33.506470 13.100000 121.648163
v -29.113083 13.100000 123.487457
f -3 -2 -1
v -29.113083 13.100000 123.487457
v -33.506470 13.100000 121.648163
v -28.915855 13.100000 120.563438
f -3 -2 -1
v -0.627760 13.100000 89.466560
v -0.707310 13.100000 89.616447
v -3.807441 13.100000 87.475075
f -3 -2 -1
v -0.707310 13.100000 89.616447
v -0.793145 13.100000 89.762840
v -3.807441 13.100000 87.475075
f -3 -2 -1
v -3.807441 13.100000 87.475075
v -0.793145 13.100000 89.762840
v -3.851300 13.100000 87.534897
f -3 -2 -1
v -0.793145 13.100000 89.762840
v -0.885112 13.100000 89.905449
v -3.851300 13.100000 87.534897
f -3 -2 -1
v -3.851300 13.100000 87.534897
v -0.885112 13.100000 89.905449
v -3.897724 13.100000 87.592735
f -3 -2 -1
v -0.885112 13.100000 89.905449
v -0.983045 13.100000 90.044029
v -3.897724 13.100000 87.592735
f -3 -2 -1
v -3.897724 13.100000 87.592735
v -0.983045 13.100000 90.044029
v -3.946628 13.100000 87.648506
f -3 -2 -1
v -36.885456 13.100000 86.721893
v -35.125847 13.100000 119.801620
v -36.893532 13.100000 86.648163
f -3 -2 -1
v -35.125847 13.100000 119.801620
v -35.200001 13.100000 119.800003
v -36.893532 13.100000 86.648163
f -3 -2 -1
v -36.893532 13.100000 86.648163
v -35.200001 13.100000 119.800003
v -36.898380 13.100000 86.574150
f -3 -2 -1
v -35.200001 13.100000 119.800003
v -35.274151 13.100000 119.801620
v -36.898380 13.100000 86.574150
f -3 -2 -1
v -36.898380 13.100000 86.574150
v -35.274151 13.100000 119.801620
v -40.199997 13.100000 81.500000
f -3 -2 -1
v -35.274151 13.100000 119.801620
v -35.348167 13.100000 119.806465
v -40.199997 13.100000 81.500000
f -3 -2 -1
v -40.199997 13.100000 81.500000
v -35.348167 13.100000 119.806465
v -35.421894 13.100000 119.814545
f -3 -2 -1
v -36.502277 13.100000 120.407265
v -36.548698 13.100000 120.465111
v -40.199997 13.100000 81.500000
f -3 -2 -1
v -36.548698 13.100000 120.465111
v -36.592560 13.100000 120.524918
v -40.199997 13.100000 81.500000
f -3 -2 -1
v -40.199997 13.100000 81.500000
v -36.592560 13.100000 120.524918
v -40.199997 13.100000 123.300003
f -3 -2 -1
v -36.592560 13.100000 120.524918
v -36.633766 13.100000 120.586586
v -40.199997 13.100000 123.300003
f -3 -2 -1
v -40.199997 13.100000 123.300003
v -36.633766 13.100000 120.586586
v -36.672241 13.100000 120.650002
f -3 -2 -1
v -36.740723 13.100000 120.781548
v -36.770592 13.100000 120.849442
v -40.199997 13.100000 123.300003
f -3 -2 -1
v -36.770592 13.100000 120.849442
v -36.797478 13.100000 120.918564
v -40.199997 13.100000 123.300003
f -3 -2 -1
v -40.199997 13.100000 123.300003
v -36.797478 13.100000 120.918564
v -36.821320 13.100000 120.988800
f -3 -2 -1
v -39.825230 13.100000 124.990471
v -39.895519 13.100000 124.830727
v -36.592560 13.100000 122.475082
f -3 -2 -1
v -39.895519 13.100000 124.830727
v -39.958771 13.100000 124.668083
v -36.592560 13.100000 122.475082
f -3 -2 -1
v -36.592560 13.100000 122.475082
v -39.958771 13.100000 124.668083
v -36.633766 13.100000 122.413414
f -3 -2 -1
v -39.958771 13.100000 124.668083
v -40.014866 13.100000 124.502823
v -36.633766 13.100000 122.413414
f -3 -2 -1
v -36.633766 13.100000 122.413414
v -40.014866 13.100000 124.502823
v -36.672241 13.100000 122.349998
f -3 -2 -1
v -40.014866 13.100000 124.502823
v -40.063702 13.100000 124.335274
v -36.672241 13.100000 122.349998
f -3 -2 -1
v -36.672241 13.100000 122.349998
v -40.063702 13.100000 124.335274
v -40.105183 13.100000 124.165756
f -3 -2 -1
v -36.402081 13.100000 122.702087
v -39.476608 13.100000 125.594299
v -36.453369 13.100000 122.648499
f -3 -2 -1
v -39.476608 13.100000 125.594299
v -39.573566 13.100000 125.449196
v -36.453369 13.100000 122.648499
f -3 -2 -1
v -36.453369 13.100000 122.648499
v -39.573566 13.100000 125.449196
v -36.502277 13.100000 122.592743
f -3 -2 -1
v -39.573566 13.100000 125.449196
v -39.664101 13.100000 125.300003
v -36.502277 13.100000 122.592743
f -3 -2 -1
v -36.502277 13.100000 122.592743
v -39.664101 13.100000 125.300003
v -39.748043 13.100000 125.147003
f -3 -2 -1
v -34.415028 13.100000 123.007919
v -34.349998 13.100000 122.972244
v -32.075562 13.100000 127.164276
f -3 -2 -1
v -35.348167 13.100000 88.193527
v -35.274151 13.100000 88.198380
v -33.501617 13.100000 121.425842
f -3 -2 -1
v -6.050000 13.100000 87.972244
v -5.984972 13.100000 88.007919
v -8.284560 13.100000 92.313599
f -3 -2 -1
v -5.984972 13.100000 88.007919
v -5.918451 13.100000 88.040726
v -8.284560 13.100000 92.313599
f -3 -2 -1
v -8.284560 13.100000 92.313599
v -5.918451 13.100000 88.040726
v -7.040462 13.100000 92.067093
f -3 -2 -1
v -36.842075 13.100000 121.939995
v -36.821320 13.100000 122.011200
v -40.199997 13.100000 123.300003
f -3 -2 -1
v -36.821320 13.100000 122.011200
v -36.797478 13.100000 122.081436
v -40.199997 13.100000 123.300003
f -3 -2 -1
v -40.199997 13.100000 123.300003
v -36.797478 13.100000 122.081436
v -40.196190 13.100000 123.474480
f -3 -2 -1
v -36.797478 13.100000 122.081436
v -36.770592 13.100000 122.150566
v -40.196190 13.100000 123.474480
f -3 -2 -1
v -40.196190 13.100000 123.474480
v -36.770592 13.100000 122.150566
v -40.184776 13.100000 123.648621
f -3 -2 -1
v -36.770592 13.100000 122.150566
v -40.165779 13.100000 123.822105
v -40.184776 13.100000 123.648621
f -3 -2 -1
v -38.902363 13.100000 126.249107
v -39.028427 13.100000 126.128418
v -36.292740 13.100000 122.802269
f -3 -2 -1
v -39.028427 13.100000 126.128418
v -39.149109 13.100000 126.002357
v -36.292740 13.100000 122.802269
f -3 -2 -1
v -36.292740 13.100000 122.802269
v -39.149109 13.100000 126.002357
v -36.348503 13.100000 122.753372
f -3 -2 -1
v -39.149109 13.100000 126.002357
v -39.264175 13.100000 125.871155
v -36.348503 13.100000 122.753372
f -3 -2 -1
v -36.348503 13.100000 122.753372
v -39.264175 13.100000 125.871155
v -36.402081 13.100000 122.702087
f -3 -2 -1
v -39.264175 13.100000 125.871155
v -39.373413 13.100000 125.735046
v -36.402081 13.100000 122.702087
f -3 -2 -1
v -36.402081 13.100000 122.702087
v -39.373413 13.100000 125.735046
v -39.476608 13.100000 125.594299
f -3 -2 -1
v -32.075562 13.100000 127.164276
v -32.244743 13.100000 127.205582
v -34.415028 13.100000 123.007919
f -3 -2 -1
v -32.244743 13.100000 127.205582
v -32.415558 13.100000 127.239494
v -34.415028 13.100000 123.007919
f -3 -2 -1
v -34.415028 13.100000 123.007919
v -32.415558 13.100000 127.239494
v -34.481548 13.100000 123.040718
f -3 -2 -1
v -32.415558 13.100000 127.239494
v -32.587688 13.100000 127.265930
v -34.481548 13.100000 123.040718
f -3 -2 -1
v -34.481548 13.100000 123.040718
v -32.587688 13.100000 127.265930
v -34.549438 13.100000 123.070595
f -3 -2 -1
v -30.963560 13.100000 126.676155
v -31.112547 13.100000 126.766327
v -34.165108 13.100000 122.848694
f -3 -2 -1
v -31.112547 13.100000 126.766327
v -31.265314 13.100000 126.849937
v -34.165108 13.100000 122.848694
f -3 -2 -1
v -34.165108 13.100000 122.848694
v -31.265314 13.100000 126.849937
v -34.224918 13.100000 122.892555
f -3 -2 -1
v -36.049999 13.100000 87.972244
v -35.984974 13.100000 88.007919
v -33.506470 13.100000 121.351837
f -3 -2 -1
v -35.984974 13.100000 88.007919
v -35.918453 13.100000 88.040726
v -33.506470 13.100000 121.351837
f -3 -2 -1
v -33.506470 13.100000 121.351837
v -35.918453 13.100000 88.040726
v -35.850563 13.100000 88.070595
f -3 -2 -1
v -35.850563 13.100000 88.070595
v -35.781437 13.100000 88.097473
v -33.506470 13.100000 121.351837
f -3 -2 -1
v -35.781437 13.100000 88.097473
v -35.711201 13.100000 88.121315
v -33.506470 13.100000 121.351837
f -3 -2 -1
v -33.506470 13.100000 121.351837
v -35.711201 13.100000 88.121315
v -35.639996 13.100000 88.142075
f -3 -2 -1
v -35.639996 13.100000 88.142075
v -35.567947 13.100000 88.159706
v -33.506470 13.100000 121.351837
f -3 -2 -1
v -35.567947 13.100000 88.159706
v -35.495201 13.100000 88.174171
v -33.506470 13.100000 121.351837
f -3 -2 -1
v -33.506470 13.100000 121.351837
v -35.495201 13.100000 88.174171
v -33.501617 13.100000 121.425842
f -3 -2 -1
v -35.495201 13.100000 88.174171
v -35.421894 13.100000 88.185463
v -33.501617 13.100000 121.425842
f -3 -2 -1
v -33.501617 13.100000 121.425842
v -35.421894 13.100000 88.185463
v -35.348167 13.100000 88.193527
f -3 -2 -1
v -34.224918 13.100000 87.892563
v -34.165108 13.100000 87.848701
v -22.207500 13.100000 100.773628
f -3 -2 -1
v -11.582022 13.100000 93.241653
v -12.562781 13.100000 93.606514
v -33.578682 13.100000 87.011200
f -3 -2 -1
v -12.562781 13.100000 93.606514
v -13.495071 13.100000 93.997002
v -33.578682 13.100000 87.011200
f -3 -2 -1
v -33.578682 13.100000 87.011200
v -13.495071 13.100000 93.997002
v -33.602520 13.100000 87.081436
f -3 -2 -1
v -13.495071 13.100000 93.997002
v -14.384128 13.100000 94.412613
v -33.602520 13.100000 87.081436
f -3 -2 -1
v -33.602520 13.100000 87.081436
v -14.384128 13.100000 94.412613
v -33.629406 13.100000 87.150558
f -3 -2 -1
v -14.384128 13.100000 94.412613
v -15.234551 13.100000 94.853249
v -33.629406 13.100000 87.150558
f -3 -2 -1
v -33.629406 13.100000 87.150558
v -15.234551 13.100000 94.853249
v -33.659275 13.100000 87.218445
f -3 -2 -1
v -15.234551 13.100000 94.853249
v -16.050406 13.100000 95.319275
v -33.659275 13.100000 87.218445
f -3 -2 -1
v -33.659275 13.100000 87.218445
v -16.050406 13.100000 95.319275
v -33.692081 13.100000 87.284973
f -3 -2 -1
v -16.050406 13.100000 95.319275
v -16.835281 13.100000 95.811386
v -33.692081 13.100000 87.284973
f -3 -2 -1
v -33.692081 13.100000 87.284973
v -16.835281 13.100000 95.811386
v -33.727757 13.100000 87.350006
f -3 -2 -1
v -16.835281 13.100000 95.811386
v -17.592369 13.100000 96.330711
v -33.727757 13.100000 87.350006
f -3 -2 -1
v -33.727757 13.100000 87.350006
v -17.592369 13.100000 96.330711
v -33.766235 13.100000 87.413406
f -3 -2 -1
v -17.592369 13.100000 96.330711
v -18.324493 13.100000 96.878738
v -33.766235 13.100000 87.413406
f -3 -2 -1
v -33.766235 13.100000 87.413406
v -18.324493 13.100000 96.878738
v -33.807442 13.100000 87.475075
f -3 -2 -1
v -18.324493 13.100000 96.878738
v -19.034164 13.100000 97.457390
v -33.807442 13.100000 87.475075
f -3 -2 -1
v -33.807442 13.100000 87.475075
v -19.034164 13.100000 97.457390
v -33.851299 13.100000 87.534897
f -3 -2 -1
v -19.034164 13.100000 97.457390
v -19.723612 13.100000 98.069031
v -33.851299 13.100000 87.534897
f -3 -2 -1
v -33.851299 13.100000 87.534897
v -19.723612 13.100000 98.069031
v -33.897724 13.100000 87.592735
f -3 -2 -1
v -19.723612 13.100000 98.069031
v -20.394787 13.100000 98.716530
v -33.897724 13.100000 87.592735
f -3 -2 -1
v -33.897724 13.100000 87.592735
v -20.394787 13.100000 98.716530
v -33.946629 13.100000 87.648506
f -3 -2 -1
v -20.394787 13.100000 98.716530
v -21.049398 13.100000 99.403290
v -33.946629 13.100000 87.648506
f -3 -2 -1
v -33.946629 13.100000 87.648506
v -21.049398 13.100000 99.403290
v -33.997921 13.100000 87.702080
f -3 -2 -1
v -21.049398 13.100000 99.403290
v -21.687843 13.100000 100.132126
v -33.997921 13.100000 87.702080
f -3 -2 -1
v -33.997921 13.100000 87.702080
v -21.687843 13.100000 100.132126
v -34.051498 13.100000 87.753372
f -3 -2 -1
v -21.687843 13.100000 100.132126
v -22.207500 13.100000 100.773628
v -34.051498 13.100000 87.753372
f -3 -2 -1
v -34.051498 13.100000 87.753372
v -22.207500 13.100000 100.773628
v -34.107262 13.100000 87.802277
f -3 -2 -1
v -22.207500 13.100000 100.773628
v -34.165108 13.100000 87.848701
v -34.107262 13.100000 87.802277
f -3 -2 -1
v -5.918451 13.100000 88.040726
v -5.850562 13.100000 88.070595
v -7.040462 13.100000 92.067093
f -3 -2 -1
v -5.850562 13.100000 88.070595
v -5.781435 13.100000 88.097473
v -7.040462 13.100000 92.067093
f -3 -2 -1
v -7.040462 13.100000 92.067093
v -5.781435 13.100000 88.097473
v -5.711200 13.100000 88.121315
f -3 -2 -1
v -5.421895 13.100000 88.185463
v -5.348165 13.100000 88.193527
v -5.707335 13.100000 91.857635
f -3 -2 -1
v -5.348165 13.100000 88.193527
v -5.274153 13.100000 88.198380
v -5.707335 13.100000 91.857635
f -3 -2 -1
v -5.274153 13.100000 88.198380
v -5.200000 13.100000 88.200005
v -5.707335 13.100000 91.857635
f -3 -2 -1
v -5.707335 13.100000 91.857635
v -5.200000 13.100000 88.200005
v -4.272697 13.100000 91.690125
f -3 -2 -1
v -5.200000 13.100000 88.200005
v -5.125847 13.100000 88.198380
v -4.272697 13.100000 91.690125
f -3 -2 -1
v -4.272697 13.100000 91.690125
v -5.125847 13.100000 88.198380
v -5.051836 13.100000 88.193527
f -3 -2 -1
v -4.051497 13.100000 87.753372
v -1.555675 13.100000 90.668068
v -4.107261 13.100000 87.802277
f -3 -2 -1
v -1.555675 13.100000 90.668068
v -1.685350 13.100000 90.777519
v -4.107261 13.100000 87.802277
f -3 -2 -1
v -4.107261 13.100000 87.802277
v -1.685350 13.100000 90.777519
v -4.165105 13.100000 87.848701
f -3 -2 -1
v -0.983045 13.100000 90.044029
v -1.086768 13.100000 90.178337
v -3.946628 13.100000 87.648506
f -3 -2 -1
v -1.086768 13.100000 90.178337
v -1.196094 13.100000 90.308121
v -3.946628 13.100000 87.648506
f -3 -2 -1
v -3.946628 13.100000 87.648506
v -1.196094 13.100000 90.308121
v -3.997919 13.100000 87.702080
f -3 -2 -1
v -1.196094 13.100000 90.308121
v -1.310826 13.100000 90.433151
v -3.997919 13.100000 87.702080
f -3 -2 -1
v -3.997919 13.100000 87.702080
v -1.310826 13.100000 90.433151
v -4.051497 13.100000 87.753372
f -3 -2 -1
v -1.310826 13.100000 90.433151
v -1.430758 13.100000 90.553207
v -4.051497 13.100000 87.753372
f -3 -2 -1
v -4.051497 13.100000 87.753372
v -1.430758 13.100000 90.553207
v -1.555675 13.100000 90.668068
f -3 -2 -1
v -31.265314 13.100000 126.849937
v -31.421579 13.100000 126.926796
v -34.224918 13.100000 122.892555
f -3 -2 -1
v -31.421579 13.100000 126.926796
v -31.581041 13.100000 126.996803
v -34.224918 13.100000 122.892555
f -3 -2 -1
v -34.224918 13.100000 122.892555
v -31.581041 13.100000 126.996803
v -34.286591 13.100000 122.933769
f -3 -2 -1
v -31.581041 13.100000 126.996803
v -31.743401 13.100000 127.059784
v -34.286591 13.100000 122.933769
f -3 -2 -1
v -34.286591 13.100000 122.933769
v -31.743401 13.100000 127.059784
v -34.349998 13.100000 122.972244
f -3 -2 -1
v -31.743401 13.100000 127.059784
v -31.908344 13.100000 127.115654
v -34.349998 13.100000 122.972244
f -3 -2 -1
v -34.349998 13.100000 122.972244
v -31.908344 13.100000 127.115654
v -32.075562 13.100000 127.164276
f -3 -2 -1
v -34.978107 13.100000 88.185463
v -34.904797 13.100000 88.174171
v -28.915855 13.100000 120.563438
f -3 -2 -1
v -4.350000 13.100000 87.972244
v -2.549729 13.100000 91.310516
v -4.415027 13.100000 88.007919
f -3 -2 -1
v -2.549729 13.100000 91.310516
v -2.705759 13.100000 91.377228
v -4.415027 13.100000 88.007919
f -3 -2 -1
v -4.415027 13.100000 88.007919
v -2.705759 13.100000 91.377228
v -4.481549 13.100000 88.040726
f -3 -2 -1
v -1.685350 13.100000 90.777519
v -1.819551 13.100000 90.881378
v -4.165105 13.100000 87.848701
f -3 -2 -1
v -1.819551 13.100000 90.881378
v -1.958036 13.100000 90.979446
v -4.165105 13.100000 87.848701
f -3 -2 -1
v -4.165105 13.100000 87.848701
v -1.958036 13.100000 90.979446
v -4.224920 13.100000 87.892563
f -3 -2 -1
v -1.958036 13.100000 90.979446
v -2.100557 13.100000 91.071564
v -4.224920 13.100000 87.892563
f -3 -2 -1
v -4.224920 13.100000 87.892563
v -2.100557 13.100000 91.071564
v -4.286591 13.100000 87.933762
f -3 -2 -1
v -2.100557 13.100000 91.071564
v -2.246855 13.100000 91.157539
v -4.286591 13.100000 87.933762
f -3 -2 -1
v -4.286591 13.100000 87.933762
v -2.246855 13.100000 91.157539
v -4.350000 13.100000 87.972244
f -3 -2 -1
v -2.246855 13.100000 91.157539
v -2.396670 13.100000 91.237236
v -4.350000 13.100000 87.972244
f -3 -2 -1
v -4.350000 13.100000 87.972244
v -2.396670 13.100000 91.237236
v -2.549729 13.100000 91.310516
f -3 -2 -1
v -36.722103 13.100000 127.265778
v -35.639996 13.100000 123.142075
v -36.548622 13.100000 127.284782
f -3 -2 -1
v -35.639996 13.100000 123.142075
v -35.567947 13.100000 123.159706
v -36.548622 13.100000 127.284782
f -3 -2 -1
v -36.548622 13.100000 127.284782
v -35.567947 13.100000 123.159706
v -36.374477 13.100000 127.296196
f -3 -2 -1
v -35.567947 13.100000 123.159706
v -35.495201 13.100000 123.174179
v -36.374477 13.100000 127.296196
f -3 -2 -1
v -36.374477 13.100000 127.296196
v -35.495201 13.100000 123.174179
v -36.200001 13.100000 127.299995
f -3 -2 -1
v -35.495201 13.100000 123.174179
v -35.421894 13.100000 123.185455
v -36.200001 13.100000 127.299995
f -3 -2 -1
v -36.200001 13.100000 127.299995
v -35.421894 13.100000 123.185455
v -35.348167 13.100000 123.193535
f -3 -2 -1
v -35.274151 13.100000 123.198380
v -35.200001 13.100000 123.199997
v -36.200001 13.100000 127.299995
f -3 -2 -1
v -35.200001 13.100000 123.199997
v -35.125847 13.100000 123.198380
v -36.200001 13.100000 127.299995
f -3 -2 -1
v -36.200001 13.100000 127.299995
v -35.125847 13.100000 123.198380
v -33.108688 13.100000 127.299995
f -3 -2 -1
v -35.125847 13.100000 123.198380
v -35.051834 13.100000 123.193535
v -33.108688 13.100000 127.299995
f -3 -2 -1
v -35.051834 13.100000 123.193535
v -34.978107 13.100000 123.185455
v -33.108688 13.100000 127.299995
f -3 -2 -1
v -34.978107 13.100000 123.185455
v -34.904797 13.100000 123.174179
v -33.108688 13.100000 127.299995
f -3 -2 -1
v -33.108688 13.100000 127.299995
v -34.904797 13.100000 123.174179
v -34.832054 13.100000 123.159706
f -3 -2 -1
v -33.108688 13.100000 127.299995
v -34.618565 13.100000 123.097481
v -32.934582 13.100000 127.296211
f -3 -2 -1
v -34.618565 13.100000 123.097481
v -34.549438 13.100000 123.070595
v -32.934582 13.100000 127.296211
f -3 -2 -1
v -32.934582 13.100000 127.296211
v -34.549438 13.100000 123.070595
v -32.760803 13.100000 127.284843
f -3 -2 -1
v -34.549438 13.100000 123.070595
v -32.587688 13.100000 127.265930
v -32.760803 13.100000 127.284843
f -3 -2 -1
v -5.711200 13.100000 88.121315
v -5.639992 13.100000 88.142075
v -7.040462 13.100000 92.067093
f -3 -2 -1
v -5.639992 13.100000 88.142075
v -5.567947 13.100000 88.159706
v -7.040462 13.100000 92.067093
f -3 -2 -1
v -7.040462 13.100000 92.067093
v -5.567947 13.100000 88.159706
v -5.707335 13.100000 91.857635
f -3 -2 -1
v -5.567947 13.100000 88.159706
v -5.495202 13.100000 88.174171
v -5.707335 13.100000 91.857635
f -3 -2 -1
v -5.707335 13.100000 91.857635
v -5.495202 13.100000 88.174171
v -5.421895 13.100000 88.185463
f -3 -2 -1
v -5.051836 13.100000 88.193527
v -4.978106 13.100000 88.185463
v -4.272697 13.100000 91.690125
f -3 -2 -1
v -4.978106 13.100000 88.185463
v -4.904798 13.100000 88.174171
v -4.272697 13.100000 91.690125
f -3 -2 -1
v -4.272697 13.100000 91.690125
v -4.904798 13.100000 88.174171
v -3.856997 13.100000 91.652077
f -3 -2 -1
v -4.904798 13.100000 88.174171
v -4.832053 13.100000 88.159706
v -3.856997 13.100000 91.652077
f -3 -2 -1
v -4.832053 13.100000 88.159706
v -4.760008 13.100000 88.142075
v -3.856997 13.100000 91.652077
f -3 -2 -1
v -3.856997 13.100000 91.652077
v -4.760008 13.100000 88.142075
v -3.688274 13.100000 91.633942
f -3 -2 -1
v -4.760008 13.100000 88.142075
v -4.688800 13.100000 88.121315
v -3.688274 13.100000 91.633942
f -3 -2 -1
v -34.832054 13.100000 123.159706
v -34.760006 13.100000 123.142075
v -33.108688 13.100000 127.299995
f -3 -2 -1
v -34.760006 13.100000 123.142075
v -34.688801 13.100000 123.121323
v -33.108688 13.100000 127.299995
f -3 -2 -1
v -33.108688 13.100000 127.299995
v -34.688801 13.100000 123.121323
v -34.618565 13.100000 123.097481
f -3 -2 -1
v -33.506470 13.100000 121.648163
v -33.501617 13.100000 121.574158
v -28.915855 13.100000 120.563438
f -3 -2 -1
v -33.501617 13.100000 121.574158
v -33.500000 13.100000 121.500000
v -28.915855 13.100000 120.563438
f -3 -2 -1
v -28.915855 13.100000 120.563438
v -33.500000 13.100000 121.500000
v -33.501617 13.100000 121.425842
f -3 -2 -1
v -34.760006 13.100000 88.142075
v -27.980993 13.100000 114.125137
v -34.832054 13.100000 88.159706
f -3 -2 -1
v -27.980993 13.100000 114.125137
v -28.340778 13.100000 116.036270
v -34.832054 13.100000 88.159706
f -3 -2 -1
v -34.832054 13.100000 88.159706
v -28.340778 13.100000 116.036270
v -34.904797 13.100000 88.174171
f -3 -2 -1
v -28.340778 13.100000 116.036270
v -28.656454 13.100000 118.168617
v -34.904797 13.100000 88.174171
f -3 -2 -1
v -34.904797 13.100000 88.174171
v -28.656454 13.100000 118.168617
v -28.915855 13.100000 120.563438
f -3 -2 -1
v -2.705759 13.100000 91.377228
v -2.864478 13.100000 91.437263
v -4.481549 13.100000 88.040726
f -3 -2 -1
v -2.864478 13.100000 91.437263
v -3.025601 13.100000 91.490524
v -4.481549 13.100000 88.040726
f -3 -2 -1
v -4.481549 13.100000 88.040726
v -3.025601 13.100000 91.490524
v -4.549438 13.100000 88.070595
f -3 -2 -1
v -3.025601 13.100000 91.490524
v -3.188837 13.100000 91.536896
v -4.549438 13.100000 88.070595
f -3 -2 -1
v -4.549438 13.100000 88.070595
v -3.188837 13.100000 91.536896
v -4.618566 13.100000 88.097473
f -3 -2 -1
v -3.188837 13.100000 91.536896
v -3.353893 13.100000 91.576294
v -4.618566 13.100000 88.097473
f -3 -2 -1
v -4.618566 13.100000 88.097473
v -3.353893 13.100000 91.576294
v -4.688800 13.100000 88.121315
f -3 -2 -1
v -3.353893 13.100000 91.576294
v -3.520473 13.100000 91.608665
v -4.688800 13.100000 88.121315
f -3 -2 -1
v -4.688800 13.100000 88.121315
v -3.520473 13.100000 91.608665
v -3.688274 13.100000 91.633942
f -3 -2 -1
v -35.274151 13.100000 88.198380
v -35.200001 13.100000 88.200005
v -33.501617 13.100000 121.425842
f -3 -2 -1
v -35.200001 13.100000 88.200005
v -35.125847 13.100000 88.198380
v -33.501617 13.100000 121.425842
f -3 -2 -1
v -33.501617 13.100000 121.425842
v -35.125847 13.100000 88.198380
v -28.915855 13.100000 120.563438
f -3 -2 -1
v -35.125847 13.100000 88.198380
v -35.051834 13.100000 88.193527
v -28.915855 13.100000 120.563438
f -3 -2 -1
v -28.915855 13.100000 120.563438
v -35.051834 13.100000 88.193527
v -34.978107 13.100000 88.185463
f -3 -2 -1
v -22.207500 13.100000 100.773628
v -22.822420 13.100000 101.596008
v -34.224918 13.100000 87.892563
f -3 -2 -1
v -22.822420 13.100000 101.596008
v -23.425013 13.100000 102.477745
v -34.224918 13.100000 87.892563
f -3 -2 -1
v -34.224918 13.100000 87.892563
v -23.425013 13.100000 102.477745
v -34.286591 13.100000 87.933762
f -3 -2 -1
v -23.425013 13.100000 102.477745
v -24.015696 13.100000 103.426666
v -34.286591 13.100000 87.933762
f -3 -2 -1
v -34.286591 13.100000 87.933762
v -24.015696 13.100000 103.426666
v -34.349998 13.100000 87.972244
f -3 -2 -1
v -24.015696 13.100000 103.426666
v -24.594505 13.100000 104.452095
v -34.349998 13.100000 87.972244
f -3 -2 -1
v -34.349998 13.100000 87.972244
v -24.594505 13.100000 104.452095
v -34.415028 13.100000 88.007919
f -3 -2 -1
v -24.594505 13.100000 104.452095
v -25.161034 13.100000 105.565254
v -34.415028 13.100000 88.007919
f -3 -2 -1
v -34.415028 13.100000 88.007919
v -25.161034 13.100000 105.565254
v -34.481548 13.100000 88.040726
f -3 -2 -1
v -25.161034 13.100000 105.565254
v -25.714241 13.100000 106.779625
v -34.481548 13.100000 88.040726
f -3 -2 -1
v -34.481548 13.100000 88.040726
v -25.714241 13.100000 106.779625
v -34.549438 13.100000 88.070595
f -3 -2 -1
v -25.714241 13.100000 106.779625
v -26.250841 13.100000 108.107681
v -34.549438 13.100000 88.070595
f -3 -2 -1
v -34.549438 13.100000 88.070595
v -26.250841 13.100000 108.107681
v -34.618565 13.100000 88.097473
f -3 -2 -1
v -26.250841 13.100000 108.107681
v -26.716681 13.100000 109.413383
v -34.618565 13.100000 88.097473
f -3 -2 -1
v -34.618565 13.100000 88.097473
v -26.716681 13.100000 109.413383
v -34.688801 13.100000 88.121315
f -3 -2 -1
v -26.716681 13.100000 109.413383
v -27.163033 13.100000 110.838539
v -34.688801 13.100000 88.121315
f -3 -2 -1
v -34.688801 13.100000 88.121315
v -27.163033 13.100000 110.838539
v -34.760006 13.100000 88.142075
f -3 -2 -1
v -27.163033 13.100000 110.838539
v -27.586153 13.100000 112.401665
v -34.760006 13.100000 88.142075
f -3 -2 -1
v -34.760006 13.100000 88.142075
v -27.586153 13.100000 112.401665
v -27.980993 13.100000 114.125137
f -3 -2 -1
v -3.659277 16.000000 87.218445
v -2.254500 16.000000 87.873512
v -3.629405 16.000000 87.150558
f -3 -2 -1
v -2.254500 16.000000 87.873512
v -2.197392 16.000000 87.743721
v -3.629405 16.000000 87.150558
f -3 -2 -1
v -3.629405 16.000000 87.150558
v -2.197392 16.000000 87.743721
v -3.602523 16.000000 87.081436
f -3 -2 -1
v -2.197392 16.000000 87.743721
v -2.145999 16.000000 87.611565
v -3.602523 16.000000 87.081436
f -3 -2 -1
v -3.602523 16.000000 87.081436
v -2.145999 16.000000 87.611565
v -3.578681 16.000000 87.011200
f -3 -2 -1
v -2.145999 16.000000 87.611565
v -2.100420 16.000000 87.477295
v -3.578681 16.000000 87.011200
f -3 -2 -1
v -3.578681 16.000000 87.011200
v -2.100420 16.000000 87.477295
v -3.557926 16.000000 86.939987
f -3 -2 -1
v -2.100420 16.000000 87.477295
v -2.060741 16.000000 87.341156
v -3.557926 16.000000 86.939987
f -3 -2 -1
v -3.557926 16.000000 86.939987
v -2.060741 16.000000 87.341156
v -3.540297 16.000000 86.867950
f -3 -2 -1
v -2.060741 16.000000 87.341156
v -2.027038 16.000000 87.203430
v -3.540297 16.000000 86.867950
f -3 -2 -1
v -3.540297 16.000000 86.867950
v -2.027038 16.000000 87.203430
v -3.525827 16.000000 86.795204
f -3 -2 -1
v -2.027038 16.000000 87.203430
v -1.999375 16.000000 87.064354
v -3.525827 16.000000 86.795204
f -3 -2 -1
v -3.525827 16.000000 86.795204
v -1.999375 16.000000 87.064354
v -3.514544 16.000000 86.721893
f -3 -2 -1
v -1.999375 16.000000 87.064354
v -1.977804 16.000000 86.924210
v -3.514544 16.000000 86.721893
f -3 -2 -1
v -3.514544 16.000000 86.721893
v -1.977804 16.000000 86.924210
v -3.506469 16.000000 86.648163
f -3 -2 -1
v -1.977804 16.000000 86.924210
v -1.962367 16.000000 86.783249
v -3.506469 16.000000 86.648163
f -3 -2 -1
v -3.506469 16.000000 86.648163
v -1.962367 16.000000 86.783249
v -3.501618 16.000000 86.574150
f -3 -2 -1
v -1.962367 16.000000 86.783249
v -1.953093 16.000000 86.641769
v -3.501618 16.000000 86.574150
f -3 -2 -1
v -3.501618 16.000000 86.574150
v -1.953093 16.000000 86.641769
v -3.500000 16.000000 86.500000
f -3 -2 -1
v -1.953093 16.000000 86.641769
v -1.950000 16.000000 86.500000
v -3.500000 16.000000 86.500000
f -3 -2 -1
v -3.500000 16.000000 86.500000
v -1.950000 16.000000 86.500000
v -3.501618 16.000000 86.425850
f -3 -2 -1
v -1.950000 16.000000 86.500000
v -1.953093 16.000000 86.358231
v -3.501618 16.000000 86.425850
f -3 -2 -1
v -3.501618 16.000000 86.425850
v -1.953093 16.000000 86.358231
v -3.506469 16.000000 86.351837
f -3 -2 -1
v -1.953093 16.000000 86.358231
v -1.962367 16.000000 86.216743
v -3.506469 16.000000 86.351837
f -3 -2 -1
v -3.506469 16.000000 86.351837
v -1.962367 16.000000 86.216743
v -3.514544 16.000000 86.278107
f -3 -2 -1
v -1.962367 16.000000 86.216743
v -1.977804 16.000000 86.075790
v -3.514544 16.000000 86.278107
f -3 -2 -1
v -3.514544 16.000000 86.278107
v -1.977804 16.000000 86.075790
v -3.525827 16.000000 86.204796
f -3 -2 -1
v -1.977804 16.000000 86.075790
v -1.999375 16.000000 85.935646
v -3.525827 16.000000 86.204796
f -3 -2 -1
v -3.525827 16.000000 86.204796
v -1.999375 16.000000 85.935646
v -3.540297 16.000000 86.132050
f -3 -2 -1
v -1.999375 16.000000 85.935646
v -2.027038 16.000000 85.796570
v -3.540297 16.000000 86.132050
f -3 -2 -1
v -3.540297 16.000000 86.132050
v -2.027038 16.000000 85.796570
v -3.557926 16.000000 86.060013
f -3 -2 -1
v -2.027038 16.000000 85.796570
v -2.060741 16.000000 85.658844
v -3.557926 16.000000 86.060013
f -3 -2 -1
v -3.557926 16.000000 86.060013
v -2.060741 16.000000 85.658844
v -3.578681 16.000000 85.988800
f -3 -2 -1
v -2.060741 16.000000 85.658844
v -2.100420 16.000000 85.522705
v -3.578681 16.000000 85.988800
f -3 -2 -1
v -3.578681 16.000000 85.988800
v -2.100420 16.000000 85.522705
v -3.602523 16.000000 85.918571
f -3 -2 -1
v -2.100420 16.000000 85.522705
v -2.145999 16.000000 85.388435
v -3.602523 16.000000 85.918571
f -3 -2 -1
v -3.602523 16.000000 85.918571
v -2.145999 16.000000 85.388435
v -3.629405 16.000000 85.849442
f -3 -2 -1
v -2.145999 16.000000 85.388435
v -2.197392 16.000000 85.256279
v -3.629405 16.000000 85.849442
f -3 -2 -1
v -3.629405 16.000000 85.849442
v -2.197392 16.000000 85.256279
v -3.659277 16.000000 85.781555
f -3 -2 -1
v -2.197392 16.000000 85.256279
v -2.254500 16.000000 85.126488
v -3.659277 16.000000 85.781555
f -3 -2 -1
v -3.659277 16.000000 85.781555
v -2.254500 16.000000 85.126488
v -3.692082 16.000000 85.715027
f -3 -2 -1
v -2.254500 16.000000 85.126488
v -2.317215 16.000000 84.999313
v -3.692082 16.000000 85.715027
f -3 -2 -1
v -3.692082 16.000000 85.715027
v -2.317215 16.000000 84.999313
v -3.727757 16.000000 85.649994
f -3 -2 -1
v -2.317215 16.000000 84.999313
v -2.385417 16.000000 84.875000
v -3.727757 16.000000 85.649994
f -3 -2 -1
v -3.727757 16.000000 85.649994
v -2.385417 16.000000 84.875000
v -3.766234 16.000000 85.586594
f -3 -2 -1
v -2.385417 16.000000 84.875000
v -2.458978 16.000000 84.753777
v -3.766234 16.000000 85.586594
f -3 -2 -1
v -3.766234 16.000000 85.586594
v -2.458978 16.000000 84.753777
v -3.807441 16.000000 85.524918
f -3 -2 -1
v -2.458978 16.000000 84.753777
v -2.537756 16.000000 84.635880
v -3.807441 16.000000 85.524918
f -3 -2 -1
v -3.807441 16.000000 85.524918
v -2.537756 16.000000 84.635880
v -3.851300 16.000000 85.465103
f -3 -2 -1
v -2.537756 16.000000 84.635880
v -2.621602 16.000000 84.521523
v -3.851300 16.000000 85.465103
f -3 -2 -1
v -3.851300 16.000000 85.465103
v -2.621602 16.000000 84.521523
v -3.897724 16.000000 85.407265
f -3 -2 -1
v -2.621602 16.000000 84.521523
v -2.710356 16.000000 84.410942
v -3.897724 16.000000 85.407265
f -3 -2 -1
v -3.897724 16.000000 85.407265
v -2.710356 16.000000 84.410942
v -3.946628 16.000000 85.351494
f -3 -2 -1
v -2.710356 16.000000 84.410942
v -2.803849 16.000000 84.304337
v -3.946628 16.000000 85.351494
f -3 -2 -1
v -3.946628 16.000000 85.351494
v -2.803849 16.000000 84.304337
v -3.997919 16.000000 85.297920
f -3 -2 -1
v -2.803849 16.000000 84.304337
v -2.901903 16.000000 84.201904
v -3.997919 16.000000 85.297920
f -3 -2 -1
v -3.997919 16.000000 85.297920
v -2.901903 16.000000 84.201904
v -4.051497 16.000000 85.246628
f -3 -2 -1
v -2.901903 16.000000 84.201904
v -3.004332 16.000000 84.103844
v -4.051497 16.000000 85.246628
f -3 -2 -1
v -4.051497 16.000000 85.246628
v -3.004332 16.000000 84.103844
v -4.107261 16.000000 85.197723
f -3 -2 -1
v -3.004332 16.000000 84.103844
v -3.110940 16.000000 84.010353
v -4.107261 16.000000 85.197723
f -3 -2 -1
v -4.107261 16.000000 85.197723
v -3.110940 16.000000 84.010353
v -4.165105 16.000000 85.151299
f -3 -2 -1
v -3.110940 16.000000 84.010353
v -3.221525 16.000000 83.921600
v -4.165105 16.000000 85.151299
f -3 -2 -1
v -4.165105 16.000000 85.151299
v -3.221525 16.000000 83.921600
v -4.224920 16.000000 85.107437
f -3 -2 -1
v -3.221525 16.000000 83.921600
v -3.335877 16.000000 83.837753
v -4.224920 16.000000 85.107437
f -3 -2 -1
v -4.224920 16.000000 85.107437
v -3.335877 16.000000 83.837753
v -4.286591 16.000000 85.066238
f -3 -2 -1
v -3.335877 16.000000 83.837753
v -3.453776 16.000000 83.758980
v -4.286591 16.000000 85.066238
f -3 -2 -1
v -4.286591 16.000000 85.066238
v -3.453776 16.000000 83.758980
v -4.350000 16.000000 85.027756
f -3 -2 -1
v -3.453776 16.000000 83.758980
v -3.575000 16.000000 83.685417
v -4.350000 16.000000 85.027756
f -3 -2 -1
v -4.350000 16.000000 85.027756
v -3.575000 16.000000 83.685417
v -4.415027 16.000000 84.992081
f -3 -2 -1
v -3.575000 16.000000 83.685417
v -3.699317 16.000000 83.617218
v -4.415027 16.000000 84.992081
f -3 -2 -1
v -4.415027 16.000000 84.992081
v -3.699317 16.000000 83.617218
v -4.481549 16.000000 84.959274
f -3 -2 -1
v -3.699317 16.000000 83.617218
v -3.826491 16.000000 83.554497
v -4.481549 16.000000 84.959274
f -3 -2 -1
v -4.481549 16.000000 84.959274
v -3.826491 16.000000 83.554497
v -4.549438 16.000000 84.929405
f -3 -2 -1
v -3.826491 16.000000 83.554497
v -3.956279 16.000000 83.497391
v -4.549438 16.000000 84.929405
f -3 -2 -1
v -4.549438 16.000000 84.929405
v -3.956279 16.000000 83.497391
v -4.618566 16.000000 84.902527
f -3 -2 -1
v -3.956279 16.000000 83.497391
v -4.088434 16.000000 83.445999
v -4.618566 16.000000 84.902527
f -3 -2 -1
v -4.618566 16.000000 84.902527
v -4.088434 16.000000 83.445999
v -4.688800 16.000000 84.878685
f -3 -2 -1
v -4.088434 16.000000 83.445999
v -4.222706 16.000000 83.400421
v -4.688800 16.000000 84.878685
f -3 -2 -1
v -4.688800 16.000000 84.878685
v -4.222706 16.000000 83.400421
v -4.760008 16.000000 84.857925
f -3 -2 -1
v -4.222706 16.000000 83.400421
v -4.358838 16.000000 83.360741
v -4.760008 16.000000 84.857925
f -3 -2 -1
v -4.760008 16.000000 84.857925
v -4.358838 16.000000 83.360741
v -4.832053 16.000000 84.840302
f -3 -2 -1
v -4.358838 16.000000 83.360741
v -4.496571 16.000000 83.327042
v -4.832053 16.000000 84.840302
f -3 -2 -1
v -4.832053 16.000000 84.840302
v -4.496571 16.000000 83.327042
v -4.904798 16.000000 84.825829
f -3 -2 -1
v -4.496571 16.000000 83.327042
v -4.635643 16.000000 83.299377
v -4.904798 16.000000 84.825829
f -3 -2 -1
v -4.904798 16.000000 84.825829
v -4.635643 16.000000 83.299377
v -4.978106 16.000000 84.814545
f -3 -2 -1
v -4.635643 16.000000 83.299377
v -4.775790 16.000000 83.277809
v -4.978106 16.000000 84.814545
f -3 -2 -1
v -4.978106 16.000000 84.814545
v -4.775790 16.000000 83.277809
v -5.051836 16.000000 84.806473
f -3 -2 -1
v -4.775790 16.000000 83.277809
v -4.916744 16.000000 83.262367
v -5.051836 16.000000 84.806473
f -3 -2 -1
v -5.051836 16.000000 84.806473
v -4.916744 16.000000 83.262367
v -5.125847 16.000000 84.801620
f -3 -2 -1
v -4.916744 16.000000 83.262367
v -5.058237 16.000000 83.253090
v -5.125847 16.000000 84.801620
f -3 -2 -1
v -5.125847 16.000000 84.801620
v -5.058237 16.000000 83.253090
v -5.200000 16.000000 84.799995
f -3 -2 -1
v -5.058237 16.000000 83.253090
v -5.200000 16.000000 83.250000
v -5.200000 16.000000 84.799995
f -3 -2 -1
v -5.200000 16.000000 84.799995
v -5.200000 16.000000 83.250000
v -5.274153 16.000000 84.801620
f -3 -2 -1
v -5.200000 16.000000 83.250000
v -5.341763 16.000000 83.253090
v -5.274153 16.000000 84.801620
f -3 -2 -1
v -5.274153 16.000000 84.801620
v -5.341763 16.000000 83.253090
v -5.348165 16.000000 84.806473
f -3 -2 -1
v -5.341763 16.000000 83.253090
v -5.483256 16.000000 83.262367
v -5.348165 16.000000 84.806473
f -3 -2 -1
v -5.348165 16.000000 84.806473
v -5.483256 16.000000 83.262367
v -5.421895 16.000000 84.814545
f -3 -2 -1
v -5.483256 16.000000 83.262367
v -5.624210 16.000000 83.277809
v -5.421895 16.000000 84.814545
f -3 -2 -1
v -5.421895 16.000000 84.814545
v -5.624210 16.000000 83.277809
v -5.495202 16.000000 84.825829
f -3 -2 -1
v -5.624210 16.000000 83.277809
v -5.764356 16.000000 83.299377
v -5.495202 16.000000 84.825829
f -3 -2 -1
v -5.495202 16.000000 84.825829
v -5.764356 16.000000 83.299377
v -5.567947 16.000000 84.840302
f -3 -2 -1
v -5.764356 16.000000 83.299377
v -5.903429 16.000000 83.327042
v -5.567947 16.000000 84.840302
f -3 -2 -1
v -5.567947 16.000000 84.840302
v -5.903429 16.000000 83.327042
v -5.639992 16.000000 84.857925
f -3 -2 -1
v -5.903429 16.000000 83.327042
v -6.041162 16.000000 83.360741
v -5.639992 16.000000 84.857925
f -3 -2 -1
v -5.639992 16.000000 84.857925
v -6.041162 16.000000 83.360741
v -5.711200 16.000000 84.878685
f -3 -2 -1
v -6.041162 16.000000 83.360741
v -6.177294 16.000000 83.400421
v -5.711200 16.000000 84.878685
f -3 -2 -1
v -5.711200 16.000000 84.878685
v -6.177294 16.000000 83.400421
v -5.781435 16.000000 84.902527
f -3 -2 -1
v -6.177294 16.000000 83.400421
v -6.311565 16.000000 83.445999
v -5.781435 16.000000 84.902527
f -3 -2 -1
v -5.781435 16.000000 84.902527
v -6.311565 16.000000 83.445999
v -5.850562 16.000000 84.929405
f -3 -2 -1
v -6.311565 16.000000 83.445999
v -6.443721 16.000000 83.497391
v -5.850562 16.000000 84.929405
f -3 -2 -1
v -5.850562 16.000000 84.929405
v -6.443721 16.000000 83.497391
v -5.918451 16.000000 84.959274
f -3 -2 -1
v -6.443721 16.000000 83.497391
v -6.573509 16.000000 83.554497
v -5.918451 16.000000 84.959274
f -3 -2 -1
v -5.918451 16.000000 84.959274
v -6.573509 16.000000 83.554497
v -5.984972 16.000000 84.992081
f -3 -2 -1
v -6.573509 16.000000 83.554497
v -6.700683 16.000000 83.617218
v -5.984972 16.000000 84.992081
f -3 -2 -1
v -5.984972 16.000000 84.992081
v -6.700683 16.000000 83.617218
v -6.050000 16.000000 85.027756
f -3 -2 -1
v -6.700683 16.000000 83.617218
v -6.825000 16.000000 83.685417
v -6.050000 16.000000 85.027756
f -3 -2 -1
v -6.050000 16.000000 85.027756
v -6.825000 16.000000 83.685417
v -6.113410 16.000000 85.066238
f -3 -2 -1
v -6.825000 16.000000 83.685417
v -6.946224 16.000000 83.758980
v -6.113410 16.000000 85.066238
f -3 -2 -1
v -6.113410 16.000000 85.066238
v -6.946224 16.000000 83.758980
v -6.175080 16.000000 85.107437
f -3 -2 -1
v -6.946224 16.000000 83.758980
v -7.064124 16.000000 83.837753
v -6.175080 16.000000 85.107437
f -3 -2 -1
v -6.175080 16.000000 85.107437
v -7.064124 16.000000 83.837753
v -6.234894 16.000000 85.151299
f -3 -2 -1
v -7.064124 16.000000 83.837753
v -7.178475 16.000000 83.921600
v -6.234894 16.000000 85.151299
f -3 -2 -1
v -6.234894 16.000000 85.151299
v -7.178475 16.000000 83.921600
v -6.292739 16.000000 85.197723
f -3 -2 -1
v -7.178475 16.000000 83.921600
v -7.289060 16.000000 84.010353
v -6.292739 16.000000 85.197723
f -3 -2 -1
v -6.292739 16.000000 85.197723
v -7.289060 16.000000 84.010353
v -6.348503 16.000000 85.246628
f -3 -2 -1
v -7.289060 16.000000 84.010353
v -7.395668 16.000000 84.103844
v -6.348503 16.000000 85.246628
f -3 -2 -1
v -6.348503 16.000000 85.246628
v -7.395668 16.000000 84.103844
v -6.402081 16.000000 85.297920
f -3 -2 -1
v -7.395668 16.000000 84.103844
v -7.498097 16.000000 84.201904
v -6.402081 16.000000 85.297920
f -3 -2 -1
v -6.402081 16.000000 85.297920
v -7.498097 16.000000 84.201904
v -6.453372 16.000000 85.351494
f -3 -2 -1
v -7.498097 16.000000 84.201904
v -7.596151 16.000000 84.304337
v -6.453372 16.000000 85.351494
f -3 -2 -1
v -6.453372 16.000000 85.351494
v -7.596151 16.000000 84.304337
v -6.502275 16.000000 85.407265
f -3 -2 -1
v -7.596151 16.000000 84.304337
v -7.689645 16.000000 84.410942
v -6.502275 16.000000 85.407265
f -3 -2 -1
v -6.502275 16.000000 85.407265
v -7.689645 16.000000 84.410942
v -6.548701 16.000000 85.465103
f -3 -2 -1
v -7.689645 16.000000 84.410942
v -7.778398 16.000000 84.521523
v -6.548701 16.000000 85.465103
f -3 -2 -1
v -6.548701 16.000000 85.465103
v -7.778398 16.000000 84.521523
v -6.592559 16.000000 85.524918
f -3 -2 -1
v -7.778398 16.000000 84.521523
v -7.862244 16.000000 84.635880
v -6.592559 16.000000 85.524918
f -3 -2 -1
v -6.592559 16.000000 85.524918
v -7.862244 16.000000 84.635880
v -6.633766 16.000000 85.586594
f -3 -2 -1
v -7.862244 16.000000 84.635880
v -7.941022 16.000000 84.753777
v -6.633766 16.000000 85.586594
f -3 -2 -1
v -6.633766 16.000000 85.586594
v -7.941022 16.000000 84.753777
v -6.672243 16.000000 85.649994
f -3 -2 -1
v -7.941022 16.000000 84.753777
v -8.014582 16.000000 84.875000
v -6.672243 16.000000 85.649994
f -3 -2 -1
v -6.672243 16.000000 85.649994
v -8.014582 16.000000 84.875000
v -6.707918 16.000000 85.715027
f -3 -2 -1
v -8.014582 16.000000 84.875000
v -8.082786 16.000000 84.999313
v -6.707918 16.000000 85.715027
f -3 -2 -1
v -6.707918 16.000000 85.715027
v -8.082786 16.000000 84.999313
v -6.740723 16.000000 85.781555
f -3 -2 -1
v -8.082786 16.000000 84.999313
v -8.145500 16.000000 85.126488
v -6.740723 16.000000 85.781555
f -3 -2 -1
v -6.740723 16.000000 85.781555
v -8.145500 16.000000 85.126488
v -6.770595 16.000000 85.849442
f -3 -2 -1
v -8.145500 16.000000 85.126488
v -8.202609 16.000000 85.256279
v -6.770595 16.000000 85.849442
f -3 -2 -1
v -6.770595 16.000000 85.849442
v -8.202609 16.000000 85.256279
v -6.797478 16.000000 85.918571
f -3 -2 -1
v -8.202609 16.000000 85.256279
v -8.254001 16.000000 85.388435
v -6.797478 16.000000 85.918571
f -3 -2 -1
v -6.797478 16.000000 85.918571
v -8.254001 16.000000 85.388435
v -6.821319 16.000000 85.988800
f -3 -2 -1
v -8.254001 16.000000 85.388435
v -8.299580 16.000000 85.522705
v -6.821319 16.000000 85.988800
f -3 -2 -1
v -6.821319 16.000000 85.988800
v -8.299580 16.000000 85.522705
v -6.842074 16.000000 86.060013
f -3 -2 -1
v -8.299580 16.000000 85.522705
v -8.339259 16.000000 85.658844
v -6.842074 16.000000 86.060013
f -3 -2 -1
v -6.842074 16.000000 86.060013
v -8.339259 16.000000 85.658844
v -6.859703 16.000000 86.132050
f -3 -2 -1
v -8.339259 16.000000 85.658844
v -8.372963 16.000000 85.796570
v -6.859703 16.000000 86.132050
f -3 -2 -1
v -6.859703 16.000000 86.132050
v -8.372963 16.000000 85.796570
v -6.874173 16.000000 86.204796
f -3 -2 -1
v -8.372963 16.000000 85.796570
v -8.400625 16.000000 85.935646
v -6.874173 16.000000 86.204796
f -3 -2 -1
v -6.874173 16.000000 86.204796
v -8.400625 16.000000 85.935646
v -6.885457 16.000000 86.278107
f -3 -2 -1
v -8.400625 16.000000 85.935646
v -8.422195 16.000000 86.075790
v -6.885457 16.000000 86.278107
f -3 -2 -1
v -6.885457 16.000000 86.278107
v -8.422195 16.000000 86.075790
v -6.893531 16.000000 86.351837
f -3 -2 -1
v -8.422195 16.000000 86.075790
v -8.437633 16.000000 86.216743
v -6.893531 16.000000 86.351837
f -3 -2 -1
v -6.893531 16.000000 86.351837
v -8.437633 16.000000 86.216743
v -6.898382 16.000000 86.425850
f -3 -2 -1
v -8.437633 16.000000 86.216743
v -8.446907 16.000000 86.358231
v -6.898382 16.000000 86.425850
f -3 -2 -1
v -6.898382 16.000000 86.425850
v -8.446907 16.000000 86.358231
v -6.900000 16.000000 86.500000
f -3 -2 -1
v -8.446907 16.000000 86.358231
v -8.450000 16.000000 86.500000
v -6.900000 16.000000 86.500000
f -3 -2 -1
v -6.900000 16.000000 86.500000
v -8.450000 16.000000 86.500000
v -6.898382 16.000000 86.574150
f -3 -2 -1
v -8.450000 16.000000 86.500000
v -8.446907 16.000000 86.641769
v -6.898382 16.000000 86.574150
f -3 -2 -1
v -6.898382 16.000000 86.574150
v -8.446907 16.000000 86.641769
v -6.893531 16.000000 86.648163
f -3 -2 -1
v -8.446907 16.000000 86.641769
v -8.437633 16.000000 86.783249
v -6.893531 16.000000 86.648163
f -3 -2 -1
v -6.893531 16.000000 86.648163
v -8.437633 16.000000 86.783249
v -6.885457 16.000000 86.721893
f -3 -2 -1
v -8.437633 16.000000 86.783249
v -8.422195 16.000000 86.924210
v -6.885457 16.000000 86.721893
f -3 -2 -1
v -6.885457 16.000000 86.721893
v -8.422195 16.000000 86.924210
v -6.874173 16.000000 86.795204
f -3 -2 -1
v -8.422195 16.000000 86.924210
v -8.400625 16.000000 87.064354
v -6.874173 16.000000 86.795204
f -3 -2 -1
v -6.874173 16.000000 86.795204
v -8.400625 16.000000 87.064354
v -6.859703 16.000000 86.867950
f -3 -2 -1
v -8.400625 16.000000 87.064354
v -8.372963 16.000000 87.203430
v -6.859703 16.000000 86.867950
f -3 -2 -1
v -6.859703 16.000000 86.867950
v -8.372963 16.000000 87.203430
v -6.842074 16.000000 86.939987
f -3 -2 -1
v -8.372963 16.000000 87.203430
v -8.339259 16.000000 87.341156
v -6.842074 16.000000 86.939987
f -3 -2 -1
v -6.842074 16.000000 86.939987
v -8.339259 16.000000 87.341156
v -6.821319 16.000000 87.011200
f -3 -2 -1
v -8.339259 16.000000 87.341156
v -8.299580 16.000000 87.477295
v -6.821319 16.000000 87.011200
f -3 -2 -1
v -6.821319 16.000000 87.011200
v -8.299580 16.000000 87.477295
v -6.797478 16.000000 87.081436
f -3 -2 -1
v -8.299580 16.000000 87.477295
v -8.254001 16.000000 87.611565
v -6.797478 16.000000 87.081436
f -3 -2 -1
v -6.797478 16.000000 87.081436
v -8.254001 16.000000 87.611565
v -6.770595 16.000000 87.150558
f -3 -2 -1
v -8.254001 16.000000 87.611565
v -8.202609 16.000000 87.743721
v -6.770595 16.000000 87.150558
f -3 -2 -1
v -6.770595 16.000000 87.150558
v -8.202609 16.000000 87.743721
v -6.740723 16.000000 87.218445
f -3 -2 -1
v -8.202609 16.000000 87.743721
v -8.145500 16.000000 87.873512
v -6.740723 16.000000 87.218445
f -3 -2 -1
v -6.740723 16.000000 87.218445
v -8.145500 16.000000 87.873512
v -6.707918 16.000000 87.284973
f -3 -2 -1
v -8.145500 16.000000 87.873512
v -8.082786 16.000000 88.000687
v -6.707918 16.000000 87.284973
f -3 -2 -1
v -6.707918 16.000000 87.284973
v -8.082786 16.000000 88.000687
v -6.672243 16.000000 87.350006
f -3 -2 -1
v -8.082786 16.000000 88.000687
v -8.014582 16.000000 88.125000
v -6.672243 16.000000 87.350006
f -3 -2 -1
v -6.672243 16.000000 87.350006
v -8.014582 16.000000 88.125000
v -6.633766 16.000000 87.413406
f -3 -2 -1
v -8.014582 16.000000 88.125000
v -7.941022 16.000000 88.246223
v -6.633766 16.000000 87.413406
f -3 -2 -1
v -6.633766 16.000000 87.413406
v -7.941022 16.000000 88.246223
v -6.592559 16.000000 87.475075
f -3 -2 -1
v -7.941022 16.000000 88.246223
v -7.862244 16.000000 88.364120
v -6.592559 16.000000 87.475075
f -3 -2 -1
v -6.592559 16.000000 87.475075
v -7.862244 16.000000 88.364120
v -6.548701 16.000000 87.534897
f -3 -2 -1
v -7.862244 16.000000 88.364120
v -7.778398 16.000000 88.478477
v -6.548701 16.000000 87.534897
f -3 -2 -1
v -6.548701 16.000000 87.534897
v -7.778398 16.000000 88.478477
v -6.502275 16.000000 87.592735
f -3 -2 -1
v -7.778398 16.000000 88.478477
v -7.689645 16.000000 88.589058
v -6.502275 16.000000 87.592735
f -3 -2 -1
v -6.502275 16.000000 87.592735
v -7.689645 16.000000 88.589058
v -6.453372 16.000000 87.648506
f -3 -2 -1
v -7.689645 16.000000 88.589058
v -7.596151 16.000000 88.695671
v -6.453372 16.000000 87.648506
f -3 -2 -1
v -6.453372 16.000000 87.648506
v -7.596151 16.000000 88.695671
v -6.402081 16.000000 87.702080
f -3 -2 -1
v -7.596151 16.000000 88.695671
v -7.498097 16.000000 88.798096
v -6.402081 16.000000 87.702080
f -3 -2 -1
v -6.402081 16.000000 87.702080
v -7.498097 16.000000 88.798096
v -6.348503 16.000000 87.753372
f -3 -2 -1
v -7.498097 16.000000 88.798096
v -7.395668 16.000000 88.896149
v -6.348503 16.000000 87.753372
f -3 -2 -1
v -6.348503 16.000000 87.753372
v -7.395668 16.000000 88.896149
v -6.292739 16.000000 87.802277
f -3 -2 -1
v -7.395668 16.000000 88.896149
v -7.289060 16.000000 88.989647
v -6.292739 16.000000 87.802277
f -3 -2 -1
v -6.292739 16.000000 87.802277
v -7.289060 16.000000 88.989647
v -6.234894 16.000000 87.848701
f -3 -2 -1
v -7.289060 16.000000 88.989647
v -7.178475 16.000000 89.078400
v -6.234894 16.000000 87.848701
f -3 -2 -1
v -6.234894 16.000000 87.848701
v -7.178475 16.000000 89.078400
v -6.175080 16.000000 87.892563
f -3 -2 -1
v -7.178475 16.000000 89.078400
v -7.064124 16.000000 89.162247
v -6.175080 16.000000 87.892563
f -3 -2 -1
v -6.175080 16.000000 87.892563
v -7.064124 16.000000 89.162247
v -6.113410 16.000000 87.933762
f -3 -2 -1
v -7.064124 16.000000 89.162247
v -6.946224 16.000000 89.241020
v -6.113410 16.000000 87.933762
f -3 -2 -1
v -6.113410 16.000000 87.933762
v -6.946224 16.000000 89.241020
v -6.050000 16.000000 87.972244
f -3 -2 -1
v -6.946224 16.000000 89.241020
v -6.825000 16.000000 89.314583
v -6.050000 16.000000 87.972244
f -3 -2 -1
v -6.050000 16.000000 87.972244
v -6.825000 16.000000 89.314583
v -5.984972 16.000000 88.007919
f -3 -2 -1
v -6.825000 16.000000 89.314583
v -6.700683 16.000000 89.382782
v -5.984972 16.000000 88.007919
f -3 -2 -1
v -5.984972 16.000000 88.007919
v -6.700683 16.000000 89.382782
v -5.918451 16.000000 88.040726
f -3 -2 -1
v -6.700683 16.000000 89.382782
v -6.573509 16.000000 89.445503
v -5.918451 16.000000 88.040726
f -3 -2 -1
v -5.918451 16.000000 88.040726
v -6.573509 16.000000 89.445503
v -5.850562 16.000000 88.070595
f -3 -2 -1
v -6.573509 16.000000 89.445503
v -6.443721 16.000000 89.502609
v -5.850562 16.000000 88.070595
f -3 -2 -1
v -5.850562 16.000000 88.070595
v -6.443721 16.000000 89.502609
v -5.781435 16.000000 88.097473
f -3 -2 -1
v -6.443721 16.000000 89.502609
v -6.311565 16.000000 89.554001
v -5.781435 16.000000 88.097473
f -3 -2 -1
v -5.781435 16.000000 88.097473
v -6.311565 16.000000 89.554001
v -5.711200 16.000000 88.121315
f -3 -2 -1
v -6.311565 16.000000 89.554001
v -6.177294 16.000000 89.599579
v -5.711200 16.000000 88.121315
f -3 -2 -1
v -5.711200 16.000000 88.121315
v -6.177294 16.000000 89.599579
v -5.639992 16.000000 88.142075
f -3 -2 -1
v -6.177294 16.000000 89.599579
v -6.041162 16.000000 89.639259
v -5.639992 16.000000 88.142075
f -3 -2 -1
v -5.639992 16.000000 88.142075
v -6.041162 16.000000 89.639259
v -5.567947 16.000000 88.159706
f -3 -2 -1
v -6.041162 16.000000 89.639259
v -5.903429 16.000000 89.672958
v -5.567947 16.000000 88.159706
f -3 -2 -1
v -5.567947 16.000000 88.159706
v -5.903429 16.000000 89.672958
v -5.495202 16.000000 88.174171
f -3 -2 -1
v -5.903429 16.000000 89.672958
v -5.764356 16.000000 89.700623
v -5.495202 16.000000 88.174171
f -3 -2 -1
v -5.495202 16.000000 88.174171
v -5.764356 16.000000 89.700623
v -5.421895 16.000000 88.185463
f -3 -2 -1
v -5.764356 16.000000 89.700623
v -5.624210 16.000000 89.722191
v -5.421895 16.000000 88.185463
f -3 -2 -1
v -5.421895 16.000000 88.185463
v -5.624210 16.000000 89.722191
v -5.348165 16.000000 88.193527
f -3 -2 -1
v -5.624210 16.000000 89.722191
v -5.483256 16.000000 89.737633
v -5.348165 16.000000 88.193527
f -3 -2 -1
v -5.348165 16.000000 88.193527
v -5.483256 16.000000 89.737633
v -5.274153 16.000000 88.198380
f -3 -2 -1
v -5.483256 16.000000 89.737633
v -5.341763 16.000000 89.746910
v -5.274153 16.000000 88.198380
f -3 -2 -1
v -5.274153 16.000000 88.198380
v -5.341763 16.000000 89.746910
v -5.200000 16.000000 88.200005
f -3 -2 -1
v -5.341763 16.000000 89.746910
v -5.200000 16.000000 89.750000
v -5.200000 16.000000 88.200005
f -3 -2 -1
v -5.200000 16.000000 88.200005
v -5.200000 16.000000 89.750000
v -5.125847 16.000000 88.198380
f -3 -2 -1
v -5.200000 16.000000 89.750000
v -5.058237 16.000000 89.746910
v -5.125847 16.000000 88.198380
f -3 -2 -1
v -5.125847 16.000000 88.198380
v -5.058237 16.000000 89.746910
v -5.051836 16.000000 88.193527
f -3 -2 -1
v -5.058237 16.000000 89.746910
v -4.916744 16.000000 89.737633
v -5.051836 16.000000 88.193527
f -3 -2 -1
v -5.051836 16.000000 88.193527
v -4.916744 16.000000 89.737633
v -4.978106 16.000000 88.185463
f -3 -2 -1
v -4.916744 16.000000 89.737633
v -4.775790 16.000000 89.722191
v -4.978106 16.000000 88.185463
f -3 -2 -1
v -4.978106 16.000000 88.185463
v -4.775790 16.000000 89.722191
v -4.904798 16.000000 88.174171
f -3 -2 -1
v -4.775790 16.000000 89.722191
v -4.635643 16.000000 89.700623
v -4.904798 16.000000 88.174171
f -3 -2 -1
v -4.904798 16.000000 88.174171
v -4.635643 16.000000 89.700623
v -4.832053 16.000000 88.159706
f -3 -2 -1
v -4.635643 16.000000 89.700623
v -4.496571 16.000000 89.672958
v -4.832053 16.000000 88.159706
f -3 -2 -1
v -4.832053 16.000000 88.159706
v -4.496571 16.000000 89.672958
v -4.760008 16.000000 88.142075
f -3 -2 -1
v -4.496571 16.000000 89.672958
v -4.358838 16.000000 89.639259
v -4.760008 16.000000 88.142075
f -3 -2 -1
v -4.760008 16.000000 88.142075
v -4.358838 16.000000 89.639259
v -4.688800 16.000000 88.121315
f -3 -2 -1
v -4.358838 16.000000 89.639259
v -4.222706 16.000000 89.599579
v -4.688800 16.000000 88.121315
f -3 -2 -1
v -4.688800 16.000000 88.121315
v -4.222706 16.000000 89.599579
v -4.618566 16.000000 88.097473
f -3 -2 -1
v -4.222706 16.000000 89.599579
v -4.088434 16.000000 89.554001
v -4.618566 16.000000 88.097473
f -3 -2 -1
v -4.618566 16.000000 88.097473
v -4.088434 16.000000 89.554001
v -4.549438 16.000000 88.070595
f -3 -2 -1
v -4.088434 16.000000 89.554001
v -3.956279 16.000000 89.502609
v -4.549438 16.000000 88.070595
f -3 -2 -1
v -4.549438 16.000000 88.070595
v -3.956279 16.000000 89.502609
v -4.481549 16.000000 88.040726
f -3 -2 -1
v -3.956279 16.000000 89.502609
v -3.826491 16.000000 89.445503
v -4.481549 16.000000 88.040726
f -3 -2 -1
v -4.481549 16.000000 88.040726
v -3.826491 16.000000 89.445503
v -4.415027 16.000000 88.007919
f -3 -2 -1
v -3.826491 16.000000 89.445503
v -3.699317 16.000000 89.382782
v -4.415027 16.000000 88.007919
f -3 -2 -1
v -4.415027 16.000000 88.007919
v -3.699317 16.000000 89.382782
v -4.350000 16.000000 87.972244
f -3 -2 -1
v -3.699317 16.000000 89.382782
v -3.575000 16.000000 89.314583
v -4.350000 16.000000 87.972244
f -3 -2 -1
v -4.350000 16.000000 87.972244
v -3.575000 16.000000 89.314583
v -4.286591 16.000000 87.933762
f -3 -2 -1
v -3.575000 16.000000 89.314583
v -3.453776 16.000000 89.241020
v -4.286591 16.000000 87.933762
f -3 -2 -1
v -4.286591 16.000000 87.933762
v -3.453776 16.000000 89.241020
v -4.224920 16.000000 87.892563
f -3 -2 -1
v -3.453776 16.000000 89.241020
v -3.335877 16.000000 89.162247
v -4.224920 16.000000 87.892563
f -3 -2 -1
v -4.224920 16.000000 87.892563
v -3.335877 16.000000 89.162247
v -4.165105 16.000000 87.848701
f -3 -2 -1
v -3.335877 16.000000 89.162247
v -3.221525 16.000000 89.078400
v -4.165105 16.000000 87.848701
f -3 -2 -1
v -4.165105 16.000000 87.848701
v -3.221525 16.000000 89.078400
v -4.107261 16.000000 87.802277
f -3 -2 -1
v -3.221525 16.000000 89.078400
v -3.110940 16.000000 88.989647
v -4.107261 16.000000 87.802277
f -3 -2 -1
v -4.107261 16.000000 87.802277
v -3.110940 16.000000 88.989647
v -4.051497 16.000000 87.753372
f -3 -2 -1
v -3.110940 16.000000 88.989647
v -3.004332 16.000000 88.896149
v -4.051497 16.000000 87.753372
f -3 -2 -1
v -4.051497 16.000000 87.753372
v -3.004332 16.000000 88.896149
v -3.997919 16.000000 87.702080
f -3 -2 -1
v -3.004332 16.000000 88.896149
v -2.901903 16.000000 88.798096
v -3.997919 16.000000 87.702080
f -3 -2 -1
v -3.997919 16.000000 87.702080
v -2.901903 16.000000 88.798096
v -3.946628 16.000000 87.648506
f -3 -2 -1
v -2.901903 16.000000 88.798096
v -2.803849 16.000000 88.695671
v -3.946628 16.000000 87.648506
f -3 -2 -1
v -3.946628 16.000000 87.648506
v -2.803849 16.000000 88.695671
v -3.897724 16.000000 87.592735
f -3 -2 -1
v -2.803849 16.000000 88.695671
v -2.710356 16.000000 88.589058
v -3.897724 16.000000 87.592735
f -3 -2 -1
v -3.897724 16.000000 87.592735
v -2.710356 16.000000 88.589058
v -3.851300 16.000000 87.534897
f -3 -2 -1
v -2.710356 16.000000 88.589058
v -2.621602 16.000000 88.478477
v -3.851300 16.000000 87.534897
f -3 -2 -1
v -3.851300 16.000000 87.534897
v -2.621602 16.000000 88.478477
v -3.807441 16.000000 87.475075
f -3 -2 -1
v -2.621602 16.000000 88.478477
v -2.537756 16.000000 88.364120
v -3.807441 16.000000 87.475075
f -3 -2 -1
v -3.807441 16.000000 87.475075
v -2.537756 16.000000 88.364120
v -3.766234 16.000000 87.413406
f -3 -2 -1
v -2.537756 16.000000 88.364120
v -2.458978 16.000000 88.246223
v -3.766234 16.000000 87.413406
f -3 -2 -1
v -3.766234 16.000000 87.413406
v -2.458978 16.000000 88.246223
v -3.727757 16.000000 87.350006
f -3 -2 -1
v -2.458978 16.000000 88.246223
v -2.385417 16.000000 88.125000
v -3.727757 16.000000 87.350006
f -3 -2 -1
v -3.727757 16.000000 87.350006
v -2.385417 16.000000 88.125000
v -3.692082 16.000000 87.284973
f -3 -2 -1
v -2.385417 16.000000 88.125000
v -2.317215 16.000000 88.000687
v -3.692082 16.000000 87.284973
f -3 -2 -1
v -3.692082 16.000000 87.284973
v -2.317215 16.000000 88.000687
v -3.659277 16.000000 87.218445
f -3 -2 -1
v -2.317215 16.000000 88.000687
v -2.254500 16.000000 87.873512
v -3.659277 16.000000 87.218445
f -3 -2 -1
v -5.200000 16.000000 84.799995
v -5.200000 13.100000 84.799995
v -5.125847 16.000000 84.801620
f -3 -2 -1
v -5.200000 13.100000 84.799995
v -5.125847 13.100000 84.801620
v -5.125847 16.000000 84.801620
f -3 -2 -1
v -5.125847 16.000000 84.801620
v -5.125847 13.100000 84.801620
v -5.051836 16.000000 84.806473
f -3 -2 -1
v -5.125847 13.100000 84.801620
v -5.051836 13.100000 84.806473
v -5.051836 16.000000 84.806473
f -3 -2 -1
v -5.051836 16.000000 84.806473
v -5.051836 13.100000 84.806473
v -4.978106 16.000000 84.814545
f -3 -2 -1
v -5.051836 13.100000 84.806473
v -4.978106 13.100000 84.814545
v -4.978106 16.000000 84.814545
f -3 -2 -1
v -4.978106 16.000000 84.814545
v -4.978106 13.100000 84.814545
v -4.904798 16.000000 84.825829
f -3 -2 -1
v -4.978106 13.100000 84.814545
v -4.904798 13.100000 84.825829
v -4.904798 16.000000 84.825829
f -3 -2 -1
v -4.904798 16.000000 84.825829
v -4.904798 13.100000 84.825829
v -4.832053 16.000000 84.840302
f -3 -2 -1
v -4.904798 13.100000 84.825829
v -4.832053 13.100000 84.840302
v -4.832053 16.000000 84.840302
f -3 -2 -1
v -4.832053 16.000000 84.840302
v -4.832053 13.100000 84.840302
v -4.760008 16.000000 84.857925
f -3 -2 -1
v -4.832053 13.100000 84.840302
v -4.760008 13.100000 84.857925
v -4.760008 16.000000 84.857925
f -3 -2 -1
v -4.760008 16.000000 84.857925
v -4.760008 13.100000 84.857925
v -4.688800 16.000000 84.878685
f -3 -2 -1
v -4.760008 13.100000 84.857925
v -4.688800 13.100000 84.878685
v -4.688800 16.000000 84.878685
f -3 -2 -1
v -4.688800 16.000000 84.878685
v -4.688800 13.100000 84.878685
v -4.618566 16.000000 84.902527
f -3 -2 -1
v -4.688800 13.100000 84.878685
v -4.618566 13.100000 84.902527
v -4.618566 16.000000 84.902527
f -3 -2 -1
v -4.618566 16.000000 84.902527
v -4.618566 13.100000 84.902527
v -4.549438 16.000000 84.929405
f -3 -2 -1
v -4.618566 13.100000 84.902527
v -4.549438 13.100000 84.929405
v -4.549438 16.000000 84.929405
f -3 -2 -1
v -4.549438 16.000000 84.929405
v -4.549438 13.100000 84.929405
v -4.481549 16.000000 84.959274
f -3 -2 -1
v -4.549438 13.100000 84.929405
v -4.481549 13.100000 84.959274
v -4.481549 16.000000 84.959274
f -3 -2 -1
v -4.481549 16.000000 84.959274
v -4.481549 13.100000 84.959274
v -4.415027 16.000000 84.992081
f -3 -2 -1
v -4.481549 13.100000 84.959274
v -4.415027 13.100000 84.992081
v -4.415027 16.000000 84.992081
f -3 -2 -1
v -4.415027 16.000000 84.992081
v -4.415027 13.100000 84.992081
v -4.350000 16.000000 85.027756
f -3 -2 -1
v -4.415027 13.100000 84.992081
v -4.350000 13.100000 85.027756
v -4.350000 16.000000 85.027756
f -3 -2 -1
v -4.350000 16.000000 85.027756
v -4.350000 13.100000 85.027756
v -4.286591 16.000000 85.066238
f -3 -2 -1
v -4.350000 13.100000 85.027756
v -4.286591 13.100000 85.066238
v -4.286591 16.000000 85.066238
f -3 -2 -1
v -4.286591 16.000000 85.066238
v -4.286591 13.100000 85.066238
v -4.224920 16.000000 85.107437
f -3 -2 -1
v -4.286591 13.100000 85.066238
v -4.224920 13.100000 85.107437
v -4.224920 16.000000 85.107437
f -3 -2 -1
v -4.224920 16.000000 85.107437
v -4.224920 13.100000 85.107437
v -4.165105 16.000000 85.151299
f -3 -2 -1
v -4.224920 13.100000 85.107437
v -4.165105 13.100000 85.151299
v -4.165105 16.000000 85.151299
f -3 -2 -1
v -4.165105 16.000000 85.151299
v -4.165105 13.100000 85.151299
v -4.107261 16.000000 85.197723
f -3 -2 -1
v -4.165105 13.100000 85.151299
v -4.107261 13.100000 85.197723
v -4.107261 16.000000 85.197723
f -3 -2 -1
v -4.107261 16.000000 85.197723
v -4.107261 13.100000 85.197723
v -4.051497 16.000000 85.246628
f -3 -2 -1
v -4.107261 13.100000 85.197723
v -4.051497 13.100000 85.246628
v -4.051497 16.000000 85.246628
f -3 -2 -1
v -4.051497 16.000000 85.246628
v -4.051497 13.100000 85.246628
v -3.997919 16.000000 85.297920
f -3 -2 -1
v -4.051497 13.100000 85.246628
v -3.997919 13.100000 85.297920
v -3.997919 16.000000 85.297920
f -3 -2 -1
v -3.997919 16.000000 85.297920
v -3.997919 13.100000 85.297920
v -3.946628 16.000000 85.351494
f -3 -2 -1
v -3.997919 13.100000 85.297920
v -3.946628 13.100000 85.351494
v -3.946628 16.000000 85.351494
f -3 -2 -1
v -3.946628 16.000000 85.351494
v -3.946628 13.100000 85.351494
v -3.897724 16.000000 85.407265
f -3 -2 -1
v -3.946628 13.100000 85.351494
v -3.897724 13.100000 85.407265
v -3.897724 16.000000 85.407265
f -3 -2 -1
v -3.897724 16.000000 85.407265
v -3.897724 13.100000 85.407265
v -3.851300 16.000000 85.465103
f -3 -2 -1
v -3.897724 13.100000 85.407265
v -3.851300 13.100000 85.465103
v -3.851300 16.000000 85.465103
f -3 -2 -1
v -3.851300 16.000000 85.465103
v -3.851300 13.100000 85.465103
v -3.807441 16.000000 85.524918
f -3 -2 -1
v -3.851300 13.100000 85.465103
v -3.807441 13.100000 85.524918
v -3.807441 16.000000 85.524918
f -3 -2 -1
v -3.807441 16.000000 85.524918
v -3.807441 13.100000 85.524918
v -3.766234 16.000000 85.586594
f -3 -2 -1
v -3.807441 13.100000 85.524918
v -3.766234 13.100000 85.586594
v -3.766234 16.000000 85.586594
f -3 -2 -1
v -3.766234 16.000000 85.586594
v -3.766234 13.100000 85.586594
v -3.727757 16.000000 85.649994
f -3 -2 -1
v -3.766234 13.100000 85.586594
v -3.727757 13.100000 85.649994
v -3.727757 16.000000 85.649994
f -3 -2 -1
v -3.727757 16.000000 85.649994
v -3.727757 13.100000 85.649994
v -3.692082 16.000000 85.715027
f -3 -2 -1
v -3.727757 13.100000 85.649994
v -3.692082 13.100000 85.715027
v -3.692082 16.000000 85.715027
f -3 -2 -1
v -3.692082 16.000000 85.715027
v -3.692082 13.100000 85.715027
v -3.659277 16.000000 85.781555
f -3 -2 -1
v -3.692082 13.100000 85.715027
v -3.659277 13.100000 85.781555
v -3.659277 16.000000 85.781555
f -3 -2 -1
v -3.659277 16.000000 85.781555
v -3.659277 13.100000 85.781555
v -3.629405 16.000000 85.849442
f -3 -2 -1
v -3.659277 13.100000 85.781555
v -3.629405 13.100000 85.849442
v -3.629405 16.000000 85.849442
f -3 -2 -1
v -3.629405 16.000000 85.849442
v -3.629405 13.100000 85.849442
v -3.602523 16.000000 85.918571
f -3 -2 -1
v -3.629405 13.100000 85.849442
v -3.602523 13.100000 85.918571
v -3.602523 16.000000 85.918571
f -3 -2 -1
v -3.602523 16.000000 85.918571
v -3.602523 13.100000 85.918571
v -3.578681 16.000000 85.988800
f -3 -2 -1
v -3.602523 13.100000 85.918571
v -3.578681 13.100000 85.988800
v -3.578681 16.000000 85.988800
f -3 -2 -1
v -3.578681 16.000000 85.988800
v -3.578681 13.100000 85.988800
v -3.557926 16.000000 86.060013
f -3 -2 -1
v -3.578681 13.100000 85.988800
v -3.557926 13.100000 86.060013
v -3.557926 16.000000 86.060013
f -3 -2 -1
v -3.557926 16.000000 86.060013
v -3.557926 13.100000 86.060013
v -3.540297 16.000000 86.132050
f -3 -2 -1
v -3.557926 13.100000 86.060013
v -3.540297 13.100000 86.132050
v -3.540297 16.000000 86.132050
f -3 -2 -1
v -3.540297 16.000000 86.132050
v -3.540297 13.100000 86.132050
v -3.525827 16.000000 86.204796
f -3 -2 -1
v -3.540297 13.100000 86.132050
v -3.525827 13.100000 86.204796
v -3.525827 16.000000 86.204796
f -3 -2 -1
v -3.525827 16.000000 86.204796
v -3.525827 13.100000 86.204796
v -3.514544 16.000000 86.278107
f -3 -2 -1
v -3.525827 13.100000 86.204796
v -3.514544 13.100000 86.278107
v -3.514544 16.000000 86.278107
f -3 -2 -1
v -3.514544 16.000000 86.278107
v -3.514544 13.100000 86.278107
v -3.506469 16.000000 86.351837
f -3 -2 -1
v -3.514544 13.100000 86.278107
v -3.506469 13.100000 86.351837
v -3.506469 16.000000 86.351837
f -3 -2 -1
v -3.506469 16.000000 86.351837
v -3.506469 13.100000 86.351837
v -3.501618 16.000000 86.425850
f -3 -2 -1
v -3.506469 13.100000 86.351837
v -3.501618 13.100000 86.425850
v -3.501618 16.000000 86.425850
f -3 -2 -1
v -3.501618 16.000000 86.425850
v -3.501618 13.100000 86.425850
v -3.500000 16.000000 86.500000
f -3 -2 -1
v -3.501618 13.100000 86.425850
v -3.500000 13.100000 86.500000
v -3.500000 16.000000 86.500000
f -3 -2 -1
v -3.500000 16.000000 86.500000
v -3.500000 13.100000 86.500000
v -3.501618 16.000000 86.574150
f -3 -2 -1
v -3.500000 13.100000 86.500000
v -3.501618 13.100000 86.574150
v -3.501618 16.000000 86.574150
f -3 -2 -1
v -3.501618 16.000000 86.574150
v -3.501618 13.100000 86.574150
v -3.506469 16.000000 86.648163
f -3 -2 -1
v -3.501618 13.100000 86.574150
v -3.506469 13.100000 86.648163
v -3.506469 16.000000 86.648163
f -3 -2 -1
v -3.506469 16.000000 86.648163
v -3.506469 13.100000 86.648163
v -3.514544 16.000000 86.721893
f -3 -2 -1
v -3.506469 13.100000 86.648163
v -3.514544 13.100000 86.721893
v -3.514544 16.000000 86.721893
f -3 -2 -1
v -3.514544 16.000000 86.721893
v -3.514544 13.100000 86.721893
v -3.525827 16.000000 86.795204
f -3 -2 -1
v -3.514544 13.100000 86.721893
v -3.525827 13.100000 86.795204
v -3.525827 16.000000 86.795204
f -3 -2 -1
v -3.525827 16.000000 86.795204
v -3.525827 13.100000 86.795204
v -3.540297 16.000000 86.867950
f -3 -2 -1
v -3.525827 13.100000 86.795204
v -3.540297 13.100000 86.867950
v -3.540297 16.000000 86.867950
f -3 -2 -1
v -3.540297 16.000000 86.867950
v -3.540297 13.100000 86.867950
v -3.557926 16.000000 86.939987
f -3 -2 -1
v -3.540297 13.100000 86.867950
v -3.557926 13.100000 86.939987
v -3.557926 16.000000 86.939987
f -3 -2 -1
v -3.557926 16.000000 86.939987
v -3.557926 13.100000 86.939987
v -3.578681 16.000000 87.011200
f -3 -2 -1
v -3.557926 13.100000 86.939987
v -3.578681 13.100000 87.011200
v -3.578681 16.000000 87.011200
f -3 -2 -1
v -3.578681 16.000000 87.011200
v -3.578681 13.100000 87.011200
v -3.602523 16.000000 87.081436
f -3 -2 -1
v -3.578681 13.100000 87.011200
v -3.602523 13.100000 87.081436
v -3.602523 16.000000 87.081436
f -3 -2 -1
v -3.602523 16.000000 87.081436
v -3.602523 13.100000 87.081436
v -3.629405 16.000000 87.150558
f -3 -2 -1
v -3.602523 13.100000 87.081436
v -3.629405 13.100000 87.150558
v -3.629405 16.000000 87.150558
f -3 -2 -1
v -3.629405 16.000000 87.150558
v -3.629405 13.100000 87.150558
v -3.659277 16.000000 87.218445
f -3 -2 -1
v -3.629405 13.100000 87.150558
v -3.659277 13.100000 87.218445
v -3.659277 16.000000 87.218445
f -3 -2 -1
v -3.659277 16.000000 87.218445
v -3.659277 13.100000 87.218445
v -3.692082 16.000000 87.284973
f -3 -2 -1
v -3.659277 13.100000 87.218445
v -3.692082 13.100000 87.284973
v -3.692082 16.000000 87.284973
f -3 -2 -1
v -3.692082 16.000000 87.284973
v -3.692082 13.100000 87.284973
v -3.727757 16.000000 87.350006
f -3 -2 -1
v -3.692082 13.100000 87.284973
v -3.727757 13.100000 87.350006
v -3.727757 16.000000 87.350006
f -3 -2 -1
v -3.727757 16.000000 87.350006
v -3.727757 13.100000 87.350006
v -3.766234 16.000000 87.413406
f -3 -2 -1
v -3.727757 13.100000 87.350006
v -3.766234 13.100000 87.413406
v -3.766234 16.000000 87.413406
f -3 -2 -1
v -3.766234 16.000000 87.413406
v -3.766234 13.100000 87.413406
v -3.807441 16.000000 87.475075
f -3 -2 -1
v -3.766234 13.100000 87.413406
v -3.807441 13.100000 87.475075
v -3.807441 16.000000 87.475075
f -3 -2 -1
v -3.807441 16.000000 87.475075
v -3.807441 13.100000 87.475075
v -3.851300 16.000000 87.534897
f -3 -2 -1
v -3.807441 13.100000 87.475075
v -3.851300 13.100000 87.534897
v -3.851300 16.000000 87.534897
f -3 -2 -1
v -3.851300 16.000000 87.534897
v -3.851300 13.100000 87.534897
v -3.897724 16.000000 87.592735
f -3 -2 -1
v -3.851300 13.100000 87.534897
v -3.897724 13.100000 87.592735
v -3.897724 16.000000 87.592735
f -3 -2 -1
v -3.897724 16.000000 87.592735
v -3.897724 13.100000 87.592735
v -3.946628 16.000000 87.648506
f -3 -2 -1
v -3.897724 13.100000 87.592735
v -3.946628 13.100000 87.648506
v -3.946628 16.000000 87.648506
f -3 -2 -1
v -3.946628 16.000000 87.648506
v -3.946628 13.100000 87.648506
v -3.997919 16.000000 87.702080
f -3 -2 -1
v -3.946628 13.100000 87.648506
v -3.997919 13.100000 87.702080
v -3.997919 16.000000 87.702080
f -3 -2 -1
v -3.997919 16.000000 87.702080
v -3.997919 13.100000 87.702080
v -4.051497 16.000000 87.753372
f -3 -2 -1
v -3.997919 13.100000 87.702080
v -4.051497 13.100000 87.753372
v -4.051497 16.000000 87.753372
f -3 -2 -1
v -4.051497 16.000000 87.753372
v -4.051497 13.100000 87.753372
v -4.107261 16.000000 87.802277
f -3 -2 -1
v -4.051497 13.100000 87.753372
v -4.107261 13.100000 87.802277
v -4.107261 16.000000 87.802277
f -3 -2 -1
v -4.107261 16.000000 87.802277
v -4.107261 13.100000 87.802277
v -4.165105 16.000000 87.848701
f -3 -2 -1
v -4.107261 13.100000 87.802277
v -4.165105 13.100000 87.848701
v -4.165105 16.000000 87.848701
f -3 -2 -1
v -4.165105 16.000000 87.848701
v -4.165105 13.100000 87.848701
v -4.224920 16.000000 87.892563
f -3 -2 -1
v -4.165105 13.100000 87.848701
v -4.224920 13.100000 87.892563
v -4.224920 16.000000 87.892563
f -3 -2 -1
v -4.224920 16.000000 87.892563
v -4.224920 13.100000 87.892563
v -4.286591 16.000000 87.933762
f -3 -2 -1
v -4.224920 13.100000 87.892563
v -4.286591 13.100000 87.933762
v -4.286591 16.000000 87.933762
f -3 -2 -1
v -4.286591 16.000000 87.933762
v -4.286591 13.100000 87.933762
v -4.350000 16.000000 87.972244
f -3 -2 -1
v -4.286591 13.100000 87.933762
v -4.350000 13.100000 87.972244
v -4.350000 16.000000 87.972244
f -3 -2 -1
v -4.350000 16.000000 87.972244
v -4.350000 13.100000 87.972244
v -4.415027 16.000000 88.007919
f -3 -2 -1
v -4.350000 13.100000 87.972244
v -4.415027 13.100000 88.007919
v -4.415027 16.000000 88.007919
f -3 -2 -1
v -4.415027 16.000000 88.007919
v -4.415027 13.100000 88.007919
v -4.481549 16.000000 88.040726
f -3 -2 -1
v -4.415027 13.100000 88.007919
v -4.481549 13.100000 88.040726
v -4.481549 16.000000 88.040726
f -3 -2 -1
v -4.481549 16.000000 88.040726
v -4.481549 13.100000 88.040726
v -4.549438 16.000000 88.070595
f -3 -2 -1
v -4.481549 13.100000 88.040726
v -4.549438 13.100000 88.070595
v -4.549438 16.000000 88.070595
f -3 -2 -1
v -4.549438 16.000000 88.070595
v -4.549438 13.100000 88.070595
v -4.618566 16.000000 88.097473
f -3 -2 -1
v -4.549438 13.100000 88.070595
v -4.618566 13.100000 88.097473
v -4.618566 16.000000 88.097473
f -3 -2 -1
v -4.618566 16.000000 88.097473
v -4.618566 13.100000 88.097473
v -4.688800 16.000000 88.121315
f -3 -2 -1
v -4.618566 13.100000 88.097473
v -4.688800 13.100000 88.121315
v -4.688800 16.000000 88.121315
f -3 -2 -1
v -4.688800 16.000000 88.121315
v -4.688800 13.100000 88.121315
v -4.760008 16.000000 88.142075
f -3 -2 -1
v -4.688800 13.100000 88.121315
v -4.760008 13.100000 88.142075
v -4.760008 16.000000 88.142075
f -3 -2 -1
v -4.760008 16.000000 88.142075
v -4.760008 13.100000 88.142075
v -4.832053 16.000000 88.159706
f -3 -2 -1
v -4.760008 13.100000 88.142075
v -4.832053 13.100000 88.159706
v -4.832053 16.000000 88.159706
f -3 -2 -1
v -4.832053 16.000000 88.159706
v -4.832053 13.100000 88.159706
v -4.904798 16.000000 88.174171
f -3 -2 -1
v -4.832053 13.100000 88.159706
v -4.904798 13.100000 88.174171
v -4.904798 16.000000 88.174171
f -3 -2 -1
v -4.904798 16.000000 88.174171
v -4.904798 13.100000 88.174171
v -4.978106 16.000000 88.185463
f -3 -2 -1
v -4.904798 13.100000 88.174171
v -4.978106 13.100000 88.185463
v -4.978106 16.000000 88.185463
f -3 -2 -1
v -4.978106 16.000000 88.185463
v -4.978106 13.100000 88.185463
v -5.051836 16.000000 88.193527
f -3 -2 -1
v -4.978106 13.100000 88.185463
v -5.051836 13.100000 88.193527
v -5.051836 16.000000 88.193527
f -3 -2 -1
v -5.051836 16.000000 88.193527
v -5.051836 13.100000 88.193527
v -5.125847 16.000000 88.198380
f -3 -2 -1
v -5.051836 13.100000 88.193527
v -5.125847 13.100000 88.198380
v -5.125847 16.000000 88.198380
f -3 -2 -1
v -5.125847 16.000000 88.198380
v -5.125847 13.100000 88.198380
v -5.200000 16.000000 88.200005
f -3 -2 -1
v -5.125847 13.100000 88.198380
v -5.200000 13.100000 88.200005
v -5.200000 16.000000 88.200005
f -3 -2 -1
v -5.200000 16.000000 88.200005
v -5.200000 13.100000 88.200005
v -5.274153 16.000000 88.198380
f -3 -2 -1
v -5.200000 13.100000 88.200005
v -5.274153 13.100000 88.198380
v -5.274153 16.000000 88.198380
f -3 -2 -1
v -5.274153 16.000000 88.198380
v -5.274153 13.100000 88.198380
v -5.348165 16.000000 88.193527
f -3 -2 -1
v -5.274153 13.100000 88.198380
v -5.348165 13.100000 88.193527
v -5.348165 16.000000 88.193527
f -3 -2 -1
v -5.348165 16.000000 88.193527
v -5.348165 13.100000 88.193527
v -5.421895 16.000000 88.185463
f -3 -2 -1
v -5.348165 13.100000 88.193527
v -5.421895 13.100000 88.185463
v -5.421895 16.000000 88.185463
f -3 -2 -1
v -5.421895 16.000000 88.185463
v -5.421895 13.100000 88.185463
v -5.495202 16.000000 88.174171
f -3 -2 -1
v -5.421895 13.100000 88.185463
v -5.495202 13.100000 88.174171
v -5.495202 16.000000 88.174171
f -3 -2 -1
v -5.495202 16.000000 88.174171
v -5.495202 13.100000 88.174171
v -5.567947 16.000000 88.159706
f -3 -2 -1
v -5.495202 13.100000 88.174171
v -5.567947 13.100000 88.159706
v -5.567947 16.000000 88.159706
f -3 -2 -1
v -5.567947 16.000000 88.159706
v -5.567947 13.100000 88.159706
v -5.639992 16.000000 88.142075
f -3 -2 -1
v -5.567947 13.100000 88.159706
v -5.639992 13.100000 88.142075
v -5.639992 16.000000 88.142075
f -3 -2 -1
v -5.639992 16.000000 88.142075
v -5.639992 13.100000 88.142075
v -5.711200 16.000000 88.121315
f -3 -2 -1
v -5.639992 13.100000 88.142075
v -5.711200 13.100000 88.121315
v -5.711200 16.000000 88.121315
f -3 -2 -1
v -5.711200 16.000000 88.121315
v -5.711200 13.100000 88.121315
v -5.781435 16.000000 88.097473
f -3 -2 -1
v -5.711200 13.100000 88.121315
v -5.781435 13.100000 88.097473
v -5.781435 16.000000 88.097473
f -3 -2 -1
v -5.781435 16.000000 88.097473
v -5.781435 13.100000 88.097473
v -5.850562 16.000000 88.070595
f -3 -2 -1
v -5.781435 13.100000 88.097473
v -5.850562 13.100000 88.070595
v -5.850562 16.000000 88.070595
f -3 -2 -1
v -5.850562 16.000000 88.070595
v -5.850562 13.100000 88.070595
v -5.918451 16.000000 88.040726
f -3 -2 -1
v -5.850562 13.100000 88.070595
v -5.918451 13.100000 88.040726
v -5.918451 16.000000 88.040726
f -3 -2 -1
v -5.918451 16.000000 88.040726
v -5.918451 13.100000 88.040726
v -5.984972 16.000000 88.007919
f -3 -2 -1
v -5.918451 13.100000 88.040726
v -5.984972 13.100000 88.007919
v -5.984972 16.000000 88.007919
f -3 -2 -1
v -5.984972 16.000000 88.007919
v -5.984972 13.100000 88.007919
v -6.050000 16.000000 87.972244
f -3 -2 -1
v -5.984972 13.100000 88.007919
v -6.050000 13.100000 87.972244
v -6.050000 16.000000 87.972244
f -3 -2 -1
v -6.050000 16.000000 87.972244
v -6.050000 13.100000 87.972244
v -6.113410 16.000000 87.933762
f -3 -2 -1
v -6.050000 13.100000 87.972244
v -6.113410 13.100000 87.933762
v -6.113410 16.000000 87.933762
f -3 -2 -1
v -6.113410 16.000000 87.933762
v -6.113410 13.100000 87.933762
v -6.175080 16.000000 87.892563
f -3 -2 -1
v -6.113410 13.100000 87.933762
v -6.175080 13.100000 87.892563
v -6.175080 16.000000 87.892563
f -3 -2 -1
v -6.175080 16.000000 87.892563
v -6.175080 13.100000 87.892563
v -6.234894 16.000000 87.848701
f -3 -2 -1
v -6.175080 13.100000 87.892563
v -6.234894 13.100000 87.848701
v -6.234894 16.000000 87.848701
f -3 -2 -1
v -6.234894 16.000000 87.848701
v -6.234894 13.100000 87.848701
v -6.292739 16.000000 87.802277
f -3 -2 -1
v -6.234894 13.100000 87.848701
v -6.292739 13.100000 87.802277
v -6.292739 16.000000 87.802277
f -3 -2 -1
v -6.292739 16.000000 87.802277
v -6.292739 13.100000 87.802277
v -6.348503 16.000000 87.753372
f -3 -2 -1
v -6.292739 13.100000 87.802277
v -6.348503 13.100000 87.753372
v -6.348503 16.000000 87.753372
f -3 -2 -1
v -6.348503 16.000000 87.753372
v -6.348503 13.100000 87.753372
v -6.402081 16.000000 87.702080
f -3 -2 -1
v -6.348503 13.100000 87.753372
v -6.402081 13.100000 87.702080
v -6.402081 16.000000 87.702080
f -3 -2 -1
v -6.402081 16.000000 87.702080
v -6.402081 13.100000 87.702080
v -6.453372 16.000000 87.648506
f -3 -2 -1
v -6.402081 13.100000 87.702080
v -6.453372 13.100000 87.648506
v -6.453372 16.000000 87.648506
f -3 -2 -1
v -6.453372 16.000000 87.648506
v -6.453372 13.100000 87.648506
v -6.502275 16.000000 87.592735
f -3 -2 -1
v -6.453372 13.100000 87.648506
v -6.502275 13.100000 87.592735
v -6.502275 16.000000 87.592735
f -3 -2 -1
v -6.502275 16.000000 87.592735
v -6.502275 13.100000 87.592735
v -6.548701 16.000000 87.534897
f -3 -2 -1
v -6.502275 13.100000 87.592735
v -6.548701 13.100000 87.534897
v -6.548701 16.000000 87.534897
f -3 -2 -1
v -6.548701 16.000000 87.534897
v -6.548701 13.100000 87.534897
v -6.592559 16.000000 87.475075
f -3 -2 -1
v -6.548701 13.100000 87.534897
v -6.592559 13.100000 87.475075
v -6.592559 16.000000 87.475075
f -3 -2 -1
v -6.592559 16.000000 87.475075
v -6.592559 13.100000 87.475075
v -6.633766 16.000000 87.413406
f -3 -2 -1
v -6.592559 13.100000 87.475075
v -6.633766 13.100000 87.413406
v -6.633766 16.000000 87.413406
f -3 -2 -1
v -6.633766 16.000000 87.413406
v -6.633766 13.100000 87.413406
v -6.672243 16.000000 87.350006
f -3 -2 -1
v -6.633766 13.100000 87.413406
v -6.672243 13.100000 87.350006
v -6.672243 16.000000 87.350006
f -3 -2 -1
v -6.672243 16.000000 87.350006
v -6.672243 13.100000 87.350006
v -6.707918 16.000000 87.284973
f -3 -2 -1
v -6.672243 13.100000 87.350006
v -6.707918 13.100000 87.284973
v -6.707918 16.000000 87.284973
f -3 -2 -1
v -6.707918 16.000000 87.284973
v -6.707918 13.100000 87.284973
v -6.740723 16.000000 87.218445
f -3 -2 -1
v -6.707918 13.100000 87.284973
v -6.740723 13.100000 87.218445
v -6.740723 16.000000 87.218445
f -3 -2 -1
v -6.740723 16.000000 87.218445
v -6.740723 13.100000 87.218445
v -6.770595 16.000000 87.150558
f -3 -2 -1
v -6.740723 13.100000 87.218445
v -6.770595 13.100000 87.150558
v -6.770595 16.000000 87.150558
f -3 -2 -1
v -6.770595 16.000000 87.150558
v -6.770595 13.100000 87.150558
v -6.797478 16.000000 87.081436
f -3 -2 -1
v -6.770595 13.100000 87.150558
v -6.797478 13.100000 87.081436
v -6.797478 16.000000 87.081436
f -3 -2 -1
v -6.797478 16.000000 87.081436
v -6.797478 13.100000 87.081436
v -6.821319 16.000000 87.011200
f -3 -2 -1
v -6.797478 13.100000 87.081436
v -6.821319 13.100000 87.011200
v -6.821319 16.000000 87.011200
f -3 -2 -1
v -6.821319 16.000000 87.011200
v -6.821319 13.100000 87.011200
v -6.842074 16.000000 86.939987
f -3 -2 -1
v -6.821319 13.100000 87.011200
v -6.842074 13.100000 86.939987
v -6.842074 16.000000 86.939987
f -3 -2 -1
v -6.842074 16.000000 86.939987
v -6.842074 13.100000 86.939987
v -6.859703 16.000000 86.867950
f -3 -2 -1
v -6.842074 13.100000 86.939987
v -6.859703 13.100000 86.867950
v -6.859703 16.000000 86.867950
f -3 -2 -1
v -6.859703 16.000000 86.867950
v -6.859703 13.100000 86.867950
v -6.874173 16.000000 86.795204
f -3 -2 -1
v -6.859703 13.100000 86.867950
v -6.874173 13.100000 86.795204
v -6.874173 16.000000 86.795204
f -3 -2 -1
v -6.874173 16.000000 86.795204
v -6.874173 13.100000 86.795204
v -6.885457 16.000000 86.721893
f -3 -2 -1
v -6.874173 13.100000 86.795204
v -6.885457 13.100000 86.721893
v -6.885457 16.000000 86.721893
f -3 -2 -1
v -6.885457 16.000000 86.721893
v -6.885457 13.100000 86.721893
v -6.893531 16.000000 86.648163
f -3 -2 -1
v -6.885457 13.100000 86.721893
v -6.893531 13.100000 86.648163
v -6.893531 16.000000 86.648163
f -3 -2 -1
v -6.893531 16.000000 86.648163
v -6.893531 13.100000 86.648163
v -6.898382 16.000000 86.574150
f -3 -2 -1
v -6.893531 13.100000 86.648163
v -6.898382 13.100000 86.574150
v -6.898382 16.000000 86.574150
f -3 -2 -1
v -6.898382 16.000000 86.574150
v -6.898382 13.100000 86.574150
v -6.900000 16.000000 86.500000
f -3 -2 -1
v -6.898382 13.100000 86.574150
v -6.900000 13.100000 86.500000
v -6.900000 16.000000 86.500000
f -3 -2 -1
v -6.900000 16.000000 86.500000
v -6.900000 13.100000 86.500000
v -6.898382 16.000000 86.425850
f -3 -2 -1
v -6.900000 13.100000 86.500000
v -6.898382 13.100000 86.425850
v -6.898382 16.000000 86.425850
f -3 -2 -1
v -6.898382 16.000000 86.425850
v -6.898382 13.100000 86.425850
v -6.893531 16.000000 86.351837
f -3 -2 -1
v -6.898382 13.100000 86.425850
v -6.893531 13.100000 86.351837
v -6.893531 16.000000 86.351837
f -3 -2 -1
v -6.893531 16.000000 86.351837
v -6.893531 13.100000 86.351837
v -6.885457 16.000000 86.278107
f -3 -2 -1
v -6.893531 13.100000 86.351837
v -6.885457 13.100000 86.278107
v -6.885457 16.000000 86.278107
f -3 -2 -1
v -6.885457 16.000000 86.278107
v -6.885457 13.100000 86.278107
v -6.874173 16.000000 86.204796
f -3 -2 -1
v -6.885457 13.100000 86.278107
v -6.874173 13.100000 86.204796
v -6.874173 16.000000 86.204796
f -3 -2 -1
v -6.874173 16.000000 86.204796
v -6.874173 13.100000 86.204796
v -6.859703 16.000000 86.132050
f -3 -2 -1
v -6.874173 13.100000 86.204796
v -6.859703 13.100000 86.132050
v -6.859703 16.000000 86.132050
f -3 -2 -1
v -6.859703 16.000000 86.132050
v -6.859703 13.100000 86.132050
v -6.842074 16.000000 86.060013
f -3 -2 -1
v -6.859703 13.100000 86.132050
v -6.842074 13.100000 86.060013
v -6.842074 16.000000 86.060013
f -3 -2 -1
v -6.842074 16.000000 86.060013
v -6.842074 13.100000 86.060013
v -6.821319 16.000000 85.988800
f -3 -2 -1
v -6.842074 13.100000 86.060013
v -6.821319 13.100000 85.988800
v -6.821319 16.000000 85.988800
f -3 -2 -1
v -6.821319 16.000000 85.988800
v -6.821319 13.100000 85.988800
v -6.797478 16.000000 85.918571
f -3 -2 -1
v -6.821319 13.100000 85.988800
v -6.797478 13.100000 85.918571
v -6.797478 16.000000 85.918571
f -3 -2 -1
v -6.797478 16.000000 85.918571
v -6.797478 13.100000 85.918571
v -6.770595 16.000000 85.849442
f -3 -2 -1
v -6.797478 13.100000 85.918571
v -6.770595 13.100000 85.849442
v -6.770595 16.000000 85.849442
f -3 -2 -1
v -6.770595 16.000000 85.849442
v -6.770595 13.100000 85.849442
v -6.740723 16.000000 85.781555
f -3 -2 -1
v -6.770595 13.100000 85.849442
v -6.740723 13.100000 85.781555
v -6.740723 16.000000 85.781555
f -3 -2 -1
v -6.740723 16.000000 85.781555
v -6.740723 13.100000 85.781555
v -6.707918 16.000000 85.715027
f -3 -2 -1
v -6.740723 13.100000 85.781555
v -6.707918 13.100000 85.715027
v -6.707918 16.000000 85.715027
f -3 -2 -1
v -6.707918 16.000000 85.715027
v -6.707918 13.100000 85.715027
v -6.672243 16.000000 85.649994
f -3 -2 -1
v -6.707918 13.100000 85.715027
v -6.672243 13.100000 85.649994
v -6.672243 16.000000 85.649994
f -3 -2 -1
v -6.672243 16.000000 85.649994
v -6.672243 13.100000 85.649994
v -6.633766 16.000000 85.586594
f -3 -2 -1
v -6.672243 13.100000 85.649994
v -6.633766 13.100000 85.586594
v -6.633766 16.000000 85.586594
f -3 -2 -1
v -6.633766 16.000000 85.586594
v -6.633766 13.100000 85.586594
v -6.592559 16.000000 85.524918
f -3 -2 -1
v -6.633766 13.100000 85.586594
v -6.592559 13.100000 85.524918
v -6.592559 16.000000 85.524918
f -3 -2 -1
v -6.592559 16.000000 85.524918
v -6.592559 13.100000 85.524918
v -6.548701 16.000000 85.465103
f -3 -2 -1
v -6.592559 13.100000 85.524918
v -6.548701 13.100000 85.465103
v -6.548701 16.000000 85.465103
f -3 -2 -1
v -6.548701 16.000000 85.465103
v -6.548701 13.100000 85.465103
v -6.502275 16.000000 85.407265
f -3 -2 -1
v -6.548701 13.100000 85.465103
v -6.502275 13.100000 85.407265
v -6.502275 16.000000 85.407265
f -3 -2 -1
v -6.502275 16.000000 85.407265
v -6.502275 13.100000 85.407265
v -6.453372 16.000000 85.351494
f -3 -2 -1
v -6.502275 13.100000 85.407265
v -6.453372 13.100000 85.351494
v -6.453372 16.000000 85.351494
f -3 -2 -1
v -6.453372 16.000000 85.351494
v -6.453372 13.100000 85.351494
v -6.402081 16.000000 85.297920
f -3 -2 -1
v -6.453372 13.100000 85.351494
v -6.402081 13.100000 85.297920
v -6.402081 16.000000 85.297920
f -3 -2 -1
v -6.402081 16.000000 85.297920
v -6.402081 13.100000 85.297920
v -6.348503 16.000000 85.246628
f -3 -2 -1
v -6.402081 13.100000 85.297920
v -6.348503 13.100000 85.246628
v -6.348503 16.000000 85.246628
f -3 -2 -1
v -6.348503 16.000000 85.246628
v -6.348503 13.100000 85.246628
v -6.292739 16.000000 85.197723
f -3 -2 -1
v -6.348503 13.100000 85.246628
v -6.292739 13.100000 85.197723
v -6.292739 16.000000 85.197723
f -3 -2 -1
v -6.292739 16.000000 85.197723
v -6.292739 13.100000 85.197723
v -6.234894 16.000000 85.151299
f -3 -2 -1
v -6.292739 13.100000 85.197723
v -6.234894 13.100000 85.151299
v -6.234894 16.000000 85.151299
f -3 -2 -1
v -6.234894 16.000000 85.151299
v -6.234894 13.100000 85.151299
v -6.175080 16.000000 85.107437
f -3 -2 -1
v -6.234894 13.100000 85.151299
v -6.175080 13.100000 85.107437
v -6.175080 16.000000 85.107437
f -3 -2 -1
v -6.175080 16.000000 85.107437
v -6.175080 13.100000 85.107437
v -6.113410 16.000000 85.066238
f -3 -2 -1
v -6.175080 13.100000 85.107437
v -6.113410 13.100000 85.066238
v -6.113410 16.000000 85.066238
f -3 -2 -1
v -6.113410 16.000000 85.066238
v -6.113410 13.100000 85.066238
v -6.050000 16.000000 85.027756
f -3 -2 -1
v -6.113410 13.100000 85.066238
v -6.050000 13.100000 85.027756
v -6.050000 16.000000 85.027756
f -3 -2 -1
v -6.050000 16.000000 85.027756
v -6.050000 13.100000 85.027756
v -5.984972 16.000000 84.992081
f -3 -2 -1
v -6.050000 13.100000 85.027756
v -5.984972 13.100000 84.992081
v -5.984972 16.000000 84.992081
f -3 -2 -1
v -5.984972 16.000000 84.992081
v -5.984972 13.100000 84.992081
v -5.918451 16.000000 84.959274
f -3 -2 -1
v -5.984972 13.100000 84.992081
v -5.918451 13.100000 84.959274
v -5.918451 16.000000 84.959274
f -3 -2 -1
v -5.918451 16.000000 84.959274
v -5.918451 13.100000 84.959274
v -5.850562 16.000000 84.929405
f -3 -2 -1
v -5.918451 13.100000 84.959274
v -5.850562 13.100000 84.929405
v -5.850562 16.000000 84.929405
f -3 -2 -1
v -5.850562 16.000000 84.929405
v -5.850562 13.100000 84.929405
v -5.781435 16.000000 84.902527
f -3 -2 -1
v -5.850562 13.100000 84.929405
v -5.781435 13.100000 84.902527
v -5.781435 16.000000 84.902527
f -3 -2 -1
v -5.781435 16.000000 84.902527
v -5.781435 13.100000 84.902527
v -5.711200 16.000000 84.878685
f -3 -2 -1
v -5.781435 13.100000 84.902527
v -5.711200 13.100000 84.878685
v -5.711200 16.000000 84.878685
f -3 -2 -1
v -5.711200 16.000000 84.878685
v -5.711200 13.100000 84.878685
v -5.639992 16.000000 84.857925
f -3 -2 -1
v -5.711200 13.100000 84.878685
v -5.639992 13.100000 84.857925
v -5.639992 16.000000 84.857925
f -3 -2 -1
v -5.639992 16.000000 84.857925
v -5.639992 13.100000 84.857925
v -5.567947 16.000000 84.840302
f -3 -2 -1
v -5.639992 13.100000 84.857925
v -5.567947 13.100000 84.840302
v -5.567947 16.000000 84.840302
f -3 -2 -1
v -5.567947 16.000000 84.840302
v -5.567947 13.100000 84.840302
v -5.495202 16.000000 84.825829
f -3 -2 -1
v -5.567947 13.100000 84.840302
v -5.495202 13.100000 84.825829
v -5.495202 16.000000 84.825829
f -3 -2 -1
v -5.495202 16.000000 84.825829
v -5.495202 13.100000 84.825829
v -5.421895 16.000000 84.814545
f -3 -2 -1
v -5.495202 13.100000 84.825829
v -5.421895 13.100000 84.814545
v -5.421895 16.000000 84.814545
f -3 -2 -1
v -5.421895 16.000000 84.814545
v -5.421895 13.100000 84.814545
v -5.348165 16.000000 84.806473
f -3 -2 -1
v -5.421895 13.100000 84.814545
v -5.348165 13.100000 84.806473
v -5.348165 16.000000 84.806473
f -3 -2 -1
v -5.348165 16.000000 84.806473
v -5.348165 13.100000 84.806473
v -5.274153 16.000000 84.801620
f -3 -2 -1
v -5.348165 13.100000 84.806473
v -5.274153 13.100000 84.801620
v -5.274153 16.000000 84.801620
f -3 -2 -1
v -5.274153 16.000000 84.801620
v -5.274153 13.100000 84.801620
v -5.200000 16.000000 84.799995
f -3 -2 -1
v -5.274153 13.100000 84.801620
v -5.200000 13.100000 84.799995
v -5.200000 16.000000 84.799995
f -3 -2 -1
v -35.200001 19.000000 83.250000
v -35.200001 16.000000 83.250000
v -35.058239 19.000000 83.253090
f -3 -2 -1
v -35.200001 16.000000 83.250000
v -35.058239 16.000000 83.253090
v -35.058239 19.000000 83.253090
f -3 -2 -1
v -35.058239 19.000000 83.253090
v -35.058239 16.000000 83.253090
v -34.916744 19.000000 83.262367
f -3 -2 -1
v -35.058239 16.000000 83.253090
v -34.916744 16.000000 83.262367
v -34.916744 19.000000 83.262367
f -3 -2 -1
v -34.916744 19.000000 83.262367
v -34.916744 16.000000 83.262367
v -34.775791 19.000000 83.277809
f -3 -2 -1
v -34.916744 16.000000 83.262367
v -34.775791 16.000000 83.277809
v -34.775791 19.000000 83.277809
f -3 -2 -1
v -34.775791 19.000000 83.277809
v -34.775791 16.000000 83.277809
v -34.635643 19.000000 83.299377
f -3 -2 -1
v -34.775791 16.000000 83.277809
v -34.635643 16.000000 83.299377
v -34.635643 19.000000 83.299377
f -3 -2 -1
v -34.635643 19.000000 83.299377
v -34.635643 16.000000 83.299377
v -34.496571 19.000000 83.327042
f -3 -2 -1
v -34.635643 16.000000 83.299377
v -34.496571 16.000000 83.327042
v -34.496571 19.000000 83.327042
f -3 -2 -1
v -34.496571 19.000000 83.327042
v -34.496571 16.000000 83.327042
v -34.358837 19.000000 83.360741
f -3 -2 -1
v -34.496571 16.000000 83.327042
v -34.358837 16.000000 83.360741
v -34.358837 19.000000 83.360741
f -3 -2 -1
v -34.358837 19.000000 83.360741
v -34.358837 16.000000 83.360741
v -34.222706 19.000000 83.400421
f -3 -2 -1
v -34.358837 16.000000 83.360741
v -34.222706 16.000000 83.400421
v -34.222706 19.000000 83.400421
f -3 -2 -1
v -34.222706 19.000000 83.400421
v -34.222706 16.000000 83.400421
v -34.088432 19.000000 83.445999
f -3 -2 -1
v -34.222706 16.000000 83.400421
v -34.088432 16.000000 83.445999
v -34.088432 19.000000 83.445999
f -3 -2 -1
v -34.088432 19.000000 83.445999
v -34.088432 16.000000 83.445999
v -33.956280 19.000000 83.497391
f -3 -2 -1
v -34.088432 16.000000 83.445999
v -33.956280 16.000000 83.497391
v -33.956280 19.000000 83.497391
f -3 -2 -1
v -33.956280 19.000000 83.497391
v -33.956280 16.000000 83.497391
v -33.826488 19.000000 83.554497
f -3 -2 -1
v -33.956280 16.000000 83.497391
v -33.826488 16.000000 83.554497
v -33.826488 19.000000 83.554497
f -3 -2 -1
v -33.826488 19.000000 83.554497
v -33.826488 16.000000 83.554497
v -33.699318 19.000000 83.617218
f -3 -2 -1
v -33.826488 16.000000 83.554497
v -33.699318 16.000000 83.617218
v -33.699318 19.000000 83.617218
f -3 -2 -1
v -33.699318 19.000000 83.617218
v -33.699318 16.000000 83.617218
v -33.574997 19.000000 83.685417
f -3 -2 -1
v -33.699318 16.000000 83.617218
v -33.574997 16.000000 83.685417
v -33.574997 19.000000 83.685417
f -3 -2 -1
v -33.574997 19.000000 83.685417
v -33.574997 16.000000 83.685417
v -33.453777 19.000000 83.758980
f -3 -2 -1
v -33.574997 16.000000 83.685417
v -33.453777 16.000000 83.758980
v -33.453777 19.000000 83.758980
f -3 -2 -1
v -33.453777 19.000000 83.758980
v -33.453777 16.000000 83.758980
v -33.335876 19.000000 83.837753
f -3 -2 -1
v -33.453777 16.000000 83.758980
v -33.335876 16.000000 83.837753
v -33.335876 19.000000 83.837753
f -3 -2 -1
v -33.335876 19.000000 83.837753
v -33.335876 16.000000 83.837753
v -33.221523 19.000000 83.921600
f -3 -2 -1
v -33.335876 16.000000 83.837753
v -33.221523 16.000000 83.921600
v -33.221523 19.000000 83.921600
f -3 -2 -1
v -33.221523 19.000000 83.921600
v -33.221523 16.000000 83.921600
v -33.110939 19.000000 84.010353
f -3 -2 -1
v -33.221523 16.000000 83.921600
v -33.110939 16.000000 84.010353
v -33.110939 19.000000 84.010353
f -3 -2 -1
v -33.110939 19.000000 84.010353
v -33.110939 16.000000 84.010353
v -33.004333 19.000000 84.103844
f -3 -2 -1
v -33.110939 16.000000 84.010353
v -33.004333 16.000000 84.103844
v -33.004333 19.000000 84.103844
f -3 -2 -1
v -33.004333 19.000000 84.103844
v -33.004333 16.000000 84.103844
v -32.901901 19.000000 84.201904
f -3 -2 -1
v -33.004333 16.000000 84.103844
v -32.901901 16.000000 84.201904
v -32.901901 19.000000 84.201904
f -3 -2 -1
v -32.901901 19.000000 84.201904
v -32.901901 16.000000 84.201904
v -32.803848 19.000000 84.304337
f -3 -2 -1
v -32.901901 16.000000 84.201904
v -32.803848 16.000000 84.304337
v -32.803848 19.000000 84.304337
f -3 -2 -1
v -32.803848 19.000000 84.304337
v -32.803848 16.000000 84.304337
v -32.710354 19.000000 84.410942
f -3 -2 -1
v -32.803848 16.000000 84.304337
v -32.710354 16.000000 84.410942
v -32.710354 19.000000 84.410942
f -3 -2 -1
v -32.710354 19.000000 84.410942
v -32.710354 16.000000 84.410942
v -32.621605 19.000000 84.521523
f -3 -2 -1
v -32.710354 16.000000 84.410942
v -32.621605 16.000000 84.521523
v -32.621605 19.000000 84.521523
f -3 -2 -1
v -32.621605 19.000000 84.521523
v -32.621605 16.000000 84.521523
v -32.537754 19.000000 84.635880
f -3 -2 -1
v -32.621605 16.000000 84.521523
v -32.537754 16.000000 84.635880
v -32.537754 19.000000 84.635880
f -3 -2 -1
v -32.537754 19.000000 84.635880
v -32.537754 16.000000 84.635880
v -32.458981 19.000000 84.753777
f -3 -2 -1
v -32.537754 16.000000 84.635880
v -32.458981 16.000000 84.753777
v -32.458981 19.000000 84.753777
f -3 -2 -1
v -32.458981 19.000000 84.753777
v -32.458981 16.000000 84.753777
v -32.385418 19.000000 84.875000
f -3 -2 -1
v -32.458981 16.000000 84.753777
v -32.385418 16.000000 84.875000
v -32.385418 19.000000 84.875000
f -3 -2 -1
v -32.385418 19.000000 84.875000
v -32.385418 16.000000 84.875000
v -32.317215 19.000000 84.999313
f -3 -2 -1
v -32.385418 16.000000 84.875000
v -32.317215 16.000000 84.999313
v -32.317215 19.000000 84.999313
f -3 -2 -1
v -32.317215 19.000000 84.999313
v -32.317215 16.000000 84.999313
v -32.254498 19.000000 85.126488
f -3 -2 -1
v -32.317215 16.000000 84.999313
v -32.254498 16.000000 85.126488
v -32.254498 19.000000 85.126488
f -3 -2 -1
v -32.254498 19.000000 85.126488
v -32.254498 16.000000 85.126488
v -32.197392 19.000000 85.256279
f -3 -2 -1
v -32.254498 16.000000 85.126488
v -32.197392 16.000000 85.256279
v -32.197392 19.000000 85.256279
f -3 -2 -1
v -32.197392 19.000000 85.256279
v -32.197392 16.000000 85.256279
v -32.146000 19.000000 85.388435
f -3 -2 -1
v -32.197392 16.000000 85.256279
v -32.146000 16.000000 85.388435
v -32.146000 19.000000 85.388435
f -3 -2 -1
v -32.146000 19.000000 85.388435
v -32.146000 16.000000 85.388435
v -32.100422 19.000000 85.522705
f -3 -2 -1
v -32.146000 16.000000 85.388435
v -32.100422 16.000000 85.522705
v -32.100422 19.000000 85.522705
f -3 -2 -1
v -32.100422 19.000000 85.522705
v -32.100422 16.000000 85.522705
v -32.060741 19.000000 85.658844
f -3 -2 -1
v -32.100422 16.000000 85.522705
v -32.060741 16.000000 85.658844
v -32.060741 19.000000 85.658844
f -3 -2 -1
v -32.060741 19.000000 85.658844
v -32.060741 16.000000 85.658844
v -32.027039 19.000000 85.796570
f -3 -2 -1
v -32.060741 16.000000 85.658844
v -32.027039 16.000000 85.796570
v -32.027039 19.000000 85.796570
f -3 -2 -1
v -32.027039 19.000000 85.796570
v -32.027039 16.000000 85.796570
v -31.999376 19.000000 85.935646
f -3 -2 -1
v -32.027039 16.000000 85.796570
v -31.999376 16.000000 85.935646
v -31.999376 19.000000 85.935646
f -3 -2 -1
v -31.999376 19.000000 85.935646
v -31.999376 16.000000 85.935646
v -31.977802 19.000000 86.075790
f -3 -2 -1
v -31.999376 16.000000 85.935646
v -31.977802 16.000000 86.075790
v -31.977802 19.000000 86.075790
f -3 -2 -1
v -31.977802 19.000000 86.075790
v -31.977802 16.000000 86.075790
v -31.962368 19.000000 86.216743
f -3 -2 -1
v -31.977802 16.000000 86.075790
v -31.962368 16.000000 86.216743
v -31.962368 19.000000 86.216743
f -3 -2 -1
v -31.962368 19.000000 86.216743
v -31.962368 16.000000 86.216743
v -31.953093 19.000000 86.358231
f -3 -2 -1
v -31.962368 16.000000 86.216743
v -31.953093 16.000000 86.358231
v -31.953093 19.000000 86.358231
f -3 -2 -1
v -31.953093 19.000000 86.358231
v -31.953093 16.000000 86.358231
v -31.950001 19.000000 86.500000
f -3 -2 -1
v -31.953093 16.000000 86.358231
v -31.950001 16.000000 86.500000
v -31.950001 19.000000 86.500000
f -3 -2 -1
v -31.950001 19.000000 86.500000
v -31.950001 16.000000 86.500000
v -31.953093 19.000000 86.641769
f -3 -2 -1
v -31.950001 16.000000 86.500000
v -31.953093 16.000000 86.641769
v -31.953093 19.000000 86.641769
f -3 -2 -1
v -31.953093 19.000000 86.641769
v -31.953093 16.000000 86.641769
v -31.962368 19.000000 86.783249
f -3 -2 -1
v -31.953093 16.000000 86.641769
v -31.962368 16.000000 86.783249
v -31.962368 19.000000 86.783249
f -3 -2 -1
v -31.962368 19.000000 86.783249
v -31.962368 16.000000 86.783249
v -31.977802 19.000000 86.924210
f -3 -2 -1
v -31.962368 16.000000 86.783249
v -31.977802 16.000000 86.924210
v -31.977802 19.000000 86.924210
f -3 -2 -1
v -31.977802 19.000000 86.924210
v -31.977802 16.000000 86.924210
v -31.999376 19.000000 87.064354
f -3 -2 -1
v -31.977802 16.000000 86.924210
v -31.999376 16.000000 87.064354
v -31.999376 19.000000 87.064354
f -3 -2 -1
v -31.999376 19.000000 87.064354
v -31.999376 16.000000 87.064354
v -32.027039 19.000000 87.203430
f -3 -2 -1
v -31.999376 16.000000 87.064354
v -32.027039 16.000000 87.203430
v -32.027039 19.000000 87.203430
f -3 -2 -1
v -32.027039 19.000000 87.203430
v -32.027039 16.000000 87.203430
v -32.060741 19.000000 87.341156
f -3 -2 -1
v -32.027039 16.000000 87.203430
v -32.060741 16.000000 87.341156
v -32.060741 19.000000 87.341156
f -3 -2 -1
v -32.060741 19.000000 87.341156
v -32.060741 16.000000 87.341156
v -32.100422 19.000000 87.477295
f -3 -2 -1
v -32.060741 16.000000 87.341156
v -32.100422 16.000000 87.477295
v -32.100422 19.000000 87.477295
f -3 -2 -1
v -32.100422 19.000000 87.477295
v -32.100422 16.000000 87.477295
v -32.146000 19.000000 87.611565
f -3 -2 -1
v -32.100422 16.000000 87.477295
v -32.146000 16.000000 87.611565
v -32.146000 19.000000 87.611565
f -3 -2 -1
v -32.146000 19.000000 87.611565
v -32.146000 16.000000 87.611565
v -32.197392 19.000000 87.743721
f -3 -2 -1
v -32.146000 16.000000 87.611565
v -32.197392 16.000000 87.743721
v -32.197392 19.000000 87.743721
f -3 -2 -1
v -32.197392 19.000000 87.743721
v -32.197392 16.000000 87.743721
v -32.254498 19.000000 87.873512
f -3 -2 -1
v -32.197392 16.000000 87.743721
v -32.254498 16.000000 87.873512
v -32.254498 19.000000 87.873512
f -3 -2 -1
v -32.254498 19.000000 87.873512
v -32.254498 16.000000 87.873512
v -32.317215 19.000000 88.000687
f -3 -2 -1
v -32.254498 16.000000 87.873512
v -32.317215 16.000000 88.000687
v -32.317215 19.000000 88.000687
f -3 -2 -1
v -32.317215 19.000000 88.000687
v -32.317215 16.000000 88.000687
v -32.385418 19.000000 88.125000
f -3 -2 -1
v -32.317215 16.000000 88.000687
v -32.385418 16.000000 88.125000
v -32.385418 19.000000 88.125000
f -3 -2 -1
v -32.385418 19.000000 88.125000
v -32.385418 16.000000 88.125000
v -32.458981 19.000000 88.246223
f -3 -2 -1
v -32.385418 16.000000 88.125000
v -32.458981 16.000000 88.246223
v -32.458981 19.000000 88.246223
f -3 -2 -1
v -32.458981 19.000000 88.246223
v -32.458981 16.000000 88.246223
v -32.537754 19.000000 88.364120
f -3 -2 -1
v -32.458981 16.000000 88.246223
v -32.537754 16.000000 88.364120
v -32.537754 19.000000 88.364120
f -3 -2 -1
v -32.537754 19.000000 88.364120
v -32.537754 16.000000 88.364120
v -32.621605 19.000000 88.478477
f -3 -2 -1
v -32.537754 16.000000 88.364120
v -32.621605 16.000000 88.478477
v -32.621605 19.000000 88.478477
f -3 -2 -1
v -32.621605 19.000000 88.478477
v -32.621605 16.000000 88.478477
v -32.710354 19.000000 88.589058
f -3 -2 -1
v -32.621605 16.000000 88.478477
v -32.710354 16.000000 88.589058
v -32.710354 19.000000 88.589058
f -3 -2 -1
v -32.710354 19.000000 88.589058
v -32.710354 16.000000 88.589058
v -32.803848 19.000000 88.695671
f -3 -2 -1
v -32.710354 16.000000 88.589058
v -32.803848 16.000000 88.695671
v -32.803848 19.000000 88.695671
f -3 -2 -1
v -32.803848 19.000000 88.695671
v -32.803848 16.000000 88.695671
v -32.901901 19.000000 88.798096
f -3 -2 -1
v -32.803848 16.000000 88.695671
v -32.901901 16.000000 88.798096
v -32.901901 19.000000 88.798096
f -3 -2 -1
v -32.901901 19.000000 88.798096
v -32.901901 16.000000 88.798096
v -33.004333 19.000000 88.896149
f -3 -2 -1
v -32.901901 16.000000 88.798096
v -33.004333 16.000000 88.896149
v -33.004333 19.000000 88.896149
f -3 -2 -1
v -33.004333 19.000000 88.896149
v -33.004333 16.000000 88.896149
v -33.110939 19.000000 88.989647
f -3 -2 -1
v -33.004333 16.000000 88.896149
v -33.110939 16.000000 88.989647
v -33.110939 19.000000 88.989647
f -3 -2 -1
v -33.110939 19.000000 88.989647
v -33.110939 16.000000 88.989647
v -33.221523 19.000000 89.078400
f -3 -2 -1
v -33.110939 16.000000 88.989647
v -33.221523 16.000000 89.078400
v -33.221523 19.000000 89.078400
f -3 -2 -1
v -33.221523 19.000000 89.078400
v -33.221523 16.000000 89.078400
v -33.335876 19.000000 89.162247
f -3 -2 -1
v -33.221523 16.000000 89.078400
v -33.335876 16.000000 89.162247
v -33.335876 19.000000 89.162247
f -3 -2 -1
v -33.335876 19.000000 89.162247
v -33.335876 16.000000 89.162247
v -33.453777 19.000000 89.241020
f -3 -2 -1
v -33.335876 16.000000 89.162247
v -33.453777 16.000000 89.241020
v -33.453777 19.000000 89.241020
f -3 -2 -1
v -33.453777 19.000000 89.241020
v -33.453777 16.000000 89.241020
v -33.574997 19.000000 89.314583
f -3 -2 -1
v -33.453777 16.000000 89.241020
v -33.574997 16.000000 89.314583
v -33.574997 19.000000 89.314583
f -3 -2 -1
v -33.574997 19.000000 89.314583
v -33.574997 16.000000 89.314583
v -33.699318 19.000000 89.382782
f -3 -2 -1
v -33.574997 16.000000 89.314583
v -33.699318 16.000000 89.382782
v -33.699318 19.000000 89.382782
f -3 -2 -1
v -33.699318 19.000000 89.382782
v -33.699318 16.000000 89.382782
v -33.826488 19.000000 89.445503
f -3 -2 -1
v -33.699318 16.000000 89.382782
v -33.826488 16.000000 89.445503
v -33.826488 19.000000 89.445503
f -3 -2 -1
v -33.826488 19.000000 89.445503
v -33.826488 16.000000 89.445503
v -33.956280 19.000000 89.502609
f -3 -2 -1
v -33.826488 16.000000 89.445503
v -33.956280 16.000000 89.502609
v -33.956280 19.000000 89.502609
f -3 -2 -1
v -33.956280 19.000000 89.502609
v -33.956280 16.000000 89.502609
v -34.088432 19.000000 89.554001
f -3 -2 -1
v -33.956280 16.000000 89.502609
v -34.088432 16.000000 89.554001
v -34.088432 19.000000 89.554001
f -3 -2 -1
v -34.088432 19.000000 89.554001
v -34.088432 16.000000 89.554001
v -34.222706 19.000000 89.599579
f -3 -2 -1
v -34.088432 16.000000 89.554001
v -34.222706 16.000000 89.599579
v -34.222706 19.000000 89.599579
f -3 -2 -1
v -34.222706 19.000000 89.599579
v -34.222706 16.000000 89.599579
v -34.358837 19.000000 89.639259
f -3 -2 -1
v -34.222706 16.000000 89.599579
v -34.358837 16.000000 89.639259
v -34.358837 19.000000 89.639259
f -3 -2 -1
v -34.358837 19.000000 89.639259
v -34.358837 16.000000 89.639259
v -34.496571 19.000000 89.672958
f -3 -2 -1
v -34.358837 16.000000 89.639259
v -34.496571 16.000000 89.672958
v -34.496571 19.000000 89.672958
f -3 -2 -1
v -34.496571 19.000000 89.672958
v -34.496571 16.000000 89.672958
v -34.635643 19.000000 89.700623
f -3 -2 -1
v -34.496571 16.000000 89.672958
v -34.635643 16.000000 89.700623
v -34.635643 19.000000 89.700623
f -3 -2 -1
v -34.635643 19.000000 89.700623
v -34.635643 16.000000 89.700623
v -34.775791 19.000000 89.722191
f -3 -2 -1
v -34.635643 16.000000 89.700623
v -34.775791 16.000000 89.722191
v -34.775791 19.000000 89.722191
f -3 -2 -1
v -34.775791 19.000000 89.722191
v -34.775791 16.000000 89.722191
v -34.916744 19.000000 89.737633
f -3 -2 -1
v -34.775791 16.000000 89.722191
v -34.916744 16.000000 89.737633
v -34.916744 19.000000 89.737633
f -3 -2 -1
v -34.916744 19.000000 89.737633
v -34.916744 16.000000 89.737633
v -35.058239 19.000000 89.746910
f -3 -2 -1
v -34.916744 16.000000 89.737633
v -35.058239 16.000000 89.746910
v -35.058239 19.000000 89.746910
f -3 -2 -1
v -35.058239 19.000000 89.746910
v -35.058239 16.000000 89.746910
v -35.200001 19.000000 89.750000
f -3 -2 -1
v -35.058239 16.000000 89.746910
v -35.200001 16.000000 89.750000
v -35.200001 19.000000 89.750000
f -3 -2 -1
v -35.200001 19.000000 89.750000
v -35.200001 16.000000 89.750000
v -35.341763 19.000000 89.746910
f -3 -2 -1
v -35.200001 16.000000 89.750000
v -35.341763 16.000000 89.746910
v -35.341763 19.000000 89.746910
f -3 -2 -1
v -35.341763 19.000000 89.746910
v -35.341763 16.000000 89.746910
v -35.483257 19.000000 89.737633
f -3 -2 -1
v -35.341763 16.000000 89.746910
v -35.483257 16.000000 89.737633
v -35.483257 19.000000 89.737633
f -3 -2 -1
v -35.483257 19.000000 89.737633
v -35.483257 16.000000 89.737633
v -35.624210 19.000000 89.722191
f -3 -2 -1
v -35.483257 16.000000 89.737633
v -35.624210 16.000000 89.722191
v -35.624210 19.000000 89.722191
f -3 -2 -1
v -35.624210 19.000000 89.722191
v -35.624210 16.000000 89.722191
v -35.764355 19.000000 89.700623
f -3 -2 -1
v -35.624210 16.000000 89.722191
v -35.764355 16.000000 89.700623
v -35.764355 19.000000 89.700623
f -3 -2 -1
v -35.764355 19.000000 89.700623
v -35.764355 16.000000 89.700623
v -35.903427 19.000000 89.672958
f -3 -2 -1
v -35.764355 16.000000 89.700623
v -35.903427 16.000000 89.672958
v -35.903427 19.000000 89.672958
f -3 -2 -1
v -35.903427 19.000000 89.672958
v -35.903427 16.000000 89.672958
v -36.041164 19.000000 89.639259
f -3 -2 -1
v -35.903427 16.000000 89.672958
v -36.041164 16.000000 89.639259
v -36.041164 19.000000 89.639259
f -3 -2 -1
v -36.041164 19.000000 89.639259
v -36.041164 16.000000 89.639259
v -36.177292 19.000000 89.599579
f -3 -2 -1
v -36.041164 16.000000 89.639259
v -36.177292 16.000000 89.599579
v -36.177292 19.000000 89.599579
f -3 -2 -1
v -36.177292 19.000000 89.599579
v -36.177292 16.000000 89.599579
v -36.311565 19.000000 89.554001
f -3 -2 -1
v -36.177292 16.000000 89.599579
v -36.311565 16.000000 89.554001
v -36.311565 19.000000 89.554001
f -3 -2 -1
v -36.311565 19.000000 89.554001
v -36.311565 16.000000 89.554001
v -36.443722 19.000000 89.502609
f -3 -2 -1
v -36.311565 16.000000 89.554001
v -36.443722 16.000000 89.502609
v -36.443722 19.000000 89.502609
f -3 -2 -1
v -36.443722 19.000000 89.502609
v -36.443722 16.000000 89.502609
v -36.573509 19.000000 89.445503
f -3 -2 -1
v -36.443722 16.000000 89.502609
v -36.573509 16.000000 89.445503
v -36.573509 19.000000 89.445503
f -3 -2 -1
v -36.573509 19.000000 89.445503
v -36.573509 16.000000 89.445503
v -36.700684 19.000000 89.382782
f -3 -2 -1
v -36.573509 16.000000 89.445503
v -36.700684 16.000000 89.382782
v -36.700684 19.000000 89.382782
f -3 -2 -1
v -36.700684 19.000000 89.382782
v -36.700684 16.000000 89.382782
v -36.825001 19.000000 89.314583
f -3 -2 -1
v -36.700684 16.000000 89.382782
v -36.825001 16.000000 89.314583
v -36.825001 19.000000 89.314583
f -3 -2 -1
v -36.825001 19.000000 89.314583
v -36.825001 16.000000 89.314583
v -36.946220 19.000000 89.241020
f -3 -2 -1
v -36.825001 16.000000 89.314583
v -36.946220 16.000000 89.241020
v -36.946220 19.000000 89.241020
f -3 -2 -1
v -36.946220 19.000000 89.241020
v -36.946220 16.000000 89.241020
v -37.064125 19.000000 89.162247
f -3 -2 -1
v -36.946220 16.000000 89.241020
v -37.064125 16.000000 89.162247
v -37.064125 19.000000 89.162247
f -3 -2 -1
v -37.064125 19.000000 89.162247
v -37.064125 16.000000 89.162247
v -37.178474 19.000000 89.078400
f -3 -2 -1
v -37.064125 16.000000 89.162247
v -37.178474 16.000000 89.078400
v -37.178474 19.000000 89.078400
f -3 -2 -1
v -37.178474 19.000000 89.078400
v -37.178474 16.000000 89.078400
v -37.289062 19.000000 88.989647
f -3 -2 -1
v -37.178474 16.000000 89.078400
v -37.289062 16.000000 88.989647
v -37.289062 19.000000 88.989647
f -3 -2 -1
v -37.289062 19.000000 88.989647
v -37.289062 16.000000 88.989647
v -37.395668 19.000000 88.896149
f -3 -2 -1
v -37.289062 16.000000 88.989647
v -37.395668 16.000000 88.896149
v -37.395668 19.000000 88.896149
f -3 -2 -1
v -37.395668 19.000000 88.896149
v -37.395668 16.000000 88.896149
v -37.498096 19.000000 88.798096
f -3 -2 -1
v -37.395668 16.000000 88.896149
v -37.498096 16.000000 88.798096
v -37.498096 19.000000 88.798096
f -3 -2 -1
v -37.498096 19.000000 88.798096
v -37.498096 16.000000 88.798096
v -37.596149 19.000000 88.695671
f -3 -2 -1
v -37.498096 16.000000 88.798096
v -37.596149 16.000000 88.695671
v -37.596149 19.000000 88.695671
f -3 -2 -1
v -37.596149 19.000000 88.695671
v -37.596149 16.000000 88.695671
v -37.689644 19.000000 88.589058
f -3 -2 -1
v -37.596149 16.000000 88.695671
v -37.689644 16.000000 88.589058
v -37.689644 19.000000 88.589058
f -3 -2 -1
v -37.689644 19.000000 88.589058
v -37.689644 16.000000 88.589058
v -37.778400 19.000000 88.478477
f -3 -2 -1
v -37.689644 16.000000 88.589058
v -37.778400 16.000000 88.478477
v -37.778400 19.000000 88.478477
f -3 -2 -1
v -37.778400 19.000000 88.478477
v -37.778400 16.000000 88.478477
v -37.862244 19.000000 88.364120
f -3 -2 -1
v -37.778400 16.000000 88.478477
v -37.862244 16.000000 88.364120
v -37.862244 19.000000 88.364120
f -3 -2 -1
v -37.862244 19.000000 88.364120
v -37.862244 16.000000 88.364120
v -37.941025 19.000000 88.246223
f -3 -2 -1
v -37.862244 16.000000 88.364120
v -37.941025 16.000000 88.246223
v -37.941025 19.000000 88.246223
f -3 -2 -1
v -37.941025 19.000000 88.246223
v -37.941025 16.000000 88.246223
v -38.014584 19.000000 88.125000
f -3 -2 -1
v -37.941025 16.000000 88.246223
v -38.014584 16.000000 88.125000
v -38.014584 19.000000 88.125000
f -3 -2 -1
v -38.014584 19.000000 88.125000
v -38.014584 16.000000 88.125000
v -38.082787 19.000000 88.000687
f -3 -2 -1
v -38.014584 16.000000 88.125000
v -38.082787 16.000000 88.000687
v -38.082787 19.000000 88.000687
f -3 -2 -1
v -38.082787 19.000000 88.000687
v -38.082787 16.000000 88.000687
v -38.145500 19.000000 87.873512
f -3 -2 -1
v -38.082787 16.000000 88.000687
v -38.145500 16.000000 87.873512
v -38.145500 19.000000 87.873512
f -3 -2 -1
v -38.145500 19.000000 87.873512
v -38.145500 16.000000 87.873512
v -38.202610 19.000000 87.743721
f -3 -2 -1
v -38.145500 16.000000 87.873512
v -38.202610 16.000000 87.743721
v -38.202610 19.000000 87.743721
f -3 -2 -1
v -38.202610 19.000000 87.743721
v -38.202610 16.000000 87.743721
v -38.254002 19.000000 87.611565
f -3 -2 -1
v -38.202610 16.000000 87.743721
v -38.254002 16.000000 87.611565
v -38.254002 19.000000 87.611565
f -3 -2 -1
v -38.254002 19.000000 87.611565
v -38.254002 16.000000 87.611565
v -38.299580 19.000000 87.477295
f -3 -2 -1
v -38.254002 16.000000 87.611565
v -38.299580 16.000000 87.477295
v -38.299580 19.000000 87.477295
f -3 -2 -1
v -38.299580 19.000000 87.477295
v -38.299580 16.000000 87.477295
v -38.339256 19.000000 87.341156
f -3 -2 -1
v -38.299580 16.000000 87.477295
v -38.339256 16.000000 87.341156
v -38.339256 19.000000 87.341156
f -3 -2 -1
v -38.339256 19.000000 87.341156
v -38.339256 16.000000 87.341156
v -38.372963 19.000000 87.203430
f -3 -2 -1
v -38.339256 16.000000 87.341156
v -38.372963 16.000000 87.203430
v -38.372963 19.000000 87.203430
f -3 -2 -1
v -38.372963 19.000000 87.203430
v -38.372963 16.000000 87.203430
v -38.400623 19.000000 87.064354
f -3 -2 -1
v -38.372963 16.000000 87.203430
v -38.400623 16.000000 87.064354
v -38.400623 19.000000 87.064354
f -3 -2 -1
v -38.400623 19.000000 87.064354
v -38.400623 16.000000 87.064354
v -38.422195 19.000000 86.924210
f -3 -2 -1
v -38.400623 16.000000 87.064354
v -38.422195 16.000000 86.924210
v -38.422195 19.000000 86.924210
f -3 -2 -1
v -38.422195 19.000000 86.924210
v -38.422195 16.000000 86.924210
v -38.437630 19.000000 86.783249
f -3 -2 -1
v -38.422195 16.000000 86.924210
v -38.437630 16.000000 86.783249
v -38.437630 19.000000 86.783249
f -3 -2 -1
v -38.437630 19.000000 86.783249
v -38.437630 16.000000 86.783249
v -38.446907 19.000000 86.641769
f -3 -2 -1
v -38.437630 16.000000 86.783249
v -38.446907 16.000000 86.641769
v -38.446907 19.000000 86.641769
f -3 -2 -1
v -38.446907 19.000000 86.641769
v -38.446907 16.000000 86.641769
v -38.450001 19.000000 86.500000
f -3 -2 -1
v -38.446907 16.000000 86.641769
v -38.450001 16.000000 86.500000
v -38.450001 19.000000 86.500000
f -3 -2 -1
v -38.450001 19.000000 86.500000
v -38.450001 16.000000 86.500000
v -38.446907 19.000000 86.358231
f -3 -2 -1
v -38.450001 16.000000 86.500000
v -38.446907 16.000000 86.358231
v -38.446907 19.000000 86.358231
f -3 -2 -1
v -38.446907 19.000000 86.358231
v -38.446907 16.000000 86.358231
v -38.437630 19.000000 86.216743
f -3 -2 -1
v -38.446907 16.000000 86.358231
v -38.437630 16.000000 86.216743
v -38.437630 19.000000 86.216743
f -3 -2 -1
v -38.437630 19.000000 86.216743
v -38.437630 16.000000 86.216743
v -38.422195 19.000000 86.075790
f -3 -2 -1
v -38.437630 16.000000 86.216743
v -38.422195 16.000000 86.075790
v -38.422195 19.000000 86.075790
f -3 -2 -1
v -38.422195 19.000000 86.075790
v -38.422195 16.000000 86.075790
v -38.400623 19.000000 85.935646
f -3 -2 -1
v -38.422195 16.000000 86.075790
v -38.400623 16.000000 85.935646
v -38.400623 19.000000 85.935646
f -3 -2 -1
v -38.400623 19.000000 85.935646
v -38.400623 16.000000 85.935646
v -38.372963 19.000000 85.796570
f -3 -2 -1
v -38.400623 16.000000 85.935646
v -38.372963 16.000000 85.796570
v -38.372963 19.000000 85.796570
f -3 -2 -1
v -38.372963 19.000000 85.796570
v -38.372963 16.000000 85.796570
v -38.339256 19.000000 85.658844
f -3 -2 -1
v -38.372963 16.000000 85.796570
v -38.339256 16.000000 85.658844
v -38.339256 19.000000 85.658844
f -3 -2 -1
v -38.339256 19.000000 85.658844
v -38.339256 16.000000 85.658844
v -38.299580 19.000000 85.522705
f -3 -2 -1
v -38.339256 16.000000 85.658844
v -38.299580 16.000000 85.522705
v -38.299580 19.000000 85.522705
f -3 -2 -1
v -38.299580 19.000000 85.522705
v -38.299580 16.000000 85.522705
v -38.254002 19.000000 85.388435
f -3 -2 -1
v -38.299580 16.000000 85.522705
v -38.254002 16.000000 85.388435
v -38.254002 19.000000 85.388435
f -3 -2 -1
v -38.254002 19.000000 85.388435
v -38.254002 16.000000 85.388435
v -38.202610 19.000000 85.256279
f -3 -2 -1
v -38.254002 16.000000 85.388435
v -38.202610 16.000000 85.256279
v -38.202610 19.000000 85.256279
f -3 -2 -1
v -38.202610 19.000000 85.256279
v -38.202610 16.000000 85.256279
v -38.145500 19.000000 85.126488
f -3 -2 -1
v -38.202610 16.000000 85.256279
v -38.145500 16.000000 85.126488
v -38.145500 19.000000 85.126488
f -3 -2 -1
v -38.145500 19.000000 85.126488
v -38.145500 16.000000 85.126488
v -38.082787 19.000000 84.999313
f -3 -2 -1
v -38.145500 16.000000 85.126488
v -38.082787 16.000000 84.999313
v -38.082787 19.000000 84.999313
f -3 -2 -1
v -38.082787 19.000000 84.999313
v -38.082787 16.000000 84.999313
v -38.014584 19.000000 84.875000
f -3 -2 -1
v -38.082787 16.000000 84.999313
v -38.014584 16.000000 84.875000
v -38.014584 19.000000 84.875000
f -3 -2 -1
v -38.014584 19.000000 84.875000
v -38.014584 16.000000 84.875000
v -37.941025 19.000000 84.753777
f -3 -2 -1
v -38.014584 16.000000 84.875000
v -37.941025 16.000000 84.753777
v -37.941025 19.000000 84.753777
f -3 -2 -1
v -37.941025 19.000000 84.753777
v -37.941025 16.000000 84.753777
v -37.862244 19.000000 84.635880
f -3 -2 -1
v -37.941025 16.000000 84.753777
v -37.862244 16.000000 84.635880
v -37.862244 19.000000 84.635880
f -3 -2 -1
v -37.862244 19.000000 84.635880
v -37.862244 16.000000 84.635880
v -37.778400 19.000000 84.521523
f -3 -2 -1
v -37.862244 16.000000 84.635880
v -37.778400 16.000000 84.521523
v -37.778400 19.000000 84.521523
f -3 -2 -1
v -37.778400 19.000000 84.521523
v -37.778400 16.000000 84.521523
v -37.689644 19.000000 84.410942
f -3 -2 -1
v -37.778400 16.000000 84.521523
v -37.689644 16.000000 84.410942
v -37.689644 19.000000 84.410942
f -3 -2 -1
v -37.689644 19.000000 84.410942
v -37.689644 16.000000 84.410942
v -37.596149 19.000000 84.304337
f -3 -2 -1
v -37.689644 16.000000 84.410942
v -37.596149 16.000000 84.304337
v -37.596149 19.000000 84.304337
f -3 -2 -1
v -37.596149 19.000000 84.304337
v -37.596149 16.000000 84.304337
v -37.498096 19.000000 84.201904
f -3 -2 -1
v -37.596149 16.000000 84.304337
v -37.498096 16.000000 84.201904
v -37.498096 19.000000 84.201904
f -3 -2 -1
v -37.498096 19.000000 84.201904
v -37.498096 16.000000 84.201904
v -37.395668 19.000000 84.103844
f -3 -2 -1
v -37.498096 16.000000 84.201904
v -37.395668 16.000000 84.103844
v -37.395668 19.000000 84.103844
f -3 -2 -1
v -37.395668 19.000000 84.103844
v -37.395668 16.000000 84.103844
v -37.289062 19.000000 84.010353
f -3 -2 -1
v -37.395668 16.000000 84.103844
v -37.289062 16.000000 84.010353
v -37.289062 19.000000 84.010353
f -3 -2 -1
v -37.289062 19.000000 84.010353
v -37.289062 16.000000 84.010353
v -37.178474 19.000000 83.921600
f -3 -2 -1
v -37.289062 16.000000 84.010353
v -37.178474 16.000000 83.921600
v -37.178474 19.000000 83.921600
f -3 -2 -1
v -37.178474 19.000000 83.921600
v -37.178474 16.000000 83.921600
v -37.064125 19.000000 83.837753
f -3 -2 -1
v -37.178474 16.000000 83.921600
v -37.064125 16.000000 83.837753
v -37.064125 19.000000 83.837753
f -3 -2 -1
v -37.064125 19.000000 83.837753
v -37.064125 16.000000 83.837753
v -36.946220 19.000000 83.758980
f -3 -2 -1
v -37.064125 16.000000 83.837753
v -36.946220 16.000000 83.758980
v -36.946220 19.000000 83.758980
f -3 -2 -1
v -36.946220 19.000000 83.758980
v -36.946220 16.000000 83.758980
v -36.825001 19.000000 83.685417
f -3 -2 -1
v -36.946220 16.000000 83.758980
v -36.825001 16.000000 83.685417
v -36.825001 19.000000 83.685417
f -3 -2 -1
v -36.825001 19.000000 83.685417
v -36.825001 16.000000 83.685417
v -36.700684 19.000000 83.617218
f -3 -2 -1
v -36.825001 16.000000 83.685417
v -36.700684 16.000000 83.617218
v -36.700684 19.000000 83.617218
f -3 -2 -1
v -36.700684 19.000000 83.617218
v -36.700684 16.000000 83.617218
v -36.573509 19.000000 83.554497
f -3 -2 -1
v -36.700684 16.000000 83.617218
v -36.573509 16.000000 83.554497
v -36.573509 19.000000 83.554497
f -3 -2 -1
v -36.573509 19.000000 83.554497
v -36.573509 16.000000 83.554497
v -36.443722 19.000000 83.497391
f -3 -2 -1
v -36.573509 16.000000 83.554497
v -36.443722 16.000000 83.497391
v -36.443722 19.000000 83.497391
f -3 -2 -1
v -36.443722 19.000000 83.497391
v -36.443722 16.000000 83.497391
v -36.311565 19.000000 83.445999
f -3 -2 -1
v -36.443722 16.000000 83.497391
v -36.311565 16.000000 83.445999
v -36.311565 19.000000 83.445999
f -3 -2 -1
v -36.311565 19.000000 83.445999
v -36.311565 16.000000 83.445999
v -36.177292 19.000000 83.400421
f -3 -2 -1
v -36.311565 16.000000 83.445999
v -36.177292 16.000000 83.400421
v -36.177292 19.000000 83.400421
f -3 -2 -1
v -36.177292 19.000000 83.400421
v -36.177292 16.000000 83.400421
v -36.041164 19.000000 83.360741
f -3 -2 -1
v -36.177292 16.000000 83.400421
v -36.041164 16.000000 83.360741
v -36.041164 19.000000 83.360741
f -3 -2 -1
v -36.041164 19.000000 83.360741
v -36.041164 16.000000 83.360741
v -35.903427 19.000000 83.327042
f -3 -2 -1
v -36.041164 16.000000 83.360741
v -35.903427 16.000000 83.327042
v -35.903427 19.000000 83.327042
f -3 -2 -1
v -35.903427 19.000000 83.327042
v -35.903427 16.000000 83.327042
v -35.764355 19.000000 83.299377
f -3 -2 -1
v -35.903427 16.000000 83.327042
v -35.764355 16.000000 83.299377
v -35.764355 19.000000 83.299377
f -3 -2 -1
v -35.764355 19.000000 83.299377
v -35.764355 16.000000 83.299377
v -35.624210 19.000000 83.277809
f -3 -2 -1
v -35.764355 16.000000 83.299377
v -35.624210 16.000000 83.277809
v -35.624210 19.000000 83.277809
f -3 -2 -1
v -35.624210 19.000000 83.277809
v -35.624210 16.000000 83.277809
v -35.483257 19.000000 83.262367
f -3 -2 -1
v -35.624210 16.000000 83.277809
v -35.483257 16.000000 83.262367
v -35.483257 19.000000 83.262367
f -3 -2 -1
v -35.483257 19.000000 83.262367
v -35.483257 16.000000 83.262367
v -35.341763 19.000000 83.253090
f -3 -2 -1
v -35.483257 16.000000 83.262367
v -35.341763 16.000000 83.253090
v -35.341763 19.000000 83.253090
f -3 -2 -1
v -35.341763 19.000000 83.253090
v -35.341763 16.000000 83.253090
v -35.200001 19.000000 83.250000
f -3 -2 -1
v -35.341763 16.000000 83.253090
v -35.200001 16.000000 83.250000
v -35.200001 19.000000 83.250000
f -3 -2 -1
v -36.633766 16.000000 87.413406
v -37.941025 16.000000 88.246223
v -36.592560 16.000000 87.475075
f -3 -2 -1
v -37.941025 16.000000 88.246223
v -37.862244 16.000000 88.364120
v -36.592560 16.000000 87.475075
f -3 -2 -1
v -36.592560 16.000000 87.475075
v -37.862244 16.000000 88.364120
v -36.548698 16.000000 87.534897
f -3 -2 -1
v -37.862244 16.000000 88.364120
v -37.778400 16.000000 88.478477
v -36.548698 16.000000 87.534897
f -3 -2 -1
v -36.548698 16.000000 87.534897
v -37.778400 16.000000 88.478477
v -36.502277 16.000000 87.592735
f -3 -2 -1
v -37.778400 16.000000 88.478477
v -37.689644 16.000000 88.589058
v -36.502277 16.000000 87.592735
f -3 -2 -1
v -36.502277 16.000000 87.592735
v -37.689644 16.000000 88.589058
v -36.453369 16.000000 87.648506
f -3 -2 -1
v -37.689644 16.000000 88.589058
v -37.596149 16.000000 88.695671
v -36.453369 16.000000 87.648506
f -3 -2 -1
v -36.453369 16.000000 87.648506
v -37.596149 16.000000 88.695671
v -36.402081 16.000000 87.702080
f -3 -2 -1
v -37.596149 16.000000 88.695671
v -37.498096 16.000000 88.798096
v -36.402081 16.000000 87.702080
f -3 -2 -1
v -36.402081 16.000000 87.702080
v -37.498096 16.000000 88.798096
v -36.348503 16.000000 87.753372
f -3 -2 -1
v -37.498096 16.000000 88.798096
v -37.395668 16.000000 88.896149
v -36.348503 16.000000 87.753372
f -3 -2 -1
v -36.348503 16.000000 87.753372
v -37.395668 16.000000 88.896149
v -36.292740 16.000000 87.802277
f -3 -2 -1
v -37.395668 16.000000 88.896149
v -37.289062 16.000000 88.989647
v -36.292740 16.000000 87.802277
f -3 -2 -1
v -36.292740 16.000000 87.802277
v -37.289062 16.000000 88.989647
v -36.234894 16.000000 87.848701
f -3 -2 -1
v -37.289062 16.000000 88.989647
v -37.178474 16.000000 89.078400
v -36.234894 16.000000 87.848701
f -3 -2 -1
v -36.234894 16.000000 87.848701
v -37.178474 16.000000 89.078400
v -36.175079 16.000000 87.892563
f -3 -2 -1
v -37.178474 16.000000 89.078400
v -37.064125 16.000000 89.162247
v -36.175079 16.000000 87.892563
f -3 -2 -1
v -36.175079 16.000000 87.892563
v -37.064125 16.000000 89.162247
v -36.113411 16.000000 87.933762
f -3 -2 -1
v -37.064125 16.000000 89.162247
v -36.946220 16.000000 89.241020
v -36.113411 16.000000 87.933762
f -3 -2 -1
v -36.113411 16.000000 87.933762
v -36.946220 16.000000 89.241020
v -36.049999 16.000000 87.972244
f -3 -2 -1
v -36.946220 16.000000 89.241020
v -36.825001 16.000000 89.314583
v -36.049999 16.000000 87.972244
f -3 -2 -1
v -36.049999 16.000000 87.972244
v -36.825001 16.000000 89.314583
v -35.984974 16.000000 88.007919
f -3 -2 -1
v -36.825001 16.000000 89.314583
v -36.700684 16.000000 89.382782
v -35.984974 16.000000 88.007919
f -3 -2 -1
v -35.984974 16.000000 88.007919
v -36.700684 16.000000 89.382782
v -35.918453 16.000000 88.040726
f -3 -2 -1
v -36.700684 16.000000 89.382782
v -36.573509 16.000000 89.445503
v -35.918453 16.000000 88.040726
f -3 -2 -1
v -35.918453 16.000000 88.040726
v -36.573509 16.000000 89.445503
v -35.850563 16.000000 88.070595
f -3 -2 -1
v -36.573509 16.000000 89.445503
v -36.443722 16.000000 89.502609
v -35.850563 16.000000 88.070595
f -3 -2 -1
v -35.850563 16.000000 88.070595
v -36.443722 16.000000 89.502609
v -35.781437 16.000000 88.097473
f -3 -2 -1
v -36.443722 16.000000 89.502609
v -36.311565 16.000000 89.554001
v -35.781437 16.000000 88.097473
f -3 -2 -1
v -35.781437 16.000000 88.097473
v -36.311565 16.000000 89.554001
v -35.711201 16.000000 88.121315
f -3 -2 -1
v -36.311565 16.000000 89.554001
v -36.177292 16.000000 89.599579
v -35.711201 16.000000 88.121315
f -3 -2 -1
v -35.711201 16.000000 88.121315
v -36.177292 16.000000 89.599579
v -35.639996 16.000000 88.142075
f -3 -2 -1
v -36.177292 16.000000 89.599579
v -36.041164 16.000000 89.639259
v -35.639996 16.000000 88.142075
f -3 -2 -1
v -35.639996 16.000000 88.142075
v -36.041164 16.000000 89.639259
v -35.567947 16.000000 88.159706
f -3 -2 -1
v -36.041164 16.000000 89.639259
v -35.903427 16.000000 89.672958
v -35.567947 16.000000 88.159706
f -3 -2 -1
v -35.567947 16.000000 88.159706
v -35.903427 16.000000 89.672958
v -35.495201 16.000000 88.174171
f -3 -2 -1
v -35.903427 16.000000 89.672958
v -35.764355 16.000000 89.700623
v -35.495201 16.000000 88.174171
f -3 -2 -1
v -35.495201 16.000000 88.174171
v -35.764355 16.000000 89.700623
v -35.421894 16.000000 88.185463
f -3 -2 -1
v -35.764355 16.000000 89.700623
v -35.624210 16.000000 89.722191
v -35.421894 16.000000 88.185463
f -3 -2 -1
v -35.421894 16.000000 88.185463
v -35.624210 16.000000 89.722191
v -35.348167 16.000000 88.193527
f -3 -2 -1
v -35.624210 16.000000 89.722191
v -35.483257 16.000000 89.737633
v -35.348167 16.000000 88.193527
f -3 -2 -1
v -35.348167 16.000000 88.193527
v -35.483257 16.000000 89.737633
v -35.274151 16.000000 88.198380
f -3 -2 -1
v -35.483257 16.000000 89.737633
v -35.341763 16.000000 89.746910
v -35.274151 16.000000 88.198380
f -3 -2 -1
v -35.274151 16.000000 88.198380
v -35.341763 16.000000 89.746910
v -35.200001 16.000000 88.200005
f -3 -2 -1
v -35.341763 16.000000 89.746910
v -35.200001 16.000000 89.750000
v -35.200001 16.000000 88.200005
f -3 -2 -1
v -35.200001 16.000000 88.200005
v -35.200001 16.000000 89.750000
v -35.125847 16.000000 88.198380
f -3 -2 -1
v -35.200001 16.000000 89.750000
v -35.058239 16.000000 89.746910
v -35.125847 16.000000 88.198380
f -3 -2 -1
v -35.125847 16.000000 88.198380
v -35.058239 16.000000 89.746910
v -35.051834 16.000000 88.193527
f -3 -2 -1
v -35.058239 16.000000 89.746910
v -34.916744 16.000000 89.737633
v -35.051834 16.000000 88.193527
f -3 -2 -1
v -35.051834 16.000000 88.193527
v -34.916744 16.000000 89.737633
v -34.978107 16.000000 88.185463
f -3 -2 -1
v -34.916744 16.000000 89.737633
v -34.775791 16.000000 89.722191
v -34.978107 16.000000 88.185463
f -3 -2 -1
v -34.978107 16.000000 88.185463
v -34.775791 16.000000 89.722191
v -34.904797 16.000000 88.174171
f -3 -2 -1
v -34.775791 16.000000 89.722191
v -34.635643 16.000000 89.700623
v -34.904797 16.000000 88.174171
f -3 -2 -1
v -34.904797 16.000000 88.174171
v -34.635643 16.000000 89.700623
v -34.832054 16.000000 88.159706
f -3 -2 -1
v -34.635643 16.000000 89.700623
v -34.496571 16.000000 89.672958
v -34.832054 16.000000 88.159706
f -3 -2 -1
v -34.832054 16.000000 88.159706
v -34.496571 16.000000 89.672958
v -34.760006 16.000000 88.142075
f -3 -2 -1
v -34.496571 16.000000 89.672958
v -34.358837 16.000000 89.639259
v -34.760006 16.000000 88.142075
f -3 -2 -1
v -34.760006 16.000000 88.142075
v -34.358837 16.000000 89.639259
v -34.688801 16.000000 88.121315
f -3 -2 -1
v -34.358837 16.000000 89.639259
v -34.222706 16.000000 89.599579
v -34.688801 16.000000 88.121315
f -3 -2 -1
v -34.688801 16.000000 88.121315
v -34.222706 16.000000 89.599579
v -34.618565 16.000000 88.097473
f -3 -2 -1
v -34.222706 16.000000 89.599579
v -34.088432 16.000000 89.554001
v -34.618565 16.000000 88.097473
f -3 -2 -1
v -34.618565 16.000000 88.097473
v -34.088432 16.000000 89.554001
v -34.549438 16.000000 88.070595
f -3 -2 -1
v -34.088432 16.000000 89.554001
v -33.956280 16.000000 89.502609
v -34.549438 16.000000 88.070595
f -3 -2 -1
v -34.549438 16.000000 88.070595
v -33.956280 16.000000 89.502609
v -34.481548 16.000000 88.040726
f -3 -2 -1
v -33.956280 16.000000 89.502609
v -33.826488 16.000000 89.445503
v -34.481548 16.000000 88.040726
f -3 -2 -1
v -34.481548 16.000000 88.040726
v -33.826488 16.000000 89.445503
v -34.415028 16.000000 88.007919
f -3 -2 -1
v -33.826488 16.000000 89.445503
v -33.699318 16.000000 89.382782
v -34.415028 16.000000 88.007919
f -3 -2 -1
v -34.415028 16.000000 88.007919
v -33.699318 16.000000 89.382782
v -34.349998 16.000000 87.972244
f -3 -2 -1
v -33.699318 16.000000 89.382782
v -33.574997 16.000000 89.314583
v -34.349998 16.000000 87.972244
f -3 -2 -1
v -34.349998 16.000000 87.972244
v -33.574997 16.000000 89.314583
v -34.286591 16.000000 87.933762
f -3 -2 -1
v -33.574997 16.000000 89.314583
v -33.453777 16.000000 89.241020
v -34.286591 16.000000 87.933762
f -3 -2 -1
v -34.286591 16.000000 87.933762
v -33.453777 16.000000 89.241020
v -34.224918 16.000000 87.892563
f -3 -2 -1
v -33.453777 16.000000 89.241020
v -33.335876 16.000000 89.162247
v -34.224918 16.000000 87.892563
f -3 -2 -1
v -34.224918 16.000000 87.892563
v -33.335876 16.000000 89.162247
v -34.165108 16.000000 87.848701
f -3 -2 -1
v -33.335876 16.000000 89.162247
v -33.221523 16.000000 89.078400
v -34.165108 16.000000 87.848701
f -3 -2 -1
v -34.165108 16.000000 87.848701
v -33.221523 16.000000 89.078400
v -34.107262 16.000000 87.802277
f -3 -2 -1
v -33.221523 16.000000 89.078400
v -33.110939 16.000000 88.989647
v -34.107262 16.000000 87.802277
f -3 -2 -1
v -34.107262 16.000000 87.802277
v -33.110939 16.000000 88.989647
v -34.051498 16.000000 87.753372
f -3 -2 -1
v -33.110939 16.000000 88.989647
v -33.004333 16.000000 88.896149
v -34.051498 16.000000 87.753372
f -3 -2 -1
v -34.051498 16.000000 87.753372
v -33.004333 16.000000 88.896149
v -33.997921 16.000000 87.702080
f -3 -2 -1
v -33.004333 16.000000 88.896149
v -32.901901 16.000000 88.798096
v -33.997921 16.000000 87.702080
f -3 -2 -1
v -33.997921 16.000000 87.702080
v -32.901901 16.000000 88.798096
v -33.946629 16.000000 87.648506
f -3 -2 -1
v -32.901901 16.000000 88.798096
v -32.803848 16.000000 88.695671
v -33.946629 16.000000 87.648506
f -3 -2 -1
v -33.946629 16.000000 87.648506
v -32.803848 16.000000 88.695671
v -33.897724 16.000000 87.592735
f -3 -2 -1
v -32.803848 16.000000 88.695671
v -32.710354 16.000000 88.589058
v -33.897724 16.000000 87.592735
f -3 -2 -1
v -33.897724 16.000000 87.592735
v -32.710354 16.000000 88.589058
v -33.851299 16.000000 87.534897
f -3 -2 -1
v -32.710354 16.000000 88.589058
v -32.621605 16.000000 88.478477
v -33.851299 16.000000 87.534897
f -3 -2 -1
v -33.851299 16.000000 87.534897
v -32.621605 16.000000 88.478477
v -33.807442 16.000000 87.475075
f -3 -2 -1
v -32.621605 16.000000 88.478477
v -32.537754 16.000000 88.364120
v -33.807442 16.000000 87.475075
f -3 -2 -1
v -33.807442 16.000000 87.475075
v -32.537754 16.000000 88.364120
v -33.766235 16.000000 87.413406
f -3 -2 -1
v -32.537754 16.000000 88.364120
v -32.458981 16.000000 88.246223
v -33.766235 16.000000 87.413406
f -3 -2 -1
v -33.766235 16.000000 87.413406
v -32.458981 16.000000 88.246223
v -33.727757 16.000000 87.350006
f -3 -2 -1
v -32.458981 16.000000 88.246223
v -32.385418 16.000000 88.125000
v -33.727757 16.000000 87.350006
f -3 -2 -1
v -33.727757 16.000000 87.350006
v -32.385418 16.000000 88.125000
v -33.692081 16.000000 87.284973
f -3 -2 -1
v -32.385418 16.000000 88.125000
v -32.317215 16.000000 88.000687
v -33.692081 16.000000 87.284973
f -3 -2 -1
v -33.692081 16.000000 87.284973
v -32.317215 16.000000 88.000687
v -33.659275 16.000000 87.218445
f -3 -2 -1
v -32.317215 16.000000 88.000687
v -32.254498 16.000000 87.873512
v -33.659275 16.000000 87.218445
f -3 -2 -1
v -33.659275 16.000000 87.218445
v -32.254498 16.000000 87.873512
v -33.629406 16.000000 87.150558
f -3 -2 -1
v -32.254498 16.000000 87.873512
v -32.197392 16.000000 87.743721
v -33.629406 16.000000 87.150558
f -3 -2 -1
v -33.629406 16.000000 87.150558
v -32.197392 16.000000 87.743721
v -33.602520 16.000000 87.081436
f -3 -2 -1
v -32.197392 16.000000 87.743721
v -32.146000 16.000000 87.611565
v -33.602520 16.000000 87.081436
f -3 -2 -1
v -33.602520 16.000000 87.081436
v -32.146000 16.000000 87.611565
v -33.578682 16.000000 87.011200
f -3 -2 -1
v -32.146000 16.000000 87.611565
v -32.100422 16.000000 87.477295
v -33.578682 16.000000 87.011200
f -3 -2 -1
v -33.578682 16.000000 87.011200
v -32.100422 16.000000 87.477295
v -33.557926 16.000000 86.939987
f -3 -2 -1
v -32.100422 16.000000 87.477295
v -32.060741 16.000000 87.341156
v -33.557926 16.000000 86.939987
f -3 -2 -1
v -33.557926 16.000000 86.939987
v -32.060741 16.000000 87.341156
v -33.540298 16.000000 86.867950
f -3 -2 -1
v -32.060741 16.000000 87.341156
v -32.027039 16.000000 87.203430
v -33.540298 16.000000 86.867950
f -3 -2 -1
v -33.540298 16.000000 86.867950
v -32.027039 16.000000 87.203430
v -33.525829 16.000000 86.795204
f -3 -2 -1
v -32.027039 16.000000 87.203430
v -31.999376 16.000000 87.064354
v -33.525829 16.000000 86.795204
f -3 -2 -1
v -33.525829 16.000000 86.795204
v -31.999376 16.000000 87.064354
v -33.514545 16.000000 86.721893
f -3 -2 -1
v -31.999376 16.000000 87.064354
v -31.977802 16.000000 86.924210
v -33.514545 16.000000 86.721893
f -3 -2 -1
v -33.514545 16.000000 86.721893
v -31.977802 16.000000 86.924210
v -33.506470 16.000000 86.648163
f -3 -2 -1
v -31.977802 16.000000 86.924210
v -31.962368 16.000000 86.783249
v -33.506470 16.000000 86.648163
f -3 -2 -1
v -33.506470 16.000000 86.648163
v -31.962368 16.000000 86.783249
v -33.501617 16.000000 86.574150
f -3 -2 -1
v -31.962368 16.000000 86.783249
v -31.953093 16.000000 86.641769
v -33.501617 16.000000 86.574150
f -3 -2 -1
v -33.501617 16.000000 86.574150
v -31.953093 16.000000 86.641769
v -33.500000 16.000000 86.500000
f -3 -2 -1
v -31.953093 16.000000 86.641769
v -31.950001 16.000000 86.500000
v -33.500000 16.000000 86.500000
f -3 -2 -1
v -33.500000 16.000000 86.500000
v -31.950001 16.000000 86.500000
v -33.501617 16.000000 86.425850
f -3 -2 -1
v -31.950001 16.000000 86.500000
v -31.953093 16.000000 86.358231
v -33.501617 16.000000 86.425850
f -3 -2 -1
v -33.501617 16.000000 86.425850
v -31.953093 16.000000 86.358231
v -33.506470 16.000000 86.351837
f -3 -2 -1
v -31.953093 16.000000 86.358231
v -31.962368 16.000000 86.216743
v -33.506470 16.000000 86.351837
f -3 -2 -1
v -33.506470 16.000000 86.351837
v -31.962368 16.000000 86.216743
v -33.514545 16.000000 86.278107
f -3 -2 -1
v -31.962368 16.000000 86.216743
v -31.977802 16.000000 86.075790
v -33.514545 16.000000 86.278107
f -3 -2 -1
v -33.514545 16.000000 86.278107
v -31.977802 16.000000 86.075790
v -33.525829 16.000000 86.204796
f -3 -2 -1
v -31.977802 16.000000 86.075790
v -31.999376 16.000000 85.935646
v -33.525829 16.000000 86.204796
f -3 -2 -1
v -33.525829 16.000000 86.204796
v -31.999376 16.000000 85.935646
v -33.540298 16.000000 86.132050
f -3 -2 -1
v -31.999376 16.000000 85.935646
v -32.027039 16.000000 85.796570
v -33.540298 16.000000 86.132050
f -3 -2 -1
v -33.540298 16.000000 86.132050
v -32.027039 16.000000 85.796570
v -33.557926 16.000000 86.060013
f -3 -2 -1
v -32.027039 16.000000 85.796570
v -32.060741 16.000000 85.658844
v -33.557926 16.000000 86.060013
f -3 -2 -1
v -33.557926 16.000000 86.060013
v -32.060741 16.000000 85.658844
v -33.578682 16.000000 85.988800
f -3 -2 -1
v -32.060741 16.000000 85.658844
v -32.100422 16.000000 85.522705
v -33.578682 16.000000 85.988800
f -3 -2 -1
v -33.578682 16.000000 85.988800
v -32.100422 16.000000 85.522705
v -33.602520 16.000000 85.918571
f -3 -2 -1
v -32.100422 16.000000 85.522705
v -32.146000 16.000000 85.388435
v -33.602520 16.000000 85.918571
f -3 -2 -1
v -33.602520 16.000000 85.918571
v -32.146000 16.000000 85.388435
v -33.629406 16.000000 85.849442
f -3 -2 -1
v -32.146000 16.000000 85.388435
v -32.197392 16.000000 85.256279
v -33.629406 16.000000 85.849442
f -3 -2 -1
v -33.629406 16.000000 85.849442
v -32.197392 16.000000 85.256279
v -33.659275 16.000000 85.781555
f -3 -2 -1
v -32.197392 16.000000 85.256279
v -32.254498 16.000000 85.126488
v -33.659275 16.000000 85.781555
f -3 -2 -1
v -33.659275 16.000000 85.781555
v -32.254498 16.000000 85.126488
v -33.692081 16.000000 85.715027
f -3 -2 -1
v -32.254498 16.000000 85.126488
v -32.317215 16.000000 84.999313
v -33.692081 16.000000 85.715027
f -3 -2 -1
v -33.692081 16.000000 85.715027
v -32.317215 16.000000 84.999313
v -33.727757 16.000000 85.649994
f -3 -2 -1
v -32.317215 16.000000 84.999313
v -32.385418 16.000000 84.875000
v -33.727757 16.000000 85.649994
f -3 -2 -1
v -33.727757 16.000000 85.649994
v -32.385418 16.000000 84.875000
v -33.766235 16.000000 85.586594
f -3 -2 -1
v -32.385418 16.000000 84.875000
v -32.458981 16.000000 84.753777
v -33.766235 16.000000 85.586594
f -3 -2 -1
v -33.766235 16.000000 85.586594
v -32.458981 16.000000 84.753777
v -33.807442 16.000000 85.524918
f -3 -2 -1
v -32.458981 16.000000 84.753777
v -32.537754 16.000000 84.635880
v -33.807442 16.000000 85.524918
f -3 -2 -1
v -33.807442 16.000000 85.524918
v -32.537754 16.000000 84.635880
v -33.851299 16.000000 85.465103
f -3 -2 -1
v -32.537754 16.000000 84.635880
v -32.621605 16.000000 84.521523
v -33.851299 16.000000 85.465103
f -3 -2 -1
v -33.851299 16.000000 85.465103
v -32.621605 16.000000 84.521523
v -33.897724 16.000000 85.407265
f -3 -2 -1
v -32.621605 16.000000 84.521523
v -32.710354 16.000000 84.410942
v -33.897724 16.000000 85.407265
f -3 -2 -1
v -33.897724 16.000000 85.407265
v -32.710354 16.000000 84.410942
v -33.946629 16.000000 85.351494
f -3 -2 -1
v -32.710354 16.000000 84.410942
v -32.803848 16.000000 84.304337
v -33.946629 16.000000 85.351494
f -3 -2 -1
v -33.946629 16.000000 85.351494
v -32.803848 16.000000 84.304337
v -33.997921 16.000000 85.297920
f -3 -2 -1
v -32.803848 16.000000 84.304337
v -32.901901 16.000000 84.201904
v -33.997921 16.000000 85.297920
f -3 -2 -1
v -33.997921 16.000000 85.297920
v -32.901901 16.000000 84.201904
v -34.051498 16.000000 85.246628
f -3 -2 -1
v -32.901901 16.000000 84.201904
v -33.004333 16.000000 84.103844
v -34.051498 16.000000 85.246628
f -3 -2 -1
v -34.051498 16.000000 85.246628
v -33.004333 16.000000 84.103844
v -34.107262 16.000000 85.197723
f -3 -2 -1
v -33.004333 16.000000 84.103844
v -33.110939 16.000000 84.010353
v -34.107262 16.000000 85.197723
f -3 -2 -1
v -34.107262 16.000000 85.197723
v -33.110939 16.000000 84.010353
v -34.165108 16.000000 85.151299
f -3 -2 -1
v -33.110939 16.000000 84.010353
v -33.221523 16.000000 83.921600
v -34.165108 16.000000 85.151299
f -3 -2 -1
v -34.165108 16.000000 85.151299
v -33.221523 16.000000 83.921600
v -34.224918 16.000000 85.107437
f -3 -2 -1
v -33.221523 16.000000 83.921600
v -33.335876 16.000000 83.837753
v -34.224918 16.000000 85.107437
f -3 -2 -1
v -34.224918 16.000000 85.107437
v -33.335876 16.000000 83.837753
v -34.286591 16.000000 85.066238
f -3 -2 -1
v -33.335876 16.000000 83.837753
v -33.453777 16.000000 83.758980
v -34.286591 16.000000 85.066238
f -3 -2 -1
v -34.286591 16.000000 85.066238
v -33.453777 16.000000 83.758980
v -34.349998 16.000000 85.027756
f -3 -2 -1
v -33.453777 16.000000 83.758980
v -33.574997 16.000000 83.685417
v -34.349998 16.000000 85.027756
f -3 -2 -1
v -34.349998 16.000000 85.027756
v -33.574997 16.000000 83.685417
v -34.415028 16.000000 84.992081
f -3 -2 -1
v -33.574997 16.000000 83.685417
v -33.699318 16.000000 83.617218
v -34.415028 16.000000 84.992081
f -3 -2 -1
v -34.415028 16.000000 84.992081
v -33.699318 16.000000 83.617218
v -34.481548 16.000000 84.959274
f -3 -2 -1
v -33.699318 16.000000 83.617218
v -33.826488 16.000000 83.554497
v -34.481548 16.000000 84.959274
f -3 -2 -1
v -34.481548 16.000000 84.959274
v -33.826488 16.000000 83.554497
v -34.549438 16.000000 84.929405
f -3 -2 -1
v -33.826488 16.000000 83.554497
v -33.956280 16.000000 83.497391
v -34.549438 16.000000 84.929405
f -3 -2 -1
v -34.549438 16.000000 84.929405
v -33.956280 16.000000 83.497391
v -34.618565 16.000000 84.902527
f -3 -2 -1
v -33.956280 16.000000 83.497391
v -34.088432 16.000000 83.445999
v -34.618565 16.000000 84.902527
f -3 -2 -1
v -34.618565 16.000000 84.902527
v -34.088432 16.000000 83.445999
v -34.688801 16.000000 84.878685
f -3 -2 -1
v -34.088432 16.000000 83.445999
v -34.222706 16.000000 83.400421
v -34.688801 16.000000 84.878685
f -3 -2 -1
v -34.688801 16.000000 84.878685
v -34.222706 16.000000 83.400421
v -34.760006 16.000000 84.857925
f -3 -2 -1
v -34.222706 16.000000 83.400421
v -34.358837 16.000000 83.360741
v -34.760006 16.000000 84.857925
f -3 -2 -1
v -34.760006 16.000000 84.857925
v -34.358837 16.000000 83.360741
v -34.832054 16.000000 84.840302
f -3 -2 -1
v -34.358837 16.000000 83.360741
v -34.496571 16.000000 83.327042
v -34.832054 16.000000 84.840302
f -3 -2 -1
v -34.832054 16.000000 84.840302
v -34.496571 16.000000 83.327042
v -34.904797 16.000000 84.825829
f -3 -2 -1
v -34.496571 16.000000 83.327042
v -34.635643 16.000000 83.299377
v -34.904797 16.000000 84.825829
f -3 -2 -1
v -34.904797 16.000000 84.825829
v -34.635643 16.000000 83.299377
v -34.978107 16.000000 84.814545
f -3 -2 -1
v -34.635643 16.000000 83.299377
v -34.775791 16.000000 83.277809
v -34.978107 16.000000 84.814545
f -3 -2 -1
v -34.978107 16.000000 84.814545
v -34.775791 16.000000 83.277809
v -35.051834 16.000000 84.806473
f -3 -2 -1
v -34.775791 16.000000 83.277809
v -34.916744 16.000000 83.262367
v -35.051834 16.000000 84.806473
f -3 -2 -1
v -35.051834 16.000000 84.806473
v -34.916744 16.000000 83.262367
v -35.125847 16.000000 84.801620
f -3 -2 -1
v -34.916744 16.000000 83.262367
v -35.058239 16.000000 83.253090
v -35.125847 16.000000 84.801620
f -3 -2 -1
v -35.125847 16.000000 84.801620
v -35.058239 16.000000 83.253090
v -35.200001 16.000000 84.799995
f -3 -2 -1
v -35.058239 16.000000 83.253090
v -35.200001 16.000000 83.250000
v -35.200001 16.000000 84.799995
f -3 -2 -1
v -35.200001 16.000000 84.799995
v -35.200001 16.000000 83.250000
v -35.274151 16.000000 84.801620
f -3 -2 -1
v -35.200001 16.000000 83.250000
v -35.341763 16.000000 83.253090
v -35.274151 16.000000 84.801620
f -3 -2 -1
v -35.274151 16.000000 84.801620
v -35.341763 16.000000 83.253090
v -35.348167 16.000000 84.806473
f -3 -2 -1
v -35.341763 16.000000 83.253090
v -35.483257 16.000000 83.262367
v -35.348167 16.000000 84.806473
f -3 -2 -1
v -35.348167 16.000000 84.806473
v -35.483257 16.000000 83.262367
v -35.421894 16.000000 84.814545
f -3 -2 -1
v -35.483257 16.000000 83.262367
v -35.624210 16.000000 83.277809
v -35.421894 16.000000 84.814545
f -3 -2 -1
v -35.421894 16.000000 84.814545
v -35.624210 16.000000 83.277809
v -35.495201 16.000000 84.825829
f -3 -2 -1
v -35.624210 16.000000 83.277809
v -35.764355 16.000000 83.299377
v -35.495201 16.000000 84.825829
f -3 -2 -1
v -35.495201 16.000000 84.825829
v -35.764355 16.000000 83.299377
v -35.567947 16.000000 84.840302
f -3 -2 -1
v -35.764355 16.000000 83.299377
v -35.903427 16.000000 83.327042
v -35.567947 16.000000 84.840302
f -3 -2 -1
v -35.567947 16.000000 84.840302
v -35.903427 16.000000 83.327042
v -35.639996 16.000000 84.857925
f -3 -2 -1
v -35.903427 16.000000 83.327042
v -36.041164 16.000000 83.360741
v -35.639996 16.000000 84.857925
f -3 -2 -1
v -35.639996 16.000000 84.857925
v -36.041164 16.000000 83.360741
v -35.711201 16.000000 84.878685
f -3 -2 -1
v -36.041164 16.000000 83.360741
v -36.177292 16.000000 83.400421
v -35.711201 16.000000 84.878685
f -3 -2 -1
v -35.711201 16.000000 84.878685
v -36.177292 16.000000 83.400421
v -35.781437 16.000000 84.902527
f -3 -2 -1
v -36.177292 16.000000 83.400421
v -36.311565 16.000000 83.445999
v -35.781437 16.000000 84.902527
f -3 -2 -1
v -35.781437 16.000000 84.902527
v -36.311565 16.000000 83.445999
v -35.850563 16.000000 84.929405
f -3 -2 -1
v -36.311565 16.000000 83.445999
v -36.443722 16.000000 83.497391
v -35.850563 16.000000 84.929405
f -3 -2 -1
v -35.850563 16.000000 84.929405
v -36.443722 16.000000 83.497391
v -35.918453 16.000000 84.959274
f -3 -2 -1
v -36.443722 16.000000 83.497391
v -36.573509 16.000000 83.554497
v -35.918453 16.000000 84.959274
f -3 -2 -1
v -35.918453 16.000000 84.959274
v -36.573509 16.000000 83.554497
v -35.984974 16.000000 84.992081
f -3 -2 -1
v -36.573509 16.000000 83.554497
v -36.700684 16.000000 83.617218
v -35.984974 16.000000 84.992081
f -3 -2 -1
v -35.984974 16.000000 84.992081
v -36.700684 16.000000 83.617218
v -36.049999 16.000000 85.027756
f -3 -2 -1
v -36.700684 16.000000 83.617218
v -36.825001 16.000000 83.685417
v -36.049999 16.000000 85.027756
f -3 -2 -1
v -36.049999 16.000000 85.027756
v -36.825001 16.000000 83.685417
v -36.113411 16.000000 85.066238
f -3 -2 -1
v -36.825001 16.000000 83.685417
v -36.946220 16.000000 83.758980
v -36.113411 16.000000 85.066238
f -3 -2 -1
v -36.113411 16.000000 85.066238
v -36.946220 16.000000 83.758980
v -36.175079 16.000000 85.107437
f -3 -2 -1
v -36.946220 16.000000 83.758980
v -37.064125 16.000000 83.837753
v -36.175079 16.000000 85.107437
f -3 -2 -1
v -36.175079 16.000000 85.107437
v -37.064125 16.000000 83.837753
v -36.234894 16.000000 85.151299
f -3 -2 -1
v -37.064125 16.000000 83.837753
v -37.178474 16.000000 83.921600
v -36.234894 16.000000 85.151299
f -3 -2 -1
v -36.234894 16.000000 85.151299
v -37.178474 16.000000 83.921600
v -36.292740 16.000000 85.197723
f -3 -2 -1
v -37.178474 16.000000 83.921600
v -37.289062 16.000000 84.010353
v -36.292740 16.000000 85.197723
f -3 -2 -1
v -36.292740 16.000000 85.197723
v -37.289062 16.000000 84.010353
v -36.348503 16.000000 85.246628
f -3 -2 -1
v -37.289062 16.000000 84.010353
v -37.395668 16.000000 84.103844
v -36.348503 16.000000 85.246628
f -3 -2 -1
v -36.348503 16.000000 85.246628
v -37.395668 16.000000 84.103844
v -36.402081 16.000000 85.297920
f -3 -2 -1
v -37.395668 16.000000 84.103844
v -37.498096 16.000000 84.201904
v -36.402081 16.000000 85.297920
f -3 -2 -1
v -36.402081 16.000000 85.297920
v -37.498096 16.000000 84.201904
v -36.453369 16.000000 85.351494
f -3 -2 -1
v -37.498096 16.000000 84.201904
v -37.596149 16.000000 84.304337
v -36.453369 16.000000 85.351494
f -3 -2 -1
v -36.453369 16.000000 85.351494
v -37.596149 16.000000 84.304337
v -36.502277 16.000000 85.407265
f -3 -2 -1
v -37.596149 16.000000 84.304337
v -37.689644 16.000000 84.410942
v -36.502277 16.000000 85.407265
f -3 -2 -1
v -36.502277 16.000000 85.407265
v -37.689644 16.000000 84.410942
v -36.548698 16.000000 85.465103
f -3 -2 -1
v -37.689644 16.000000 84.410942
v -37.778400 16.000000 84.521523
v -36.548698 16.000000 85.465103
f -3 -2 -1
v -36.548698 16.000000 85.465103
v -37.778400 16.000000 84.521523
v -36.592560 16.000000 85.524918
f -3 -2 -1
v -37.778400 16.000000 84.521523
v -37.862244 16.000000 84.635880
v -36.592560 16.000000 85.524918
f -3 -2 -1
v -36.592560 16.000000 85.524918
v -37.862244 16.000000 84.635880
v -36.633766 16.000000 85.586594
f -3 -2 -1
v -37.862244 16.000000 84.635880
v -37.941025 16.000000 84.753777
v -36.633766 16.000000 85.586594
f -3 -2 -1
v -36.633766 16.000000 85.586594
v -37.941025 16.000000 84.753777
v -36.672241 16.000000 85.649994
f -3 -2 -1
v -37.941025 16.000000 84.753777
v -38.014584 16.000000 84.875000
v -36.672241 16.000000 85.649994
f -3 -2 -1
v -36.672241 16.000000 85.649994
v -38.014584 16.000000 84.875000
v -36.707920 16.000000 85.715027
f -3 -2 -1
v -38.014584 16.000000 84.875000
v -38.082787 16.000000 84.999313
v -36.707920 16.000000 85.715027
f -3 -2 -1
v -36.707920 16.000000 85.715027
v -38.082787 16.000000 84.999313
v -36.740723 16.000000 85.781555
f -3 -2 -1
v -38.082787 16.000000 84.999313
v -38.145500 16.000000 85.126488
v -36.740723 16.000000 85.781555
f -3 -2 -1
v -36.740723 16.000000 85.781555
v -38.145500 16.000000 85.126488
v -36.770592 16.000000 85.849442
f -3 -2 -1
v -38.145500 16.000000 85.126488
v -38.202610 16.000000 85.256279
v -36.770592 16.000000 85.849442
f -3 -2 -1
v -36.770592 16.000000 85.849442
v -38.202610 16.000000 85.256279
v -36.797478 16.000000 85.918571
f -3 -2 -1
v -38.202610 16.000000 85.256279
v -38.254002 16.000000 85.388435
v -36.797478 16.000000 85.918571
f -3 -2 -1
v -36.797478 16.000000 85.918571
v -38.254002 16.000000 85.388435
v -36.821320 16.000000 85.988800
f -3 -2 -1
v -38.254002 16.000000 85.388435
v -38.299580 16.000000 85.522705
v -36.821320 16.000000 85.988800
f -3 -2 -1
v -36.821320 16.000000 85.988800
v -38.299580 16.000000 85.522705
v -36.842075 16.000000 86.060013
f -3 -2 -1
v -38.299580 16.000000 85.522705
v -38.339256 16.000000 85.658844
v -36.842075 16.000000 86.060013
f -3 -2 -1
v -36.842075 16.000000 86.060013
v -38.339256 16.000000 85.658844
v -36.859703 16.000000 86.132050
f -3 -2 -1
v -38.339256 16.000000 85.658844
v -38.372963 16.000000 85.796570
v -36.859703 16.000000 86.132050
f -3 -2 -1
v -36.859703 16.000000 86.132050
v -38.372963 16.000000 85.796570
v -36.874172 16.000000 86.204796
f -3 -2 -1
v -38.372963 16.000000 85.796570
v -38.400623 16.000000 85.935646
v -36.874172 16.000000 86.204796
f -3 -2 -1
v -36.874172 16.000000 86.204796
v -38.400623 16.000000 85.935646
v -36.885456 16.000000 86.278107
f -3 -2 -1
v -38.400623 16.000000 85.935646
v -38.422195 16.000000 86.075790
v -36.885456 16.000000 86.278107
f -3 -2 -1
v -36.885456 16.000000 86.278107
v -38.422195 16.000000 86.075790
v -36.893532 16.000000 86.351837
f -3 -2 -1
v -38.422195 16.000000 86.075790
v -38.437630 16.000000 86.216743
v -36.893532 16.000000 86.351837
f -3 -2 -1
v -36.893532 16.000000 86.351837
v -38.437630 16.000000 86.216743
v -36.898380 16.000000 86.425850
f -3 -2 -1
v -38.437630 16.000000 86.216743
v -38.446907 16.000000 86.358231
v -36.898380 16.000000 86.425850
f -3 -2 -1
v -36.898380 16.000000 86.425850
v -38.446907 16.000000 86.358231
v -36.899998 16.000000 86.500000
f -3 -2 -1
v -38.446907 16.000000 86.358231
v -38.450001 16.000000 86.500000
v -36.899998 16.000000 86.500000
f -3 -2 -1
v -36.899998 16.000000 86.500000
v -38.450001 16.000000 86.500000
v -36.898380 16.000000 86.574150
f -3 -2 -1
v -38.450001 16.000000 86.500000
v -38.446907 16.000000 86.641769
v -36.898380 16.000000 86.574150
f -3 -2 -1
v -36.898380 16.000000 86.574150
v -38.446907 16.000000 86.641769
v -36.893532 16.000000 86.648163
f -3 -2 -1
v -38.446907 16.000000 86.641769
v -38.437630 16.000000 86.783249
v -36.893532 16.000000 86.648163
f -3 -2 -1
v -36.893532 16.000000 86.648163
v -38.437630 16.000000 86.783249
v -36.885456 16.000000 86.721893
f -3 -2 -1
v -38.437630 16.000000 86.783249
v -38.422195 16.000000 86.924210
v -36.885456 16.000000 86.721893
f -3 -2 -1
v -36.885456 16.000000 86.721893
v -38.422195 16.000000 86.924210
v -36.874172 16.000000 86.795204
f -3 -2 -1
v -38.422195 16.000000 86.924210
v -38.400623 16.000000 87.064354
v -36.874172 16.000000 86.795204
f -3 -2 -1
v -36.874172 16.000000 86.795204
v -38.400623 16.000000 87.064354
v -36.859703 16.000000 86.867950
f -3 -2 -1
v -38.400623 16.000000 87.064354
v -38.372963 16.000000 87.203430
v -36.859703 16.000000 86.867950
f -3 -2 -1
v -36.859703 16.000000 86.867950
v -38.372963 16.000000 87.203430
v -36.842075 16.000000 86.939987
f -3 -2 -1
v -38.372963 16.000000 87.203430
v -38.339256 16.000000 87.341156
v -36.842075 16.000000 86.939987
f -3 -2 -1
v -36.842075 16.000000 86.939987
v -38.339256 16.000000 87.341156
v -36.821320 16.000000 87.011200
f -3 -2 -1
v -38.339256 16.000000 87.341156
v -38.299580 16.000000 87.477295
v -36.821320 16.000000 87.011200
f -3 -2 -1
v -36.821320 16.000000 87.011200
v -38.299580 16.000000 87.477295
v -36.797478 16.000000 87.081436
f -3 -2 -1
v -38.299580 16.000000 87.477295
v -38.254002 16.000000 87.611565
v -36.797478 16.000000 87.081436
f -3 -2 -1
v -36.797478 16.000000 87.081436
v -38.254002 16.000000 87.611565
v -36.770592 16.000000 87.150558
f -3 -2 -1
v -38.254002 16.000000 87.611565
v -38.202610 16.000000 87.743721
v -36.770592 16.000000 87.150558
f -3 -2 -1
v -36.770592 16.000000 87.150558
v -38.202610 16.000000 87.743721
v -36.740723 16.000000 87.218445
f -3 -2 -1
v -38.202610 16.000000 87.743721
v -38.145500 16.000000 87.873512
v -36.740723 16.000000 87.218445
f -3 -2 -1
v -36.740723 16.000000 87.218445
v -38.145500 16.000000 87.873512
v -36.707920 16.000000 87.284973
f -3 -2 -1
v -38.145500 16.000000 87.873512
v -38.082787 16.000000 88.000687
v -36.707920 16.000000 87.284973
f -3 -2 -1
v -36.707920 16.000000 87.284973
v -38.082787 16.000000 88.000687
v -36.672241 16.000000 87.350006
f -3 -2 -1
v -38.082787 16.000000 88.000687
v -38.014584 16.000000 88.125000
v -36.672241 16.000000 87.350006
f -3 -2 -1
v -36.672241 16.000000 87.350006
v -38.014584 16.000000 88.125000
v -36.633766 16.000000 87.413406
f -3 -2 -1
v -38.014584 16.000000 88.125000
v -37.941025 16.000000 88.246223
v -36.633766 16.000000 87.413406
f -3 -2 -1
v -35.200001 16.000000 84.799995
v -35.200001 13.100000 84.799995
v -35.125847 16.000000 84.801620
f -3 -2 -1
v -35.200001 13.100000 84.799995
v -35.125847 13.100000 84.801620
v -35.125847 16.000000 84.801620
f -3 -2 -1
v -35.125847 16.000000 84.801620
v -35.125847 13.100000 84.801620
v -35.051834 16.000000 84.806473
f -3 -2 -1
v -35.125847 13.100000 84.801620
v -35.051834 13.100000 84.806473
v -35.051834 16.000000 84.806473
f -3 -2 -1
v -35.051834 16.000000 84.806473
v -35.051834 13.100000 84.806473
v -34.978107 16.000000 84.814545
f -3 -2 -1
v -35.051834 13.100000 84.806473
v -34.978107 13.100000 84.814545
v -34.978107 16.000000 84.814545
f -3 -2 -1
v -34.978107 16.000000 84.814545
v -34.978107 13.100000 84.814545
v -34.904797 16.000000 84.825829
f -3 -2 -1
v -34.978107 13.100000 84.814545
v -34.904797 13.100000 84.825829
v -34.904797 16.000000 84.825829
f -3 -2 -1
v -34.904797 16.000000 84.825829
v -34.904797 13.100000 84.825829
v -34.832054 16.000000 84.840302
f -3 -2 -1
v -34.904797 13.100000 84.825829
v -34.832054 13.100000 84.840302
v -34.832054 16.000000 84.840302
f -3 -2 -1
v -34.832054 16.000000 84.840302
v -34.832054 13.100000 84.840302
v -34.760006 16.000000 84.857925
f -3 -2 -1
v -34.832054 13.100000 84.840302
v -34.760006 13.100000 84.857925
v -34.760006 16.000000 84.857925
f -3 -2 -1
v -34.760006 16.000000 84.857925
v -34.760006 13.100000 84.857925
v -34.688801 16.000000 84.878685
f -3 -2 -1
v -34.760006 13.100000 84.857925
v -34.688801 13.100000 84.878685
v -34.688801 16.000000 84.878685
f -3 -2 -1
v -34.688801 16.000000 84.878685
v -34.688801 13.100000 84.878685
v -34.618565 16.000000 84.902527
f -3 -2 -1
v -34.688801 13.100000 84.878685
v -34.618565 13.100000 84.902527
v -34.618565 16.000000 84.902527
f -3 -2 -1
v -34.618565 16.000000 84.902527
v -34.618565 13.100000 84.902527
v -34.549438 16.000000 84.929405
f -3 -2 -1
v -34.618565 13.100000 84.902527
v -34.549438 13.100000 84.929405
v -34.549438 16.000000 84.929405
f -3 -2 -1
v -34.549438 16.000000 84.929405
v -34.549438 13.100000 84.929405
v -34.481548 16.000000 84.959274
f -3 -2 -1
v -34.549438 13.100000 84.929405
v -34.481548 13.100000 84.959274
v -34.481548 16.000000 84.959274
f -3 -2 -1
v -34.481548 16.000000 84.959274
v -34.481548 13.100000 84.959274
v -34.415028 16.000000 84.992081
f -3 -2 -1
v -34.481548 13.100000 84.959274
v -34.415028 13.100000 84.992081
v -34.415028 16.000000 84.992081
f -3 -2 -1
v -34.415028 16.000000 84.992081
v -34.415028 13.100000 84.992081
v -34.349998 16.000000 85.027756
f -3 -2 -1
v -34.415028 13.100000 84.992081
v -34.349998 13.100000 85.027756
v -34.349998 16.000000 85.027756
f -3 -2 -1
v -34.349998 16.000000 85.027756
v -34.349998 13.100000 85.027756
v -34.286591 16.000000 85.066238
f -3 -2 -1
v -34.349998 13.100000 85.027756
v -34.286591 13.100000 85.066238
v -34.286591 16.000000 85.066238
f -3 -2 -1
v -34.286591 16.000000 85.066238
v -34.286591 13.100000 85.066238
v -34.224918 16.000000 85.107437
f -3 -2 -1
v -34.286591 13.100000 85.066238
v -34.224918 13.100000 85.107437
v -34.224918 16.000000 85.107437
f -3 -2 -1
v -34.224918 16.000000 85.107437
v -34.224918 13.100000 85.107437
v -34.165108 16.000000 85.151299
f -3 -2 -1
v -34.224918 13.100000 85.107437
v -34.165108 13.100000 85.151299
v -34.165108 16.000000 85.151299
f -3 -2 -1
v -34.165108 16.000000 85.151299
v -34.165108 13.100000 85.151299
v -34.107262 16.000000 85.197723
f -3 -2 -1
v -34.165108 13.100000 85.151299
v -34.107262 13.100000 85.197723
v -34.107262 16.000000 85.197723
f -3 -2 -1
v -34.107262 16.000000 85.197723
v -34.107262 13.100000 85.197723
v -34.051498 16.000000 85.246628
f -3 -2 -1
v -34.107262 13.100000 85.197723
v -34.051498 13.100000 85.246628
v -34.051498 16.000000 85.246628
f -3 -2 -1
v -34.051498 16.000000 85.246628
v -34.051498 13.100000 85.246628
v -33.997921 16.000000 85.297920
f -3 -2 -1
v -34.051498 13.100000 85.246628
v -33.997921 13.100000 85.297920
v -33.997921 16.000000 85.297920
f -3 -2 -1
v -33.997921 16.000000 85.297920
v -33.997921 13.100000 85.297920
v -33.946629 16.000000 85.351494
f -3 -2 -1
v -33.997921 13.100000 85.297920
v -33.946629 13.100000 85.351494
v -33.946629 16.000000 85.351494
f -3 -2 -1
v -33.946629 16.000000 85.351494
v -33.946629 13.100000 85.351494
v -33.897724 16.000000 85.407265
f -3 -2 -1
v -33.946629 13.100000 85.351494
v -33.897724 13.100000 85.407265
v -33.897724 16.000000 85.407265
f -3 -2 -1
v -33.897724 16.000000 85.407265
v -33.897724 13.100000 85.407265
v -33.851299 16.000000 85.465103
f -3 -2 -1
v -33.897724 13.100000 85.407265
v -33.851299 13.100000 85.465103
v -33.851299 16.000000 85.465103
f -3 -2 -1
v -33.851299 16.000000 85.465103
v -33.851299 13.100000 85.465103
v -33.807442 16.000000 85.524918
f -3 -2 -1
v -33.851299 13.100000 85.465103
v -33.807442 13.100000 85.524918
v -33.807442 16.000000 85.524918
f -3 -2 -1
v -33.807442 16.000000 85.524918
v -33.807442 13.100000 85.524918
v -33.766235 16.000000 85.586594
f -3 -2 -1
v -33.807442 13.100000 85.524918
v -33.766235 13.100000 85.586594
v -33.766235 16.000000 85.586594
f -3 -2 -1
v -33.766235 16.000000 85.586594
v -33.766235 13.100000 85.586594
v -33.727757 16.000000 85.649994
f -3 -2 -1
v -33.766235 13.100000 85.586594
v -33.727757 13.100000 85.649994
v -33.727757 16.000000 85.649994
f -3 -2 -1
v -33.727757 16.000000 85.649994
v -33.727757 13.100000 85.649994
v -33.692081 16.000000 85.715027
f -3 -2 -1
v -33.727757 13.100000 85.649994
v -33.692081 13.100000 85.715027
v -33.692081 16.000000 85.715027
f -3 -2 -1
v -33.692081 16.000000 85.715027
v -33.692081 13.100000 85.715027
v -33.659275 16.000000 85.781555
f -3 -2 -1
v -33.692081 13.100000 85.715027
v -33.659275 13.100000 85.781555
v -33.659275 16.000000 85.781555
f -3 -2 -1
v -33.659275 16.000000 85.781555
v -33.659275 13.100000 85.781555
v -33.629406 16.000000 85.849442
f -3 -2 -1
v -33.659275 13.100000 85.781555
v -33.629406 13.100000 85.849442
v -33.629406 16.000000 85.849442
f -3 -2 -1
v -33.629406 16.000000 85.849442
v -33.629406 13.100000 85.849442
v -33.602520 16.000000 85.918571
f -3 -2 -1
v -33.629406 13.100000 85.849442
v -33.602520 13.100000 85.918571
v -33.602520 16.000000 85.918571
f -3 -2 -1
v -33.602520 16.000000 85.918571
v -33.602520 13.100000 85.918571
v -33.578682 16.000000 85.988800
f -3 -2 -1
v -33.602520 13.100000 85.918571
v -33.578682 13.100000 85.988800
v -33.578682 16.000000 85.988800
f -3 -2 -1
v -33.578682 16.000000 85.988800
v -33.578682 13.100000 85.988800
v -33.557926 16.000000 86.060013
f -3 -2 -1
v -33.578682 13.100000 85.988800
v -33.557926 13.100000 86.060013
v -33.557926 16.000000 86.060013
f -3 -2 -1
v -33.557926 16.000000 86.060013
v -33.557926 13.100000 86.060013
v -33.540298 16.000000 86.132050
f -3 -2 -1
v -33.557926 13.100000 86.060013
v -33.540298 13.100000 86.132050
v -33.540298 16.000000 86.132050
f -3 -2 -1
v -33.540298 16.000000 86.132050
v -33.540298 13.100000 86.132050
v -33.525829 16.000000 86.204796
f -3 -2 -1
v -33.540298 13.100000 86.132050
v -33.525829 13.100000 86.204796
v -33.525829 16.000000 86.204796
f -3 -2 -1
v -33.525829 16.000000 86.204796
v -33.525829 13.100000 86.204796
v -33.514545 16.000000 86.278107
f -3 -2 -1
v -33.525829 13.100000 86.204796
v -33.514545 13.100000 86.278107
v -33.514545 16.000000 86.278107
f -3 -2 -1
v -33.514545 16.000000 86.278107
v -33.514545 13.100000 86.278107
v -33.506470 16.000000 86.351837
f -3 -2 -1
v -33.514545 13.100000 86.278107
v -33.506470 13.100000 86.351837
v -33.506470 16.000000 86.351837
f -3 -2 -1
v -33.506470 16.000000 86.351837
v -33.506470 13.100000 86.351837
v -33.501617 16.000000 86.425850
f -3 -2 -1
v -33.506470 13.100000 86.351837
v -33.501617 13.100000 86.425850
v -33.501617 16.000000 86.425850
f -3 -2 -1
v -33.501617 16.000000 86.425850
v -33.501617 13.100000 86.425850
v -33.500000 16.000000 86.500000
f -3 -2 -1
v -33.501617 13.100000 86.425850
v -33.500000 13.100000 86.500000
v -33.500000 16.000000 86.500000
f -3 -2 -1
v -33.500000 16.000000 86.500000
v -33.500000 13.100000 86.500000
v -33.501617 16.000000 86.574150
f -3 -2 -1
v -33.500000 13.100000 86.500000
v -33.501617 13.100000 86.574150
v -33.501617 16.000000 86.574150
f -3 -2 -1
v -33.501617 16.000000 86.574150
v -33.501617 13.100000 86.574150
v -33.506470 16.000000 86.648163
f -3 -2 -1
v -33.501617 13.100000 86.574150
v -33.506470 13.100000 86.648163
v -33.506470 16.000000 86.648163
f -3 -2 -1
v -33.506470 16.000000 86.648163
v -33.506470 13.100000 86.648163
v -33.514545 16.000000 86.721893
f -3 -2 -1
v -33.506470 13.100000 86.648163
v -33.514545 13.100000 86.721893
v -33.514545 16.000000 86.721893
f -3 -2 -1
v -33.514545 16.000000 86.721893
v -33.514545 13.100000 86.721893
v -33.525829 16.000000 86.795204
f -3 -2 -1
v -33.514545 13.100000 86.721893
v -33.525829 13.100000 86.795204
v -33.525829 16.000000 86.795204
f -3 -2 -1
v -33.525829 16.000000 86.795204
v -33.525829 13.100000 86.795204
v -33.540298 16.000000 86.867950
f -3 -2 -1
v -33.525829 13.100000 86.795204
v -33.540298 13.100000 86.867950
v -33.540298 16.000000 86.867950
f -3 -2 -1
v -33.540298 16.000000 86.867950
v -33.540298 13.100000 86.867950
v -33.557926 16.000000 86.939987
f -3 -2 -1
v -33.540298 13.100000 86.867950
v -33.557926 13.100000 86.939987
v -33.557926 16.000000 86.939987
f -3 -2 -1
v -33.557926 16.000000 86.939987
v -33.557926 13.100000 86.939987
v -33.578682 16.000000 87.011200
f -3 -2 -1
v -33.557926 13.100000 86.939987
v -33.578682 13.100000 87.011200
v -33.578682 16.000000 87.011200
f -3 -2 -1
v -33.578682 16.000000 87.011200
v -33.578682 13.100000 87.011200
v -33.602520 16.000000 87.081436
f -3 -2 -1
v -33.578682 13.100000 87.011200
v -33.602520 13.100000 87.081436
v -33.602520 16.000000 87.081436
f -3 -2 -1
v -33.602520 16.000000 87.081436
v -33.602520 13.100000 87.081436
v -33.629406 16.000000 87.150558
f -3 -2 -1
v -33.602520 13.100000 87.081436
v -33.629406 13.100000 87.150558
v -33.629406 16.000000 87.150558
f -3 -2 -1
v -33.629406 16.000000 87.150558
v -33.629406 13.100000 87.150558
v -33.659275 16.000000 87.218445
f -3 -2 -1
v -33.629406 13.100000 87.150558
v -33.659275 13.100000 87.218445
v -33.659275 16.000000 87.218445
f -3 -2 -1
v -33.659275 16.000000 87.218445
v -33.659275 13.100000 87.218445
v -33.692081 16.000000 87.284973
f -3 -2 -1
v -33.659275 13.100000 87.218445
v -33.692081 13.100000 87.284973
v -33.692081 16.000000 87.284973
f -3 -2 -1
v -33.692081 16.000000 87.284973
v -33.692081 13.100000 87.284973
v -33.727757 16.000000 87.350006
f -3 -2 -1
v -33.692081 13.100000 87.284973
v -33.727757 13.100000 87.350006
v -33.727757 16.000000 87.350006
f -3 -2 -1
v -33.727757 16.000000 87.350006
v -33.727757 13.100000 87.350006
v -33.766235 16.000000 87.413406
f -3 -2 -1
v -33.727757 13.100000 87.350006
v -33.766235 13.100000 87.413406
v -33.766235 16.000000 87.413406
f -3 -2 -1
v -33.766235 16.000000 87.413406
v -33.766235 13.100000 87.413406
v -33.807442 16.000000 87.475075
f -3 -2 -1
v -33.766235 13.100000 87.413406
v -33.807442 13.100000 87.475075
v -33.807442 16.000000 87.475075
f -3 -2 -1
v -33.807442 16.000000 87.475075
v -33.807442 13.100000 87.475075
v -33.851299 16.000000 87.534897
f -3 -2 -1
v -33.807442 13.100000 87.475075
v -33.851299 13.100000 87.534897
v -33.851299 16.000000 87.534897
f -3 -2 -1
v -33.851299 16.000000 87.534897
v -33.851299 13.100000 87.534897
v -33.897724 16.000000 87.592735
f -3 -2 -1
v -33.851299 13.100000 87.534897
v -33.897724 13.100000 87.592735
v -33.897724 16.000000 87.592735
f -3 -2 -1
v -33.897724 16.000000 87.592735
v -33.897724 13.100000 87.592735
v -33.946629 16.000000 87.648506
f -3 -2 -1
v -33.897724 13.100000 87.592735
v -33.946629 13.100000 87.648506
v -33.946629 16.000000 87.648506
f -3 -2 -1
v -33.946629 16.000000 87.648506
v -33.946629 13.100000 87.648506
v -33.997921 16.000000 87.702080
f -3 -2 -1
v -33.946629 13.100000 87.648506
v -33.997921 13.100000 87.702080
v -33.997921 16.000000 87.702080
f -3 -2 -1
v -33.997921 16.000000 87.702080
v -33.997921 13.100000 87.702080
v -34.051498 16.000000 87.753372
f -3 -2 -1
v -33.997921 13.100000 87.702080
v -34.051498 13.100000 87.753372
v -34.051498 16.000000 87.753372
f -3 -2 -1
v -34.051498 16.000000 87.753372
v -34.051498 13.100000 87.753372
v -34.107262 16.000000 87.802277
f -3 -2 -1
v -34.051498 13.100000 87.753372
v -34.107262 13.100000 87.802277
v -34.107262 16.000000 87.802277
f -3 -2 -1
v -34.107262 16.000000 87.802277
v -34.107262 13.100000 87.802277
v -34.165108 16.000000 87.848701
f -3 -2 -1
v -34.107262 13.100000 87.802277
v -34.165108 13.100000 87.848701
v -34.165108 16.000000 87.848701
f -3 -2 -1
v -34.165108 16.000000 87.848701
v -34.165108 13.100000 87.848701
v -34.224918 16.000000 87.892563
f -3 -2 -1
v -34.165108 13.100000 87.848701
v -34.224918 13.100000 87.892563
v -34.224918 16.000000 87.892563
f -3 -2 -1
v -34.224918 16.000000 87.892563
v -34.224918 13.100000 87.892563
v -34.286591 16.000000 87.933762
f -3 -2 -1
v -34.224918 13.100000 87.892563
v -34.286591 13.100000 87.933762
v -34.286591 16.000000 87.933762
f -3 -2 -1
v -34.286591 16.000000 87.933762
v -34.286591 13.100000 87.933762
v -34.349998 16.000000 87.972244
f -3 -2 -1
v -34.286591 13.100000 87.933762
v -34.349998 13.100000 87.972244
v -34.349998 16.000000 87.972244
f -3 -2 -1
v -34.349998 16.000000 87.972244
v -34.349998 13.100000 87.972244
v -34.415028 16.000000 88.007919
f -3 -2 -1
v -34.349998 13.100000 87.972244
v -34.415028 13.100000 88.007919
v -34.415028 16.000000 88.007919
f -3 -2 -1
v -34.415028 16.000000 88.007919
v -34.415028 13.100000 88.007919
v -34.481548 16.000000 88.040726
f -3 -2 -1
v -34.415028 13.100000 88.007919
v -34.481548 13.100000 88.040726
v -34.481548 16.000000 88.040726
f -3 -2 -1
v -34.481548 16.000000 88.040726
v -34.481548 13.100000 88.040726
v -34.549438 16.000000 88.070595
f -3 -2 -1
v -34.481548 13.100000 88.040726
v -34.549438 13.100000 88.070595
v -34.549438 16.000000 88.070595
f -3 -2 -1
v -34.549438 16.000000 88.070595
v -34.549438 13.100000 88.070595
v -34.618565 16.000000 88.097473
f -3 -2 -1
v -34.549438 13.100000 88.070595
v -34.618565 13.100000 88.097473
v -34.618565 16.000000 88.097473
f -3 -2 -1
v -34.618565 16.000000 88.097473
v -34.618565 13.100000 88.097473
v -34.688801 16.000000 88.121315
f -3 -2 -1
v -34.618565 13.100000 88.097473
v -34.688801 13.100000 88.121315
v -34.688801 16.000000 88.121315
f -3 -2 -1
v -34.688801 16.000000 88.121315
v -34.688801 13.100000 88.121315
v -34.760006 16.000000 88.142075
f -3 -2 -1
v -34.688801 13.100000 88.121315
v -34.760006 13.100000 88.142075
v -34.760006 16.000000 88.142075
f -3 -2 -1
v -34.760006 16.000000 88.142075
v -34.760006 13.100000 88.142075
v -34.832054 16.000000 88.159706
f -3 -2 -1
v -34.760006 13.100000 88.142075
v -34.832054 13.100000 88.159706
v -34.832054 16.000000 88.159706
f -3 -2 -1
v -34.832054 16.000000 88.159706
v -34.832054 13.100000 88.159706
v -34.904797 16.000000 88.174171
f -3 -2 -1
v -34.832054 13.100000 88.159706
v -34.904797 13.100000 88.174171
v -34.904797 16.000000 88.174171
f -3 -2 -1
v -34.904797 16.000000 88.174171
v -34.904797 13.100000 88.174171
v -34.978107 16.000000 88.185463
f -3 -2 -1
v -34.904797 13.100000 88.174171
v -34.978107 13.100000 88.185463
v -34.978107 16.000000 88.185463
f -3 -2 -1
v -34.978107 16.000000 88.185463
v -34.978107 13.100000 88.185463
v -35.051834 16.000000 88.193527
f -3 -2 -1
v -34.978107 13.100000 88.185463
v -35.051834 13.100000 88.193527
v -35.051834 16.000000 88.193527
f -3 -2 -1
v -35.051834 16.000000 88.193527
v -35.051834 13.100000 88.193527
v -35.125847 16.000000 88.198380
f -3 -2 -1
v -35.051834 13.100000 88.193527
v -35.125847 13.100000 88.198380
v -35.125847 16.000000 88.198380
f -3 -2 -1
v -35.125847 16.000000 88.198380
v -35.125847 13.100000 88.198380
v -35.200001 16.000000 88.200005
f -3 -2 -1
v -35.125847 13.100000 88.198380
v -35.200001 13.100000 88.200005
v -35.200001 16.000000 88.200005
f -3 -2 -1
v -35.200001 16.000000 88.200005
v -35.200001 13.100000 88.200005
v -35.274151 16.000000 88.198380
f -3 -2 -1
v -35.200001 13.100000 88.200005
v -35.274151 13.100000 88.198380
v -35.274151 16.000000 88.198380
f -3 -2 -1
v -35.274151 16.000000 88.198380
v -35.274151 13.100000 88.198380
v -35.348167 16.000000 88.193527
f -3 -2 -1
v -35.274151 13.100000 88.198380
v -35.348167 13.100000 88.193527
v -35.348167 16.000000 88.193527
f -3 -2 -1
v -35.348167 16.000000 88.193527
v -35.348167 13.100000 88.193527
v -35.421894 16.000000 88.185463
f -3 -2 -1
v -35.348167 13.100000 88.193527
v -35.421894 13.100000 88.185463
v -35.421894 16.000000 88.185463
f -3 -2 -1
v -35.421894 16.000000 88.185463
v -35.421894 13.100000 88.185463
v -35.495201 16.000000 88.174171
f -3 -2 -1
v -35.421894 13.100000 88.185463
v -35.495201 13.100000 88.174171
v -35.495201 16.000000 88.174171
f -3 -2 -1
v -35.495201 16.000000 88.174171
v -35.495201 13.100000 88.174171
v -35.567947 16.000000 88.159706
f -3 -2 -1
v -35.495201 13.100000 88.174171
v -35.567947 13.100000 88.159706
v -35.567947 16.000000 88.159706
f -3 -2 -1
v -35.567947 16.000000 88.159706
v -35.567947 13.100000 88.159706
v -35.639996 16.000000 88.142075
f -3 -2 -1
v -35.567947 13.100000 88.159706
v -35.639996 13.100000 88.142075
v -35.639996 16.000000 88.142075
f -3 -2 -1
v -35.639996 16.000000 88.142075
v -35.639996 13.100000 88.142075
v -35.711201 16.000000 88.121315
f -3 -2 -1
v -35.639996 13.100000 88.142075
v -35.711201 13.100000 88.121315
v -35.711201 16.000000 88.121315
f -3 -2 -1
v -35.711201 16.000000 88.121315
v -35.711201 13.100000 88.121315
v -35.781437 16.000000 88.097473
f -3 -2 -1
v -35.711201 13.100000 88.121315
v -35.781437 13.100000 88.097473
v -35.781437 16.000000 88.097473
f -3 -2 -1
v -35.781437 16.000000 88.097473
v -35.781437 13.100000 88.097473
v -35.850563 16.000000 88.070595
f -3 -2 -1
v -35.781437 13.100000 88.097473
v -35.850563 13.100000 88.070595
v -35.850563 16.000000 88.070595
f -3 -2 -1
v -35.850563 16.000000 88.070595
v -35.850563 13.100000 88.070595
v -35.918453 16.000000 88.040726
f -3 -2 -1
v -35.850563 13.100000 88.070595
v -35.918453 13.100000 88.040726
v -35.918453 16.000000 88.040726
f -3 -2 -1
v -35.918453 16.000000 88.040726
v -35.918453 13.100000 88.040726
v -35.984974 16.000000 88.007919
f -3 -2 -1
v -35.918453 13.100000 88.040726
v -35.984974 13.100000 88.007919
v -35.984974 16.000000 88.007919
f -3 -2 -1
v -35.984974 16.000000 88.007919
v -35.984974 13.100000 88.007919
v -36.049999 16.000000 87.972244
f -3 -2 -1
v -35.984974 13.100000 88.007919
v -36.049999 13.100000 87.972244
v -36.049999 16.000000 87.972244
f -3 -2 -1
v -36.049999 16.000000 87.972244
v -36.049999 13.100000 87.972244
v -36.113411 16.000000 87.933762
f -3 -2 -1
v -36.049999 13.100000 87.972244
v -36.113411 13.100000 87.933762
v -36.113411 16.000000 87.933762
f -3 -2 -1
v -36.113411 16.000000 87.933762
v -36.113411 13.100000 87.933762
v -36.175079 16.000000 87.892563
f -3 -2 -1
v -36.113411 13.100000 87.933762
v -36.175079 13.100000 87.892563
v -36.175079 16.000000 87.892563
f -3 -2 -1
v -36.175079 16.000000 87.892563
v -36.175079 13.100000 87.892563
v -36.234894 16.000000 87.848701
f -3 -2 -1
v -36.175079 13.100000 87.892563
v -36.234894 13.100000 87.848701
v -36.234894 16.000000 87.848701
f -3 -2 -1
v -36.234894 16.000000 87.848701
v -36.234894 13.100000 87.848701
v -36.292740 16.000000 87.802277
f -3 -2 -1
v -36.234894 13.100000 87.848701
v -36.292740 13.100000 87.802277
v -36.292740 16.000000 87.802277
f -3 -2 -1
v -36.292740 16.000000 87.802277
v -36.292740 13.100000 87.802277
v -36.348503 16.000000 87.753372
f -3 -2 -1
v -36.292740 13.100000 87.802277
v -36.348503 13.100000 87.753372
v -36.348503 16.000000 87.753372
f -3 -2 -1
v -36.348503 16.000000 87.753372
v -36.348503 13.100000 87.753372
v -36.402081 16.000000 87.702080
f -3 -2 -1
v -36.348503 13.100000 87.753372
v -36.402081 13.100000 87.702080
v -36.402081 16.000000 87.702080
f -3 -2 -1
v -36.402081 16.000000 87.702080
v -36.402081 13.100000 87.702080
v -36.453369 16.000000 87.648506
f -3 -2 -1
v -36.402081 13.100000 87.702080
v -36.453369 13.100000 87.648506
v -36.453369 16.000000 87.648506
f -3 -2 -1
v -36.453369 16.000000 87.648506
v -36.453369 13.100000 87.648506
v -36.502277 16.000000 87.592735
f -3 -2 -1
v -36.453369 13.100000 87.648506
v -36.502277 13.100000 87.592735
v -36.502277 16.000000 87.592735
f -3 -2 -1
v -36.502277 16.000000 87.592735
v -36.502277 13.100000 87.592735
v -36.548698 16.000000 87.534897
f -3 -2 -1
v -36.502277 13.100000 87.592735
v -36.548698 13.100000 87.534897
v -36.548698 16.000000 87.534897
f -3 -2 -1
v -36.548698 16.000000 87.534897
v -36.548698 13.100000 87.534897
v -36.592560 16.000000 87.475075
f -3 -2 -1
v -36.548698 13.100000 87.534897
v -36.592560 13.100000 87.475075
v -36.592560 16.000000 87.475075
f -3 -2 -1
v -36.592560 16.000000 87.475075
v -36.592560 13.100000 87.475075
v -36.633766 16.000000 87.413406
f -3 -2 -1
v -36.592560 13.100000 87.475075
v -36.633766 13.100000 87.413406
v -36.633766 16.000000 87.413406
f -3 -2 -1
v -36.633766 16.000000 87.413406
v -36.633766 13.100000 87.413406
v -36.672241 16.000000 87.350006
f -3 -2 -1
v -36.633766 13.100000 87.413406
v -36.672241 13.100000 87.350006
v -36.672241 16.000000 87.350006
f -3 -2 -1
v -36.672241 16.000000 87.350006
v -36.672241 13.100000 87.350006
v -36.707920 16.000000 87.284973
f -3 -2 -1
v -36.672241 13.100000 87.350006
v -36.707920 13.100000 87.284973
v -36.707920 16.000000 87.284973
f -3 -2 -1
v -36.707920 16.000000 87.284973
v -36.707920 13.100000 87.284973
v -36.740723 16.000000 87.218445
f -3 -2 -1
v -36.707920 13.100000 87.284973
v -36.740723 13.100000 87.218445
v -36.740723 16.000000 87.218445
f -3 -2 -1
v -36.740723 16.000000 87.218445
v -36.740723 13.100000 87.218445
v -36.770592 16.000000 87.150558
f -3 -2 -1
v -36.740723 13.100000 87.218445
v -36.770592 13.100000 87.150558
v -36.770592 16.000000 87.150558
f -3 -2 -1
v -36.770592 16.000000 87.150558
v -36.770592 13.100000 87.150558
v -36.797478 16.000000 87.081436
f -3 -2 -1
v -36.770592 13.100000 87.150558
v -36.797478 13.100000 87.081436
v -36.797478 16.000000 87.081436
f -3 -2 -1
v -36.797478 16.000000 87.081436
v -36.797478 13.100000 87.081436
v -36.821320 16.000000 87.011200
f -3 -2 -1
v -36.797478 13.100000 87.081436
v -36.821320 13.100000 87.011200
v -36.821320 16.000000 87.011200
f -3 -2 -1
v -36.821320 16.000000 87.011200
v -36.821320 13.100000 87.011200
v -36.842075 16.000000 86.939987
f -3 -2 -1
v -36.821320 13.100000 87.011200
v -36.842075 13.100000 86.939987
v -36.842075 16.000000 86.939987
f -3 -2 -1
v -36.842075 16.000000 86.939987
v -36.842075 13.100000 86.939987
v -36.859703 16.000000 86.867950
f -3 -2 -1
v -36.842075 13.100000 86.939987
v -36.859703 13.100000 86.867950
v -36.859703 16.000000 86.867950
f -3 -2 -1
v -36.859703 16.000000 86.867950
v -36.859703 13.100000 86.867950
v -36.874172 16.000000 86.795204
f -3 -2 -1
v -36.859703 13.100000 86.867950
v -36.874172 13.100000 86.795204
v -36.874172 16.000000 86.795204
f -3 -2 -1
v -36.874172 16.000000 86.795204
v -36.874172 13.100000 86.795204
v -36.885456 16.000000 86.721893
f -3 -2 -1
v -36.874172 13.100000 86.795204
v -36.885456 13.100000 86.721893
v -36.885456 16.000000 86.721893
f -3 -2 -1
v -36.885456 16.000000 86.721893
v -36.885456 13.100000 86.721893
v -36.893532 16.000000 86.648163
f -3 -2 -1
v -36.885456 13.100000 86.721893
v -36.893532 13.100000 86.648163
v -36.893532 16.000000 86.648163
f -3 -2 -1
v -36.893532 16.000000 86.648163
v -36.893532 13.100000 86.648163
v -36.898380 16.000000 86.574150
f -3 -2 -1
v -36.893532 13.100000 86.648163
v -36.898380 13.100000 86.574150
v -36.898380 16.000000 86.574150
f -3 -2 -1
v -36.898380 16.000000 86.574150
v -36.898380 13.100000 86.574150
v -36.899998 16.000000 86.500000
f -3 -2 -1
v -36.898380 13.100000 86.574150
v -36.899998 13.100000 86.500000
v -36.899998 16.000000 86.500000
f -3 -2 -1
v -36.899998 16.000000 86.500000
v -36.899998 13.100000 86.500000
v -36.898380 16.000000 86.425850
f -3 -2 -1
v -36.899998 13.100000 86.500000
v -36.898380 13.100000 86.425850
v -36.898380 16.000000 86.425850
f -3 -2 -1
v -36.898380 16.000000 86.425850
v -36.898380 13.100000 86.425850
v -36.893532 16.000000 86.351837
f -3 -2 -1
v -36.898380 13.100000 86.425850
v -36.893532 13.100000 86.351837
v -36.893532 16.000000 86.351837
f -3 -2 -1
v -36.893532 16.000000 86.351837
v -36.893532 13.100000 86.351837
v -36.885456 16.000000 86.278107
f -3 -2 -1
v -36.893532 13.100000 86.351837
v -36.885456 13.100000 86.278107
v -36.885456 16.000000 86.278107
f -3 -2 -1
v -36.885456 16.000000 86.278107
v -36.885456 13.100000 86.278107
v -36.874172 16.000000 86.204796
f -3 -2 -1
v -36.885456 13.100000 86.278107
v -36.874172 13.100000 86.204796
v -36.874172 16.000000 86.204796
f -3 -2 -1
v -36.874172 16.000000 86.204796
v -36.874172 13.100000 86.204796
v -36.859703 16.000000 86.132050
f -3 -2 -1
v -36.874172 13.100000 86.204796
v -36.859703 13.100000 86.132050
v -36.859703 16.000000 86.132050
f -3 -2 -1
v -36.859703 16.000000 86.132050
v -36.859703 13.100000 86.132050
v -36.842075 16.000000 86.060013
f -3 -2 -1
v -36.859703 13.100000 86.132050
v -36.842075 13.100000 86.060013
v -36.842075 16.000000 86.060013
f -3 -2 -1
v -36.842075 16.000000 86.060013
v -36.842075 13.100000 86.060013
v -36.821320 16.000000 85.988800
f -3 -2 -1
v -36.842075 13.100000 86.060013
v -36.821320 13.100000 85.988800
v -36.821320 16.000000 85.988800
f -3 -2 -1
v -36.821320 16.000000 85.988800
v -36.821320 13.100000 85.988800
v -36.797478 16.000000 85.918571
f -3 -2 -1
v -36.821320 13.100000 85.988800
v -36.797478 13.100000 85.918571
v -36.797478 16.000000 85.918571
f -3 -2 -1
v -36.797478 16.000000 85.918571
v -36.797478 13.100000 85.918571
v -36.770592 16.000000 85.849442
f -3 -2 -1
v -36.797478 13.100000 85.918571
v -36.770592 13.100000 85.849442
v -36.770592 16.000000 85.849442
f -3 -2 -1
v -36.770592 16.000000 85.849442
v -36.770592 13.100000 85.849442
v -36.740723 16.000000 85.781555
f -3 -2 -1
v -36.770592 13.100000 85.849442
v -36.740723 13.100000 85.781555
v -36.740723 16.000000 85.781555
f -3 -2 -1
v -36.740723 16.000000 85.781555
v -36.740723 13.100000 85.781555
v -36.707920 16.000000 85.715027
f -3 -2 -1
v -36.740723 13.100000 85.781555
v -36.707920 13.100000 85.715027
v -36.707920 16.000000 85.715027
f -3 -2 -1
v -36.707920 16.000000 85.715027
v -36.707920 13.100000 85.715027
v -36.672241 16.000000 85.649994
f -3 -2 -1
v -36.707920 13.100000 85.715027
v -36.672241 13.100000 85.649994
v -36.672241 16.000000 85.649994
f -3 -2 -1
v -36.672241 16.000000 85.649994
v -36.672241 13.100000 85.649994
v -36.633766 16.000000 85.586594
f -3 -2 -1
v -36.672241 13.100000 85.649994
v -36.633766 13.100000 85.586594
v -36.633766 16.000000 85.586594
f -3 -2 -1
v -36.633766 16.000000 85.586594
v -36.633766 13.100000 85.586594
v -36.592560 16.000000 85.524918
f -3 -2 -1
v -36.633766 13.100000 85.586594
v -36.592560 13.100000 85.524918
v -36.592560 16.000000 85.524918
f -3 -2 -1
v -36.592560 16.000000 85.524918
v -36.592560 13.100000 85.524918
v -36.548698 16.000000 85.465103
f -3 -2 -1
v -36.592560 13.100000 85.524918
v -36.548698 13.100000 85.465103
v -36.548698 16.000000 85.465103
f -3 -2 -1
v -36.548698 16.000000 85.465103
v -36.548698 13.100000 85.465103
v -36.502277 16.000000 85.407265
f -3 -2 -1
v -36.548698 13.100000 85.465103
v -36.502277 13.100000 85.407265
v -36.502277 16.000000 85.407265
f -3 -2 -1
v -36.502277 16.000000 85.407265
v -36.502277 13.100000 85.407265
v -36.453369 16.000000 85.351494
f -3 -2 -1
v -36.502277 13.100000 85.407265
v -36.453369 13.100000 85.351494
v -36.453369 16.000000 85.351494
f -3 -2 -1
v -36.453369 16.000000 85.351494
v -36.453369 13.100000 85.351494
v -36.402081 16.000000 85.297920
f -3 -2 -1
v -36.453369 13.100000 85.351494
v -36.402081 13.100000 85.297920
v -36.402081 16.000000 85.297920
f -3 -2 -1
v -36.402081 16.000000 85.297920
v -36.402081 13.100000 85.297920
v -36.348503 16.000000 85.246628
f -3 -2 -1
v -36.402081 13.100000 85.297920
v -36.348503 13.100000 85.246628
v -36.348503 16.000000 85.246628
f -3 -2 -1
v -36.348503 16.000000 85.246628
v -36.348503 13.100000 85.246628
v -36.292740 16.000000 85.197723
f -3 -2 -1
v -36.348503 13.100000 85.246628
v -36.292740 13.100000 85.197723
v -36.292740 16.000000 85.197723
f -3 -2 -1
v -36.292740 16.000000 85.197723
v -36.292740 13.100000 85.197723
v -36.234894 16.000000 85.151299
f -3 -2 -1
v -36.292740 13.100000 85.197723
v -36.234894 13.100000 85.151299
v -36.234894 16.000000 85.151299
f -3 -2 -1
v -36.234894 16.000000 85.151299
v -36.234894 13.100000 85.151299
v -36.175079 16.000000 85.107437
f -3 -2 -1
v -36.234894 13.100000 85.151299
v -36.175079 13.100000 85.107437
v -36.175079 16.000000 85.107437
f -3 -2 -1
v -36.175079 16.000000 85.107437
v -36.175079 13.100000 85.107437
v -36.113411 16.000000 85.066238
f -3 -2 -1
v -36.175079 13.100000 85.107437
v -36.113411 13.100000 85.066238
v -36.113411 16.000000 85.066238
f -3 -2 -1
v -36.113411 16.000000 85.066238
v -36.113411 13.100000 85.066238
v -36.049999 16.000000 85.027756
f -3 -2 -1
v -36.113411 13.100000 85.066238
v -36.049999 13.100000 85.027756
v -36.049999 16.000000 85.027756
f -3 -2 -1
v -36.049999 16.000000 85.027756
v -36.049999 13.100000 85.027756
v -35.984974 16.000000 84.992081
f -3 -2 -1
v -36.049999 13.100000 85.027756
v -35.984974 13.100000 84.992081
v -35.984974 16.000000 84.992081
f -3 -2 -1
v -35.984974 16.000000 84.992081
v -35.984974 13.100000 84.992081
v -35.918453 16.000000 84.959274
f -3 -2 -1
v -35.984974 13.100000 84.992081
v -35.918453 13.100000 84.959274
v -35.918453 16.000000 84.959274
f -3 -2 -1
v -35.918453 16.000000 84.959274
v -35.918453 13.100000 84.959274
v -35.850563 16.000000 84.929405
f -3 -2 -1
v -35.918453 13.100000 84.959274
v -35.850563 13.100000 84.929405
v -35.850563 16.000000 84.929405
f -3 -2 -1
v -35.850563 16.000000 84.929405
v -35.850563 13.100000 84.929405
v -35.781437 16.000000 84.902527
f -3 -2 -1
v -35.850563 13.100000 84.929405
v -35.781437 13.100000 84.902527
v -35.781437 16.000000 84.902527
f -3 -2 -1
v -35.781437 16.000000 84.902527
v -35.781437 13.100000 84.902527
v -35.711201 16.000000 84.878685
f -3 -2 -1
v -35.781437 13.100000 84.902527
v -35.711201 13.100000 84.878685
v -35.711201 16.000000 84.878685
f -3 -2 -1
v -35.711201 16.000000 84.878685
v -35.711201 13.100000 84.878685
v -35.639996 16.000000 84.857925
f -3 -2 -1
v -35.711201 13.100000 84.878685
v -35.639996 13.100000 84.857925
v -35.639996 16.000000 84.857925
f -3 -2 -1
v -35.639996 16.000000 84.857925
v -35.639996 13.100000 84.857925
v -35.567947 16.000000 84.840302
f -3 -2 -1
v -35.639996 13.100000 84.857925
v -35.567947 13.100000 84.840302
v -35.567947 16.000000 84.840302
f -3 -2 -1
v -35.567947 16.000000 84.840302
v -35.567947 13.100000 84.840302
v -35.495201 16.000000 84.825829
f -3 -2 -1
v -35.567947 13.100000 84.840302
v -35.495201 13.100000 84.825829
v -35.495201 16.000000 84.825829
f -3 -2 -1
v -35.495201 16.000000 84.825829
v -35.495201 13.100000 84.825829
v -35.421894 16.000000 84.814545
f -3 -2 -1
v -35.495201 13.100000 84.825829
v -35.421894 13.100000 84.814545
v -35.421894 16.000000 84.814545
f -3 -2 -1
v -35.421894 16.000000 84.814545
v -35.421894 13.100000 84.814545
v -35.348167 16.000000 84.806473
f -3 -2 -1
v -35.421894 13.100000 84.814545
v -35.348167 13.100000 84.806473
v -35.348167 16.000000 84.806473
f -3 -2 -1
v -35.348167 16.000000 84.806473
v -35.348167 13.100000 84.806473
v -35.274151 16.000000 84.801620
f -3 -2 -1
v -35.348167 13.100000 84.806473
v -35.274151 13.100000 84.801620
v -35.274151 16.000000 84.801620
f -3 -2 -1
v -35.274151 16.000000 84.801620
v -35.274151 13.100000 84.801620
v -35.200001 16.000000 84.799995
f -3 -2 -1
v -35.274151 13.100000 84.801620
v -35.200001 13.100000 84.799995
v -35.200001 16.000000 84.799995
f -3 -2 -1
v -35.200001 19.000000 118.250000
v -35.200001 16.000000 118.250000
v -35.058239 19.000000 118.253098
f -3 -2 -1
v -35.200001 16.000000 118.250000
v -35.058239 16.000000 118.253098
v -35.058239 19.000000 118.253098
f -3 -2 -1
v -35.058239 19.000000 118.253098
v -35.058239 16.000000 118.253098
v -34.916744 19.000000 118.262367
f -3 -2 -1
v -35.058239 16.000000 118.253098
v -34.916744 16.000000 118.262367
v -34.916744 19.000000 118.262367
f -3 -2 -1
v -34.916744 19.000000 118.262367
v -34.916744 16.000000 118.262367
v -34.775791 19.000000 118.277802
f -3 -2 -1
v -34.916744 16.000000 118.262367
v -34.775791 16.000000 118.277802
v -34.775791 19.000000 118.277802
f -3 -2 -1
v -34.775791 19.000000 118.277802
v -34.775791 16.000000 118.277802
v -34.635643 19.000000 118.299370
f -3 -2 -1
v -34.775791 16.000000 118.277802
v -34.635643 16.000000 118.299370
v -34.635643 19.000000 118.299370
f -3 -2 -1
v -34.635643 19.000000 118.299370
v -34.635643 16.000000 118.299370
v -34.496571 19.000000 118.327034
f -3 -2 -1
v -34.635643 16.000000 118.299370
v -34.496571 16.000000 118.327034
v -34.496571 19.000000 118.327034
f -3 -2 -1
v -34.496571 19.000000 118.327034
v -34.496571 16.000000 118.327034
v -34.358837 19.000000 118.360741
f -3 -2 -1
v -34.496571 16.000000 118.327034
v -34.358837 16.000000 118.360741
v -34.358837 19.000000 118.360741
f -3 -2 -1
v -34.358837 19.000000 118.360741
v -34.358837 16.000000 118.360741
v -34.222706 19.000000 118.400414
f -3 -2 -1
v -34.358837 16.000000 118.360741
v -34.222706 16.000000 118.400414
v -34.222706 19.000000 118.400414
f -3 -2 -1
v -34.222706 19.000000 118.400414
v -34.222706 16.000000 118.400414
v -34.088432 19.000000 118.445999
f -3 -2 -1
v -34.222706 16.000000 118.400414
v -34.088432 16.000000 118.445999
v -34.088432 19.000000 118.445999
f -3 -2 -1
v -34.088432 19.000000 118.445999
v -34.088432 16.000000 118.445999
v -33.956280 19.000000 118.497391
f -3 -2 -1
v -34.088432 16.000000 118.445999
v -33.956280 16.000000 118.497391
v -33.956280 19.000000 118.497391
f -3 -2 -1
v -33.956280 19.000000 118.497391
v -33.956280 16.000000 118.497391
v -33.826488 19.000000 118.554504
f -3 -2 -1
v -33.956280 16.000000 118.497391
v -33.826488 16.000000 118.554504
v -33.826488 19.000000 118.554504
f -3 -2 -1
v -33.826488 19.000000 118.554504
v -33.826488 16.000000 118.554504
v -33.699318 19.000000 118.617218
f -3 -2 -1
v -33.826488 16.000000 118.554504
v -33.699318 16.000000 118.617218
v -33.699318 19.000000 118.617218
f -3 -2 -1
v -33.699318 19.000000 118.617218
v -33.699318 16.000000 118.617218
v -33.574997 19.000000 118.685417
f -3 -2 -1
v -33.699318 16.000000 118.617218
v -33.574997 16.000000 118.685417
v -33.574997 19.000000 118.685417
f -3 -2 -1
v -33.574997 19.000000 118.685417
v -33.574997 16.000000 118.685417
v -33.453777 19.000000 118.758980
f -3 -2 -1
v -33.574997 16.000000 118.685417
v -33.453777 16.000000 118.758980
v -33.453777 19.000000 118.758980
f -3 -2 -1
v -33.453777 19.000000 118.758980
v -33.453777 16.000000 118.758980
v -33.335876 19.000000 118.837761
f -3 -2 -1
v -33.453777 16.000000 118.758980
v -33.335876 16.000000 118.837761
v -33.335876 19.000000 118.837761
f -3 -2 -1
v -33.335876 19.000000 118.837761
v -33.335876 16.000000 118.837761
v -33.221523 19.000000 118.921600
f -3 -2 -1
v -33.335876 16.000000 118.837761
v -33.221523 16.000000 118.921600
v -33.221523 19.000000 118.921600
f -3 -2 -1
v -33.221523 19.000000 118.921600
v -33.221523 16.000000 118.921600
v -33.110939 19.000000 119.010361
f -3 -2 -1
v -33.221523 16.000000 118.921600
v -33.110939 16.000000 119.010361
v -33.110939 19.000000 119.010361
f -3 -2 -1
v -33.110939 19.000000 119.010361
v -33.110939 16.000000 119.010361
v -33.004333 19.000000 119.103851
f -3 -2 -1
v -33.110939 16.000000 119.010361
v -33.004333 16.000000 119.103851
v -33.004333 19.000000 119.103851
f -3 -2 -1
v -33.004333 19.000000 119.103851
v -33.004333 16.000000 119.103851
v -32.901901 19.000000 119.201904
f -3 -2 -1
v -33.004333 16.000000 119.103851
v -32.901901 16.000000 119.201904
v -32.901901 19.000000 119.201904
f -3 -2 -1
v -32.901901 19.000000 119.201904
v -32.901901 16.000000 119.201904
v -32.803848 19.000000 119.304329
f -3 -2 -1
v -32.901901 16.000000 119.201904
v -32.803848 16.000000 119.304329
v -32.803848 19.000000 119.304329
f -3 -2 -1
v -32.803848 19.000000 119.304329
v -32.803848 16.000000 119.304329
v -32.710354 19.000000 119.410942
f -3 -2 -1
v -32.803848 16.000000 119.304329
v -32.710354 16.000000 119.410942
v -32.710354 19.000000 119.410942
f -3 -2 -1
v -32.710354 19.000000 119.410942
v -32.710354 16.000000 119.410942
v -32.621605 19.000000 119.521530
f -3 -2 -1
v -32.710354 16.000000 119.410942
v -32.621605 16.000000 119.521530
v -32.621605 19.000000 119.521530
f -3 -2 -1
v -32.621605 19.000000 119.521530
v -32.621605 16.000000 119.521530
v -32.537754 19.000000 119.635880
f -3 -2 -1
v -32.621605 16.000000 119.521530
v -32.537754 16.000000 119.635880
v -32.537754 19.000000 119.635880
f -3 -2 -1
v -32.537754 19.000000 119.635880
v -32.537754 16.000000 119.635880
v -32.458981 19.000000 119.753777
f -3 -2 -1
v -32.537754 16.000000 119.635880
v -32.458981 16.000000 119.753777
v -32.458981 19.000000 119.753777
f -3 -2 -1
v -32.458981 19.000000 119.753777
v -32.458981 16.000000 119.753777
v -32.385418 19.000000 119.875000
f -3 -2 -1
v -32.458981 16.000000 119.753777
v -32.385418 16.000000 119.875000
v -32.385418 19.000000 119.875000
f -3 -2 -1
v -32.385418 19.000000 119.875000
v -32.385418 16.000000 119.875000
v -32.317215 19.000000 119.999321
f -3 -2 -1
v -32.385418 16.000000 119.875000
v -32.317215 16.000000 119.999321
v -32.317215 19.000000 119.999321
f -3 -2 -1
v -32.317215 19.000000 119.999321
v -32.317215 16.000000 119.999321
v -32.254498 19.000000 120.126495
f -3 -2 -1
v -32.317215 16.000000 119.999321
v -32.254498 16.000000 120.126495
v -32.254498 19.000000 120.126495
f -3 -2 -1
v -32.254498 19.000000 120.126495
v -32.254498 16.000000 120.126495
v -32.197392 19.000000 120.256279
f -3 -2 -1
v -32.254498 16.000000 120.126495
v -32.197392 16.000000 120.256279
v -32.197392 19.000000 120.256279
f -3 -2 -1
v -32.197392 19.000000 120.256279
v -32.197392 16.000000 120.256279
v -32.146000 19.000000 120.388435
f -3 -2 -1
v -32.197392 16.000000 120.256279
v -32.146000 16.000000 120.388435
v -32.146000 19.000000 120.388435
f -3 -2 -1
v -32.146000 19.000000 120.388435
v -32.146000 16.000000 120.388435
v -32.100422 19.000000 120.522705
f -3 -2 -1
v -32.146000 16.000000 120.388435
v -32.100422 16.000000 120.522705
v -32.100422 19.000000 120.522705
f -3 -2 -1
v -32.100422 19.000000 120.522705
v -32.100422 16.000000 120.522705
v -32.060741 19.000000 120.658836
f -3 -2 -1
v -32.100422 16.000000 120.522705
v -32.060741 16.000000 120.658836
v -32.060741 19.000000 120.658836
f -3 -2 -1
v -32.060741 19.000000 120.658836
v -32.060741 16.000000 120.658836
v -32.027039 19.000000 120.796570
f -3 -2 -1
v -32.060741 16.000000 120.658836
v -32.027039 16.000000 120.796570
v -32.027039 19.000000 120.796570
f -3 -2 -1
v -32.027039 19.000000 120.796570
v -32.027039 16.000000 120.796570
v -31.999376 19.000000 120.935638
f -3 -2 -1
v -32.027039 16.000000 120.796570
v -31.999376 16.000000 120.935638
v -31.999376 19.000000 120.935638
f -3 -2 -1
v -31.999376 19.000000 120.935638
v -31.999376 16.000000 120.935638
v -31.977802 19.000000 121.075790
f -3 -2 -1
v -31.999376 16.000000 120.935638
v -31.977802 16.000000 121.075790
v -31.977802 19.000000 121.075790
f -3 -2 -1
v -31.977802 19.000000 121.075790
v -31.977802 16.000000 121.075790
v -31.962368 19.000000 121.216743
f -3 -2 -1
v -31.977802 16.000000 121.075790
v -31.962368 16.000000 121.216743
v -31.962368 19.000000 121.216743
f -3 -2 -1
v -31.962368 19.000000 121.216743
v -31.962368 16.000000 121.216743
v -31.953093 19.000000 121.358238
f -3 -2 -1
v -31.962368 16.000000 121.216743
v -31.953093 16.000000 121.358238
v -31.953093 19.000000 121.358238
f -3 -2 -1
v -31.953093 19.000000 121.358238
v -31.953093 16.000000 121.358238
v -31.950001 19.000000 121.500000
f -3 -2 -1
v -31.953093 16.000000 121.358238
v -31.950001 16.000000 121.500000
v -31.950001 19.000000 121.500000
f -3 -2 -1
v -31.950001 19.000000 121.500000
v -31.950001 16.000000 121.500000
v -31.953093 19.000000 121.641762
f -3 -2 -1
v -31.950001 16.000000 121.500000
v -31.953093 16.000000 121.641762
v -31.953093 19.000000 121.641762
f -3 -2 -1
v -31.953093 19.000000 121.641762
v -31.953093 16.000000 121.641762
v -31.962368 19.000000 121.783257
f -3 -2 -1
v -31.953093 16.000000 121.641762
v -31.962368 16.000000 121.783257
v -31.962368 19.000000 121.783257
f -3 -2 -1
v -31.962368 19.000000 121.783257
v -31.962368 16.000000 121.783257
v -31.977802 19.000000 121.924210
f -3 -2 -1
v -31.962368 16.000000 121.783257
v -31.977802 16.000000 121.924210
v -31.977802 19.000000 121.924210
f -3 -2 -1
v -31.977802 19.000000 121.924210
v -31.977802 16.000000 121.924210
v -31.999376 19.000000 122.064362
f -3 -2 -1
v -31.977802 16.000000 121.924210
v -31.999376 16.000000 122.064362
v -31.999376 19.000000 122.064362
f -3 -2 -1
v -31.999376 19.000000 122.064362
v -31.999376 16.000000 122.064362
v -32.027039 19.000000 122.203430
f -3 -2 -1
v -31.999376 16.000000 122.064362
v -32.027039 16.000000 122.203430
v -32.027039 19.000000 122.203430
f -3 -2 -1
v -32.027039 19.000000 122.203430
v -32.027039 16.000000 122.203430
v -32.060741 19.000000 122.341164
f -3 -2 -1
v -32.027039 16.000000 122.203430
v -32.060741 16.000000 122.341164
v -32.060741 19.000000 122.341164
f -3 -2 -1
v -32.060741 19.000000 122.341164
v -32.060741 16.000000 122.341164
v -32.100422 19.000000 122.477295
f -3 -2 -1
v -32.060741 16.000000 122.341164
v -32.100422 16.000000 122.477295
v -32.100422 19.000000 122.477295
f -3 -2 -1
v -32.100422 19.000000 122.477295
v -32.100422 16.000000 122.477295
v -32.146000 19.000000 122.611565
f -3 -2 -1
v -32.100422 16.000000 122.477295
v -32.146000 16.000000 122.611565
v -32.146000 19.000000 122.611565
f -3 -2 -1
v -32.146000 19.000000 122.611565
v -32.146000 16.000000 122.611565
v -32.197392 19.000000 122.743721
f -3 -2 -1
v -32.146000 16.000000 122.611565
v -32.197392 16.000000 122.743721
v -32.197392 19.000000 122.743721
f -3 -2 -1
v -32.197392 19.000000 122.743721
v -32.197392 16.000000 122.743721
v -32.254498 19.000000 122.873505
f -3 -2 -1
v -32.197392 16.000000 122.743721
v -32.254498 16.000000 122.873505
v -32.254498 19.000000 122.873505
f -3 -2 -1
v -32.254498 19.000000 122.873505
v -32.254498 16.000000 122.873505
v -32.317215 19.000000 123.000679
f -3 -2 -1
v -32.254498 16.000000 122.873505
v -32.317215 16.000000 123.000679
v -32.317215 19.000000 123.000679
f -3 -2 -1
v -32.317215 19.000000 123.000679
v -32.317215 16.000000 123.000679
v -32.385418 19.000000 123.125000
f -3 -2 -1
v -32.317215 16.000000 123.000679
v -32.385418 16.000000 123.125000
v -32.385418 19.000000 123.125000
f -3 -2 -1
v -32.385418 19.000000 123.125000
v -32.385418 16.000000 123.125000
v -32.458981 19.000000 123.246223
f -3 -2 -1
v -32.385418 16.000000 123.125000
v -32.458981 16.000000 123.246223
v -32.458981 19.000000 123.246223
f -3 -2 -1
v -32.458981 19.000000 123.246223
v -32.458981 16.000000 123.246223
v -32.537754 19.000000 123.364120
f -3 -2 -1
v -32.458981 16.000000 123.246223
v -32.537754 16.000000 123.364120
v -32.537754 19.000000 123.364120
f -3 -2 -1
v -32.537754 19.000000 123.364120
v -32.537754 16.000000 123.364120
v -32.621605 19.000000 123.478470
f -3 -2 -1
v -32.537754 16.000000 123.364120
v -32.621605 16.000000 123.478470
v -32.621605 19.000000 123.478470
f -3 -2 -1
v -32.621605 19.000000 123.478470
v -32.621605 16.000000 123.478470
v -32.710354 19.000000 123.589058
f -3 -2 -1
v -32.621605 16.000000 123.478470
v -32.710354 16.000000 123.589058
v -32.710354 19.000000 123.589058
f -3 -2 -1
v -32.710354 19.000000 123.589058
v -32.710354 16.000000 123.589058
v -32.803848 19.000000 123.695671
f -3 -2 -1
v -32.710354 16.000000 123.589058
v -32.803848 16.000000 123.695671
v -32.803848 19.000000 123.695671
f -3 -2 -1
v -32.803848 19.000000 123.695671
v -32.803848 16.000000 123.695671
v -32.901901 19.000000 123.798096
f -3 -2 -1
v -32.803848 16.000000 123.695671
v -32.901901 16.000000 123.798096
v -32.901901 19.000000 123.798096
f -3 -2 -1
v -32.901901 19.000000 123.798096
v -32.901901 16.000000 123.798096
v -33.004333 19.000000 123.896149
f -3 -2 -1
v -32.901901 16.000000 123.798096
v -33.004333 16.000000 123.896149
v -33.004333 19.000000 123.896149
f -3 -2 -1
v -33.004333 19.000000 123.896149
v -33.004333 16.000000 123.896149
v -33.110939 19.000000 123.989639
f -3 -2 -1
v -33.004333 16.000000 123.896149
v -33.110939 16.000000 123.989639
v -33.110939 19.000000 123.989639
f -3 -2 -1
v -33.110939 19.000000 123.989639
v -33.110939 16.000000 123.989639
v -33.221523 19.000000 124.078400
f -3 -2 -1
v -33.110939 16.000000 123.989639
v -33.221523 16.000000 124.078400
v -33.221523 19.000000 124.078400
f -3 -2 -1
v -33.221523 19.000000 124.078400
v -33.221523 16.000000 124.078400
v -33.335876 19.000000 124.162239
f -3 -2 -1
v -33.221523 16.000000 124.078400
v -33.335876 16.000000 124.162239
v -33.335876 19.000000 124.162239
f -3 -2 -1
v -33.335876 19.000000 124.162239
v -33.335876 16.000000 124.162239
v -33.453777 19.000000 124.241028
f -3 -2 -1
v -33.335876 16.000000 124.162239
v -33.453777 16.000000 124.241028
v -33.453777 19.000000 124.241028
f -3 -2 -1
v -33.453777 19.000000 124.241028
v -33.453777 16.000000 124.241028
v -33.574997 19.000000 124.314583
f -3 -2 -1
v -33.453777 16.000000 124.241028
v -33.574997 16.000000 124.314583
v -33.574997 19.000000 124.314583
f -3 -2 -1
v -33.574997 19.000000 124.314583
v -33.574997 16.000000 124.314583
v -33.699318 19.000000 124.382790
f -3 -2 -1
v -33.574997 16.000000 124.314583
v -33.699318 16.000000 124.382790
v -33.699318 19.000000 124.382790
f -3 -2 -1
v -33.699318 19.000000 124.382790
v -33.699318 16.000000 124.382790
v -33.826488 19.000000 124.445496
f -3 -2 -1
v -33.699318 16.000000 124.382790
v -33.826488 16.000000 124.445496
v -33.826488 19.000000 124.445496
f -3 -2 -1
v -33.826488 19.000000 124.445496
v -33.826488 16.000000 124.445496
v -33.956280 19.000000 124.502609
f -3 -2 -1
v -33.826488 16.000000 124.445496
v -33.956280 16.000000 124.502609
v -33.956280 19.000000 124.502609
f -3 -2 -1
v -33.956280 19.000000 124.502609
v -33.956280 16.000000 124.502609
v -34.088432 19.000000 124.554001
f -3 -2 -1
v -33.956280 16.000000 124.502609
v -34.088432 16.000000 124.554001
v -34.088432 19.000000 124.554001
f -3 -2 -1
v -34.088432 19.000000 124.554001
v -34.088432 16.000000 124.554001
v -34.222706 19.000000 124.599586
f -3 -2 -1
v -34.088432 16.000000 124.554001
v -34.222706 16.000000 124.599586
v -34.222706 19.000000 124.599586
f -3 -2 -1
v -34.222706 19.000000 124.599586
v -34.222706 16.000000 124.599586
v -34.358837 19.000000 124.639259
f -3 -2 -1
v -34.222706 16.000000 124.599586
v -34.358837 16.000000 124.639259
v -34.358837 19.000000 124.639259
f -3 -2 -1
v -34.358837 19.000000 124.639259
v -34.358837 16.000000 124.639259
v -34.496571 19.000000 124.672966
f -3 -2 -1
v -34.358837 16.000000 124.639259
v -34.496571 16.000000 124.672966
v -34.496571 19.000000 124.672966
f -3 -2 -1
v -34.496571 19.000000 124.672966
v -34.496571 16.000000 124.672966
v -34.635643 19.000000 124.700630
f -3 -2 -1
v -34.496571 16.000000 124.672966
v -34.635643 16.000000 124.700630
v -34.635643 19.000000 124.700630
f -3 -2 -1
v -34.635643 19.000000 124.700630
v -34.635643 16.000000 124.700630
v -34.775791 19.000000 124.722198
f -3 -2 -1
v -34.635643 16.000000 124.700630
v -34.775791 16.000000 124.722198
v -34.775791 19.000000 124.722198
f -3 -2 -1
v -34.775791 19.000000 124.722198
v -34.775791 16.000000 124.722198
v -34.916744 19.000000 124.737633
f -3 -2 -1
v -34.775791 16.000000 124.722198
v -34.916744 16.000000 124.737633
v -34.916744 19.000000 124.737633
f -3 -2 -1
v -34.916744 19.000000 124.737633
v -34.916744 16.000000 124.737633
v -35.058239 19.000000 124.746902
f -3 -2 -1
v -34.916744 16.000000 124.737633
v -35.058239 16.000000 124.746902
v -35.058239 19.000000 124.746902
f -3 -2 -1
v -35.058239 19.000000 124.746902
v -35.058239 16.000000 124.746902
v -35.200001 19.000000 124.750000
f -3 -2 -1
v -35.058239 16.000000 124.746902
v -35.200001 16.000000 124.750000
v -35.200001 19.000000 124.750000
f -3 -2 -1
v -35.200001 19.000000 124.750000
v -35.200001 16.000000 124.750000
v -35.341763 19.000000 124.746902
f -3 -2 -1
v -35.200001 16.000000 124.750000
v -35.341763 16.000000 124.746902
v -35.341763 19.000000 124.746902
f -3 -2 -1
v -35.341763 19.000000 124.746902
v -35.341763 16.000000 124.746902
v -35.483257 19.000000 124.737633
f -3 -2 -1
v -35.341763 16.000000 124.746902
v -35.483257 16.000000 124.737633
v -35.483257 19.000000 124.737633
f -3 -2 -1
v -35.483257 19.000000 124.737633
v -35.483257 16.000000 124.737633
v -35.624210 19.000000 124.722198
f -3 -2 -1
v -35.483257 16.000000 124.737633
v -35.624210 16.000000 124.722198
v -35.624210 19.000000 124.722198
f -3 -2 -1
v -35.624210 19.000000 124.722198
v -35.624210 16.000000 124.722198
v -35.764355 19.000000 124.700630
f -3 -2 -1
v -35.624210 16.000000 124.722198
v -35.764355 16.000000 124.700630
v -35.764355 19.000000 124.700630
f -3 -2 -1
v -35.764355 19.000000 124.700630
v -35.764355 16.000000 124.700630
v -35.903427 19.000000 124.672966
f -3 -2 -1
v -35.764355 16.000000 124.700630
v -35.903427 16.000000 124.672966
v -35.903427 19.000000 124.672966
f -3 -2 -1
v -35.903427 19.000000 124.672966
v -35.903427 16.000000 124.672966
v -36.041164 19.000000 124.639259
f -3 -2 -1
v -35.903427 16.000000 124.672966
v -36.041164 16.000000 124.639259
v -36.041164 19.000000 124.639259
f -3 -2 -1
v -36.041164 19.000000 124.639259
v -36.041164 16.000000 124.639259
v -36.177292 19.000000 124.599586
f -3 -2 -1
v -36.041164 16.000000 124.639259
v -36.177292 16.000000 124.599586
v -36.177292 19.000000 124.599586
f -3 -2 -1
v -36.177292 19.000000 124.599586
v -36.177292 16.000000 124.599586
v -36.311565 19.000000 124.554001
f -3 -2 -1
v -36.177292 16.000000 124.599586
v -36.311565 16.000000 124.554001
v -36.311565 19.000000 124.554001
f -3 -2 -1
v -36.311565 19.000000 124.554001
v -36.311565 16.000000 124.554001
v -36.443722 19.000000 124.502609
f -3 -2 -1
v -36.311565 16.000000 124.554001
v -36.443722 16.000000 124.502609
v -36.443722 19.000000 124.502609
f -3 -2 -1
v -36.443722 19.000000 124.502609
v -36.443722 16.000000 124.502609
v -36.573509 19.000000 124.445496
f -3 -2 -1
v -36.443722 16.000000 124.502609
v -36.573509 16.000000 124.445496
v -36.573509 19.000000 124.445496
f -3 -2 -1
v -36.573509 19.000000 124.445496
v -36.573509 16.000000 124.445496
v -36.700684 19.000000 124.382790
f -3 -2 -1
v -36.573509 16.000000 124.445496
v -36.700684 16.000000 124.382790
v -36.700684 19.000000 124.382790
f -3 -2 -1
v -36.700684 19.000000 124.382790
v -36.700684 16.000000 124.382790
v -36.825001 19.000000 124.314583
f -3 -2 -1
v -36.700684 16.000000 124.382790
v -36.825001 16.000000 124.314583
v -36.825001 19.000000 124.314583
f -3 -2 -1
v -36.825001 19.000000 124.314583
v -36.825001 16.000000 124.314583
v -36.946220 19.000000 124.241028
f -3 -2 -1
v -36.825001 16.000000 124.314583
v -36.946220 16.000000 124.241028
v -36.946220 19.000000 124.241028
f -3 -2 -1
v -36.946220 19.000000 124.241028
v -36.946220 16.000000 124.241028
v -37.064125 19.000000 124.162239
f -3 -2 -1
v -36.946220 16.000000 124.241028
v -37.064125 16.000000 124.162239
v -37.064125 19.000000 124.162239
f -3 -2 -1
v -37.064125 19.000000 124.162239
v -37.064125 16.000000 124.162239
v -37.178474 19.000000 124.078400
f -3 -2 -1
v -37.064125 16.000000 124.162239
v -37.178474 16.000000 124.078400
v -37.178474 19.000000 124.078400
f -3 -2 -1
v -37.178474 19.000000 124.078400
v -37.178474 16.000000 124.078400
v -37.289062 19.000000 123.989639
f -3 -2 -1
v -37.178474 16.000000 124.078400
v -37.289062 16.000000 123.989639
v -37.289062 19.000000 123.989639
f -3 -2 -1
v -37.289062 19.000000 123.989639
v -37.289062 16.000000 123.989639
v -37.395668 19.000000 123.896149
f -3 -2 -1
v -37.289062 16.000000 123.989639
v -37.395668 16.000000 123.896149
v -37.395668 19.000000 123.896149
f -3 -2 -1
v -37.395668 19.000000 123.896149
v -37.395668 16.000000 123.896149
v -37.498096 19.000000 123.798096
f -3 -2 -1
v -37.395668 16.000000 123.896149
v -37.498096 16.000000 123.798096
v -37.498096 19.000000 123.798096
f -3 -2 -1
v -37.498096 19.000000 123.798096
v -37.498096 16.000000 123.798096
v -37.596149 19.000000 123.695671
f -3 -2 -1
v -37.498096 16.000000 123.798096
v -37.596149 16.000000 123.695671
v -37.596149 19.000000 123.695671
f -3 -2 -1
v -37.596149 19.000000 123.695671
v -37.596149 16.000000 123.695671
v -37.689644 19.000000 123.589058
f -3 -2 -1
v -37.596149 16.000000 123.695671
v -37.689644 16.000000 123.589058
v -37.689644 19.000000 123.589058
f -3 -2 -1
v -37.689644 19.000000 123.589058
v -37.689644 16.000000 123.589058
v -37.778400 19.000000 123.478470
f -3 -2 -1
v -37.689644 16.000000 123.589058
v -37.778400 16.000000 123.478470
v -37.778400 19.000000 123.478470
f -3 -2 -1
v -37.778400 19.000000 123.478470
v -37.778400 16.000000 123.478470
v -37.862244 19.000000 123.364120
f -3 -2 -1
v -37.778400 16.000000 123.478470
v -37.862244 16.000000 123.364120
v -37.862244 19.000000 123.364120
f -3 -2 -1
v -37.862244 19.000000 123.364120
v -37.862244 16.000000 123.364120
v -37.941025 19.000000 123.246223
f -3 -2 -1
v -37.862244 16.000000 123.364120
v -37.941025 16.000000 123.246223
v -37.941025 19.000000 123.246223
f -3 -2 -1
v -37.941025 19.000000 123.246223
v -37.941025 16.000000 123.246223
v -38.014584 19.000000 123.125000
f -3 -2 -1
v -37.941025 16.000000 123.246223
v -38.014584 16.000000 123.125000
v -38.014584 19.000000 123.125000
f -3 -2 -1
v -38.014584 19.000000 123.125000
v -38.014584 16.000000 123.125000
v -38.082787 19.000000 123.000679
f -3 -2 -1
v -38.014584 16.000000 123.125000
v -38.082787 16.000000 123.000679
v -38.082787 19.000000 123.000679
f -3 -2 -1
v -38.082787 19.000000 123.000679
v -38.082787 16.000000 123.000679
v -38.145500 19.000000 122.873505
f -3 -2 -1
v -38.082787 16.000000 123.000679
v -38.145500 16.000000 122.873505
v -38.145500 19.000000 122.873505
f -3 -2 -1
v -38.145500 19.000000 122.873505
v -38.145500 16.000000 122.873505
v -38.202610 19.000000 122.743721
f -3 -2 -1
v -38.145500 16.000000 122.873505
v -38.202610 16.000000 122.743721
v -38.202610 19.000000 122.743721
f -3 -2 -1
v -38.202610 19.000000 122.743721
v -38.202610 16.000000 122.743721
v -38.254002 19.000000 122.611565
f -3 -2 -1
v -38.202610 16.000000 122.743721
v -38.254002 16.000000 122.611565
v -38.254002 19.000000 122.611565
f -3 -2 -1
v -38.254002 19.000000 122.611565
v -38.254002 16.000000 122.611565
v -38.299580 19.000000 122.477295
f -3 -2 -1
v -38.254002 16.000000 122.611565
v -38.299580 16.000000 122.477295
v -38.299580 19.000000 122.477295
f -3 -2 -1
v -38.299580 19.000000 122.477295
v -38.299580 16.000000 122.477295
v -38.339256 19.000000 122.341164
f -3 -2 -1
v -38.299580 16.000000 122.477295
v -38.339256 16.000000 122.341164
v -38.339256 19.000000 122.341164
f -3 -2 -1
v -38.339256 19.000000 122.341164
v -38.339256 16.000000 122.341164
v -38.372963 19.000000 122.203430
f -3 -2 -1
v -38.339256 16.000000 122.341164
v -38.372963 16.000000 122.203430
v -38.372963 19.000000 122.203430
f -3 -2 -1
v -38.372963 19.000000 122.203430
v -38.372963 16.000000 122.203430
v -38.400623 19.000000 122.064362
f -3 -2 -1
v -38.372963 16.000000 122.203430
v -38.400623 16.000000 122.064362
v -38.400623 19.000000 122.064362
f -3 -2 -1
v -38.400623 19.000000 122.064362
v -38.400623 16.000000 122.064362
v -38.422195 19.000000 121.924210
f -3 -2 -1
v -38.400623 16.000000 122.064362
v -38.422195 16.000000 121.924210
v -38.422195 19.000000 121.924210
f -3 -2 -1
v -38.422195 19.000000 121.924210
v -38.422195 16.000000 121.924210
v -38.437630 19.000000 121.783257
f -3 -2 -1
v -38.422195 16.000000 121.924210
v -38.437630 16.000000 121.783257
v -38.437630 19.000000 121.783257
f -3 -2 -1
v -38.437630 19.000000 121.783257
v -38.437630 16.000000 121.783257
v -38.446907 19.000000 121.641762
f -3 -2 -1
v -38.437630 16.000000 121.783257
v -38.446907 16.000000 121.641762
v -38.446907 19.000000 121.641762
f -3 -2 -1
v -38.446907 19.000000 121.641762
v -38.446907 16.000000 121.641762
v -38.450001 19.000000 121.500000
f -3 -2 -1
v -38.446907 16.000000 121.641762
v -38.450001 16.000000 121.500000
v -38.450001 19.000000 121.500000
f -3 -2 -1
v -38.450001 19.000000 121.500000
v -38.450001 16.000000 121.500000
v -38.446907 19.000000 121.358238
f -3 -2 -1
v -38.450001 16.000000 121.500000
v -38.446907 16.000000 121.358238
v -38.446907 19.000000 121.358238
f -3 -2 -1
v -38.446907 19.000000 121.358238
v -38.446907 16.000000 121.358238
v -38.437630 19.000000 121.216743
f -3 -2 -1
v -38.446907 16.000000 121.358238
v -38.437630 16.000000 121.216743
v -38.437630 19.000000 121.216743
f -3 -2 -1
v -38.437630 19.000000 121.216743
v -38.437630 16.000000 121.216743
v -38.422195 19.000000 121.075790
f -3 -2 -1
v -38.437630 16.000000 121.216743
v -38.422195 16.000000 121.075790
v -38.422195 19.000000 121.075790
f -3 -2 -1
v -38.422195 19.000000 121.075790
v -38.422195 16.000000 121.075790
v -38.400623 19.000000 120.935638
f -3 -2 -1
v -38.422195 16.000000 121.075790
v -38.400623 16.000000 120.935638
v -38.400623 19.000000 120.935638
f -3 -2 -1
v -38.400623 19.000000 120.935638
v -38.400623 16.000000 120.935638
v -38.372963 19.000000 120.796570
f -3 -2 -1
v -38.400623 16.000000 120.935638
v -38.372963 16.000000 120.796570
v -38.372963 19.000000 120.796570
f -3 -2 -1
v -38.372963 19.000000 120.796570
v -38.372963 16.000000 120.796570
v -38.339256 19.000000 120.658836
f -3 -2 -1
v -38.372963 16.000000 120.796570
v -38.339256 16.000000 120.658836
v -38.339256 19.000000 120.658836
f -3 -2 -1
v -38.339256 19.000000 120.658836
v -38.339256 16.000000 120.658836
v -38.299580 19.000000 120.522705
f -3 -2 -1
v -38.339256 16.000000 120.658836
v -38.299580 16.000000 120.522705
v -38.299580 19.000000 120.522705
f -3 -2 -1
v -38.299580 19.000000 120.522705
v -38.299580 16.000000 120.522705
v -38.254002 19.000000 120.388435
f -3 -2 -1
v -38.299580 16.000000 120.522705
v -38.254002 16.000000 120.388435
v -38.254002 19.000000 120.388435
f -3 -2 -1
v -38.254002 19.000000 120.388435
v -38.254002 16.000000 120.388435
v -38.202610 19.000000 120.256279
f -3 -2 -1
v -38.254002 16.000000 120.388435
v -38.202610 16.000000 120.256279
v -38.202610 19.000000 120.256279
f -3 -2 -1
v -38.202610 19.000000 120.256279
v -38.202610 16.000000 120.256279
v -38.145500 19.000000 120.126495
f -3 -2 -1
v -38.202610 16.000000 120.256279
v -38.145500 16.000000 120.126495
v -38.145500 19.000000 120.126495
f -3 -2 -1
v -38.145500 19.000000 120.126495
v -38.145500 16.000000 120.126495
v -38.082787 19.000000 119.999321
f -3 -2 -1
v -38.145500 16.000000 120.126495
v -38.082787 16.000000 119.999321
v -38.082787 19.000000 119.999321
f -3 -2 -1
v -38.082787 19.000000 119.999321
v -38.082787 16.000000 119.999321
v -38.014584 19.000000 119.875000
f -3 -2 -1
v -38.082787 16.000000 119.999321
v -38.014584 16.000000 119.875000
v -38.014584 19.000000 119.875000
f -3 -2 -1
v -38.014584 19.000000 119.875000
v -38.014584 16.000000 119.875000
v -37.941025 19.000000 119.753777
f -3 -2 -1
v -38.014584 16.000000 119.875000
v -37.941025 16.000000 119.753777
v -37.941025 19.000000 119.753777
f -3 -2 -1
v -37.941025 19.000000 119.753777
v -37.941025 16.000000 119.753777
v -37.862244 19.000000 119.635880
f -3 -2 -1
v -37.941025 16.000000 119.753777
v -37.862244 16.000000 119.635880
v -37.862244 19.000000 119.635880
f -3 -2 -1
v -37.862244 19.000000 119.635880
v -37.862244 16.000000 119.635880
v -37.778400 19.000000 119.521530
f -3 -2 -1
v -37.862244 16.000000 119.635880
v -37.778400 16.000000 119.521530
v -37.778400 19.000000 119.521530
f -3 -2 -1
v -37.778400 19.000000 119.521530
v -37.778400 16.000000 119.521530
v -37.689644 19.000000 119.410942
f -3 -2 -1
v -37.778400 16.000000 119.521530
v -37.689644 16.000000 119.410942
v -37.689644 19.000000 119.410942
f -3 -2 -1
v -37.689644 19.000000 119.410942
v -37.689644 16.000000 119.410942
v -37.596149 19.000000 119.304329
f -3 -2 -1
v -37.689644 16.000000 119.410942
v -37.596149 16.000000 119.304329
v -37.596149 19.000000 119.304329
f -3 -2 -1
v -37.596149 19.000000 119.304329
v -37.596149 16.000000 119.304329
v -37.498096 19.000000 119.201904
f -3 -2 -1
v -37.596149 16.000000 119.304329
v -37.498096 16.000000 119.201904
v -37.498096 19.000000 119.201904
f -3 -2 -1
v -37.498096 19.000000 119.201904
v -37.498096 16.000000 119.201904
v -37.395668 19.000000 119.103851
f -3 -2 -1
v -37.498096 16.000000 119.201904
v -37.395668 16.000000 119.103851
v -37.395668 19.000000 119.103851
f -3 -2 -1
v -37.395668 19.000000 119.103851
v -37.395668 16.000000 119.103851
v -37.289062 19.000000 119.010361
f -3 -2 -1
v -37.395668 16.000000 119.103851
v -37.289062 16.000000 119.010361
v -37.289062 19.000000 119.010361
f -3 -2 -1
v -37.289062 19.000000 119.010361
v -37.289062 16.000000 119.010361
v -37.178474 19.000000 118.921600
f -3 -2 -1
v -37.289062 16.000000 119.010361
v -37.178474 16.000000 118.921600
v -37.178474 19.000000 118.921600
f -3 -2 -1
v -37.178474 19.000000 118.921600
v -37.178474 16.000000 118.921600
v -37.064125 19.000000 118.837761
f -3 -2 -1
v -37.178474 16.000000 118.921600
v -37.064125 16.000000 118.837761
v -37.064125 19.000000 118.837761
f -3 -2 -1
v -37.064125 19.000000 118.837761
v -37.064125 16.000000 118.837761
v -36.946220 19.000000 118.758980
f -3 -2 -1
v -37.064125 16.000000 118.837761
v -36.946220 16.000000 118.758980
v -36.946220 19.000000 118.758980
f -3 -2 -1
v -36.946220 19.000000 118.758980
v -36.946220 16.000000 118.758980
v -36.825001 19.000000 118.685417
f -3 -2 -1
v -36.946220 16.000000 118.758980
v -36.825001 16.000000 118.685417
v -36.825001 19.000000 118.685417
f -3 -2 -1
v -36.825001 19.000000 118.685417
v -36.825001 16.000000 118.685417
v -36.700684 19.000000 118.617218
f -3 -2 -1
v -36.825001 16.000000 118.685417
v -36.700684 16.000000 118.617218
v -36.700684 19.000000 118.617218
f -3 -2 -1
v -36.700684 19.000000 118.617218
v -36.700684 16.000000 118.617218
v -36.573509 19.000000 118.554504
f -3 -2 -1
v -36.700684 16.000000 118.617218
v -36.573509 16.000000 118.554504
v -36.573509 19.000000 118.554504
f -3 -2 -1
v -36.573509 19.000000 118.554504
v -36.573509 16.000000 118.554504
v -36.443722 19.000000 118.497391
f -3 -2 -1
v -36.573509 16.000000 118.554504
v -36.443722 16.000000 118.497391
v -36.443722 19.000000 118.497391
f -3 -2 -1
v -36.443722 19.000000 118.497391
v -36.443722 16.000000 118.497391
v -36.311565 19.000000 118.445999
f -3 -2 -1
v -36.443722 16.000000 118.497391
v -36.311565 16.000000 118.445999
v -36.311565 19.000000 118.445999
f -3 -2 -1
v -36.311565 19.000000 118.445999
v -36.311565 16.000000 118.445999
v -36.177292 19.000000 118.400414
f -3 -2 -1
v -36.311565 16.000000 118.445999
v -36.177292 16.000000 118.400414
v -36.177292 19.000000 118.400414
f -3 -2 -1
v -36.177292 19.000000 118.400414
v -36.177292 16.000000 118.400414
v -36.041164 19.000000 118.360741
f -3 -2 -1
v -36.177292 16.000000 118.400414
v -36.041164 16.000000 118.360741
v -36.041164 19.000000 118.360741
f -3 -2 -1
v -36.041164 19.000000 118.360741
v -36.041164 16.000000 118.360741
v -35.903427 19.000000 118.327034
f -3 -2 -1
v -36.041164 16.000000 118.360741
v -35.903427 16.000000 118.327034
v -35.903427 19.000000 118.327034
f -3 -2 -1
v -35.903427 19.000000 118.327034
v -35.903427 16.000000 118.327034
v -35.764355 19.000000 118.299370
f -3 -2 -1
v -35.903427 16.000000 118.327034
v -35.764355 16.000000 118.299370
v -35.764355 19.000000 118.299370
f -3 -2 -1
v -35.764355 19.000000 118.299370
v -35.764355 16.000000 118.299370
v -35.624210 19.000000 118.277802
f -3 -2 -1
v -35.764355 16.000000 118.299370
v -35.624210 16.000000 118.277802
v -35.624210 19.000000 118.277802
f -3 -2 -1
v -35.624210 19.000000 118.277802
v -35.624210 16.000000 118.277802
v -35.483257 19.000000 118.262367
f -3 -2 -1
v -35.624210 16.000000 118.277802
v -35.483257 16.000000 118.262367
v -35.483257 19.000000 118.262367
f -3 -2 -1
v -35.483257 19.000000 118.262367
v -35.483257 16.000000 118.262367
v -35.341763 19.000000 118.253098
f -3 -2 -1
v -35.483257 16.000000 118.262367
v -35.341763 16.000000 118.253098
v -35.341763 19.000000 118.253098
f -3 -2 -1
v -35.341763 19.000000 118.253098
v -35.341763 16.000000 118.253098
v -35.200001 19.000000 118.250000
f -3 -2 -1
v -35.341763 16.000000 118.253098
v -35.200001 16.000000 118.250000
v -35.200001 19.000000 118.250000
f -3 -2 -1
v -35.200001 16.000000 119.800003
v -35.200001 13.100000 119.800003
v -35.125847 16.000000 119.801620
f -3 -2 -1
v -35.200001 13.100000 119.800003
v -35.125847 13.100000 119.801620
v -35.125847 16.000000 119.801620
f -3 -2 -1
v -35.125847 16.000000 119.801620
v -35.125847 13.100000 119.801620
v -35.051834 16.000000 119.806465
f -3 -2 -1
v -35.125847 13.100000 119.801620
v -35.051834 13.100000 119.806465
v -35.051834 16.000000 119.806465
f -3 -2 -1
v -35.051834 16.000000 119.806465
v -35.051834 13.100000 119.806465
v -34.978107 16.000000 119.814545
f -3 -2 -1
v -35.051834 13.100000 119.806465
v -34.978107 13.100000 119.814545
v -34.978107 16.000000 119.814545
f -3 -2 -1
v -34.978107 16.000000 119.814545
v -34.978107 13.100000 119.814545
v -34.904797 16.000000 119.825829
f -3 -2 -1
v -34.978107 13.100000 119.814545
v -34.904797 13.100000 119.825829
v -34.904797 16.000000 119.825829
f -3 -2 -1
v -34.904797 16.000000 119.825829
v -34.904797 13.100000 119.825829
v -34.832054 16.000000 119.840294
f -3 -2 -1
v -34.904797 13.100000 119.825829
v -34.832054 13.100000 119.840294
v -34.832054 16.000000 119.840294
f -3 -2 -1
v -34.832054 16.000000 119.840294
v -34.832054 13.100000 119.840294
v -34.760006 16.000000 119.857933
f -3 -2 -1
v -34.832054 13.100000 119.840294
v -34.760006 13.100000 119.857933
v -34.760006 16.000000 119.857933
f -3 -2 -1
v -34.760006 16.000000 119.857933
v -34.760006 13.100000 119.857933
v -34.688801 16.000000 119.878677
f -3 -2 -1
v -34.760006 13.100000 119.857933
v -34.688801 13.100000 119.878677
v -34.688801 16.000000 119.878677
f -3 -2 -1
v -34.688801 16.000000 119.878677
v -34.688801 13.100000 119.878677
v -34.618565 16.000000 119.902519
f -3 -2 -1
v -34.688801 13.100000 119.878677
v -34.618565 13.100000 119.902519
v -34.618565 16.000000 119.902519
f -3 -2 -1
v -34.618565 16.000000 119.902519
v -34.618565 13.100000 119.902519
v -34.549438 16.000000 119.929405
f -3 -2 -1
v -34.618565 13.100000 119.902519
v -34.549438 13.100000 119.929405
v -34.549438 16.000000 119.929405
f -3 -2 -1
v -34.549438 16.000000 119.929405
v -34.549438 13.100000 119.929405
v -34.481548 16.000000 119.959282
f -3 -2 -1
v -34.549438 13.100000 119.929405
v -34.481548 13.100000 119.959282
v -34.481548 16.000000 119.959282
f -3 -2 -1
v -34.481548 16.000000 119.959282
v -34.481548 13.100000 119.959282
v -34.415028 16.000000 119.992088
f -3 -2 -1
v -34.481548 13.100000 119.959282
v -34.415028 13.100000 119.992088
v -34.415028 16.000000 119.992088
f -3 -2 -1
v -34.415028 16.000000 119.992088
v -34.415028 13.100000 119.992088
v -34.349998 16.000000 120.027756
f -3 -2 -1
v -34.415028 13.100000 119.992088
v -34.349998 13.100000 120.027756
v -34.349998 16.000000 120.027756
f -3 -2 -1
v -34.349998 16.000000 120.027756
v -34.349998 13.100000 120.027756
v -34.286591 16.000000 120.066231
f -3 -2 -1
v -34.349998 13.100000 120.027756
v -34.286591 13.100000 120.066231
v -34.286591 16.000000 120.066231
f -3 -2 -1
v -34.286591 16.000000 120.066231
v -34.286591 13.100000 120.066231
v -34.224918 16.000000 120.107445
f -3 -2 -1
v -34.286591 13.100000 120.066231
v -34.224918 13.100000 120.107445
v -34.224918 16.000000 120.107445
f -3 -2 -1
v -34.224918 16.000000 120.107445
v -34.224918 13.100000 120.107445
v -34.165108 16.000000 120.151299
f -3 -2 -1
v -34.224918 13.100000 120.107445
v -34.165108 13.100000 120.151299
v -34.165108 16.000000 120.151299
f -3 -2 -1
v -34.165108 16.000000 120.151299
v -34.165108 13.100000 120.151299
v -34.107262 16.000000 120.197723
f -3 -2 -1
v -34.165108 13.100000 120.151299
v -34.107262 13.100000 120.197723
v -34.107262 16.000000 120.197723
f -3 -2 -1
v -34.107262 16.000000 120.197723
v -34.107262 13.100000 120.197723
v -34.051498 16.000000 120.246628
f -3 -2 -1
v -34.107262 13.100000 120.197723
v -34.051498 13.100000 120.246628
v -34.051498 16.000000 120.246628
f -3 -2 -1
v -34.051498 16.000000 120.246628
v -34.051498 13.100000 120.246628
v -33.997921 16.000000 120.297913
f -3 -2 -1
v -34.051498 13.100000 120.246628
v -33.997921 13.100000 120.297913
v -33.997921 16.000000 120.297913
f -3 -2 -1
v -33.997921 16.000000 120.297913
v -33.997921 13.100000 120.297913
v -33.946629 16.000000 120.351494
f -3 -2 -1
v -33.997921 13.100000 120.297913
v -33.946629 13.100000 120.351494
v -33.946629 16.000000 120.351494
f -3 -2 -1
v -33.946629 16.000000 120.351494
v -33.946629 13.100000 120.351494
v -33.897724 16.000000 120.407265
f -3 -2 -1
v -33.946629 13.100000 120.351494
v -33.897724 13.100000 120.407265
v -33.897724 16.000000 120.407265
f -3 -2 -1
v -33.897724 16.000000 120.407265
v -33.897724 13.100000 120.407265
v -33.851299 16.000000 120.465111
f -3 -2 -1
v -33.897724 13.100000 120.407265
v -33.851299 13.100000 120.465111
v -33.851299 16.000000 120.465111
f -3 -2 -1
v -33.851299 16.000000 120.465111
v -33.851299 13.100000 120.465111
v -33.807442 16.000000 120.524918
f -3 -2 -1
v -33.851299 13.100000 120.465111
v -33.807442 13.100000 120.524918
v -33.807442 16.000000 120.524918
f -3 -2 -1
v -33.807442 16.000000 120.524918
v -33.807442 13.100000 120.524918
v -33.766235 16.000000 120.586586
f -3 -2 -1
v -33.807442 13.100000 120.524918
v -33.766235 13.100000 120.586586
v -33.766235 16.000000 120.586586
f -3 -2 -1
v -33.766235 16.000000 120.586586
v -33.766235 13.100000 120.586586
v -33.727757 16.000000 120.650002
f -3 -2 -1
v -33.766235 13.100000 120.586586
v -33.727757 13.100000 120.650002
v -33.727757 16.000000 120.650002
f -3 -2 -1
v -33.727757 16.000000 120.650002
v -33.727757 13.100000 120.650002
v -33.692081 16.000000 120.715027
f -3 -2 -1
v -33.727757 13.100000 120.650002
v -33.692081 13.100000 120.715027
v -33.692081 16.000000 120.715027
f -3 -2 -1
v -33.692081 16.000000 120.715027
v -33.692081 13.100000 120.715027
v -33.659275 16.000000 120.781548
f -3 -2 -1
v -33.692081 13.100000 120.715027
v -33.659275 13.100000 120.781548
v -33.659275 16.000000 120.781548
f -3 -2 -1
v -33.659275 16.000000 120.781548
v -33.659275 13.100000 120.781548
v -33.629406 16.000000 120.849442
f -3 -2 -1
v -33.659275 13.100000 120.781548
v -33.629406 13.100000 120.849442
v -33.629406 16.000000 120.849442
f -3 -2 -1
v -33.629406 16.000000 120.849442
v -33.629406 13.100000 120.849442
v -33.602520 16.000000 120.918564
f -3 -2 -1
v -33.629406 13.100000 120.849442
v -33.602520 13.100000 120.918564
v -33.602520 16.000000 120.918564
f -3 -2 -1
v -33.602520 16.000000 120.918564
v -33.602520 13.100000 120.918564
v -33.578682 16.000000 120.988800
f -3 -2 -1
v -33.602520 13.100000 120.918564
v -33.578682 13.100000 120.988800
v -33.578682 16.000000 120.988800
f -3 -2 -1
v -33.578682 16.000000 120.988800
v -33.578682 13.100000 120.988800
v -33.557926 16.000000 121.060005
f -3 -2 -1
v -33.578682 13.100000 120.988800
v -33.557926 13.100000 121.060005
v -33.557926 16.000000 121.060005
f -3 -2 -1
v -33.557926 16.000000 121.060005
v -33.557926 13.100000 121.060005
v -33.540298 16.000000 121.132057
f -3 -2 -1
v -33.557926 13.100000 121.060005
v -33.540298 13.100000 121.132057
v -33.540298 16.000000 121.132057
f -3 -2 -1
v -33.540298 16.000000 121.132057
v -33.540298 13.100000 121.132057
v -33.525829 16.000000 121.204803
f -3 -2 -1
v -33.540298 13.100000 121.132057
v -33.525829 13.100000 121.204803
v -33.525829 16.000000 121.204803
f -3 -2 -1
v -33.525829 16.000000 121.204803
v -33.525829 13.100000 121.204803
v -33.514545 16.000000 121.278107
f -3 -2 -1
v -33.525829 13.100000 121.204803
v -33.514545 13.100000 121.278107
v -33.514545 16.000000 121.278107
f -3 -2 -1
v -33.514545 16.000000 121.278107
v -33.514545 13.100000 121.278107
v -33.506470 16.000000 121.351837
f -3 -2 -1
v -33.514545 13.100000 121.278107
v -33.506470 13.100000 121.351837
v -33.506470 16.000000 121.351837
f -3 -2 -1
v -33.506470 16.000000 121.351837
v -33.506470 13.100000 121.351837
v -33.501617 16.000000 121.425842
f -3 -2 -1
v -33.506470 13.100000 121.351837
v -33.501617 13.100000 121.425842
v -33.501617 16.000000 121.425842
f -3 -2 -1
v -33.501617 16.000000 121.425842
v -33.501617 13.100000 121.425842
v -33.500000 16.000000 121.500000
f -3 -2 -1
v -33.501617 13.100000 121.425842
v -33.500000 13.100000 121.500000
v -33.500000 16.000000 121.500000
f -3 -2 -1
v -33.500000 16.000000 121.500000
v -33.500000 13.100000 121.500000
v -33.501617 16.000000 121.574158
f -3 -2 -1
v -33.500000 13.100000 121.500000
v -33.501617 13.100000 121.574158
v -33.501617 16.000000 121.574158
f -3 -2 -1
v -33.501617 16.000000 121.574158
v -33.501617 13.100000 121.574158
v -33.506470 16.000000 121.648163
f -3 -2 -1
v -33.501617 13.100000 121.574158
v -33.506470 13.100000 121.648163
v -33.506470 16.000000 121.648163
f -3 -2 -1
v -33.506470 16.000000 121.648163
v -33.506470 13.100000 121.648163
v -33.514545 16.000000 121.721893
f -3 -2 -1
v -33.506470 13.100000 121.648163
v -33.514545 13.100000 121.721893
v -33.514545 16.000000 121.721893
f -3 -2 -1
v -33.514545 16.000000 121.721893
v -33.514545 13.100000 121.721893
v -33.525829 16.000000 121.795197
f -3 -2 -1
v -33.514545 13.100000 121.721893
v -33.525829 13.100000 121.795197
v -33.525829 16.000000 121.795197
f -3 -2 -1
v -33.525829 16.000000 121.795197
v -33.525829 13.100000 121.795197
v -33.540298 16.000000 121.867950
f -3 -2 -1
v -33.525829 13.100000 121.795197
v -33.540298 13.100000 121.867950
v -33.540298 16.000000 121.867950
f -3 -2 -1
v -33.540298 16.000000 121.867950
v -33.540298 13.100000 121.867950
v -33.557926 16.000000 121.939995
f -3 -2 -1
v -33.540298 13.100000 121.867950
v -33.557926 13.100000 121.939995
v -33.557926 16.000000 121.939995
f -3 -2 -1
v -33.557926 16.000000 121.939995
v -33.557926 13.100000 121.939995
v -33.578682 16.000000 122.011200
f -3 -2 -1
v -33.557926 13.100000 121.939995
v -33.578682 13.100000 122.011200
v -33.578682 16.000000 122.011200
f -3 -2 -1
v -33.578682 16.000000 122.011200
v -33.578682 13.100000 122.011200
v -33.602520 16.000000 122.081436
f -3 -2 -1
v -33.578682 13.100000 122.011200
v -33.602520 13.100000 122.081436
v -33.602520 16.000000 122.081436
f -3 -2 -1
v -33.602520 16.000000 122.081436
v -33.602520 13.100000 122.081436
v -33.629406 16.000000 122.150566
f -3 -2 -1
v -33.602520 13.100000 122.081436
v -33.629406 13.100000 122.150566
v -33.629406 16.000000 122.150566
f -3 -2 -1
v -33.629406 16.000000 122.150566
v -33.629406 13.100000 122.150566
v -33.659275 16.000000 122.218452
f -3 -2 -1
v -33.629406 13.100000 122.150566
v -33.659275 13.100000 122.218452
v -33.659275 16.000000 122.218452
f -3 -2 -1
v -33.659275 16.000000 122.218452
v -33.659275 13.100000 122.218452
v -33.692081 16.000000 122.284973
f -3 -2 -1
v -33.659275 13.100000 122.218452
v -33.692081 13.100000 122.284973
v -33.692081 16.000000 122.284973
f -3 -2 -1
v -33.692081 16.000000 122.284973
v -33.692081 13.100000 122.284973
v -33.727757 16.000000 122.349998
f -3 -2 -1
v -33.692081 13.100000 122.284973
v -33.727757 13.100000 122.349998
v -33.727757 16.000000 122.349998
f -3 -2 -1
v -33.727757 16.000000 122.349998
v -33.727757 13.100000 122.349998
v -33.766235 16.000000 122.413414
f -3 -2 -1
v -33.727757 13.100000 122.349998
v -33.766235 13.100000 122.413414
v -33.766235 16.000000 122.413414
f -3 -2 -1
v -33.766235 16.000000 122.413414
v -33.766235 13.100000 122.413414
v -33.807442 16.000000 122.475082
f -3 -2 -1
v -33.766235 13.100000 122.413414
v -33.807442 13.100000 122.475082
v -33.807442 16.000000 122.475082
f -3 -2 -1
v -33.807442 16.000000 122.475082
v -33.807442 13.100000 122.475082
v -33.851299 16.000000 122.534897
f -3 -2 -1
v -33.807442 13.100000 122.475082
v -33.851299 13.100000 122.534897
v -33.851299 16.000000 122.534897
f -3 -2 -1
v -33.851299 16.000000 122.534897
v -33.851299 13.100000 122.534897
v -33.897724 16.000000 122.592743
f -3 -2 -1
v -33.851299 13.100000 122.534897
v -33.897724 13.100000 122.592743
v -33.897724 16.000000 122.592743
f -3 -2 -1
v -33.897724 16.000000 122.592743
v -33.897724 13.100000 122.592743
v -33.946629 16.000000 122.648499
f -3 -2 -1
v -33.897724 13.100000 122.592743
v -33.946629 13.100000 122.648499
v -33.946629 16.000000 122.648499
f -3 -2 -1
v -33.946629 16.000000 122.648499
v -33.946629 13.100000 122.648499
v -33.997921 16.000000 122.702087
f -3 -2 -1
v -33.946629 13.100000 122.648499
v -33.997921 13.100000 122.702087
v -33.997921 16.000000 122.702087
f -3 -2 -1
v -33.997921 16.000000 122.702087
v -33.997921 13.100000 122.702087
v -34.051498 16.000000 122.753372
f -3 -2 -1
v -33.997921 13.100000 122.702087
v -34.051498 13.100000 122.753372
v -34.051498 16.000000 122.753372
f -3 -2 -1
v -34.051498 16.000000 122.753372
v -34.051498 13.100000 122.753372
v -34.107262 16.000000 122.802269
f -3 -2 -1
v -34.051498 13.100000 122.753372
v -34.107262 13.100000 122.802269
v -34.107262 16.000000 122.802269
f -3 -2 -1
v -34.107262 16.000000 122.802269
v -34.107262 13.100000 122.802269
v -34.165108 16.000000 122.848694
f -3 -2 -1
v -34.107262 13.100000 122.802269
v -34.165108 13.100000 122.848694
v -34.165108 16.000000 122.848694
f -3 -2 -1
v -34.165108 16.000000 122.848694
v -34.165108 13.100000 122.848694
v -34.224918 16.000000 122.892555
f -3 -2 -1
v -34.165108 13.100000 122.848694
v -34.224918 13.100000 122.892555
v -34.224918 16.000000 122.892555
f -3 -2 -1
v -34.224918 16.000000 122.892555
v -34.224918 13.100000 122.892555
v -34.286591 16.000000 122.933769
f -3 -2 -1
v -34.224918 13.100000 122.892555
v -34.286591 13.100000 122.933769
v -34.286591 16.000000 122.933769
f -3 -2 -1
v -34.286591 16.000000 122.933769
v -34.286591 13.100000 122.933769
v -34.349998 16.000000 122.972244
f -3 -2 -1
v -34.286591 13.100000 122.933769
v -34.349998 13.100000 122.972244
v -34.349998 16.000000 122.972244
f -3 -2 -1
v -34.349998 16.000000 122.972244
v -34.349998 13.100000 122.972244
v -34.415028 16.000000 123.007919
f -3 -2 -1
v -34.349998 13.100000 122.972244
v -34.415028 13.100000 123.007919
v -34.415028 16.000000 123.007919
f -3 -2 -1
v -34.415028 16.000000 123.007919
v -34.415028 13.100000 123.007919
v -34.481548 16.000000 123.040718
f -3 -2 -1
v -34.415028 13.100000 123.007919
v -34.481548 13.100000 123.040718
v -34.481548 16.000000 123.040718
f -3 -2 -1
v -34.481548 16.000000 123.040718
v -34.481548 13.100000 123.040718
v -34.549438 16.000000 123.070595
f -3 -2 -1
v -34.481548 13.100000 123.040718
v -34.549438 13.100000 123.070595
v -34.549438 16.000000 123.070595
f -3 -2 -1
v -34.549438 16.000000 123.070595
v -34.549438 13.100000 123.070595
v -34.618565 16.000000 123.097481
f -3 -2 -1
v -34.549438 13.100000 123.070595
v -34.618565 13.100000 123.097481
v -34.618565 16.000000 123.097481
f -3 -2 -1
v -34.618565 16.000000 123.097481
v -34.618565 13.100000 123.097481
v -34.688801 16.000000 123.121323
f -3 -2 -1
v -34.618565 13.100000 123.097481
v -34.688801 13.100000 123.121323
v -34.688801 16.000000 123.121323
f -3 -2 -1
v -34.688801 16.000000 123.121323
v -34.688801 13.100000 123.121323
v -34.760006 16.000000 123.142075
f -3 -2 -1
v -34.688801 13.100000 123.121323
v -34.760006 13.100000 123.142075
v -34.760006 16.000000 123.142075
f -3 -2 -1
v -34.760006 16.000000 123.142075
v -34.760006 13.100000 123.142075
v -34.832054 16.000000 123.159706
f -3 -2 -1
v -34.760006 13.100000 123.142075
v -34.832054 13.100000 123.159706
v -34.832054 16.000000 123.159706
f -3 -2 -1
v -34.832054 16.000000 123.159706
v -34.832054 13.100000 123.159706
v -34.904797 16.000000 123.174179
f -3 -2 -1
v -34.832054 13.100000 123.159706
v -34.904797 13.100000 123.174179
v -34.904797 16.000000 123.174179
f -3 -2 -1
v -34.904797 16.000000 123.174179
v -34.904797 13.100000 123.174179
v -34.978107 16.000000 123.185455
f -3 -2 -1
v -34.904797 13.100000 123.174179
v -34.978107 13.100000 123.185455
v -34.978107 16.000000 123.185455
f -3 -2 -1
v -34.978107 16.000000 123.185455
v -34.978107 13.100000 123.185455
v -35.051834 16.000000 123.193535
f -3 -2 -1
v -34.978107 13.100000 123.185455
v -35.051834 13.100000 123.193535
v -35.051834 16.000000 123.193535
f -3 -2 -1
v -35.051834 16.000000 123.193535
v -35.051834 13.100000 123.193535
v -35.125847 16.000000 123.198380
f -3 -2 -1
v -35.051834 13.100000 123.193535
v -35.125847 13.100000 123.198380
v -35.125847 16.000000 123.198380
f -3 -2 -1
v -35.125847 16.000000 123.198380
v -35.125847 13.100000 123.198380
v -35.200001 16.000000 123.199997
f -3 -2 -1
v -35.125847 13.100000 123.198380
v -35.200001 13.100000 123.199997
v -35.200001 16.000000 123.199997
f -3 -2 -1
v -35.200001 16.000000 123.199997
v -35.200001 13.100000 123.199997
v -35.274151 16.000000 123.198380
f -3 -2 -1
v -35.200001 13.100000 123.199997
v -35.274151 13.100000 123.198380
v -35.274151 16.000000 123.198380
f -3 -2 -1
v -35.274151 16.000000 123.198380
v -35.274151 13.100000 123.198380
v -35.348167 16.000000 123.193535
f -3 -2 -1
v -35.274151 13.100000 123.198380
v -35.348167 13.100000 123.193535
v -35.348167 16.000000 123.193535
f -3 -2 -1
v -35.348167 16.000000 123.193535
v -35.348167 13.100000 123.193535
v -35.421894 16.000000 123.185455
f -3 -2 -1
v -35.348167 13.100000 123.193535
v -35.421894 13.100000 123.185455
v -35.421894 16.000000 123.185455
f -3 -2 -1
v -35.421894 16.000000 123.185455
v -35.421894 13.100000 123.185455
v -35.495201 16.000000 123.174179
f -3 -2 -1
v -35.421894 13.100000 123.185455
v -35.495201 13.100000 123.174179
v -35.495201 16.000000 123.174179
f -3 -2 -1
v -35.495201 16.000000 123.174179
v -35.495201 13.100000 123.174179
v -35.567947 16.000000 123.159706
f -3 -2 -1
v -35.495201 13.100000 123.174179
v -35.567947 13.100000 123.159706
v -35.567947 16.000000 123.159706
f -3 -2 -1
v -35.567947 16.000000 123.159706
v -35.567947 13.100000 123.159706
v -35.639996 16.000000 123.142075
f -3 -2 -1
v -35.567947 13.100000 123.159706
v -35.639996 13.100000 123.142075
v -35.639996 16.000000 123.142075
f -3 -2 -1
v -35.639996 16.000000 123.142075
v -35.639996 13.100000 123.142075
v -35.711201 16.000000 123.121323
f -3 -2 -1
v -35.639996 13.100000 123.142075
v -35.711201 13.100000 123.121323
v -35.711201 16.000000 123.121323
f -3 -2 -1
v -35.711201 16.000000 123.121323
v -35.711201 13.100000 123.121323
v -35.781437 16.000000 123.097481
f -3 -2 -1
v -35.711201 13.100000 123.121323
v -35.781437 13.100000 123.097481
v -35.781437 16.000000 123.097481
f -3 -2 -1
v -35.781437 16.000000 123.097481
v -35.781437 13.100000 123.097481
v -35.850563 16.000000 123.070595
f -3 -2 -1
v -35.781437 13.100000 123.097481
v -35.850563 13.100000 123.070595
v -35.850563 16.000000 123.070595
f -3 -2 -1
v -35.850563 16.000000 123.070595
v -35.850563 13.100000 123.070595
v -35.918453 16.000000 123.040718
f -3 -2 -1
v -35.850563 13.100000 123.070595
v -35.918453 13.100000 123.040718
v -35.918453 16.000000 123.040718
f -3 -2 -1
v -35.918453 16.000000 123.040718
v -35.918453 13.100000 123.040718
v -35.984974 16.000000 123.007919
f -3 -2 -1
v -35.918453 13.100000 123.040718
v -35.984974 13.100000 123.007919
v -35.984974 16.000000 123.007919
f -3 -2 -1
v -35.984974 16.000000 123.007919
v -35.984974 13.100000 123.007919
v -36.049999 16.000000 122.972244
f -3 -2 -1
v -35.984974 13.100000 123.007919
v -36.049999 13.100000 122.972244
v -36.049999 16.000000 122.972244
f -3 -2 -1
v -36.049999 16.000000 122.972244
v -36.049999 13.100000 122.972244
v -36.113411 16.000000 122.933769
f -3 -2 -1
v -36.049999 13.100000 122.972244
v -36.113411 13.100000 122.933769
v -36.113411 16.000000 122.933769
f -3 -2 -1
v -36.113411 16.000000 122.933769
v -36.113411 13.100000 122.933769
v -36.175079 16.000000 122.892555
f -3 -2 -1
v -36.113411 13.100000 122.933769
v -36.175079 13.100000 122.892555
v -36.175079 16.000000 122.892555
f -3 -2 -1
v -36.175079 16.000000 122.892555
v -36.175079 13.100000 122.892555
v -36.234894 16.000000 122.848694
f -3 -2 -1
v -36.175079 13.100000 122.892555
v -36.234894 13.100000 122.848694
v -36.234894 16.000000 122.848694
f -3 -2 -1
v -36.234894 16.000000 122.848694
v -36.234894 13.100000 122.848694
v -36.292740 16.000000 122.802269
f -3 -2 -1
v -36.234894 13.100000 122.848694
v -36.292740 13.100000 122.802269
v -36.292740 16.000000 122.802269
f -3 -2 -1
v -36.292740 16.000000 122.802269
v -36.292740 13.100000 122.802269
v -36.348503 16.000000 122.753372
f -3 -2 -1
v -36.292740 13.100000 122.802269
v -36.348503 13.100000 122.753372
v -36.348503 16.000000 122.753372
f -3 -2 -1
v -36.348503 16.000000 122.753372
v -36.348503 13.100000 122.753372
v -36.402081 16.000000 122.702087
f -3 -2 -1
v -36.348503 13.100000 122.753372
v -36.402081 13.100000 122.702087
v -36.402081 16.000000 122.702087
f -3 -2 -1
v -36.402081 16.000000 122.702087
v -36.402081 13.100000 122.702087
v -36.453369 16.000000 122.648499
f -3 -2 -1
v -36.402081 13.100000 122.702087
v -36.453369 13.100000 122.648499
v -36.453369 16.000000 122.648499
f -3 -2 -1
v -36.453369 16.000000 122.648499
v -36.453369 13.100000 122.648499
v -36.502277 16.000000 122.592743
f -3 -2 -1
v -36.453369 13.100000 122.648499
v -36.502277 13.100000 122.592743
v -36.502277 16.000000 122.592743
f -3 -2 -1
v -36.502277 16.000000 122.592743
v -36.502277 13.100000 122.592743
v -36.548698 16.000000 122.534897
f -3 -2 -1
v -36.502277 13.100000 122.592743
v -36.548698 13.100000 122.534897
v -36.548698 16.000000 122.534897
f -3 -2 -1
v -36.548698 16.000000 122.534897
v -36.548698 13.100000 122.534897
v -36.592560 16.000000 122.475082
f -3 -2 -1
v -36.548698 13.100000 122.534897
v -36.592560 13.100000 122.475082
v -36.592560 16.000000 122.475082
f -3 -2 -1
v -36.592560 16.000000 122.475082
v -36.592560 13.100000 122.475082
v -36.633766 16.000000 122.413414
f -3 -2 -1
v -36.592560 13.100000 122.475082
v -36.633766 13.100000 122.413414
v -36.633766 16.000000 122.413414
f -3 -2 -1
v -36.633766 16.000000 122.413414
v -36.633766 13.100000 122.413414
v -36.672241 16.000000 122.349998
f -3 -2 -1
v -36.633766 13.100000 122.413414
v -36.672241 13.100000 122.349998
v -36.672241 16.000000 122.349998
f -3 -2 -1
v -36.672241 16.000000 122.349998
v -36.672241 13.100000 122.349998
v -36.707920 16.000000 122.284973
f -3 -2 -1
v -36.672241 13.100000 122.349998
v -36.707920 13.100000 122.284973
v -36.707920 16.000000 122.284973
f -3 -2 -1
v -36.707920 16.000000 122.284973
v -36.707920 13.100000 122.284973
v -36.740723 16.000000 122.218452
f -3 -2 -1
v -36.707920 13.100000 122.284973
v -36.740723 13.100000 122.218452
v -36.740723 16.000000 122.218452
f -3 -2 -1
v -36.740723 16.000000 122.218452
v -36.740723 13.100000 122.218452
v -36.770592 16.000000 122.150566
f -3 -2 -1
v -36.740723 13.100000 122.218452
v -36.770592 13.100000 122.150566
v -36.770592 16.000000 122.150566
f -3 -2 -1
v -36.770592 16.000000 122.150566
v -36.770592 13.100000 122.150566
v -36.797478 16.000000 122.081436
f -3 -2 -1
v -36.770592 13.100000 122.150566
v -36.797478 13.100000 122.081436
v -36.797478 16.000000 122.081436
f -3 -2 -1
v -36.797478 16.000000 122.081436
v -36.797478 13.100000 122.081436
v -36.821320 16.000000 122.011200
f -3 -2 -1
v -36.797478 13.100000 122.081436
v -36.821320 13.100000 122.011200
v -36.821320 16.000000 122.011200
f -3 -2 -1
v -36.821320 16.000000 122.011200
v -36.821320 13.100000 122.011200
v -36.842075 16.000000 121.939995
f -3 -2 -1
v -36.821320 13.100000 122.011200
v -36.842075 13.100000 121.939995
v -36.842075 16.000000 121.939995
f -3 -2 -1
v -36.842075 16.000000 121.939995
v -36.842075 13.100000 121.939995
v -36.859703 16.000000 121.867950
f -3 -2 -1
v -36.842075 13.100000 121.939995
v -36.859703 13.100000 121.867950
v -36.859703 16.000000 121.867950
f -3 -2 -1
v -36.859703 16.000000 121.867950
v -36.859703 13.100000 121.867950
v -36.874172 16.000000 121.795197
f -3 -2 -1
v -36.859703 13.100000 121.867950
v -36.874172 13.100000 121.795197
v -36.874172 16.000000 121.795197
f -3 -2 -1
v -36.874172 16.000000 121.795197
v -36.874172 13.100000 121.795197
v -36.885456 16.000000 121.721893
f -3 -2 -1
v -36.874172 13.100000 121.795197
v -36.885456 13.100000 121.721893
v -36.885456 16.000000 121.721893
f -3 -2 -1
v -36.885456 16.000000 121.721893
v -36.885456 13.100000 121.721893
v -36.893532 16.000000 121.648163
f -3 -2 -1
v -36.885456 13.100000 121.721893
v -36.893532 13.100000 121.648163
v -36.893532 16.000000 121.648163
f -3 -2 -1
v -36.893532 16.000000 121.648163
v -36.893532 13.100000 121.648163
v -36.898380 16.000000 121.574158
f -3 -2 -1
v -36.893532 13.100000 121.648163
v -36.898380 13.100000 121.574158
v -36.898380 16.000000 121.574158
f -3 -2 -1
v -36.898380 16.000000 121.574158
v -36.898380 13.100000 121.574158
v -36.899998 16.000000 121.500000
f -3 -2 -1
v -36.898380 13.100000 121.574158
v -36.899998 13.100000 121.500000
v -36.899998 16.000000 121.500000
f -3 -2 -1
v -36.899998 16.000000 121.500000
v -36.899998 13.100000 121.500000
v -36.898380 16.000000 121.425842
f -3 -2 -1
v -36.899998 13.100000 121.500000
v -36.898380 13.100000 121.425842
v -36.898380 16.000000 121.425842
f -3 -2 -1
v -36.898380 16.000000 121.425842
v -36.898380 13.100000 121.425842
v -36.893532 16.000000 121.351837
f -3 -2 -1
v -36.898380 13.100000 121.425842
v -36.893532 13.100000 121.351837
v -36.893532 16.000000 121.351837
f -3 -2 -1
v -36.893532 16.000000 121.351837
v -36.893532 13.100000 121.351837
v -36.885456 16.000000 121.278107
f -3 -2 -1
v -36.893532 13.100000 121.351837
v -36.885456 13.100000 121.278107
v -36.885456 16.000000 121.278107
f -3 -2 -1
v -36.885456 16.000000 121.278107
v -36.885456 13.100000 121.278107
v -36.874172 16.000000 121.204803
f -3 -2 -1
v -36.885456 13.100000 121.278107
v -36.874172 13.100000 121.204803
v -36.874172 16.000000 121.204803
f -3 -2 -1
v -36.874172 16.000000 121.204803
v -36.874172 13.100000 121.204803
v -36.859703 16.000000 121.132057
f -3 -2 -1
v -36.874172 13.100000 121.204803
v -36.859703 13.100000 121.132057
v -36.859703 16.000000 121.132057
f -3 -2 -1
v -36.859703 16.000000 121.132057
v -36.859703 13.100000 121.132057
v -36.842075 16.000000 121.060005
f -3 -2 -1
v -36.859703 13.100000 121.132057
v -36.842075 13.100000 121.060005
v -36.842075 16.000000 121.060005
f -3 -2 -1
v -36.842075 16.000000 121.060005
v -36.842075 13.100000 121.060005
v -36.821320 16.000000 120.988800
f -3 -2 -1
v -36.842075 13.100000 121.060005
v -36.821320 13.100000 120.988800
v -36.821320 16.000000 120.988800
f -3 -2 -1
v -36.821320 16.000000 120.988800
v -36.821320 13.100000 120.988800
v -36.797478 16.000000 120.918564
f -3 -2 -1
v -36.821320 13.100000 120.988800
v -36.797478 13.100000 120.918564
v -36.797478 16.000000 120.918564
f -3 -2 -1
v -36.797478 16.000000 120.918564
v -36.797478 13.100000 120.918564
v -36.770592 16.000000 120.849442
f -3 -2 -1
v -36.797478 13.100000 120.918564
v -36.770592 13.100000 120.849442
v -36.770592 16.000000 120.849442
f -3 -2 -1
v -36.770592 16.000000 120.849442
v -36.770592 13.100000 120.849442
v -36.740723 16.000000 120.781548
f -3 -2 -1
v -36.770592 13.100000 120.849442
v -36.740723 13.100000 120.781548
v -36.740723 16.000000 120.781548
f -3 -2 -1
v -36.740723 16.000000 120.781548
v -36.740723 13.100000 120.781548
v -36.707920 16.000000 120.715027
f -3 -2 -1
v -36.740723 13.100000 120.781548
v -36.707920 13.100000 120.715027
v -36.707920 16.000000 120.715027
f -3 -2 -1
v -36.707920 16.000000 120.715027
v -36.707920 13.100000 120.715027
v -36.672241 16.000000 120.650002
f -3 -2 -1
v -36.707920 13.100000 120.715027
v -36.672241 13.100000 120.650002
v -36.672241 16.000000 120.650002
f -3 -2 -1
v -36.672241 16.000000 120.650002
v -36.672241 13.100000 120.650002
v -36.633766 16.000000 120.586586
f -3 -2 -1
v -36.672241 13.100000 120.650002
v -36.633766 13.100000 120.586586
v -36.633766 16.000000 120.586586
f -3 -2 -1
v -36.633766 16.000000 120.586586
v -36.633766 13.100000 120.586586
v -36.592560 16.000000 120.524918
f -3 -2 -1
v -36.633766 13.100000 120.586586
v -36.592560 13.100000 120.524918
v -36.592560 16.000000 120.524918
f -3 -2 -1
v -36.592560 16.000000 120.524918
v -36.592560 13.100000 120.524918
v -36.548698 16.000000 120.465111
f -3 -2 -1
v -36.592560 13.100000 120.524918
v -36.548698 13.100000 120.465111
v -36.548698 16.000000 120.465111
f -3 -2 -1
v -36.548698 16.000000 120.465111
v -36.548698 13.100000 120.465111
v -36.502277 16.000000 120.407265
f -3 -2 -1
v -36.548698 13.100000 120.465111
v -36.502277 13.100000 120.407265
v -36.502277 16.000000 120.407265
f -3 -2 -1
v -36.502277 16.000000 120.407265
v -36.502277 13.100000 120.407265
v -36.453369 16.000000 120.351494
f -3 -2 -1
v -36.502277 13.100000 120.407265
v -36.453369 13.100000 120.351494
v -36.453369 16.000000 120.351494
f -3 -2 -1
v -36.453369 16.000000 120.351494
v -36.453369 13.100000 120.351494
v -36.402081 16.000000 120.297913
f -3 -2 -1
v -36.453369 13.100000 120.351494
v -36.402081 13.100000 120.297913
v -36.402081 16.000000 120.297913
f -3 -2 -1
v -36.402081 16.000000 120.297913
v -36.402081 13.100000 120.297913
v -36.348503 16.000000 120.246628
f -3 -2 -1
v -36.402081 13.100000 120.297913
v -36.348503 13.100000 120.246628
v -36.348503 16.000000 120.246628
f -3 -2 -1
v -36.348503 16.000000 120.246628
v -36.348503 13.100000 120.246628
v -36.292740 16.000000 120.197723
f -3 -2 -1
v -36.348503 13.100000 120.246628
v -36.292740 13.100000 120.197723
v -36.292740 16.000000 120.197723
f -3 -2 -1
v -36.292740 16.000000 120.197723
v -36.292740 13.100000 120.197723
v -36.234894 16.000000 120.151299
f -3 -2 -1
v -36.292740 13.100000 120.197723
v -36.234894 13.100000 120.151299
v -36.234894 16.000000 120.151299
f -3 -2 -1
v -36.234894 16.000000 120.151299
v -36.234894 13.100000 120.151299
v -36.175079 16.000000 120.107445
f -3 -2 -1
v -36.234894 13.100000 120.151299
v -36.175079 13.100000 120.107445
v -36.175079 16.000000 120.107445
f -3 -2 -1
v -36.175079 16.000000 120.107445
v -36.175079 13.100000 120.107445
v -36.113411 16.000000 120.066231
f -3 -2 -1
v -36.175079 13.100000 120.107445
v -36.113411 13.100000 120.066231
v -36.113411 16.000000 120.066231
f -3 -2 -1
v -36.113411 16.000000 120.066231
v -36.113411 13.100000 120.066231
v -36.049999 16.000000 120.027756
f -3 -2 -1
v -36.113411 13.100000 120.066231
v -36.049999 13.100000 120.027756
v -36.049999 16.000000 120.027756
f -3 -2 -1
v -36.049999 16.000000 120.027756
v -36.049999 13.100000 120.027756
v -35.984974 16.000000 119.992088
f -3 -2 -1
v -36.049999 13.100000 120.027756
v -35.984974 13.100000 119.992088
v -35.984974 16.000000 119.992088
f -3 -2 -1
v -35.984974 16.000000 119.992088
v -35.984974 13.100000 119.992088
v -35.918453 16.000000 119.959282
f -3 -2 -1
v -35.984974 13.100000 119.992088
v -35.918453 13.100000 119.959282
v -35.918453 16.000000 119.959282
f -3 -2 -1
v -35.918453 16.000000 119.959282
v -35.918453 13.100000 119.959282
v -35.850563 16.000000 119.929405
f -3 -2 -1
v -35.918453 13.100000 119.959282
v -35.850563 13.100000 119.929405
v -35.850563 16.000000 119.929405
f -3 -2 -1
v -35.850563 16.000000 119.929405
v -35.850563 13.100000 119.929405
v -35.781437 16.000000 119.902519
f -3 -2 -1
v -35.850563 13.100000 119.929405
v -35.781437 13.100000 119.902519
v -35.781437 16.000000 119.902519
f -3 -2 -1
v -35.781437 16.000000 119.902519
v -35.781437 13.100000 119.902519
v -35.711201 16.000000 119.878677
f -3 -2 -1
v -35.781437 13.100000 119.902519
v -35.711201 13.100000 119.878677
v -35.711201 16.000000 119.878677
f -3 -2 -1
v -35.711201 16.000000 119.878677
v -35.711201 13.100000 119.878677
v -35.639996 16.000000 119.857933
f -3 -2 -1
v -35.711201 13.100000 119.878677
v -35.639996 13.100000 119.857933
v -35.639996 16.000000 119.857933
f -3 -2 -1
v -35.639996 16.000000 119.857933
v -35.639996 13.100000 119.857933
v -35.567947 16.000000 119.840294
f -3 -2 -1
v -35.639996 13.100000 119.857933
v -35.567947 13.100000 119.840294
v -35.567947 16.000000 119.840294
f -3 -2 -1
v -35.567947 16.000000 119.840294
v -35.567947 13.100000 119.840294
v -35.495201 16.000000 119.825829
f -3 -2 -1
v -35.567947 13.100000 119.840294
v -35.495201 13.100000 119.825829
v -35.495201 16.000000 119.825829
f -3 -2 -1
v -35.495201 16.000000 119.825829
v -35.495201 13.100000 119.825829
v -35.421894 16.000000 119.814545
f -3 -2 -1
v -35.495201 13.100000 119.825829
v -35.421894 13.100000 119.814545
v -35.421894 16.000000 119.814545
f -3 -2 -1
v -35.421894 16.000000 119.814545
v -35.421894 13.100000 119.814545
v -35.348167 16.000000 119.806465
f -3 -2 -1
v -35.421894 13.100000 119.814545
v -35.348167 13.100000 119.806465
v -35.348167 16.000000 119.806465
f -3 -2 -1
v -35.348167 16.000000 119.806465
v -35.348167 13.100000 119.806465
v -35.274151 16.000000 119.801620
f -3 -2 -1
v -35.348167 13.100000 119.806465
v -35.274151 13.100000 119.801620
v -35.274151 16.000000 119.801620
f -3 -2 -1
v -35.274151 16.000000 119.801620
v -35.274151 13.100000 119.801620
v -35.200001 16.000000 119.800003
f -3 -2 -1
v -35.274151 13.100000 119.801620
v -35.200001 13.100000 119.800003
v -35.200001 16.000000 119.800003
f -3 -2 -1
