# Blender 4.3.2
# www.blender.org
mtllib one_piece_wide_grasp_finray_finger.mtl
o one_piece_wide_grasp_finray_finger
v 0.001500 -0.013000 -0.015002
v 0.001500 -0.026000 -0.016930
v 0.001500 -0.013000 -0.016930
v 0.005333 -0.025071 -0.117070
v 0.001846 -0.026000 -0.122901
v 0.001846 -0.025071 -0.122901
v 0.032351 -0.013000 -0.019242
v 0.032822 -0.026000 -0.015002
v 0.032822 -0.013000 -0.015002
v 0.001500 -0.013000 -0.010002
v 0.001500 -0.026000 -0.013002
v 0.001500 -0.013000 -0.013002
v 0.029546 -0.013000 -0.037820
v 0.030278 -0.026000 -0.033665
v 0.030285 -0.013000 -0.033626
v 0.001500 -0.013000 -0.022924
v 0.001500 -0.026000 -0.024964
v 0.001500 -0.013000 -0.024964
v 0.001500 -0.013000 -0.031262
v 0.001500 -0.026000 -0.033572
v 0.001500 -0.013000 -0.033572
v 0.001500 -0.013000 -0.020902
v 0.001500 -0.026000 -0.018935
v 0.001500 -0.026000 -0.020902
v 0.026462 -0.013000 -0.052483
v 0.001500 -0.026000 -0.040462
v 0.001500 -0.013000 -0.040462
v 0.001500 -0.013000 -0.029169
v 0.001500 -0.026000 -0.027016
v 0.001500 -0.026000 -0.029169
v 0.001500 -0.013000 -0.035720
v 0.001500 -0.026000 -0.038242
v 0.001500 -0.013000 -0.038242
v 0.020868 -0.026000 -0.072802
v 0.025474 -0.026000 -0.074242
v 0.021504 -0.026000 -0.070751
v 0.001500 -0.000000 -0.048735
v 0.001500 -0.000000 -0.051156
v -0.000000 -0.000000 -0.050822
v 0.038943 -0.026000 -0.013870
v 0.033060 -0.026000 -0.014002
v 0.000879 -0.013000 -0.000881
v 0.000879 -0.025071 -0.000881
v 0.001500 -0.013000 -0.000404
v 0.001500 -0.013000 -0.057357
v 0.001500 -0.026000 -0.061633
v 0.001500 -0.013000 -0.061633
v 0.024827 -0.013000 -0.059039
v 0.023549 -0.026000 -0.063768
v 0.024827 -0.026000 -0.059039
v 0.001500 -0.013000 -0.051156
v 0.001500 -0.026000 -0.054799
v 0.001500 -0.013000 -0.054799
v 0.000402 -0.026000 -0.001502
v 0.000402 -0.025071 -0.001502
v 0.036434 -0.026000 -0.033665
v 0.036442 -0.026000 -0.032811
v 0.036442 -0.000000 -0.032811
v 0.031267 -0.000000 -0.027411
v 0.037482 -0.000000 -0.026223
v 0.001500 -0.000000 -0.031262
v -0.000000 -0.000000 -0.029944
v 0.001500 -0.000000 -0.029169
v 0.013744 -0.026000 -0.092891
v 0.018104 -0.026000 -0.092625
v 0.016205 -0.026000 -0.086456
v 0.001500 -0.013000 -0.078051
v 0.001500 -0.026000 -0.070870
v 0.001500 -0.026000 -0.078051
v 0.016590 -0.026000 -0.085407
v 0.021911 -0.026000 -0.083638
v 0.018821 -0.026000 -0.079068
v 0.010358 -0.026000 -0.108188
v 0.007144 -0.026000 -0.114043
v 0.006443 -0.013000 -0.007502
v 0.007887 -0.026000 -0.005002
v 0.007887 -0.013000 -0.005002
v 0.036527 -0.026000 -0.034187
v 0.037749 -0.026000 -0.035826
v 0.037218 -0.026000 -0.035380
v 0.035753 -0.026000 -0.037215
v 0.001472 -0.000695 -0.123248
v 0.001232 -0.013000 -0.123340
v 0.001232 -0.000695 -0.123340
v 0.001500 -0.026000 -0.062997
v 0.019171 -0.026000 -0.078029
v 0.026927 -0.026000 -0.050487
v 0.026927 -0.013000 -0.050487
v 0.030619 -0.013000 -0.031611
v 0.001500 -0.000000 -0.024964
v 0.003557 -0.026000 -0.002502
v 0.001500 -0.026000 -0.000404
v 0.000879 -0.026000 -0.000881
v 0.000102 -0.026000 -0.002225
v 0.002113 -0.026000 -0.005002
v 0.036443 -0.026000 -0.002502
v 0.038622 -0.026000 -0.000617
v 0.038175 -0.026000 -0.000322
v 0.001500 -0.013000 -0.119781
v 0.006622 -0.026000 -0.109388
v 0.006622 -0.013000 -0.109388
v 0.001500 -0.000000 -0.057357
v 0.000130 -0.000695 -0.122860
v 0.000082 -0.013000 -0.122741
v 0.000037 -0.000695 -0.122631
v 0.001500 -0.026000 -0.079622
v 0.001500 -0.026000 -0.015002
v 0.033060 -0.013000 -0.037931
v 0.033060 -0.026000 -0.037931
v -0.000000 -0.025071 -0.003002
v 0.000102 -0.025071 -0.002225
v 0.035544 -0.026000 -0.045030
v 0.035906 -0.013000 -0.044919
v 0.035906 -0.026000 -0.044919
v 0.001500 -0.000000 -0.020902
v 0.001500 -0.000000 -0.022924
v -0.000000 -0.000000 -0.021083
v 0.001500 -0.013000 -0.027016
v 0.001500 -0.026000 -0.089567
v 0.010602 -0.026000 -0.100514
v 0.001500 -0.026000 -0.087854
v -0.000000 -0.026000 -0.087487
v 0.007126 -0.013000 -0.108306
v 0.001500 -0.026000 -0.099268
v 0.007126 -0.026000 -0.108306
v 0.034247 -0.000000 -0.042789
v 0.037037 -0.013000 -0.042047
v 0.037037 -0.000000 -0.042047
v 0.001500 -0.000000 -0.038242
v 0.001500 -0.026000 -0.069412
v 0.016590 -0.013000 -0.085407
v 0.001500 -0.013000 -0.069412
v 0.019171 -0.013000 -0.078029
v 0.001500 -0.000000 -0.018935
v -0.000000 -0.000000 -0.017542
v 0.001500 -0.000000 -0.016930
v 0.029175 -0.013000 -0.039798
v 0.001500 -0.026000 -0.031262
v 0.027904 -0.013000 -0.046083
v 0.027904 -0.026000 -0.046083
v 0.010140 -0.000000 -0.101584
v 0.010358 -0.000000 -0.108188
v 0.007126 -0.000000 -0.108306
v 0.038622 -0.013000 -0.000617
v 0.038175 -0.013000 -0.000322
v 0.037519 -0.026000 -0.000083
v 0.036826 -0.026000 -0.000002
v 0.024827 -0.000000 -0.059039
v 0.030352 -0.000000 -0.059302
v 0.028658 -0.000000 -0.064757
v 0.013744 -0.013000 -0.092891
v 0.038943 -0.026000 -0.000904
v 0.001500 -0.000000 -0.101161
v 0.001500 -0.000000 -0.099268
v 0.027154 -0.013000 -0.069486
v 0.025474 -0.000000 -0.074242
v 0.027154 -0.000000 -0.069486
v 0.029175 -0.026000 -0.039798
v 0.028321 -0.026000 -0.044098
v 0.032210 -0.026000 -0.040743
v 0.037482 -0.026000 -0.026223
v 0.032109 -0.026000 -0.021229
v 0.031551 -0.026000 -0.025431
v 0.039055 -0.000000 -0.042882
v 0.038581 -0.013000 -0.043443
v 0.038581 -0.000000 -0.043443
v 0.036803 -0.026000 -0.034823
v 0.037749 -0.000000 -0.035826
v 0.035753 -0.000000 -0.037215
v 0.037218 -0.000000 -0.035380
v 0.001500 -0.013000 -0.045571
v 0.001500 -0.026000 -0.048735
v 0.001500 -0.013000 -0.048735
v 0.033298 -0.013000 -0.010002
v 0.033023 -0.026000 -0.013002
v 0.033298 -0.026000 -0.010002
v 0.035242 -0.013000 -0.045123
v 0.034644 -0.000000 -0.045474
v 0.035242 -0.000000 -0.045123
v 0.039458 -0.013000 -0.037792
v 0.039812 -0.000000 -0.038642
v 0.039458 -0.000000 -0.037792
v 0.003000 -0.026000 -0.000002
v 0.002224 -0.026000 -0.000104
v 0.000130 -0.000000 -0.122860
v -0.000000 -0.000000 -0.122367
v 0.001472 -0.000000 -0.123248
v 0.039583 -0.013000 -0.001821
v 0.039782 -0.026000 -0.002490
v 0.039782 -0.013000 -0.002490
v 0.034141 -0.026000 -0.045952
v 0.034644 -0.013000 -0.045474
v 0.034644 -0.026000 -0.045474
v 0.001500 -0.026000 -0.101161
v 0.039820 -0.000000 -0.003187
v 0.039782 -0.000000 -0.002490
v 0.029175 -0.000000 -0.039798
v 0.032210 -0.000000 -0.040743
v 0.028321 -0.000000 -0.044098
v 0.001500 -0.013000 -0.101161
v 0.032822 -0.000000 -0.015002
v 0.033060 -0.000000 -0.014002
v 0.038943 -0.000000 -0.013870
v 0.036803 -0.000000 -0.034823
v 0.037218 -0.013000 -0.035380
v 0.033060 -0.000000 -0.037931
v 0.035753 -0.013000 -0.037215
v 0.036443 -0.000000 -0.002502
v 0.038943 -0.000000 -0.000904
v 0.039236 -0.000000 -0.001215
v -0.000000 -0.000695 -0.029944
v -0.000000 -0.000000 -0.033665
v -0.000000 -0.000695 -0.033665
v 0.007887 -0.000000 -0.005002
v 0.033557 -0.000000 -0.002502
v 0.032113 -0.000000 -0.005002
v 0.039900 -0.000000 -0.040995
v 0.039528 -0.000000 -0.042121
v 0.020140 -0.013000 -0.087868
v 0.018104 -0.000000 -0.092625
v 0.020140 -0.000000 -0.087868
v -0.000000 -0.026000 -0.055436
v -0.000000 -0.025071 -0.050822
v -0.000000 -0.025071 -0.055436
v 0.036527 -0.000000 -0.034187
v 0.030278 -0.000000 -0.033665
v 0.036434 -0.000000 -0.033665
v 0.036443 -0.026000 -0.007502
v 0.033557 -0.013000 -0.007502
v 0.033557 -0.026000 -0.007502
v 0.006443 -0.000000 -0.007502
v 0.033298 -0.000000 -0.010002
v 0.033023 -0.013000 -0.013002
v 0.039996 -0.013000 -0.039814
v 0.039900 -0.013000 -0.040995
v -0.000000 -0.000000 -0.038869
v -0.000000 -0.000695 -0.038869
v 0.038966 -0.013000 -0.037019
v 0.038966 -0.000000 -0.037019
v 0.001500 -0.000000 -0.062997
v 0.019171 -0.000000 -0.078029
v 0.018821 -0.000000 -0.079068
v 0.001500 -0.000000 -0.010002
v 0.003557 -0.000000 -0.007502
v 0.001500 -0.000000 -0.035720
v 0.001500 -0.000000 -0.033572
v 0.037863 -0.013000 -0.044075
v 0.037863 -0.000000 -0.044075
v 0.020868 -0.000000 -0.072802
v 0.023809 -0.000000 -0.078762
v -0.000000 -0.000000 -0.026223
v -0.000000 -0.000695 -0.026223
v 0.036443 -0.013000 -0.002502
v 0.037887 -0.000000 -0.005002
v 0.037887 -0.013000 -0.005002
v -0.000000 -0.000000 -0.087487
v -0.000000 -0.000695 -0.100837
v -0.000000 -0.000695 -0.087487
v 0.038943 -0.013000 -0.000904
v 0.001500 -0.000000 -0.013002
v -0.000000 -0.000000 -0.009782
v 0.036434 -0.013000 -0.033665
v 0.000102 -0.000695 -0.002225
v -0.000000 -0.000000 -0.003002
v -0.000000 -0.000695 -0.003002
v 0.032351 -0.000000 -0.019242
v -0.000000 -0.026000 -0.050822
v 0.001500 -0.026000 -0.051156
v -0.000000 -0.025071 -0.038869
v -0.000000 -0.026000 -0.033665
v -0.000000 -0.025071 -0.033665
v 0.037887 -0.026000 -0.005002
v 0.039397 -0.026000 -0.008752
v 0.039820 -0.026000 -0.003187
v 0.036442 -0.013000 -0.032811
v 0.018104 -0.013000 -0.092625
v 0.015686 -0.000000 -0.097709
v 0.001682 -0.000695 -0.123099
v 0.001472 -0.013000 -0.123248
v 0.035544 -0.000000 -0.045030
v 0.035906 -0.000000 -0.044919
v 0.037038 -0.013000 -0.044568
v 0.037038 -0.000000 -0.044568
v 0.010602 -0.000000 -0.100514
v 0.013095 -0.000000 -0.103074
v 0.027904 -0.000000 -0.046083
v 0.021504 -0.000000 -0.070751
v 0.000722 -0.000695 -0.123328
v 0.000486 -0.013000 -0.123225
v 0.000486 -0.000695 -0.123225
v -0.000000 -0.000000 -0.061402
v -0.000000 -0.000000 -0.055436
v -0.000000 -0.026000 -0.069634
v -0.000000 -0.026000 -0.061402
v 0.037519 -0.000000 -0.000083
v 0.036826 -0.000000 -0.000002
v 0.001500 -0.000000 -0.054799
v 0.026462 -0.000000 -0.052483
v 0.032111 -0.000000 -0.052654
v 0.031442 -0.000000 -0.055209
v 0.031267 -0.013000 -0.027411
v 0.030619 -0.000000 -0.031611
v -0.000000 -0.026000 -0.026223
v -0.000000 -0.000000 -0.100837
v 0.001500 -0.000000 -0.089567
v -0.000000 -0.000695 -0.021083
v 0.001500 -0.000000 -0.078051
v 0.001500 -0.013000 -0.070870
v 0.007144 -0.000000 -0.114043
v 0.001500 -0.000000 -0.119781
v 0.006622 -0.000000 -0.109388
v 0.023809 -0.013000 -0.078762
v 0.021911 -0.000000 -0.083638
v 0.003557 -0.000000 -0.002502
v 0.000879 -0.000000 -0.000881
v 0.001500 -0.000000 -0.000404
v 0.022974 -0.013000 -0.065797
v 0.022974 -0.000000 -0.065797
v 0.038581 -0.013000 -0.036528
v 0.038581 -0.000000 -0.036528
v 0.001500 -0.000000 -0.043262
v 0.001500 -0.000000 -0.045571
v -0.000000 -0.000000 -0.044073
v 0.016205 -0.000000 -0.086456
v 0.032351 -0.026000 -0.019242
v 0.038161 -0.013000 -0.021083
v 0.038161 -0.000000 -0.021083
v 0.034247 -0.013000 -0.042789
v 0.032210 -0.013000 -0.040743
v 0.001500 -0.026000 -0.014002
v 0.001500 -0.000000 -0.087854
v 0.013744 -0.000000 -0.092891
v 0.023549 -0.000000 -0.063768
v 0.001500 -0.013000 -0.018935
v 0.003000 -0.013000 -0.000002
v 0.002224 -0.013000 -0.000104
v 0.013322 -0.013000 -0.093951
v 0.010602 -0.013000 -0.100514
v 0.001500 -0.026000 -0.057357
v 0.030352 -0.013000 -0.059302
v 0.034247 -0.026000 -0.042789
v -0.000000 -0.026000 -0.078826
v -0.000000 -0.000695 -0.014002
v -0.000000 -0.000695 -0.009755
v 0.032109 -0.000000 -0.021229
v 0.031551 -0.013000 -0.025431
v 0.032109 -0.013000 -0.021229
v 0.000402 -0.000000 -0.001502
v 0.033557 -0.013000 -0.002502
v 0.033557 -0.026000 -0.002502
v -0.000000 -0.000695 -0.122367
v 0.023549 -0.013000 -0.063768
v 0.031267 -0.026000 -0.027411
v 0.039714 -0.013000 -0.041558
v 0.039528 -0.013000 -0.042121
v 0.001500 -0.000000 -0.069412
v 0.001500 -0.000000 -0.070870
v -0.000000 -0.000000 -0.069634
v 0.000402 -0.000695 -0.001502
v 0.000102 -0.000000 -0.002225
v 0.016205 -0.013000 -0.086456
v 0.033528 -0.013000 -0.047187
v 0.033060 -0.000000 -0.048991
v 0.033528 -0.000000 -0.047187
v 0.034141 -0.000000 -0.045952
v 0.033763 -0.013000 -0.046534
v 0.033763 -0.000000 -0.046534
v 0.006443 -0.026000 -0.002502
v 0.002224 -0.000000 -0.000104
v 0.020868 -0.013000 -0.072802
v 0.000285 -0.013000 -0.123066
v 0.000285 -0.000695 -0.123066
v 0.039236 -0.013000 -0.001215
v 0.039583 -0.026000 -0.001821
v 0.028658 -0.013000 -0.064757
v -0.000000 -0.000695 -0.044073
v 0.001500 -0.013000 -0.099268
v 0.036443 -0.013000 -0.007502
v -0.000000 -0.025071 -0.026223
v -0.000000 -0.026000 -0.021083
v -0.000000 -0.025071 -0.021083
v -0.000000 -0.025071 -0.009756
v -0.000000 -0.026000 -0.003002
v 0.036443 -0.000000 -0.007502
v 0.001500 -0.000000 -0.040462
v 0.001500 -0.026000 -0.043262
v -0.000000 -0.026000 -0.044073
v 0.001500 -0.026000 -0.045571
v 0.001500 -0.026000 -0.010002
v -0.000000 -0.025071 -0.078826
v -0.000000 -0.025071 -0.069634
v -0.000000 -0.025071 -0.087487
v -0.000000 -0.025071 -0.100837
v 0.001500 -0.013000 -0.062997
v 0.018821 -0.013000 -0.079068
v 0.033060 -0.026000 -0.048991
v 0.033528 -0.026000 -0.047187
v 0.000130 -0.013000 -0.122860
v 0.032586 -0.000000 -0.050822
v 0.026927 -0.000000 -0.050487
v 0.001500 -0.000000 -0.079622
v 0.006443 -0.026000 -0.007502
v 0.003557 -0.026000 -0.007502
v 0.001500 -0.013000 -0.089567
v 0.032113 -0.013000 -0.005002
v 0.038581 -0.026000 -0.036528
v 0.037790 -0.026000 -0.039260
v 0.037037 -0.026000 -0.042047
v 0.037790 -0.013000 -0.039260
v 0.037038 -0.026000 -0.044568
v 0.037863 -0.026000 -0.044075
v 0.025345 -0.026000 -0.057029
v 0.026462 -0.026000 -0.052483
v 0.003557 -0.013000 -0.007502
v 0.002113 -0.013000 -0.005002
v 0.001500 -0.013000 -0.043262
v 0.025345 -0.013000 -0.057029
v 0.038175 -0.000000 -0.000322
v 0.038622 -0.000000 -0.000617
v 0.001500 -0.026000 -0.035720
v 0.013322 -0.026000 -0.093951
v 0.028321 -0.013000 -0.044098
v -0.000000 -0.026000 -0.009782
v -0.000000 -0.026000 -0.014002
v 0.030619 -0.026000 -0.031611
v -0.000000 -0.000695 -0.050822
v -0.000000 -0.000695 -0.055436
v -0.000000 -0.026000 -0.029944
v -0.000000 -0.025071 -0.029944
v 0.029546 -0.026000 -0.037820
v 0.010140 -0.026000 -0.101584
v 0.010140 -0.013000 -0.101584
v 0.001500 -0.013000 -0.087854
v 0.000976 -0.000695 -0.123367
v 0.000722 -0.013000 -0.123328
v -0.000000 -0.000695 -0.017542
v 0.001500 -0.000000 -0.027016
v 0.003557 -0.013000 -0.002502
v 0.002113 -0.000000 -0.005002
v 0.039996 -0.026000 -0.039814
v 0.039900 -0.026000 -0.040995
v 0.039583 -0.000000 -0.001821
v 0.036826 -0.013000 -0.000002
v 0.029546 -0.000000 -0.037820
v 0.037519 -0.013000 -0.000083
v 0.038161 -0.026000 -0.021083
v 0.015686 -0.026000 -0.097709
v 0.013095 -0.026000 -0.103074
v -0.000000 -0.000695 -0.069634
v -0.000000 -0.000000 -0.078826
v -0.000000 -0.000695 -0.078826
v -0.000000 -0.025071 -0.122367
v -0.000000 -0.026000 -0.100837
v 0.006443 -0.013000 -0.002502
v 0.010358 -0.013000 -0.108188
v 0.036178 -0.013000 -0.044835
v 0.039812 -0.013000 -0.038642
v 0.039812 -0.026000 -0.038642
v -0.000000 -0.025071 -0.044073
v -0.000000 -0.025071 -0.014002
v 0.035242 -0.026000 -0.045123
v 0.035544 -0.013000 -0.045030
v 0.021504 -0.013000 -0.070751
v -0.000000 -0.026000 -0.017542
v -0.000000 -0.025071 -0.017542
v 0.025345 -0.000000 -0.057029
v 0.039236 -0.026000 -0.001215
v 0.033060 -0.013000 -0.048991
v 0.027154 -0.026000 -0.069486
v 0.025474 -0.013000 -0.074242
v 0.039397 -0.013000 -0.008752
v 0.039397 -0.000000 -0.008752
v 0.038966 -0.026000 -0.037019
v 0.031442 -0.026000 -0.055209
v 0.032111 -0.013000 -0.052654
v 0.032111 -0.026000 -0.052654
v 0.038943 -0.013000 -0.013870
v 0.001472 -0.025071 -0.123248
v 0.001682 -0.013000 -0.123099
v 0.001682 -0.025071 -0.123099
v 0.031551 -0.000000 -0.025431
v 0.020140 -0.026000 -0.087868
v 0.001500 -0.013000 -0.079622
v 0.022974 -0.026000 -0.065797
v 0.039528 -0.026000 -0.042121
v 0.039055 -0.013000 -0.042882
v 0.016590 -0.000000 -0.085407
v 0.000130 -0.025071 -0.122860
v 0.032586 -0.013000 -0.050822
v 0.032586 -0.026000 -0.050822
v 0.003000 -0.000000 -0.000002
v 0.039820 -0.013000 -0.003187
v 0.036803 -0.013000 -0.034823
v 0.036665 -0.013000 -0.034505
v 0.039458 -0.026000 -0.037792
v 0.021911 -0.013000 -0.083638
v 0.033557 -0.000000 -0.007502
v 0.015686 -0.013000 -0.097709
v 0.038423 -0.000000 -0.018783
v 0.001500 -0.000000 -0.061633
v 0.039996 -0.000000 -0.039814
v 0.033023 -0.000000 -0.013002
v -0.000000 -0.000695 -0.061402
v 0.013322 -0.000000 -0.093951
v 0.033763 -0.026000 -0.046534
v 0.023809 -0.026000 -0.078762
v 0.036178 -0.000000 -0.044835
v 0.001232 -0.025071 -0.123340
v 0.028658 -0.026000 -0.064757
v 0.038581 -0.026000 -0.043443
v 0.039055 -0.026000 -0.042882
v 0.006443 -0.000000 -0.002502
v 0.001846 -0.013000 -0.122901
v 0.000722 -0.025071 -0.123328
v 0.000486 -0.025071 -0.123225
v 0.036178 -0.026000 -0.044835
v 0.001846 -0.000000 -0.122901
v 0.005333 -0.000695 -0.117070
v 0.001846 -0.000695 -0.122901
v 0.038421 -0.013000 -0.018799
v 0.038423 -0.026000 -0.018783
v 0.037482 -0.013000 -0.026223
v 0.030352 -0.026000 -0.059302
v 0.000976 -0.013000 -0.123367
v 0.000976 -0.025071 -0.123367
v 0.013095 -0.013000 -0.103074
v 0.031442 -0.013000 -0.055209
v 0.034141 -0.013000 -0.045952
v 0.001500 -0.026000 -0.022924
v 0.000285 -0.025071 -0.123066
v 0.001500 -0.026000 -0.119781
v -0.000000 -0.026000 -0.122367
v 0.001472 -0.026000 -0.123248
v 0.000130 -0.026000 -0.122860
v 0.000033 -0.013000 -0.122622
v 0.000037 -0.025071 -0.122630
v -0.000000 -0.025071 -0.061402
v -0.000000 -0.026000 -0.038869
v 0.001500 -0.000000 -0.014002
v -0.000000 -0.000000 -0.014002
v 0.001500 -0.000000 -0.015002
v 0.037790 -0.000000 -0.039260
v 0.032113 -0.026000 -0.005002
v 0.000879 -0.000695 -0.000881
v 0.002232 -0.026500 0.019000
v 0.002232 -0.026415 0.019647
v 0.002232 -0.024082 0.012673
v 0.002232 -0.026165 0.020250
v 0.002232 -0.004091 0.012091
v 0.002232 -0.021909 0.012091
v 0.002232 -0.024000 0.021500
v 0.002232 -0.023500 0.012750
v 0.002232 -0.025768 0.020768
v 0.002232 -0.025250 0.021165
v 0.002232 -0.024625 0.012449
v 0.002232 -0.025091 0.012091
v 0.002232 -0.025449 0.011625
v 0.002232 -0.003082 0.008327
v 0.002232 -0.002500 0.008250
v 0.002232 -0.002000 0.004500
v 0.001432 -0.028000 0.027000
v 0.017932 -0.023700 0.027000
v 0.001432 -0.023700 0.027000
v 0.002232 -0.001353 0.004585
v 0.002232 -0.001918 0.008327
v 0.002232 -0.000750 0.004835
v 0.002232 0.000500 0.007000
v 0.002232 -0.000909 0.008909
v 0.002232 -0.000551 0.009375
v 0.002232 -0.003625 0.012449
v 0.002232 -0.003082 0.012673
v 0.002232 -0.002000 0.021500
v 0.010432 -0.024277 0.007602
v 0.010432 -0.028000 0.004000
v 0.010432 -0.027000 0.003000
v 0.002232 -0.025673 0.011082
v 0.002232 -0.025750 0.010500
v 0.002232 -0.026500 0.007000
v 0.002232 -0.025673 0.009918
v 0.002232 -0.025449 0.009375
v 0.002232 -0.025091 0.008909
v 0.002232 -0.026415 0.006353
v 0.002232 -0.024625 0.008551
v 0.002232 -0.026165 0.005750
v 0.002232 -0.021551 0.011625
v 0.002232 -0.004449 0.011625
v 0.002232 -0.004673 0.011082
v 0.002232 -0.022375 0.012449
v 0.002232 -0.024647 0.021415
v 0.002232 -0.002500 0.012750
v 0.002232 -0.022918 0.012673
v 0.001432 -0.000232 0.005232
v 0.001432 0.001000 0.003000
v 0.001432 -0.000750 0.004835
v 0.002232 -0.000232 0.005232
v 0.002232 -0.001375 0.008551
v 0.002232 0.000165 0.005750
v 0.002232 -0.000327 0.009918
v 0.002232 -0.000250 0.010500
v 0.002232 0.000500 0.019000
v 0.002232 -0.000327 0.011082
v 0.002232 -0.000551 0.011625
v 0.002232 -0.000909 0.012091
v 0.002232 -0.001375 0.012449
v 0.002232 0.000415 0.019647
v 0.002232 -0.001918 0.012673
v 0.002232 -0.025768 0.005232
v 0.002232 0.000415 0.006353
v 0.002232 -0.001353 0.021415
v 0.002232 -0.000750 0.021165
v 0.001432 -0.019700 0.027000
v 0.001432 -0.002000 0.021500
v 0.001432 -0.024000 0.021500
v 0.002232 -0.000232 0.020768
v 0.002232 0.000165 0.020250
v 0.002232 -0.025250 0.004835
v 0.002232 -0.024082 0.008327
v 0.002232 -0.024647 0.004585
v 0.002232 -0.023500 0.008250
v 0.002232 -0.022918 0.008327
v 0.002232 -0.024000 0.004500
v 0.002232 -0.022375 0.008551
v 0.002232 -0.021909 0.008909
v 0.002232 -0.021551 0.009375
v 0.002232 -0.004091 0.008909
v 0.002232 -0.004449 0.009375
v 0.002232 -0.021327 0.009918
v 0.002232 -0.021327 0.011082
v 0.002232 -0.003625 0.008551
v 0.003232 -0.024082 0.008327
v 0.003232 -0.023500 0.008879
v 0.003232 -0.023500 0.008250
v 0.002232 -0.004750 0.010500
v 0.002232 -0.004673 0.009918
v 0.003232 -0.004673 0.009918
v 0.003232 -0.003904 0.009690
v 0.003232 -0.004449 0.009375
v 0.003232 -0.003646 0.009354
v 0.003232 -0.004091 0.008909
v 0.003232 -0.003311 0.009096
v 0.003232 -0.003625 0.008551
v 0.003232 -0.003082 0.008327
v 0.003232 -0.002920 0.008934
v 0.003232 -0.001918 0.008327
v 0.003232 -0.002500 0.008879
v 0.003232 -0.002081 0.008934
v 0.007432 -0.025000 0.013098
v 0.007432 -0.023920 0.012066
v 0.007432 -0.024277 0.013398
v 0.003232 -0.000909 0.012091
v 0.003232 -0.001690 0.011904
v 0.003232 -0.001375 0.012449
v 0.003232 -0.000909 0.008909
v 0.003232 -0.001690 0.009096
v 0.003232 -0.001354 0.009354
v 0.003232 -0.024082 0.012673
v 0.003232 -0.024311 0.011904
v 0.003232 -0.024625 0.012449
v 0.003232 -0.000327 0.009918
v 0.003232 -0.000879 0.010500
v 0.003232 -0.000250 0.010500
v 0.003232 -0.000327 0.011082
v 0.003232 -0.000934 0.010920
v 0.003232 -0.001096 0.011311
v 0.003232 -0.000551 0.011625
v 0.007432 -0.026500 0.010500
v 0.007432 -0.025066 0.010920
v 0.007432 -0.026398 0.011277
v 0.007432 -0.020500 0.010500
v 0.007432 -0.021934 0.010920
v 0.007432 -0.021879 0.010500
v 0.003232 -0.025673 0.011082
v 0.003232 -0.024904 0.011311
v 0.003232 -0.025066 0.010920
v 0.003232 -0.002500 0.012750
v 0.003232 -0.002081 0.012066
v 0.003232 -0.002500 0.012121
v 0.003232 -0.002500 0.008250
v 0.003232 -0.003082 0.012673
v 0.003232 -0.003311 0.011904
v 0.003232 -0.003625 0.012449
v 0.003232 -0.004091 0.012091
v 0.003232 -0.003646 0.011646
v 0.003232 -0.001096 0.009690
v 0.003232 -0.000551 0.009375
v 0.007432 -0.004621 0.012621
v 0.007432 -0.003904 0.011311
v 0.007432 -0.003646 0.011646
v 0.007432 -0.021379 0.008379
v 0.007432 -0.022096 0.009690
v 0.007432 -0.022354 0.009354
v 0.007432 -0.000379 0.012621
v 0.007432 -0.001096 0.011311
v 0.007432 0.000098 0.012000
v 0.003232 -0.025673 0.009918
v 0.003232 -0.024904 0.009690
v 0.003232 -0.025449 0.009375
v 0.003232 -0.025091 0.008909
v 0.003232 -0.024646 0.009354
v 0.003232 -0.024311 0.009096
v 0.003232 -0.024625 0.008551
v 0.003232 -0.023920 0.008934
v 0.007432 -0.023500 0.007500
v 0.007432 -0.023081 0.008934
v 0.007432 -0.023500 0.008879
v 0.003232 -0.023081 0.008934
v 0.003232 -0.022918 0.008327
v 0.003232 -0.001918 0.012673
v 0.007432 -0.025621 0.008379
v 0.007432 -0.024904 0.009690
v 0.007432 -0.026098 0.009000
v 0.003232 -0.023500 0.012750
v 0.003232 -0.023920 0.012066
v 0.003232 -0.004673 0.011082
v 0.003232 -0.003904 0.011311
v 0.003232 -0.004066 0.010920
v 0.003232 -0.021327 0.009918
v 0.003232 -0.021879 0.010500
v 0.003232 -0.021250 0.010500
v 0.003232 -0.021327 0.011082
v 0.003232 -0.021934 0.010920
v 0.003232 -0.022096 0.011311
v 0.003232 -0.021551 0.011625
v 0.003232 -0.022354 0.011646
v 0.003232 -0.021909 0.012091
v 0.003232 -0.025121 0.010500
v 0.003232 -0.025750 0.010500
v 0.003232 -0.022690 0.009096
v 0.003232 -0.022375 0.008551
v 0.003232 -0.023081 0.012066
v 0.003232 -0.023500 0.012121
v 0.002232 -0.021250 0.010500
v 0.003232 -0.000934 0.010081
v 0.003232 -0.025091 0.012091
v 0.003232 -0.024646 0.011646
v 0.003232 -0.025449 0.011625
v 0.007432 -0.025066 0.010081
v 0.007432 -0.026398 0.009724
v 0.003232 -0.021551 0.009375
v 0.003232 -0.022354 0.009354
v 0.003232 -0.022096 0.009690
v 0.003232 -0.004449 0.011625
v 0.001432 -0.000232 0.020768
v 0.001432 -0.000750 0.021165
v 0.001432 -0.024647 0.021415
v 0.003232 -0.021909 0.008909
v 0.007432 -0.023920 0.008934
v 0.007432 -0.024311 0.009096
v 0.019432 -0.027000 0.018000
v 0.018432 -0.028000 0.027000
v 0.018432 -0.028000 0.018000
v 0.007432 -0.022690 0.009096
v 0.010432 -0.020602 0.011277
v 0.010432 -0.020500 0.010500
v 0.001432 -0.026165 0.005750
v 0.001432 -0.025768 0.005232
v 0.001432 -0.027000 0.003000
v 0.001432 -0.025250 0.021165
v 0.007432 -0.000934 0.010920
v 0.010432 -0.004000 0.007902
v 0.007432 -0.003276 0.007602
v 0.007432 -0.004000 0.007902
v 0.007432 -0.002500 0.012121
v 0.007432 -0.002081 0.012066
v 0.007432 -0.002920 0.012066
v 0.007432 -0.003311 0.011904
v 0.003232 -0.002920 0.012066
v 0.001432 -0.024647 0.004585
v 0.001432 -0.024000 0.004500
v 0.010432 -0.026098 0.009000
v 0.010432 -0.026398 0.009724
v 0.007432 -0.022354 0.011646
v 0.007432 -0.022096 0.011311
v 0.007432 -0.004066 0.010081
v 0.003232 -0.004121 0.010500
v 0.007432 -0.004121 0.010500
v 0.010432 -0.004621 0.012621
v 0.007432 -0.004000 0.013098
v 0.010432 -0.004000 0.013098
v 0.007432 -0.002920 0.008934
v 0.007432 -0.003311 0.009096
v 0.007432 -0.002500 0.008879
v 0.007432 -0.001354 0.009354
v 0.007432 -0.001690 0.009096
v 0.010432 -0.020902 0.012000
v 0.007432 -0.020602 0.011277
v 0.010432 -0.004621 0.008379
v 0.007432 -0.004621 0.008379
v 0.007432 -0.023500 0.012121
v 0.010432 -0.022724 0.007602
v 0.010432 -0.023500 0.007500
v 0.003232 -0.022918 0.012673
v 0.003232 -0.022375 0.012449
v 0.001432 -0.026500 0.007000
v 0.001432 -0.026415 0.006353
v 0.010432 -0.026398 0.011277
v 0.007432 -0.026098 0.012000
v 0.010432 -0.026098 0.012000
v 0.010432 -0.020602 0.009724
v 0.007432 -0.020902 0.009000
v 0.010432 -0.020902 0.009000
v 0.001432 -0.023700 0.040051
v 0.017932 -0.023700 0.040051
v 0.010432 0.000398 0.011277
v 0.007432 0.000500 0.010500
v 0.010432 0.000500 0.010500
v 0.010432 -0.002500 0.007500
v 0.007432 -0.001724 0.007602
v 0.007432 -0.002500 0.007500
v 0.017932 -0.019700 0.027000
v 0.001432 -0.019700 0.040051
v 0.017932 -0.019700 0.040051
v 0.010432 -0.001724 0.013398
v 0.007432 -0.001000 0.013098
v 0.010432 -0.001000 0.013098
v 0.010432 -0.005098 0.009000
v 0.007432 -0.005098 0.009000
v 0.010432 -0.000379 0.012621
v 0.003232 -0.025066 0.010081
v 0.010432 0.000098 0.012000
v 0.007432 0.000398 0.011277
v 0.007432 -0.024904 0.011311
v 0.007432 -0.024646 0.011646
v 0.010432 -0.021379 0.008379
v 0.007432 -0.022000 0.007902
v 0.010432 -0.022000 0.007902
v 0.003232 -0.001375 0.008551
v 0.010432 -0.005398 0.011277
v 0.007432 -0.005098 0.012000
v 0.010432 -0.005098 0.012000
v 0.010432 -0.005398 0.009724
v 0.007432 -0.005500 0.010500
v 0.010432 -0.005500 0.010500
v 0.010432 -0.025000 0.013098
v 0.010432 -0.024277 0.013398
v 0.019432 0.001000 0.018000
v 0.018432 0.002000 0.027000
v 0.019432 0.001000 0.027000
v 0.001432 -0.026500 0.019000
v 0.001432 -0.025250 0.004835
v 0.001432 0.000500 0.019000
v 0.001432 0.000500 0.007000
v 0.007432 -0.003904 0.009690
v 0.007432 -0.024311 0.011904
v 0.010432 -0.001724 0.007602
v 0.007432 -0.001000 0.007902
v 0.007432 -0.022690 0.011904
v 0.007432 -0.001354 0.011646
v 0.001432 -0.001353 0.021415
v 0.001432 -0.025768 0.020768
v 0.001432 0.000415 0.006353
v 0.007432 -0.005398 0.011277
v 0.007432 -0.004066 0.010920
v 0.007432 -0.003276 0.013398
v 0.003232 -0.004750 0.010500
v 0.003232 -0.022690 0.011904
v 0.007432 -0.000934 0.010081
v 0.007432 0.000398 0.009724
v 0.007432 -0.001690 0.011904
v 0.007432 -0.024646 0.009354
v 0.007432 -0.005398 0.009724
v 0.007432 -0.000879 0.010500
v 0.007432 0.000098 0.009000
v 0.007432 -0.001096 0.009690
v 0.007432 -0.000379 0.008379
v 0.007432 -0.002081 0.008934
v 0.007432 -0.002500 0.013500
v 0.007432 -0.001724 0.013398
v 0.007432 -0.022000 0.013098
v 0.007432 -0.023081 0.012066
v 0.007432 -0.003646 0.009354
v 0.007432 -0.025621 0.012621
v 0.007432 -0.025121 0.010500
v 0.007432 -0.021934 0.010081
v 0.007432 -0.020602 0.009724
v 0.007432 -0.025000 0.007902
v 0.007432 -0.023500 0.013500
v 0.007432 -0.022724 0.013398
v 0.007432 -0.022724 0.007602
v 0.007432 -0.021379 0.012621
v 0.007432 -0.020902 0.012000
v 0.003232 -0.001354 0.011646
v 0.007432 -0.024277 0.007602
v 0.003232 -0.004066 0.010081
v 0.001432 0.000415 0.019647
v 0.001432 0.000165 0.020250
v 0.010432 -0.021379 0.012621
v 0.010432 -0.001000 0.007902
v 0.010432 -0.025621 0.012621
v 0.010432 -0.023500 0.013500
v 0.010432 -0.003276 0.013398
v 0.010432 -0.002500 0.013500
v 0.010432 0.002000 0.018000
v 0.018432 0.002000 0.018000
v 0.010432 -0.026500 0.010500
v 0.010432 -0.022724 0.013398
v 0.010432 -0.022000 0.013098
v 0.010432 -0.025621 0.008379
v 0.001432 -0.026415 0.019647
v 0.010432 0.000398 0.009724
v 0.010432 -0.000379 0.008379
v 0.010432 0.000098 0.009000
v 0.001432 0.000165 0.005750
v 0.019432 -0.027000 0.027000
v 0.003232 -0.021934 0.010081
v 0.001432 -0.001353 0.004585
v 0.001432 -0.026165 0.020250
v 0.010432 0.001000 0.003000
v 0.001432 0.002000 0.004000
v 0.010432 0.002000 0.004000
v 0.010432 -0.025000 0.007902
v 0.010432 -0.028000 0.018000
v 0.010432 -0.003276 0.007602
v 0.001432 0.002000 0.027000
v 0.001432 -0.028000 0.004000
v 0.001432 -0.002000 0.004500
v 0.000555 0.000300 -0.007290
v 0.000141 0.004000 -0.006178
v 0.000555 0.004000 -0.007290
v 0.028500 0.001150 0.010500
v 0.028500 0.002200 0.012500
v 0.028500 0.001150 0.012500
v 0.013724 0.004000 -0.012964
v 0.016585 0.000300 -0.014641
v 0.013724 0.000300 -0.012964
v 0.029851 0.004000 -0.036636
v 0.029337 0.000300 -0.033360
v 0.029337 0.004000 -0.033360
v 0.025691 0.004000 -0.024147
v 0.023824 0.000300 -0.021406
v 0.023824 0.004000 -0.021406
v 0.007537 0.004000 -0.010603
v 0.004286 0.000300 -0.009949
v 0.004286 0.004000 -0.009949
v 0.010696 0.004000 -0.011612
v 0.007537 0.000300 -0.010603
v 0.010696 0.000300 -0.011612
v 0.016585 0.004000 -0.014641
v 0.019243 0.000300 -0.016624
v 0.033197 0.000300 -0.044664
v 0.032131 0.004000 -0.044095
v 0.033197 0.004000 -0.044664
v 0.034370 0.000300 -0.044960
v 0.034370 0.004000 -0.044960
v 0.030134 0.004000 -0.041151
v 0.030000 0.000300 -0.039949
v 0.030000 0.004000 -0.039949
v 0.036755 0.000300 -0.044682
v 0.035579 0.004000 -0.044966
v 0.036755 0.004000 -0.044682
v 0.030526 -0.024445 0.006974
v 0.033621 -0.030000 0.003879
v 0.030619 -0.023976 0.006881
v 0.039854 0.000300 -0.041200
v 0.039424 0.004000 -0.042331
v 0.039854 0.004000 -0.041200
v 0.028464 -0.030000 -0.030160
v 0.029337 -0.026300 -0.033360
v 0.029337 -0.030000 -0.033360
v 0.015000 -0.013000 0.014000
v 0.025500 -0.019850 0.014000
v 0.025500 -0.013000 0.014000
v 0.035579 0.000300 -0.044966
v 0.012750 -0.028200 0.017799
v 0.013061 -0.013000 0.017561
v 0.012750 -0.013000 0.017799
v 0.037827 0.000300 -0.044124
v 0.037827 0.004000 -0.044124
v 0.038735 0.000300 -0.043324
v 0.038735 0.004000 -0.043324
v 0.025500 -0.027150 0.014000
v 0.025500 -0.027150 0.010500
v 0.025500 -0.025492 0.011650
v 0.005500 -0.013000 0.012106
v 0.005500 -0.021508 0.011650
v 0.005500 -0.021874 0.012126
v 0.028906 -0.020304 0.008745
v 0.025500 -0.020919 0.007919
v 0.029145 -0.020520 0.008430
v 0.025500 -0.021200 0.010500
v 0.005500 -0.021278 0.011095
v 0.005500 -0.021200 0.010500
v 0.040000 0.004000 -0.000000
v 0.040000 0.000154 -0.000146
v 0.040000 0.000233 -0.000250
v 0.040000 -0.000200 -0.000000
v 0.040000 -0.000071 -0.000017
v 0.040000 0.000050 -0.000067
v 0.040000 0.000300 -0.000500
v 0.040000 0.000283 -0.000371
v -0.000000 0.000233 -0.000250
v -0.000000 0.000154 -0.000146
v -0.000000 0.004000 -0.000000
v -0.000000 0.000283 -0.000371
v -0.000000 0.000050 -0.000067
v -0.000000 -0.000071 -0.000017
v -0.000000 -0.000200 -0.000000
v 0.030134 -0.030000 -0.041151
v 0.030553 -0.026300 -0.042285
v 0.030553 -0.030000 -0.042285
v -0.000000 0.000300 -0.000500
v 0.028061 -0.006150 0.013561
v 0.027750 -0.013000 0.013799
v 0.028061 -0.013000 0.013561
v 0.000141 -0.030000 -0.006178
v 0.000555 -0.026300 -0.007290
v 0.000555 -0.030000 -0.007290
v 0.025500 -0.019850 0.010500
v 0.025500 -0.021278 0.011095
v 0.016875 -0.028334 0.011000
v 0.027121 -0.028493 0.010793
v 0.027207 -0.028334 0.011000
v 0.005500 -0.025126 0.012126
v 0.005500 -0.028200 0.018000
v 0.005500 -0.024650 0.012492
v 0.005500 -0.028200 0.005474
v 0.005500 -0.025800 0.010500
v 0.005500 -0.028234 0.005180
v 0.040000 -0.030000 -0.040000
v 0.027244 -0.030000 -0.027077
v 0.005500 -0.021508 0.009350
v 0.005500 -0.013000 0.008874
v 0.005500 -0.021874 0.008874
v 0.005500 -0.000278 0.009905
v 0.025500 -0.000200 0.010500
v 0.005500 -0.000200 0.010500
v 0.030161 -0.025325 0.007339
v 0.030372 -0.024897 0.007128
v 0.027000 -0.013000 0.014000
v 0.005500 -0.000508 0.009350
v 0.025500 -0.000874 0.008874
v 0.025500 -0.000508 0.009350
v 0.005500 -0.001350 0.008508
v 0.005500 -0.000874 0.008874
v 0.005500 -0.001905 0.008278
v 0.025500 -0.002500 0.008200
v 0.025500 -0.001905 0.008278
v 0.025500 -0.001350 0.008508
v 0.005500 -0.000278 0.011095
v 0.025500 -0.000508 0.011650
v 0.005500 -0.000508 0.011650
v 0.005500 -0.002500 0.008200
v 0.025500 -0.003095 0.008278
v 0.005500 -0.003650 0.008508
v 0.005500 -0.003095 0.008278
v 0.025500 -0.004126 0.008874
v 0.025500 -0.003650 0.008508
v 0.005500 -0.001905 0.012722
v 0.025500 -0.002500 0.012800
v 0.005500 -0.002500 0.012800
v 0.005500 -0.003650 0.012492
v 0.025500 -0.004126 0.012126
v 0.005500 -0.004126 0.012126
v 0.025500 -0.003095 0.012722
v 0.005500 -0.003095 0.012722
v 0.025500 -0.004492 0.011650
v 0.005500 -0.004492 0.011650
v 0.005500 -0.028493 0.004672
v 0.005500 -0.028200 0.004339
v 0.005500 -0.028591 0.004574
v 0.005500 -0.004722 0.009905
v 0.025500 -0.004492 0.009350
v 0.005500 -0.004492 0.009350
v 0.007537 -0.026300 -0.010603
v 0.010696 -0.030000 -0.011612
v 0.007537 -0.030000 -0.010603
v 0.005500 -0.001350 0.012492
v 0.025500 -0.001905 0.012722
v 0.005500 -0.000874 0.012126
v 0.025500 -0.001350 0.012492
v 0.025500 -0.000874 0.012126
v 0.027750 0.002200 0.013799
v 0.027388 0.001150 0.013949
v 0.027750 0.001150 0.013799
v 0.028061 0.001150 0.013561
v 0.028299 0.001150 0.013250
v 0.028061 0.002200 0.013561
v 0.027750 -0.027150 0.013799
v 0.027388 -0.027150 0.013949
v 0.016948 -0.028591 0.010707
v 0.016926 -0.028493 0.010793
v 0.025500 -0.021874 0.008874
v 0.028500 -0.019850 0.012500
v 0.028500 -0.019850 0.011288
v 0.040000 -0.030000 0.000000
v 0.040000 -0.026283 -0.000371
v 0.040000 -0.026233 -0.000250
v 0.005500 -0.028817 0.004426
v 0.016991 -0.028941 0.010534
v 0.016981 -0.028817 0.010576
v 0.029574 -0.013000 0.007926
v 0.029145 -0.005480 0.008430
v 0.029125 -0.013000 0.008454
v 0.005500 -0.029070 0.004349
v 0.017000 -0.029200 0.010500
v 0.016998 -0.029070 0.010509
v 0.005500 0.002493 0.004672
v 0.016948 0.002591 0.010707
v 0.005500 0.002591 0.004574
v 0.027000 0.002200 0.014000
v 0.016749 0.002200 0.011500
v 0.015000 0.002200 0.014000
v 0.028815 0.002661 0.008923
v 0.028709 0.002540 0.009143
v 0.028790 0.000811 0.008989
v 0.028902 0.002759 0.008743
v 0.029045 0.000570 0.008556
v 0.029315 0.000326 0.008204
v 0.029379 0.003200 0.008121
v 0.029087 0.002942 0.008466
v 0.025500 -0.000278 0.009905
v 0.028299 0.002200 0.013250
v 0.028449 0.002200 0.012888
v 0.027414 0.002200 0.011500
v 0.028500 0.002200 0.010414
v 0.005500 0.002200 0.005474
v 0.013939 0.002200 0.014439
v 0.014250 0.002200 0.014201
v 0.014612 0.002200 0.014051
v 0.012000 -0.028200 0.018000
v 0.013449 -0.028200 0.016888
v 0.013299 -0.028200 0.017250
v 0.027388 0.002200 0.013949
v 0.013449 0.002200 0.016888
v 0.013500 0.002200 0.016500
v 0.012000 0.002200 0.018000
v 0.013500 0.002200 0.015500
v 0.005500 0.002200 0.018000
v 0.013551 0.002200 0.015112
v 0.013701 0.002200 0.014750
v 0.012388 0.002200 0.017949
v 0.012750 0.002200 0.017799
v 0.013061 0.002200 0.017561
v 0.013299 0.002200 0.017250
v 0.016991 0.002941 0.010534
v 0.027004 0.003069 0.010509
v 0.016998 0.003069 0.010509
v 0.028500 0.001141 0.010243
v 0.005500 -0.013000 0.011693
v 0.029851 -0.030000 -0.036636
v 0.013500 -0.013000 0.016500
v 0.013500 -0.028200 0.015500
v 0.013500 -0.013000 0.015500
v 0.025500 -0.025325 0.007339
v 0.027750 -0.019850 0.013799
v 0.028061 -0.019850 0.013561
v 0.001220 -0.026300 -0.008273
v 0.001220 -0.030000 -0.008273
v 0.005500 -0.023500 0.012800
v 0.005500 -0.024095 0.012722
v 0.025500 -0.022905 0.012722
v 0.025500 -0.023500 0.012800
v 0.017000 -0.030000 0.010500
v 0.005500 -0.029200 0.004339
v 0.003000 -0.030000 0.003000
v 0.025500 -0.024095 0.012722
v 0.013551 -0.028200 0.015112
v 0.005500 -0.028334 0.004907
v 0.005500 -0.022905 0.012722
v 0.030000 -0.030000 -0.039949
v 0.030134 -0.026300 -0.041151
v 0.029315 -0.026326 0.008204
v 0.029568 -0.026069 0.007932
v 0.025500 -0.026081 0.007919
v 0.037827 -0.030000 -0.044124
v 0.038735 -0.026300 -0.043324
v 0.038735 -0.030000 -0.043324
v 0.025500 -0.024650 0.012492
v 0.014612 -0.028200 0.014051
v 0.014612 -0.013000 0.014051
v 0.040000 -0.026154 -0.000146
v 0.040000 -0.026050 -0.000067
v 0.028904 -0.013000 0.008744
v 0.031231 0.004000 -0.043286
v 0.030553 0.000300 -0.042285
v 0.030553 0.004000 -0.042285
v 0.035579 -0.030000 -0.044966
v 0.036755 -0.026300 -0.044682
v 0.036755 -0.030000 -0.044682
v 0.027388 -0.013000 0.013949
v 0.027000 -0.019850 0.014000
v 0.027388 -0.019850 0.013949
v 0.025500 -0.025722 0.011095
v 0.039424 0.000300 -0.042331
v 0.028500 -0.013000 0.011288
v 0.028500 -0.006150 0.012500
v 0.028500 -0.013000 0.012500
v 0.040000 -0.025929 -0.000017
v -0.000000 -0.026050 -0.000067
v -0.000000 -0.025929 -0.000017
v 0.025500 -0.024650 0.008508
v 0.025500 -0.025126 0.008874
v 0.005500 -0.013000 0.009350
v 0.005500 -0.021278 0.009905
v 0.005500 -0.013000 0.009905
v 0.025500 -0.025492 0.009350
v 0.005500 -0.025126 0.008874
v 0.005500 -0.025492 0.009350
v 0.034076 -0.030000 0.003506
v 0.033621 -0.013000 0.003879
v 0.040000 0.004000 -0.040000
v 0.040000 0.000300 -0.040000
v 0.000102 -0.013000 0.000776
v -0.000000 -0.013000 -0.000000
v -0.000000 -0.025800 0.000000
v 0.027055 -0.028700 0.010634
v 0.016966 -0.028700 0.010634
v 0.005500 -0.025722 0.009905
v 0.025500 -0.025126 0.012126
v 0.030135 -0.013000 0.007365
v 0.029896 -0.021278 0.007604
v 0.030161 -0.021675 0.007339
v 0.025500 -0.022350 0.008508
v 0.005500 -0.022350 0.008508
v 0.012388 -0.028200 0.017949
v 0.012388 -0.013000 0.017949
v 0.005500 -0.028700 0.004491
v 0.029581 -0.020919 0.007919
v 0.025500 -0.021675 0.007339
v 0.021666 0.000300 -0.018889
v 0.027000 -0.027150 0.014000
v 0.013939 -0.028200 0.014439
v 0.016749 -0.028200 0.011500
v 0.014250 -0.028200 0.014201
v 0.028512 -0.013000 0.010168
v 0.028500 -0.006146 0.010729
v 0.028500 -0.013000 0.010729
v 0.003000 0.002200 0.003000
v 0.005500 0.003200 0.004339
v 0.003000 0.004000 0.003000
v 0.029087 -0.028942 0.008466
v 0.027000 -0.029200 0.010500
v 0.029379 -0.029200 0.008121
v 0.039598 -0.030000 0.001500
v 0.039121 -0.013000 0.002121
v 0.039121 -0.030000 0.002121
v -0.000000 -0.026233 -0.000250
v 0.005500 -0.013000 0.003000
v 0.005500 -0.013000 0.008502
v 0.005500 0.002700 0.004491
v 0.016981 0.002817 0.010576
v 0.005500 0.002817 0.004426
v 0.027014 -0.028941 0.010534
v 0.028815 -0.028661 0.008923
v 0.027032 -0.028817 0.010576
v 0.000879 -0.030000 0.002121
v 0.001500 -0.013000 0.002598
v 0.000879 -0.013000 0.002121
v 0.040000 -0.026300 -0.000500
v 0.010696 -0.026300 -0.011612
v 0.013724 -0.030000 -0.012964
v 0.025500 -0.022555 0.006974
v 0.025500 -0.022905 0.008278
v 0.027000 -0.030000 0.010500
v 0.025500 -0.024095 0.008278
v 0.013061 -0.028200 0.017561
v 0.030372 -0.022103 0.007128
v -0.000000 -0.026154 -0.000146
v -0.000000 -0.030000 0.000000
v 0.025500 -0.027026 0.009555
v 0.028660 -0.026942 0.009330
v 0.025500 -0.026661 0.008675
v 0.028790 -0.026811 0.008989
v 0.028709 -0.028540 0.009143
v 0.030571 -0.013000 0.006929
v 0.030526 -0.022555 0.006974
v 0.030619 -0.023024 0.006881
v -0.000000 -0.030000 -0.005000
v -0.000000 -0.026300 -0.000500
v -0.000000 -0.026300 -0.005000
v 0.029896 -0.025722 0.007604
v 0.029045 -0.026570 0.008556
v 0.025500 -0.025800 0.010500
v 0.040000 -0.025800 0.000000
v 0.040000 -0.013000 -0.000000
v 0.039898 -0.013000 0.000776
v 0.035743 -0.013000 0.003000
v 0.037000 -0.030000 0.003000
v 0.037000 -0.013000 0.003000
v 0.005500 -0.028200 0.003000
v 0.005500 -0.023500 0.008200
v 0.005500 -0.022905 0.008278
v 0.025500 -0.021508 0.011650
v 0.005500 0.002941 0.004378
v 0.028518 0.002253 0.009977
v 0.028503 0.002214 0.010205
v 0.025500 -0.020339 0.008675
v 0.025500 -0.021278 0.009905
v 0.025500 -0.021508 0.009350
v 0.037776 -0.030000 0.002898
v 0.028560 0.002328 0.009701
v 0.028520 0.001099 0.009894
v 0.028574 0.001035 0.009613
v 0.003140 -0.030000 -0.009641
v 0.004286 -0.026300 -0.009949
v 0.004286 -0.030000 -0.009949
v 0.015000 -0.028200 0.014000
v 0.030000 -0.026300 -0.039949
v 0.025500 -0.004722 0.011095
v 0.005500 -0.004722 0.011095
v 0.028902 -0.028759 0.008743
v 0.013724 -0.026300 -0.012964
v 0.016585 -0.030000 -0.014641
v 0.013701 -0.013000 0.014750
v 0.013551 -0.013000 0.015112
v 0.002223 0.004000 0.002898
v 0.002223 -0.013000 0.002898
v 0.028518 -0.028253 0.009977
v 0.025500 -0.006150 0.014000
v 0.005500 0.002200 0.004339
v 0.012000 -0.013000 0.018000
v 0.027000 -0.028200 0.014000
v 0.027004 -0.029070 0.010509
v 0.035157 -0.030000 0.003058
v 0.035743 -0.030000 0.003000
v 0.005500 0.002234 0.005180
v 0.005500 0.002334 0.004907
v 0.005500 0.003069 0.004349
v 0.025500 -0.004325 0.007339
v 0.028731 -0.020134 0.009088
v 0.028585 -0.019979 0.009556
v 0.028500 -0.028200 0.012500
v 0.028500 -0.027150 0.010500
v 0.028500 -0.027150 0.012500
v 0.005500 -0.024095 0.008278
v 0.005500 0.002200 0.003000
v 0.005500 -0.013000 0.018000
v 0.034595 -0.013000 0.003228
v 0.034595 -0.030000 0.003228
v 0.025500 -0.023500 0.008200
v 0.027414 -0.028200 0.011500
v 0.028299 -0.028200 0.013250
v 0.028061 -0.028200 0.013561
v 0.027000 0.004000 0.010500
v 0.027000 0.003200 0.010500
v 0.030526 -0.001555 0.006974
v 0.030619 -0.002024 0.006881
v 0.033621 0.004000 0.003879
v 0.030650 -0.002500 0.006850
v 0.030619 -0.002976 0.006881
v 0.029568 0.000068 0.007932
v 0.029896 -0.000278 0.007604
v 0.016814 -0.028234 0.011241
v 0.028500 -0.027141 0.010243
v 0.030161 -0.000675 0.007339
v 0.030372 -0.001103 0.007128
v 0.039898 -0.030000 0.000776
v 0.039598 -0.013000 0.001500
v 0.030276 -0.013000 0.007224
v 0.030161 -0.004325 0.007339
v 0.030372 -0.003897 0.007128
v 0.030447 -0.013000 0.007053
v 0.030526 -0.003445 0.006974
v 0.005500 -0.013000 0.012428
v 0.005500 -0.022350 0.012492
v 0.017000 0.003200 0.010500
v 0.017000 0.004000 0.010500
v 0.021666 -0.026300 -0.018888
v 0.023824 -0.030000 -0.021406
v 0.021666 -0.030000 -0.018888
v 0.028449 -0.027150 0.012888
v 0.028500 -0.019854 0.010729
v 0.025500 -0.006026 0.009555
v 0.028585 -0.006021 0.009556
v 0.025500 -0.005661 0.008675
v 0.027014 0.002941 0.010534
v 0.025500 0.001150 0.010500
v 0.025500 0.000661 0.008675
v 0.028660 0.000942 0.009330
v 0.016814 0.002234 0.011241
v 0.027207 0.002334 0.011000
v 0.016874 0.002334 0.011000
v 0.025500 0.001026 0.009555
v 0.027307 0.002234 0.011241
v 0.025500 0.000081 0.007919
v 0.025500 -0.000675 0.007339
v 0.025500 -0.001555 0.006974
v 0.000402 -0.030000 0.001500
v 0.000402 -0.013000 0.001500
v 0.025500 -0.003445 0.006974
v 0.028512 -0.019883 0.010168
v 0.028582 -0.013000 0.009556
v 0.029896 -0.004722 0.007604
v 0.028731 -0.005866 0.009088
v 0.028906 -0.005696 0.008745
v 0.025500 -0.005081 0.007919
v 0.029581 -0.005081 0.007919
v 0.025500 -0.006150 0.010500
v 0.028500 -0.006150 0.011288
v 0.025500 -0.003650 0.012492
v 0.025500 0.001150 0.014000
v 0.025500 -0.000278 0.011095
v 0.025500 -0.019974 0.009555
v 0.027086 -0.028591 0.010707
v 0.028560 -0.028328 0.009701
v 0.025500 -0.022350 0.012492
v 0.000141 -0.026300 -0.006178
v 0.028299 -0.013000 0.013250
v 0.028449 -0.019850 0.012888
v 0.028449 -0.013000 0.012888
v 0.025500 -0.004800 0.010500
v 0.005500 -0.025492 0.011650
v 0.028449 -0.028200 0.012888
v 0.025500 -0.002500 0.006850
v 0.027307 -0.028234 0.011241
v 0.028731 -0.013000 0.009088
v 0.031231 -0.026300 -0.043286
v 0.031231 -0.030000 -0.043286
v 0.025691 -0.030000 -0.024147
v 0.027244 -0.026300 -0.027077
v 0.027750 -0.028200 0.013799
v 0.028574 -0.027035 0.009613
v 0.028611 -0.028403 0.009491
v 0.035157 -0.013000 0.003058
v 0.025500 -0.004722 0.009905
v -0.000000 -0.026283 -0.000371
v 0.002223 -0.030000 0.002898
v 0.003000 -0.028200 0.003000
v 0.025500 -0.023500 0.006850
v 0.005500 -0.024650 0.008508
v 0.013701 -0.028200 0.014750
v 0.005500 -0.028941 0.004378
v 0.025500 -0.024445 0.006974
v 0.034370 -0.030000 -0.044960
v 0.035579 -0.026300 -0.044966
v 0.039854 -0.026300 -0.041200
v 0.040000 -0.026300 -0.040000
v 0.019243 -0.030000 -0.016624
v 0.038500 -0.030000 0.002598
v 0.037776 -0.013000 0.002898
v 0.028512 -0.006117 0.010168
v 0.030650 -0.023500 0.006850
v 0.032131 -0.026300 -0.044095
v 0.032131 -0.030000 -0.044095
v 0.033197 -0.026300 -0.044664
v 0.034370 -0.026300 -0.044960
v 0.025500 -0.021874 0.012126
v 0.028061 -0.027150 0.013561
v 0.014250 -0.013000 0.014201
v 0.013939 -0.013000 0.014439
v 0.039424 -0.030000 -0.042331
v 0.039854 -0.030000 -0.041200
v 0.027388 -0.028200 0.013949
v 0.025500 -0.025722 0.009905
v 0.003140 0.004000 -0.009641
v 0.027388 -0.006150 0.013949
v 0.005500 -0.025722 0.011095
v 0.002098 -0.026300 -0.009072
v 0.002098 -0.030000 -0.009072
v 0.038500 -0.013000 0.002598
v 0.027244 0.004000 -0.027077
v 0.025691 0.000300 -0.024147
v 0.013500 -0.028200 0.016500
v 0.000102 -0.030000 0.000776
v 0.005500 -0.013000 0.011095
v 0.028449 0.001150 0.012888
v 0.029851 0.000300 -0.036636
v 0.027000 0.001150 0.014000
v 0.037000 0.004000 0.003000
v -0.000000 0.000300 -0.005000
v -0.000000 0.004000 -0.005000
v 0.003140 -0.026300 -0.009641
v 0.016585 -0.026300 -0.014641
v 0.028464 0.004000 -0.030161
v 0.027244 0.000300 -0.027077
v 0.005500 -0.004800 0.010500
v 0.032131 0.000300 -0.044095
v 0.005500 -0.004126 0.008874
v 0.028500 -0.028200 0.010414
v 0.037827 -0.026300 -0.044124
v 0.028503 -0.028214 0.010205
v 0.028520 -0.027099 0.009894
v 0.021666 0.004000 -0.018889
v 0.019243 0.004000 -0.016624
v 0.028299 -0.027150 0.013250
v 0.016966 0.002700 0.010634
v 0.027121 0.002493 0.010793
v 0.016926 0.002493 0.010793
v 0.027032 0.002817 0.010576
v 0.027055 0.002700 0.010634
v 0.027086 0.002591 0.010707
v 0.023824 -0.026300 -0.021406
v 0.001500 -0.030000 0.002598
v 0.028299 -0.019850 0.013250
v 0.028611 0.002403 0.009491
v 0.013299 -0.013000 0.017250
v 0.027000 -0.006150 0.014000
v 0.027750 -0.006150 0.013799
v 0.028299 -0.006150 0.013250
v 0.028449 -0.006150 0.012888
v 0.028464 0.000300 -0.030161
v 0.002098 0.004000 -0.009072
v 0.001220 0.000300 -0.008273
v 0.001220 0.004000 -0.008273
v 0.035157 0.004000 0.003058
v 0.033197 -0.030000 -0.044664
v 0.013449 -0.013000 0.016888
v 0.003140 0.000300 -0.009641
v 0.000402 0.004000 0.001500
v 0.000102 0.004000 0.000776
v 0.000879 0.004000 0.002121
v 0.039121 0.004000 0.002121
v 0.038500 0.004000 0.002598
v 0.025691 -0.026300 -0.024147
v 0.035743 0.004000 0.003000
v 0.037776 0.004000 0.002898
v 0.003000 -0.013000 0.003000
v 0.005500 -0.013000 0.010500
v 0.039424 -0.026300 -0.042331
v 0.029896 -0.013000 0.007604
v 0.001500 0.004000 0.002598
v 0.034076 0.004000 0.003506
v 0.034595 0.004000 0.003228
v 0.034076 -0.013000 0.003506
v 0.039598 0.004000 0.001500
v 0.039898 0.004000 0.000776
v 0.000402 -0.013000 -0.001502
v -0.000000 -0.013000 -0.069634
v -0.000000 -0.013000 -0.017542
v -0.000000 -0.013000 -0.021083
v -0.000000 -0.013000 -0.061402
v -0.000000 -0.013000 -0.078826
v -0.000000 -0.013000 -0.087487
v -0.000000 -0.013000 -0.050822
v -0.000000 -0.013000 -0.044073
v -0.000000 -0.013000 -0.014002
v -0.000000 -0.013000 -0.055436
v -0.000000 -0.013000 -0.038869
v 0.000102 -0.013000 -0.002225
v -0.000000 -0.013000 -0.009385
v -0.000000 -0.013000 -0.003002
v -0.000000 -0.013000 -0.100837
v -0.000000 -0.013000 -0.122367
v -0.000000 -0.013000 -0.026223
v -0.000000 -0.013000 -0.029944
v -0.000000 -0.013000 -0.033665
v 0.000285 -0.026000 -0.123066
v 0.000486 -0.026000 -0.123225
v 0.001682 -0.026000 -0.123099
v 0.001232 -0.026000 -0.123340
v 0.000976 -0.026000 -0.123367
v 0.000722 -0.026000 -0.123328
v 0.005333 -0.013000 -0.117070
v 0.001232 -0.000000 -0.123340
v 0.000976 -0.000000 -0.123367
v 0.001682 -0.000000 -0.123099
v 0.000722 -0.000000 -0.123328
v 0.000285 -0.000000 -0.123066
v 0.000486 -0.000000 -0.123225
v 0.000033 -0.000000 -0.122622
v 0.000033 -0.026000 -0.122622
v 0.034694 0.005794 -0.040306
v 0.034174 0.005794 -0.040826
v 0.033887 0.005794 -0.040306
v 0.034694 0.005794 -0.041113
v 0.034694 0.004910 -0.040000
v 0.033831 0.005794 -0.040000
v 0.034694 0.004910 -0.040306
v 0.034357 0.005699 -0.041552
v 0.035000 0.005515 -0.041836
v 0.034297 0.005515 -0.041696
v 0.033635 0.005283 -0.041365
v 0.034261 0.005283 -0.041784
v 0.035000 0.005283 -0.041931
v 0.035000 0.004910 -0.040306
v 0.035000 0.004910 -0.040000
v 0.035306 0.005794 -0.040306
v 0.036113 0.005794 -0.040306
v 0.035826 0.005794 -0.040826
v 0.035306 0.005794 -0.041113
v 0.035306 0.004910 -0.040000
v 0.035306 0.004910 -0.040306
v 0.036552 0.005699 -0.040643
v 0.036836 0.005515 -0.040000
v 0.036696 0.005515 -0.040703
v 0.036395 0.005791 -0.040578
v 0.036068 0.005791 -0.041068
v 0.035000 0.005791 -0.041509
v 0.035000 0.005699 -0.041680
v 0.033448 0.005699 -0.040643
v 0.033932 0.005791 -0.041068
v 0.033812 0.005699 -0.041188
v 0.036298 0.005515 -0.041298
v 0.036365 0.005283 -0.041365
v 0.036784 0.005283 -0.040739
v 0.034223 0.003996 -0.041875
v 0.033702 0.005515 -0.041298
v 0.035643 0.005699 -0.041552
v 0.035702 0.005515 -0.041696
v 0.034422 0.005791 -0.041395
v 0.034694 0.005794 -0.039694
v 0.033887 0.005794 -0.039694
v 0.034174 0.005794 -0.039174
v 0.034694 0.005794 -0.038887
v 0.034694 0.004910 -0.039694
v 0.035000 0.004910 -0.039694
v 0.035306 0.005794 -0.039694
v 0.035826 0.005794 -0.039174
v 0.036113 0.005794 -0.039694
v 0.035306 0.005794 -0.038887
v 0.036169 0.005794 -0.040000
v 0.035306 0.004910 -0.039694
v 0.033164 0.005515 -0.040000
v 0.033304 0.005515 -0.040703
v 0.032970 0.003996 -0.040000
v 0.033216 0.005283 -0.040739
v 0.033125 0.003996 -0.040777
v 0.035000 0.003996 -0.042029
v 0.035739 0.005283 -0.041784
v 0.033605 0.005791 -0.040578
v 0.036435 0.003996 -0.041435
v 0.035777 0.003996 -0.041875
v 0.033565 0.003996 -0.041435
v 0.036188 0.005699 -0.041188
v 0.036298 0.005515 -0.038702
v 0.036552 0.005699 -0.039357
v 0.036188 0.005699 -0.038812
v 0.035000 0.005791 -0.038491
v 0.034357 0.005699 -0.038448
v 0.035000 0.005699 -0.038320
v 0.033490 0.005791 -0.040000
v 0.034223 0.003996 -0.038125
v 0.033635 0.005283 -0.038635
v 0.033565 0.003996 -0.038565
v 0.034297 0.005515 -0.038304
v 0.033812 0.005699 -0.038812
v 0.033702 0.005515 -0.038702
v 0.036931 0.005283 -0.040000
v 0.035702 0.005515 -0.038304
v 0.035643 0.005699 -0.038448
v 0.033932 0.005791 -0.038932
v 0.035000 0.005515 -0.038164
v 0.034261 0.005283 -0.038216
v 0.035000 0.005283 -0.038069
v 0.035578 0.005791 -0.041395
v 0.037029 0.003996 -0.040000
v 0.036875 0.003996 -0.040777
v 0.033605 0.005791 -0.039422
v 0.034422 0.005791 -0.038605
v 0.033304 0.005515 -0.039297
v 0.035000 0.003996 -0.037971
v 0.036510 0.005791 -0.040000
v 0.033216 0.005283 -0.039261
v 0.033125 0.003996 -0.039223
v 0.033069 0.005283 -0.040000
v 0.035739 0.005283 -0.038216
v 0.033320 0.005699 -0.040000
v 0.036068 0.005791 -0.038932
v 0.035578 0.005791 -0.038605
v 0.035000 0.005794 -0.041113
v 0.036395 0.005791 -0.039422
v 0.035777 0.003996 -0.038125
v 0.036365 0.005283 -0.038635
v 0.036696 0.005515 -0.039297
v 0.033448 0.005699 -0.039357
v 0.036435 0.003996 -0.038565
v 0.036784 0.005283 -0.039261
v 0.036680 0.005699 -0.040000
v 0.036875 0.003996 -0.039223
v 0.035000 0.005794 -0.038887
v 0.034694 0.005799 -0.005306
v 0.034174 0.005799 -0.005826
v 0.033887 0.005799 -0.005306
v 0.034694 0.005799 -0.006113
v 0.034694 0.004914 -0.005000
v 0.033831 0.005799 -0.005000
v 0.034694 0.004914 -0.005306
v 0.034297 0.005519 -0.006696
v 0.035000 0.005703 -0.006680
v 0.035000 0.005519 -0.006836
v 0.033635 0.005287 -0.006365
v 0.034261 0.005287 -0.006784
v 0.035000 0.005287 -0.006931
v 0.035000 0.004914 -0.005306
v 0.035000 0.004914 -0.005000
v 0.035306 0.005799 -0.005306
v 0.036113 0.005799 -0.005306
v 0.035826 0.005799 -0.005826
v 0.035306 0.005799 -0.006113
v 0.035306 0.004914 -0.005000
v 0.035306 0.004914 -0.005306
v 0.036696 0.005519 -0.005703
v 0.036680 0.005703 -0.005000
v 0.036836 0.005519 -0.005000
v 0.036395 0.005795 -0.005578
v 0.036068 0.005795 -0.006068
v 0.034357 0.005703 -0.006552
v 0.035000 0.005795 -0.006509
v 0.033448 0.005703 -0.005643
v 0.033932 0.005795 -0.006068
v 0.033812 0.005703 -0.006188
v 0.036298 0.005519 -0.006298
v 0.036552 0.005703 -0.005643
v 0.036784 0.005287 -0.005739
v 0.036365 0.005287 -0.006365
v 0.034223 0.004000 -0.006875
v 0.035702 0.005519 -0.006696
v 0.036188 0.005703 -0.006188
v 0.034422 0.005795 -0.006395
v 0.034694 0.005799 -0.004694
v 0.033887 0.005799 -0.004694
v 0.034174 0.005799 -0.004174
v 0.034694 0.005799 -0.003887
v 0.034694 0.004914 -0.004694
v 0.035000 0.004914 -0.004694
v 0.035306 0.005799 -0.004694
v 0.035826 0.005799 -0.004174
v 0.036113 0.005799 -0.004694
v 0.035306 0.005799 -0.003887
v 0.036169 0.005799 -0.005000
v 0.035306 0.004914 -0.004694
v 0.033304 0.005519 -0.005703
v 0.033320 0.005703 -0.005000
v 0.032970 0.004000 -0.005000
v 0.033216 0.005287 -0.005739
v 0.033125 0.004000 -0.005777
v 0.035000 0.004000 -0.007029
v 0.035739 0.005287 -0.006784
v 0.033605 0.005795 -0.005578
v 0.035643 0.005703 -0.006552
v 0.035777 0.004000 -0.006875
v 0.036435 0.004000 -0.006435
v 0.033565 0.004000 -0.006435
v 0.033069 0.005287 -0.005000
v 0.036696 0.005519 -0.004297
v 0.036188 0.005703 -0.003812
v 0.036298 0.005519 -0.003702
v 0.035000 0.005795 -0.003491
v 0.034357 0.005703 -0.003448
v 0.035000 0.005703 -0.003320
v 0.033490 0.005795 -0.005000
v 0.034223 0.004000 -0.003125
v 0.033635 0.005287 -0.003635
v 0.033565 0.004000 -0.003565
v 0.034297 0.005519 -0.003304
v 0.033812 0.005703 -0.003812
v 0.033702 0.005519 -0.003702
v 0.036930 0.005287 -0.005000
v 0.035702 0.005519 -0.003304
v 0.035643 0.005703 -0.003448
v 0.033932 0.005795 -0.003932
v 0.035000 0.005287 -0.003069
v 0.034261 0.005287 -0.003216
v 0.035578 0.005795 -0.006395
v 0.037029 0.004000 -0.005000
v 0.036875 0.004000 -0.005777
v 0.035000 0.005519 -0.003164
v 0.033605 0.005795 -0.004422
v 0.033702 0.005519 -0.006298
v 0.034422 0.005795 -0.003605
v 0.033304 0.005519 -0.004297
v 0.035000 0.004000 -0.002971
v 0.036510 0.005795 -0.005000
v 0.033216 0.005287 -0.004261
v 0.033125 0.004000 -0.004223
v 0.035739 0.005287 -0.003216
v 0.033448 0.005703 -0.004357
v 0.033164 0.005519 -0.005000
v 0.036068 0.005795 -0.003932
v 0.035578 0.005795 -0.003605
v 0.035000 0.005799 -0.006113
v 0.036552 0.005703 -0.004357
v 0.036395 0.005795 -0.004422
v 0.035777 0.004000 -0.003125
v 0.036784 0.005287 -0.004261
v 0.036365 0.005287 -0.003635
v 0.036435 0.004000 -0.003565
v 0.036875 0.004000 -0.004223
v 0.035000 0.005799 -0.003887
v 0.004694 0.005799 -0.005306
v 0.004174 0.005799 -0.005826
v 0.003887 0.005799 -0.005306
v 0.004694 0.005799 -0.006113
v 0.004694 0.004914 -0.005000
v 0.003831 0.005799 -0.005000
v 0.004694 0.004914 -0.005306
v 0.004297 0.005519 -0.006696
v 0.005000 0.005703 -0.006680
v 0.005000 0.005519 -0.006836
v 0.003635 0.005287 -0.006365
v 0.004261 0.005287 -0.006784
v 0.005000 0.005287 -0.006931
v 0.005000 0.004914 -0.005306
v 0.005000 0.004914 -0.005000
v 0.005306 0.005799 -0.005306
v 0.006113 0.005799 -0.005306
v 0.005826 0.005799 -0.005826
v 0.005306 0.005799 -0.006113
v 0.005306 0.004914 -0.005000
v 0.005306 0.004914 -0.005306
v 0.006696 0.005519 -0.005703
v 0.006680 0.005703 -0.005000
v 0.006836 0.005519 -0.005000
v 0.006395 0.005795 -0.005578
v 0.006068 0.005795 -0.006068
v 0.004357 0.005703 -0.006552
v 0.005000 0.005795 -0.006509
v 0.003448 0.005703 -0.005643
v 0.003932 0.005795 -0.006068
v 0.003812 0.005703 -0.006188
v 0.006298 0.005519 -0.006298
v 0.006552 0.005703 -0.005643
v 0.006784 0.005287 -0.005739
v 0.006365 0.005287 -0.006365
v 0.004223 0.004000 -0.006875
v 0.005702 0.005519 -0.006696
v 0.006188 0.005703 -0.006188
v 0.004422 0.005795 -0.006395
v 0.004694 0.005799 -0.004694
v 0.003887 0.005799 -0.004694
v 0.004174 0.005799 -0.004174
v 0.004694 0.005799 -0.003887
v 0.004694 0.004914 -0.004694
v 0.005000 0.004914 -0.004694
v 0.005306 0.005799 -0.004694
v 0.005826 0.005799 -0.004174
v 0.006113 0.005799 -0.004694
v 0.005306 0.005799 -0.003887
v 0.006169 0.005799 -0.005000
v 0.005306 0.004914 -0.004694
v 0.003304 0.005519 -0.005703
v 0.003320 0.005703 -0.005000
v 0.002970 0.004000 -0.005000
v 0.003216 0.005287 -0.005739
v 0.003125 0.004000 -0.005777
v 0.005000 0.004000 -0.007029
v 0.005739 0.005287 -0.006784
v 0.003605 0.005795 -0.005578
v 0.005643 0.005703 -0.006552
v 0.006435 0.004000 -0.006435
v 0.005777 0.004000 -0.006875
v 0.003565 0.004000 -0.006435
v 0.003069 0.005287 -0.005000
v 0.006298 0.005519 -0.003702
v 0.006552 0.005703 -0.004357
v 0.006188 0.005703 -0.003812
v 0.005578 0.005795 -0.006395
v 0.005000 0.005795 -0.003491
v 0.004357 0.005703 -0.003448
v 0.005000 0.005703 -0.003320
v 0.003490 0.005795 -0.005000
v 0.004223 0.004000 -0.003125
v 0.003635 0.005287 -0.003635
v 0.003565 0.004000 -0.003565
v 0.004297 0.005519 -0.003304
v 0.003812 0.005703 -0.003812
v 0.003702 0.005519 -0.003702
v 0.006930 0.005287 -0.005000
v 0.005702 0.005519 -0.003304
v 0.005643 0.005703 -0.003448
v 0.003932 0.005795 -0.003932
v 0.005000 0.005287 -0.003069
v 0.004261 0.005287 -0.003216
v 0.007029 0.004000 -0.005000
v 0.006875 0.004000 -0.005777
v 0.005000 0.005519 -0.003164
v 0.003605 0.005795 -0.004422
v 0.003702 0.005519 -0.006298
v 0.004422 0.005795 -0.003605
v 0.003304 0.005519 -0.004297
v 0.005000 0.004000 -0.002971
v 0.006510 0.005795 -0.005000
v 0.003216 0.005287 -0.004261
v 0.003125 0.004000 -0.004223
v 0.005739 0.005287 -0.003216
v 0.003448 0.005703 -0.004357
v 0.003164 0.005519 -0.005000
v 0.006068 0.005795 -0.003932
v 0.005578 0.005795 -0.003605
v 0.005000 0.005799 -0.006113
v 0.006395 0.005795 -0.004422
v 0.005777 0.004000 -0.003125
v 0.006784 0.005287 -0.004261
v 0.006365 0.005287 -0.003635
v 0.006435 0.004000 -0.003565
v 0.006696 0.005519 -0.004297
v 0.006875 0.004000 -0.004223
v 0.005000 0.005799 -0.003887
v 0.034694 -0.031795 -0.040306
v 0.033887 -0.031795 -0.040306
v 0.034174 -0.031795 -0.040826
v 0.034694 -0.031795 -0.041113
v 0.034694 -0.030910 -0.040000
v 0.034694 -0.030910 -0.040306
v 0.035000 -0.031515 -0.041836
v 0.034357 -0.031699 -0.041552
v 0.034297 -0.031515 -0.041696
v 0.033635 -0.031283 -0.041365
v 0.034261 -0.031283 -0.041784
v 0.035000 -0.031283 -0.041931
v 0.035000 -0.030910 -0.040306
v 0.035000 -0.030910 -0.040000
v 0.035306 -0.031795 -0.040306
v 0.035826 -0.031795 -0.040826
v 0.036113 -0.031795 -0.040306
v 0.035306 -0.031795 -0.041113
v 0.035306 -0.030910 -0.040000
v 0.036169 -0.031795 -0.040000
v 0.035306 -0.030910 -0.040306
v 0.036696 -0.031515 -0.040702
v 0.036680 -0.031699 -0.040000
v 0.036552 -0.031699 -0.040643
v 0.036395 -0.031791 -0.040578
v 0.036068 -0.031791 -0.041068
v 0.035000 -0.031791 -0.041509
v 0.035000 -0.031699 -0.041680
v 0.033932 -0.031791 -0.041068
v 0.033448 -0.031699 -0.040643
v 0.033812 -0.031699 -0.041188
v 0.036298 -0.031515 -0.041298
v 0.036188 -0.031699 -0.041188
v 0.036365 -0.031283 -0.041365
v 0.034223 -0.029996 -0.041875
v 0.033565 -0.029996 -0.041435
v 0.033702 -0.031515 -0.041298
v 0.035702 -0.031515 -0.041696
v 0.035643 -0.031699 -0.041552
v 0.034694 -0.031795 -0.039694
v 0.034174 -0.031795 -0.039174
v 0.033887 -0.031795 -0.039694
v 0.034694 -0.031795 -0.038887
v 0.033831 -0.031795 -0.040000
v 0.034694 -0.030910 -0.039694
v 0.035000 -0.030910 -0.039694
v 0.035306 -0.031795 -0.039694
v 0.036113 -0.031795 -0.039694
v 0.035826 -0.031795 -0.039174
v 0.035306 -0.031795 -0.038887
v 0.035306 -0.030910 -0.039694
v 0.033304 -0.031515 -0.040702
v 0.033320 -0.031699 -0.040000
v 0.033164 -0.031515 -0.040000
v 0.033125 -0.029996 -0.040777
v 0.033069 -0.031283 -0.040000
v 0.032970 -0.029996 -0.040000
v 0.035000 -0.029996 -0.042029
v 0.035739 -0.031283 -0.041784
v 0.033605 -0.031791 -0.040578
v 0.036435 -0.029996 -0.041435
v 0.035777 -0.029996 -0.041875
v 0.035578 -0.031791 -0.041395
v 0.033216 -0.031283 -0.040739
v 0.036188 -0.031699 -0.038812
v 0.036696 -0.031515 -0.039297
v 0.036298 -0.031515 -0.038702
v 0.034357 -0.031699 -0.038448
v 0.035000 -0.031791 -0.038491
v 0.035000 -0.031699 -0.038320
v 0.033490 -0.031791 -0.040000
v 0.034223 -0.029996 -0.038125
v 0.033635 -0.031283 -0.038635
v 0.034261 -0.031283 -0.038216
v 0.033702 -0.031515 -0.038702
v 0.034297 -0.031515 -0.038304
v 0.036784 -0.031283 -0.040739
v 0.036836 -0.031515 -0.040000
v 0.035643 -0.031699 -0.038448
v 0.035702 -0.031515 -0.038304
v 0.033932 -0.031791 -0.038932
v 0.034422 -0.031791 -0.038605
v 0.035000 -0.031515 -0.038164
v 0.035000 -0.031283 -0.038069
v 0.036875 -0.029996 -0.040777
v 0.036931 -0.031283 -0.040000
v 0.033605 -0.031791 -0.039422
v 0.033304 -0.031515 -0.039297
v 0.033812 -0.031699 -0.038812
v 0.035000 -0.031795 -0.041113
v 0.035000 -0.029996 -0.037971
v 0.036510 -0.031791 -0.040000
v 0.035000 -0.031795 -0.038887
v 0.033565 -0.029996 -0.038565
v 0.033216 -0.031283 -0.039261
v 0.035739 -0.031283 -0.038216
v 0.036365 -0.031283 -0.038635
v 0.033448 -0.031699 -0.039357
v 0.033125 -0.029996 -0.039223
v 0.036068 -0.031791 -0.038932
v 0.034422 -0.031791 -0.041395
v 0.036552 -0.031699 -0.039357
v 0.035578 -0.031791 -0.038605
v 0.035777 -0.029996 -0.038125
v 0.036784 -0.031283 -0.039261
v 0.036395 -0.031791 -0.039422
v 0.036435 -0.029996 -0.038565
v 0.036875 -0.029996 -0.039223
v 0.037029 -0.029996 -0.040000
v 0.034694 -0.031799 -0.005306
v 0.033887 -0.031799 -0.005306
v 0.034174 -0.031799 -0.005826
v 0.034694 -0.031799 -0.006113
v 0.034694 -0.030914 -0.005000
v 0.034694 -0.030914 -0.005306
v 0.035000 -0.031519 -0.006836
v 0.034357 -0.031703 -0.006552
v 0.034297 -0.031519 -0.006696
v 0.034261 -0.031287 -0.006784
v 0.033702 -0.031519 -0.006298
v 0.033635 -0.031287 -0.006365
v 0.035000 -0.031287 -0.006931
v 0.035000 -0.030914 -0.005306
v 0.035000 -0.030914 -0.005000
v 0.035306 -0.031799 -0.005306
v 0.035826 -0.031799 -0.005826
v 0.036113 -0.031799 -0.005306
v 0.035306 -0.031799 -0.006113
v 0.035306 -0.030914 -0.005000
v 0.036169 -0.031799 -0.005000
v 0.035306 -0.030914 -0.005306
v 0.036836 -0.031519 -0.005000
v 0.036552 -0.031703 -0.005643
v 0.036696 -0.031519 -0.005702
v 0.036395 -0.031795 -0.005578
v 0.036068 -0.031795 -0.006068
v 0.035000 -0.031795 -0.006509
v 0.035000 -0.031703 -0.006680
v 0.033932 -0.031795 -0.006068
v 0.033448 -0.031703 -0.005643
v 0.033812 -0.031703 -0.006188
v 0.036188 -0.031703 -0.006188
v 0.036298 -0.031519 -0.006298
v 0.036784 -0.031287 -0.005739
v 0.036365 -0.031287 -0.006365
v 0.034223 -0.030000 -0.006875
v 0.033565 -0.030000 -0.006435
v 0.035702 -0.031519 -0.006696
v 0.035643 -0.031703 -0.006552
v 0.034694 -0.031799 -0.004694
v 0.034174 -0.031799 -0.004174
v 0.033887 -0.031799 -0.004694
v 0.034694 -0.031799 -0.003887
v 0.033831 -0.031799 -0.005000
v 0.034694 -0.030914 -0.004694
v 0.035000 -0.030914 -0.004694
v 0.035306 -0.031799 -0.004694
v 0.036113 -0.031799 -0.004694
v 0.035826 -0.031799 -0.004174
v 0.035306 -0.031799 -0.003887
v 0.035306 -0.030914 -0.004694
v 0.033164 -0.031519 -0.005000
v 0.033304 -0.031519 -0.005702
v 0.033125 -0.030000 -0.005777
v 0.033069 -0.031287 -0.005000
v 0.032970 -0.030000 -0.005000
v 0.035000 -0.030000 -0.007029
v 0.035739 -0.031287 -0.006784
v 0.033605 -0.031795 -0.005578
v 0.035777 -0.030000 -0.006875
v 0.033216 -0.031287 -0.005739
v 0.035578 -0.031795 -0.006395
v 0.036298 -0.031519 -0.003702
v 0.036552 -0.031703 -0.004357
v 0.036696 -0.031519 -0.004297
v 0.034357 -0.031703 -0.003448
v 0.035000 -0.031795 -0.003491
v 0.035000 -0.031703 -0.003320
v 0.033490 -0.031795 -0.005000
v 0.033320 -0.031703 -0.005000
v 0.034223 -0.030000 -0.003125
v 0.033635 -0.031287 -0.003635
v 0.034261 -0.031287 -0.003216
v 0.034297 -0.031519 -0.003304
v 0.033812 -0.031703 -0.003812
v 0.036930 -0.031287 -0.005000
v 0.035702 -0.031519 -0.003304
v 0.036188 -0.031703 -0.003812
v 0.033932 -0.031795 -0.003932
v 0.034422 -0.031795 -0.003605
v 0.035000 -0.031287 -0.003069
v 0.035000 -0.031519 -0.003164
v 0.036875 -0.030000 -0.005777
v 0.033605 -0.031795 -0.004422
v 0.033702 -0.031519 -0.003702
v 0.033448 -0.031703 -0.004357
v 0.035000 -0.031799 -0.006113
v 0.035000 -0.030000 -0.002971
v 0.035643 -0.031703 -0.003448
v 0.036510 -0.031795 -0.005000
v 0.033216 -0.031287 -0.004261
v 0.035000 -0.031799 -0.003887
v 0.036435 -0.030000 -0.006435
v 0.033565 -0.030000 -0.003565
v 0.033304 -0.031519 -0.004297
v 0.036365 -0.031287 -0.003635
v 0.035739 -0.031287 -0.003216
v 0.033125 -0.030000 -0.004223
v 0.036068 -0.031795 -0.003932
v 0.034422 -0.031795 -0.006395
v 0.036680 -0.031703 -0.005000
v 0.035578 -0.031795 -0.003605
v 0.035777 -0.030000 -0.003125
v 0.036784 -0.031287 -0.004261
v 0.036395 -0.031795 -0.004422
v 0.036435 -0.030000 -0.003565
v 0.036875 -0.030000 -0.004223
v 0.037029 -0.030000 -0.005000
v 0.004694 -0.031799 -0.005306
v 0.003887 -0.031799 -0.005306
v 0.004174 -0.031799 -0.005826
v 0.004694 -0.031799 -0.006113
v 0.004694 -0.030914 -0.005000
v 0.004694 -0.030914 -0.005306
v 0.004297 -0.031519 -0.006696
v 0.005000 -0.031703 -0.006680
v 0.004357 -0.031703 -0.006552
v 0.004261 -0.031287 -0.006784
v 0.003702 -0.031519 -0.006298
v 0.003635 -0.031287 -0.006365
v 0.005000 -0.031519 -0.006836
v 0.005000 -0.031287 -0.006931
v 0.005000 -0.030914 -0.005306
v 0.005000 -0.030914 -0.005000
v 0.005306 -0.031799 -0.005306
v 0.005826 -0.031799 -0.005826
v 0.006113 -0.031799 -0.005306
v 0.005306 -0.031799 -0.006113
v 0.005306 -0.030914 -0.005000
v 0.006169 -0.031799 -0.005000
v 0.005306 -0.030914 -0.005306
v 0.006836 -0.031519 -0.005000
v 0.006552 -0.031703 -0.005643
v 0.006696 -0.031519 -0.005702
v 0.006395 -0.031795 -0.005578
v 0.006068 -0.031795 -0.006068
v 0.005000 -0.031795 -0.006509
v 0.003932 -0.031795 -0.006068
v 0.003448 -0.031703 -0.005643
v 0.003812 -0.031703 -0.006188
v 0.006298 -0.031519 -0.006298
v 0.006188 -0.031703 -0.006188
v 0.006365 -0.031287 -0.006365
v 0.004223 -0.030000 -0.006875
v 0.003565 -0.030000 -0.006435
v 0.005702 -0.031519 -0.006696
v 0.005643 -0.031703 -0.006552
v 0.004694 -0.031799 -0.004694
v 0.004174 -0.031799 -0.004174
v 0.003887 -0.031799 -0.004694
v 0.004694 -0.031799 -0.003887
v 0.003831 -0.031799 -0.005000
v 0.004694 -0.030914 -0.004694
v 0.005000 -0.030914 -0.004694
v 0.005306 -0.031799 -0.004694
v 0.006113 -0.031799 -0.004694
v 0.005826 -0.031799 -0.004174
v 0.005306 -0.031799 -0.003887
v 0.005306 -0.030914 -0.004694
v 0.003164 -0.031519 -0.005000
v 0.003304 -0.031519 -0.005702
v 0.003216 -0.031287 -0.005739
v 0.002971 -0.030000 -0.005000
v 0.003125 -0.030000 -0.005777
v 0.005000 -0.030000 -0.007029
v 0.005739 -0.031287 -0.006784
v 0.003605 -0.031795 -0.005578
v 0.006435 -0.030000 -0.006435
v 0.005777 -0.030000 -0.006875
v 0.005578 -0.031795 -0.006395
v 0.003069 -0.031287 -0.005000
v 0.006298 -0.031519 -0.003702
v 0.006552 -0.031703 -0.004357
v 0.006696 -0.031519 -0.004297
v 0.004357 -0.031703 -0.003448
v 0.005000 -0.031795 -0.003491
v 0.005000 -0.031703 -0.003320
v 0.003490 -0.031795 -0.005000
v 0.003320 -0.031703 -0.005000
v 0.004223 -0.030000 -0.003125
v 0.003635 -0.031287 -0.003635
v 0.004261 -0.031287 -0.003216
v 0.003702 -0.031519 -0.003702
v 0.004297 -0.031519 -0.003304
v 0.006930 -0.031287 -0.005000
v 0.006784 -0.031287 -0.005739
v 0.005702 -0.031519 -0.003304
v 0.006188 -0.031703 -0.003812
v 0.003932 -0.031795 -0.003932
v 0.004422 -0.031795 -0.003605
v 0.005000 -0.031287 -0.003069
v 0.005000 -0.031519 -0.003164
v 0.007029 -0.030000 -0.005000
v 0.006875 -0.030000 -0.005777
v 0.003605 -0.031795 -0.004422
v 0.003448 -0.031703 -0.004357
v 0.003812 -0.031703 -0.003812
v 0.005000 -0.031799 -0.006113
v 0.005000 -0.030000 -0.002971
v 0.005643 -0.031703 -0.003448
v 0.006510 -0.031795 -0.005000
v 0.003216 -0.031287 -0.004261
v 0.005000 -0.031799 -0.003887
v 0.003565 -0.030000 -0.003565
v 0.003304 -0.031519 -0.004297
v 0.005739 -0.031287 -0.003216
v 0.006365 -0.031287 -0.003635
v 0.003125 -0.030000 -0.004223
v 0.006068 -0.031795 -0.003932
v 0.005578 -0.031795 -0.003605
v 0.004422 -0.031795 -0.006395
v 0.006680 -0.031703 -0.005000
v 0.005777 -0.030000 -0.003125
v 0.006784 -0.031287 -0.004261
v 0.006395 -0.031795 -0.004422
v 0.006435 -0.030000 -0.003565
v 0.006875 -0.030000 -0.004223
v 0.036527 -0.013000 -0.034187
v 0.037749 -0.013000 -0.035826
v 0.000141 0.000300 -0.006178
v 0.030134 0.000300 -0.041151
v 0.028464 -0.026300 -0.030160
v 0.029851 -0.026300 -0.036636
v 0.031231 0.000300 -0.043286
v 0.002098 0.000300 -0.009072
v 0.019243 -0.026300 -0.016624
vn 1.0000 -0.0000 -0.0000
vn 0.8618 0.0011 -0.5072
vn 0.8165 -0.0000 -0.5774
vn -0.9939 -0.0000 0.1104
vn -0.9848 -0.0000 0.1736
vn -0.4339 -0.0000 -0.9010
vn -0.0000 -1.0000 -0.0000
vn -0.0000 1.0000 -0.0000
vn -0.7071 -0.0000 0.7071
vn -0.5000 -0.0000 0.8660
vn -0.9653 -0.0000 0.2611
vn -0.8660 -0.0000 0.5000
vn 0.8762 0.0032 -0.4819
vn 0.8697 0.0059 -0.4936
vn 0.4726 -0.0000 -0.8813
vn 0.2332 -0.0000 -0.9724
vn 0.4339 -0.0000 0.9010
vn 0.2225 -0.0000 0.9749
vn -0.8970 -0.0000 0.4420
vn -0.8701 -0.0000 -0.4928
vn -0.9594 -0.0000 -0.2819
vn -0.9630 -0.0004 -0.2696
vn -0.0000 -0.0000 -1.0000
vn 0.2569 -0.0000 -0.9664
vn -0.9979 -0.0000 0.0654
vn -0.9659 -0.0000 0.2588
vn 0.2936 -0.0000 -0.9559
vn 0.2950 -0.0000 -0.9555
vn 0.8489 -0.0000 0.5285
vn -0.2569 -0.0000 0.9664
vn 0.7274 -0.0000 0.6862
vn -0.9512 -0.0000 0.3087
vn -0.2948 -0.0000 -0.9556
vn -0.9763 -0.0000 0.2165
vn -0.2248 -0.0000 -0.9744
vn -0.2244 0.0014 -0.9745
vn -0.2244 -0.0000 -0.9745
vn 0.4497 -0.0000 0.8932
vn 0.6100 -0.0000 0.7924
vn 0.7714 -0.0000 0.6364
vn 0.9481 -0.0000 -0.3181
vn 0.9406 -0.0000 -0.3395
vn 0.8086 -0.0000 -0.5883
vn 0.7141 -0.0000 -0.7001
vn -0.9958 -0.0000 0.0913
vn 0.4021 -0.0000 -0.9156
vn 0.6018 -0.0000 -0.7986
vn 0.8867 -0.0000 0.4623
vn 0.9623 -0.0000 0.2719
vn 0.9193 -0.0000 0.3937
vn 0.9853 -0.0000 0.1706
vn 0.7691 -0.0000 -0.6391
vn 0.9999 -0.0000 -0.0105
vn 0.8653 -0.0000 0.5012
vn 0.7271 -0.0000 0.6866
vn -1.0000 -0.0000 -0.0000
vn 0.9209 -0.0000 -0.3898
vn 0.9114 -0.0000 -0.4115
vn -0.0000 -0.0000 1.0000
vn 0.9801 -0.0000 -0.1987
vn 0.9993 -0.0000 0.0377
vn -0.5000 -0.0000 -0.8660
vn 0.8165 -0.0000 0.5774
vn 0.5891 -0.0000 -0.8081
vn -0.8660 -0.0000 -0.5000
vn 0.6980 -0.0000 0.7161
vn 0.9965 -0.0000 0.0834
vn 0.9573 -0.0000 0.2890
vn 0.9897 -0.0000 -0.1434
vn 0.9965 -0.0000 -0.0834
vn 0.9018 -0.0000 -0.4322
vn 0.6809 -0.0000 -0.7324
vn 0.4076 -0.0000 -0.9132
vn -0.2783 -0.0000 -0.9605
vn -0.5138 -0.0000 -0.8579
vn -0.9883 -0.0000 0.1526
vn 0.9352 -0.0000 -0.3542
vn 0.9272 -0.0000 -0.3745
vn -0.5633 -0.0000 -0.8262
vn 0.6439 -0.0000 0.7651
vn 0.7200 -0.0000 0.6940
vn -0.1490 -0.0000 -0.9888
vn 0.9925 -0.0000 -0.1221
vn 0.7085 -0.0000 0.7057
vn -0.2588 -0.0000 0.9659
vn -0.0654 -0.0000 0.9979
vn -0.9238 -0.0000 0.3829
vn 0.9609 -0.0000 -0.2770
vn 0.9540 -0.0000 -0.2998
vn -0.9913 -0.0000 0.1315
vn -0.9978 -0.0008 -0.0666
vn -0.9969 -0.0004 -0.0791
vn 0.5633 -0.0000 0.8262
vn 0.9496 -0.0000 -0.3135
vn 0.9057 -0.0000 -0.4239
vn -0.9340 -0.0000 0.3572
vn 0.9555 -0.0000 -0.2950
vn 0.9680 -0.0000 -0.2508
vn 0.8954 -0.0000 -0.4453
vn -0.6235 -0.0000 -0.7818
vn -0.7154 -0.0000 -0.6987
vn 0.8034 -0.0000 0.5955
vn 0.6802 -0.0000 0.7331
vn -0.6802 -0.0000 -0.7331
vn -0.8119 -0.0000 -0.5838
vn 0.0747 -0.0000 0.9972
vn 0.8660 -0.0000 -0.5000
vn 0.9572 -0.0000 -0.2893
vn -0.9654 -0.0000 0.2607
vn -0.7274 -0.0000 -0.6862
vn -0.9712 -0.0000 0.2384
vn 0.8660 -0.0000 0.5000
vn 0.5000 -0.0000 0.8660
vn -0.9808 -0.0000 0.1949
vn -0.3653 -0.0000 -0.9309
vn 0.3653 -0.0000 0.9309
vn -0.9125 -0.0000 0.4091
vn -0.0747 -0.0000 -0.9972
vn -0.0235 -0.0000 -0.9997
vn 0.0583 -0.0000 0.9983
vn 0.2311 -0.0000 0.9729
vn -0.9969 0.0003 -0.0791
vn 0.8761 -0.0000 -0.4822
vn 0.8912 -0.0000 -0.4535
vn 0.2964 -0.0000 -0.9551
vn -0.9587 -0.0000 0.2844
vn -0.7085 -0.0000 -0.7057
vn -0.9433 -0.0000 0.3319
vn 0.2948 -0.0000 0.9556
vn 0.9966 -0.0000 -0.0820
vn 0.9669 -0.0000 -0.2553
vn 0.9677 -0.0000 -0.2520
vn 0.9953 -0.0000 -0.0968
vn 0.9175 -0.0000 0.3977
vn -0.7714 -0.0000 -0.6364
vn 0.9940 -0.0000 -0.1093
vn 0.1490 -0.0000 0.9888
vn 0.8119 -0.0000 0.5837
vn -0.8489 -0.0000 -0.5285
vn 0.8617 -0.0011 -0.5074
vn 0.9940 -0.0000 -0.1094
vn 0.8762 -0.0032 -0.4820
vn 0.6235 -0.0000 0.7818
vn -0.9833 -0.0000 -0.1822
vn -0.9630 0.0003 -0.2694
vn -0.2244 -0.0013 -0.9745
vn -0.0000 -0.7071 -0.7071
vn -0.0000 -0.4999 -0.8661
vn -0.0000 0.0654 -0.9979
vn -0.0000 0.2588 -0.9659
vn -0.0000 -0.8660 0.5000
vn -0.0000 -0.7071 0.7071
vn -0.0000 0.2588 0.9659
vn -0.0000 0.5000 0.8660
vn 0.7071 -0.7071 -0.0000
vn -0.0000 -0.2588 0.9659
vn -0.0000 -0.5000 0.8660
vn -0.0000 -0.9659 -0.2588
vn -0.0000 0.8661 0.4999
vn -0.0000 0.7071 0.7071
vn -0.0000 0.4999 -0.8661
vn -0.0000 -0.8660 -0.5000
vn -0.0000 0.8661 -0.4999
vn -0.0000 0.7071 -0.7071
vn -0.0000 -0.2588 -0.9659
vn -0.0000 0.5000 -0.8660
vn -0.0000 0.0654 0.9979
vn -0.0000 0.8660 0.5000
vn -0.0000 0.9659 0.2588
vn -0.0000 -0.9659 0.2588
vn -0.0000 0.8660 -0.5000
vn -0.0000 -0.4999 0.8661
vn -0.0000 -0.5000 -0.8660
vn -0.0000 0.9979 0.0654
vn -0.0000 0.9659 -0.2588
vn -0.0000 0.5000 0.8661
vn -0.0000 -0.5000 0.8661
vn -0.0000 0.8661 0.5000
vn -0.0000 -0.5000 -0.8661
vn -0.0000 -0.0654 0.9979
vn -0.0000 -0.8661 -0.4999
vn 0.7071 0.7071 -0.0000
vn -0.0000 0.9979 -0.0654
vn -0.0000 0.4999 0.8661
vn -0.0000 -0.9979 0.0654
vn -0.0000 -0.9979 -0.0654
vn -0.0000 0.5000 -0.8661
vn -0.0000 -0.0654 -0.9979
vn -0.0000 -0.8661 0.5000
vn -0.0000 0.8661 -0.5000
vn -0.0000 -0.8661 0.4999
vn -0.8889 -0.0000 -0.4581
vn -0.9718 -0.0000 -0.2357
vn 1.0000 -0.0004 0.0026
vn 0.9979 -0.0000 0.0654
vn -0.4574 -0.0000 -0.8893
vn -0.5528 -0.0000 -0.8333
vn -0.9950 -0.0000 -0.1002
vn -0.9778 -0.0000 -0.2094
vn -0.8563 -0.0000 -0.5165
vn -0.7941 -0.0000 -0.6078
vn -0.2512 -0.0000 -0.9679
vn -0.2284 -0.0000 -0.9736
vn -0.3565 -0.0000 -0.9343
vn -0.6414 -0.0000 -0.7672
vn -0.3605 -0.0000 -0.9328
vn -0.5739 -0.0000 -0.8189
vn -0.1260 -0.0000 -0.9920
vn -0.9732 -0.0000 -0.2301
vn -0.9970 -0.0000 -0.0779
vn 0.3509 -0.0000 -0.9364
vn 0.1158 -0.0000 -0.9933
vn 0.7071 -0.0000 0.7071
vn 0.6718 -0.0001 0.7408
vn 0.9708 -0.0000 -0.2401
vn 0.8847 -0.0000 -0.4661
vn -0.9488 -0.0000 -0.3160
vn 0.0654 -0.0000 0.9979
vn 0.5654 -0.0000 -0.8248
vn 0.7469 -0.0000 -0.6649
vn 0.0001 -0.8389 0.5443
vn 0.0025 -0.7188 0.6952
vn 0.0001 -0.7936 0.6084
vn 0.9921 -0.0000 0.1253
vn -0.9921 -0.0000 0.1253
vn -0.8895 -0.0000 -0.4570
vn -0.1152 -0.8809 0.4591
vn -0.0000 -0.7421 0.6702
vn -0.0000 -0.8798 0.4754
vn 0.2588 -0.0000 0.9659
vn 0.0042 0.9981 0.0615
vn -0.3308 -0.7136 0.6176
vn -0.1899 -0.6254 0.7568
vn -0.1616 -0.7477 0.6440
vn -0.0000 -0.9986 0.0535
vn -0.0008 -1.0000 0.0031
vn -0.4378 -0.3747 0.8173
vn -0.2345 -0.2689 0.9342
vn -0.2235 -0.3965 0.8904
vn 0.7352 -0.0000 0.6778
vn 0.7733 -0.0001 0.6340
vn 0.7790 -0.0000 0.6271
vn -0.4684 -0.1276 0.8743
vn -0.2433 -0.0339 0.9694
vn -0.2412 -0.1359 0.9609
vn -0.3308 0.7136 0.6176
vn -0.1900 0.6254 0.7568
vn -0.3784 0.5981 0.7064
vn -0.0130 0.9986 0.0520
vn 0.8833 0.0084 0.4688
vn 0.9219 0.0051 0.3875
vn 0.9048 0.0096 0.4256
vn 0.8472 0.0083 0.5312
vn 0.8210 0.0044 0.5709
vn 0.7421 -0.0080 0.6703
vn 0.7165 0.0130 0.6975
vn 0.7831 0.0098 0.6218
vn 0.0162 0.9991 0.0402
vn 0.0644 0.9960 0.0622
vn -0.0405 0.9963 0.0757
vn 0.0001 1.0000 -0.0000
vn -0.2345 0.2689 0.9342
vn -0.0000 0.1327 0.9912
vn -0.2412 0.1359 0.9609
vn 0.9994 -0.0010 0.0342
vn 1.0000 -0.0005 0.0030
vn 0.0016 0.4957 0.8685
vn 0.0028 0.3903 0.9207
vn 0.0043 0.4828 0.8757
vn -0.7559 -0.0000 -0.6547
vn -0.2434 -0.0000 0.9699
vn -0.4722 -0.0161 0.8814
vn -0.3063 -0.0000 0.9519
vn -1.0000 -0.0000 -0.0001
vn -0.0017 0.7551 0.6555
vn -0.0044 0.7018 0.7124
vn 0.0034 0.7048 0.7094
vn 0.8336 0.0002 0.5524
vn 0.8477 -0.0000 0.5305
vn -0.7537 -0.0000 -0.6572
vn -0.0000 0.2589 -0.9659
vn 0.5556 -0.0000 0.8315
vn 0.6716 -0.0000 0.7409
vn 0.9982 -0.0000 -0.0606
vn -0.9914 -0.0000 0.1305
vn -0.0000 -0.5072 0.8618
vn -0.2085 -0.5159 0.8309
vn 0.0034 -0.6800 0.7332
vn 0.0043 -0.4991 0.8665
vn 0.0017 -0.5809 0.8140
vn -0.0000 -0.9941 -0.1087
vn -0.0130 -0.9986 0.0520
vn 0.9976 -0.0000 0.0689
vn 0.9999 -0.0000 0.0113
vn 0.9999 -0.0000 0.0110
vn -0.1864 -0.0000 0.9825
vn -0.4722 0.0161 0.8814
vn 0.6977 -0.1499 0.7005
vn 0.7050 -0.0606 0.7066
vn 0.7165 -0.0129 0.6975
vn -0.0000 0.9538 -0.3006
vn -0.0000 0.9064 -0.4224
vn -0.4116 0.4903 0.7682
vn -0.2235 0.3965 0.8904
vn -0.4378 0.3747 0.8173
vn 0.6593 -0.3608 0.6597
vn 0.6312 -0.4502 0.6316
vn 0.6217 -0.4730 0.6243
vn 0.0028 -0.3903 0.9207
vn -0.0000 -0.4827 0.8758
vn 0.0049 0.9675 0.2527
vn 0.0048 0.9313 0.3643
vn 0.0023 0.8729 0.4879
vn 0.8833 -0.0084 0.4688
vn 0.9048 -0.0096 0.4256
vn 0.9219 -0.0051 0.3875
vn 0.7069 -0.0000 0.7073
vn -0.9982 -0.0000 -0.0594
vn 0.0021 0.6196 0.7849
vn 0.8210 -0.0044 0.5709
vn 0.7831 -0.0098 0.6218
vn 0.9914 -0.0000 0.1305
vn 0.9659 -0.0000 0.2588
vn 0.0491 -0.0000 0.9988
vn 0.0001 0.8276 0.5613
vn -0.0006 0.9003 0.4353
vn 0.7421 0.0080 0.6703
vn -0.4568 0.2531 0.8528
vn 0.9927 -0.0034 0.1203
vn 0.9993 -0.0010 0.0361
vn 0.9742 -0.0034 0.2257
vn 0.9923 -0.0035 0.1236
vn 0.9735 -0.0033 0.2288
vn -0.3721 -0.0000 -0.9282
vn 0.8472 -0.0083 0.5313
vn 0.4088 -0.8109 0.4188
vn 0.3321 -0.8793 0.3415
vn 0.2928 -0.9078 0.3002
vn -0.0000 -0.1327 0.9912
vn -0.0000 -0.2630 0.9648
vn 0.1951 -0.0000 0.9808
vn 0.0083 -0.9202 0.3915
vn 0.0083 -0.9517 0.3069
vn 0.0005 -0.8874 0.4610
vn 0.5871 -0.5537 0.5905
vn 0.5534 -0.6202 0.5559
vn 1.0000 0.0004 0.0026
vn 0.3827 -0.0000 0.9239
vn 0.0161 -0.9991 0.0401
vn 0.7050 0.0606 0.7066
vn 0.6718 0.0001 0.7408
vn 0.7148 -0.0162 0.6991
vn -0.1404 -0.9548 0.2621
vn -0.0567 -0.9725 0.2260
vn -0.0000 0.9998 0.0177
vn 0.0048 0.9964 0.0847
vn 0.7072 -0.0000 0.7070
vn -0.2433 0.0339 0.9694
vn -0.7221 -0.0000 -0.6918
vn 0.7148 0.0162 0.6991
vn -0.0406 -0.9963 0.0757
vn -0.0007 0.9774 0.2114
vn 0.0083 0.9517 0.3069
vn 0.0005 0.8874 0.4610
vn -0.0000 0.2630 0.9648
vn 0.0041 -0.9981 0.0617
vn 0.0048 -0.9964 0.0847
vn -0.0000 -0.9998 0.0177
vn 0.0001 -0.8276 0.5613
vn -0.0006 -0.9003 0.4353
vn 0.0023 -0.8729 0.4879
vn 0.0048 -0.9313 0.3643
vn -0.0567 0.9725 0.2260
vn -0.0000 0.8798 0.4754
vn -0.1152 0.8809 0.4591
vn 0.0049 -0.9675 0.2527
vn 0.0003 -0.9524 0.3049
vn 0.0038 -0.9844 0.1761
vn -0.0000 0.9736 0.2284
vn -0.0017 -0.7552 0.6555
vn 0.0034 -0.7048 0.7094
vn -0.0044 -0.7018 0.7124
vn 0.0021 -0.6196 0.7849
vn 0.0016 -0.4957 0.8685
vn 0.0043 -0.4828 0.8757
vn 0.0018 -0.2656 0.9641
vn 0.0041 -0.2399 0.9708
vn 0.0023 -0.1457 0.9893
vn 0.0023 0.1457 0.9893
vn 0.0041 0.2399 0.9708
vn 0.0018 0.2656 0.9641
vn 0.0043 0.4991 0.8665
vn -0.0000 0.4827 0.8758
vn 0.9974 0.0001 0.0719
vn 0.9778 -0.0000 0.2094
vn 0.0017 0.5809 0.8140
vn 0.0083 0.9202 0.3915
vn 0.0002 0.8389 0.5443
vn 0.0025 0.7189 0.6952
vn 0.0001 0.7936 0.6084
vn 0.0033 0.6800 0.7332
vn -0.0009 0.9986 0.0524
vn -0.0000 0.9986 0.0535
vn -0.0008 1.0000 0.0031
vn -0.0000 -0.3886 0.9214
vn -0.0007 -0.9774 0.2113
vn 0.4769 -0.7365 0.4797
vn 0.4315 -0.7855 0.4436
vn 0.0041 -0.0000 1.0000
vn -0.0000 -0.9736 0.2284
vn 0.9262 -0.0000 0.3771
vn 0.9752 -0.0002 0.2214
vn -0.2510 -0.8471 0.4685
vn -0.9081 -0.0000 -0.4188
vn 0.9735 0.0033 0.2288
vn 0.9557 -0.0037 0.2943
vn 0.9548 -0.0043 0.2972
vn -0.1404 0.9548 0.2621
vn -0.4568 -0.2531 0.8528
vn -0.0000 0.0653 -0.9979
vn -0.0005 0.9816 0.1910
vn 0.8336 -0.0002 0.5524
vn -0.0000 -0.6168 0.7871
vn -0.0000 -0.9064 -0.4224
vn -0.0000 -0.9538 -0.3006
vn -0.5803 -0.0000 -0.8144
vn -0.0005 -0.9816 0.1910
vn -0.0000 0.0330 0.9995
vn -0.3784 -0.5981 0.7064
vn -0.0000 -0.0330 0.9995
vn 0.9752 0.0002 0.2214
vn 1.0000 0.0005 0.0029
vn 0.9994 0.0010 0.0342
vn 0.7072 -0.0000 0.7071
vn -0.0000 -0.2589 -0.9659
vn 0.1949 -0.9608 0.1973
vn 0.9923 0.0035 0.1236
vn 0.9742 0.0034 0.2257
vn 0.6712 -0.3122 0.6723
vn 0.6915 -0.2014 0.6938
vn 0.0038 0.9844 0.1761
vn 0.0644 -0.9960 0.0622
vn 0.1461 -0.9784 0.1461
vn -0.2510 0.8471 0.4685
vn -0.4684 0.1276 0.8743
vn -0.2085 0.5159 0.8309
vn -0.0000 0.7421 0.6702
vn -0.1616 0.7477 0.6440
vn -0.0000 0.3886 0.9214
vn -0.0000 0.5072 0.8618
vn -0.0000 0.6168 0.7871
vn -0.0000 0.9941 -0.1088
vn 0.4892 -0.7221 0.4891
vn -0.0000 0.9941 -0.1087
vn -0.0000 0.9764 -0.2162
vn 0.0003 0.9524 0.3049
vn -0.0000 -0.9764 -0.2161
vn 0.9189 0.0002 0.3945
vn 0.6977 0.1498 0.7005
vn 0.6915 0.2014 0.6938
vn 0.5871 0.5537 0.5905
vn 0.6218 0.4729 0.6243
vn 0.5546 0.6200 0.5550
vn 0.4758 0.7367 0.4805
vn 0.4315 0.7855 0.4436
vn 0.4892 0.7221 0.4891
vn 0.6593 0.3608 0.6597
vn 0.6312 0.4502 0.6316
vn 0.6712 0.3122 0.6723
vn 0.2928 0.9078 0.3002
vn 0.1949 0.9608 0.1974
vn 0.3321 0.8793 0.3415
vn 0.4077 0.8110 0.4195
vn -0.4116 -0.4903 0.7682
vn -0.0000 -0.0653 -0.9979
vn 0.9927 0.0034 0.1203
vn -0.0009 -0.9986 0.0524
vn 0.7245 -0.0000 0.6893
vn 0.9974 -0.0001 0.0721
vn 0.7733 0.0001 0.6340
vn 0.1461 0.9784 0.1461
vn 0.9189 -0.0002 0.3944
vn 0.9557 0.0037 0.2943
vn 0.9548 0.0043 0.2972
vn -0.9958 -0.0000 -0.0915
vn 0.8644 -0.0000 -0.5029
vn -0.9666 -0.0009 -0.2563
vn -0.9666 0.0006 -0.2564
vn -0.9978 0.0006 -0.0666
vn -0.0040 1.0000 -0.0040
vn -0.0071 1.0000 -0.0022
vn -0.0018 1.0000 -0.0069
vn 0.7270 0.6866 -0.0000
vn 0.7255 0.6851 0.0660
vn -0.2463 0.7652 -0.5948
vn -0.0000 0.5106 -0.8598
vn -0.3290 0.5106 -0.7944
vn -0.6888 0.2261 -0.6888
vn -0.3728 0.2261 -0.9000
vn -0.0000 0.2261 -0.9741
vn -0.0000 0.6742 0.7386
vn -0.0000 0.6742 0.7385
vn 0.0071 1.0000 -0.0022
vn 0.0040 1.0000 -0.0040
vn 0.0023 1.0000 -0.0071
vn -0.7271 0.6866 -0.0000
vn -0.7255 0.6851 0.0660
vn 0.5948 0.7652 -0.2464
vn 0.8598 0.5106 -0.0000
vn 0.7944 0.5106 -0.3290
vn 0.2569 0.9606 -0.1065
vn 0.1971 0.9604 -0.1971
vn -0.0000 0.9606 -0.2781
vn -0.0000 0.7653 -0.6437
vn -0.5948 0.7652 -0.2464
vn -0.1971 0.9604 -0.1971
vn -0.4554 0.7650 -0.4554
vn 0.6080 0.5106 -0.6080
vn 0.6888 0.2261 -0.6888
vn 0.9000 0.2261 -0.3728
vn -0.3816 0.0767 -0.9212
vn -0.6080 0.5106 -0.6080
vn 0.2463 0.7652 -0.5948
vn 0.3290 0.5106 -0.7944
vn -0.1064 0.9605 -0.2570
vn -0.0071 1.0000 0.0022
vn -0.0040 1.0000 0.0040
vn -0.0021 1.0000 0.0071
vn 0.7255 0.6851 -0.0660
vn -0.0000 0.6742 -0.7385
vn -0.0000 0.6742 -0.7386
vn 0.0040 1.0000 0.0040
vn 0.0073 1.0000 0.0026
vn 0.0021 1.0000 0.0071
vn -0.7255 0.6851 -0.0660
vn -0.7270 0.6866 -0.0000
vn -0.8598 0.5106 -0.0000
vn -0.7944 0.5106 -0.3291
vn -0.9971 0.0767 -0.0000
vn -0.9000 0.2261 -0.3728
vn -0.9212 0.0767 -0.3816
vn -0.0000 0.0767 -0.9971
vn 0.3728 0.2261 -0.9000
vn -0.2569 0.9606 -0.1065
vn 0.7050 0.0767 -0.7050
vn 0.3816 0.0767 -0.9212
vn -0.7050 0.0767 -0.7050
vn 0.4551 0.7653 -0.4551
vn 0.6080 0.5106 0.6080
vn 0.5948 0.7652 0.2464
vn 0.4554 0.7650 0.4554
vn -0.0000 0.9606 0.2781
vn -0.2463 0.7652 0.5948
vn -0.0000 0.7653 0.6437
vn -0.2788 0.9603 -0.0000
vn -0.3816 0.0767 0.9212
vn -0.6888 0.2261 0.6888
vn -0.7050 0.0767 0.7050
vn -0.3291 0.5105 0.7944
vn -0.4554 0.7650 0.4554
vn -0.6080 0.5106 0.6080
vn 0.9741 0.2261 -0.0000
vn 0.3290 0.5106 0.7944
vn 0.2463 0.7652 0.5948
vn -0.1968 0.9605 0.1968
vn -0.0000 0.5106 0.8598
vn -0.3728 0.2260 0.9000
vn -0.0000 0.2260 0.9741
vn 0.1064 0.9605 -0.2570
vn 0.9971 0.0767 -0.0000
vn 0.9212 0.0767 -0.3816
vn -0.2572 0.9605 0.1066
vn -0.1064 0.9606 0.2570
vn -0.7944 0.5106 0.3290
vn -0.0000 0.0767 0.9971
vn 0.2788 0.9603 -0.0000
vn -0.9000 0.2261 0.3728
vn -0.9212 0.0767 0.3816
vn -0.9741 0.2261 -0.0000
vn 0.3728 0.2261 0.9000
vn -0.6436 0.7653 -0.0000
vn 0.1971 0.9604 0.1971
vn 0.1064 0.9606 0.2569
vn -0.0000 1.0000 -0.0095
vn 0.2569 0.9606 0.1065
vn 0.3816 0.0767 0.9212
vn 0.6888 0.2261 0.6888
vn 0.7944 0.5106 0.3290
vn -0.5948 0.7652 0.2464
vn 0.7050 0.0767 0.7050
vn 0.9000 0.2261 0.3728
vn 0.6440 0.7650 -0.0000
vn 0.9212 0.0767 0.3816
vn -0.0000 1.0000 0.0095
vn 0.7271 0.6866 -0.0000
vn -0.0000 0.2260 -0.9741
vn 0.7944 0.5105 -0.3291
vn 0.8599 0.5105 -0.0000
vn 0.1968 0.9605 -0.1968
vn -0.0000 0.9606 -0.2780
vn -0.1969 0.9605 -0.1969
vn -0.4552 0.7652 -0.4552
vn 0.9000 0.2260 -0.3728
vn 0.4554 0.7650 -0.4554
vn -0.0018 1.0000 0.0069
vn 0.0033 1.0000 0.0034
vn 0.0071 1.0000 0.0022
vn 0.0023 1.0000 0.0071
vn -0.7944 0.5105 -0.3291
vn -0.6437 0.7653 -0.0000
vn -0.9000 0.2260 -0.3728
vn -0.9212 0.0767 -0.3815
vn -0.9741 0.2260 -0.0000
vn -0.2788 0.9604 -0.0000
vn -0.3290 0.5106 0.7944
vn 0.9741 0.2260 -0.0000
vn -0.0000 0.2261 0.9741
vn -0.3728 0.2261 0.9000
vn 0.9212 0.0767 -0.3815
vn -0.2569 0.9606 0.1065
vn -0.1064 0.9606 0.2569
vn -0.8599 0.5105 -0.0000
vn -0.0000 1.0000 -0.0097
vn 0.9212 0.0767 0.3815
vn -0.0072 1.0000 -0.0025
vn 0.0018 1.0000 -0.0069
vn 0.6437 0.7653 -0.0000
vn 0.0018 1.0000 0.0069
vn 0.4551 0.7653 0.4551
vn 0.1064 0.9606 -0.2570
vn -0.1971 0.9604 0.1971
vn -0.2573 0.9604 0.1067
vn 0.2780 0.9606 -0.0000
vn 0.1969 0.9605 0.1969
vn -0.0000 1.0000 -0.0092
vn -0.0072 -1.0000 -0.0025
vn -0.0040 -1.0000 -0.0040
vn -0.0018 -1.0000 -0.0069
vn 0.7270 -0.6866 -0.0000
vn 0.7255 -0.6851 0.0660
vn -0.0000 -0.5106 -0.8598
vn -0.2463 -0.7652 -0.5948
vn -0.3291 -0.5105 -0.7944
vn -0.6888 -0.2261 -0.6888
vn -0.3728 -0.2260 -0.9000
vn -0.0000 -0.2261 -0.9741
vn -0.0000 -0.6742 0.7385
vn -0.0000 -0.6742 0.7386
vn 0.0040 -1.0000 -0.0040
vn 0.0073 -1.0000 -0.0026
vn 0.0018 -1.0000 -0.0069
vn -0.7270 -0.6866 -0.0000
vn -0.7255 -0.6851 0.0660
vn 0.7944 -0.5106 -0.3290
vn 0.6440 -0.7650 -0.0000
vn 0.5948 -0.7652 -0.2464
vn 0.2572 -0.9605 -0.1066
vn 0.1967 -0.9605 -0.1967
vn -0.0000 -0.9606 -0.2780
vn -0.0000 -0.7653 -0.6437
vn -0.1971 -0.9604 -0.1971
vn -0.5948 -0.7652 -0.2464
vn -0.4554 -0.7650 -0.4554
vn 0.6080 -0.5106 -0.6080
vn 0.4552 -0.7653 -0.4552
vn 0.6888 -0.2260 -0.6888
vn -0.3816 -0.0767 -0.9212
vn -0.7050 -0.0767 -0.7050
vn -0.6080 -0.5106 -0.6080
vn 0.3290 -0.5106 -0.7944
vn 0.2463 -0.7652 -0.5948
vn -0.0040 -1.0000 0.0040
vn -0.0072 -1.0000 0.0025
vn -0.0018 -1.0000 0.0069
vn 0.7255 -0.6851 -0.0660
vn -0.0000 -0.6742 -0.7386
vn -0.0000 -0.6742 -0.7385
vn 0.0073 -1.0000 0.0026
vn 0.0040 -1.0000 0.0040
vn 0.0018 -1.0000 0.0069
vn -0.7255 -0.6851 -0.0660
vn -0.7944 -0.5105 -0.3291
vn -0.6440 -0.7650 -0.0000
vn -0.8598 -0.5106 -0.0000
vn -0.9212 -0.0767 -0.3816
vn -0.9741 -0.2261 -0.0000
vn -0.9971 -0.0767 -0.0000
vn -0.0000 -0.0767 -0.9971
vn 0.3728 -0.2261 -0.9000
vn -0.2569 -0.9606 -0.1064
vn 0.7050 -0.0767 -0.7050
vn 0.3816 -0.0767 -0.9212
vn 0.1064 -0.9606 -0.2569
vn -0.9000 -0.2261 -0.3728
vn 0.4554 -0.7650 0.4554
vn 0.7944 -0.5106 0.3290
vn 0.6080 -0.5106 0.6080
vn -0.2463 -0.7652 0.5948
vn -0.0000 -0.9606 0.2780
vn -0.0000 -0.7653 0.6437
vn -0.2788 -0.9604 -0.0000
vn -0.3816 -0.0767 0.9212
vn -0.6888 -0.2260 0.6888
vn -0.3728 -0.2261 0.9000
vn -0.6080 -0.5106 0.6080
vn -0.3290 -0.5106 0.7944
vn 0.9000 -0.2261 -0.3728
vn 0.8598 -0.5106 -0.0000
vn 0.2463 -0.7652 0.5948
vn 0.3290 -0.5106 0.7944
vn -0.1969 -0.9605 0.1969
vn -0.1064 -0.9606 0.2569
vn -0.0000 -0.5105 0.8599
vn -0.0000 -0.2261 0.9741
vn 0.9212 -0.0767 -0.3816
vn 0.9741 -0.2261 -0.0000
vn -0.2569 -0.9606 0.1064
vn -0.7944 -0.5105 0.3290
vn -0.4554 -0.7650 0.4554
vn -0.0000 -1.0000 -0.0095
vn -0.0000 -0.0767 0.9971
vn 0.2788 -0.9604 -0.0000
vn -0.0000 -1.0000 0.0095
vn -0.7050 -0.0767 0.7050
vn -0.9000 -0.2261 0.3728
vn 0.3728 -0.2261 0.9000
vn 0.6888 -0.2261 0.6888
vn -0.5948 -0.7652 0.2464
vn -0.9212 -0.0767 0.3816
vn 0.1967 -0.9605 0.1967
vn -0.1064 -0.9606 -0.2569
vn 0.5948 -0.7652 0.2464
vn 0.1064 -0.9606 0.2569
vn 0.3816 -0.0767 0.9212
vn 0.9000 -0.2261 0.3728
vn 0.2572 -0.9605 0.1066
vn 0.7050 -0.0767 0.7050
vn 0.9212 -0.0767 0.3816
vn 0.9971 -0.0767 -0.0000
vn -0.0071 -1.0000 -0.0022
vn 0.7271 -0.6866 -0.0000
vn -0.3290 -0.5106 -0.7944
vn 0.0071 -1.0000 -0.0022
vn 0.0023 -1.0000 -0.0071
vn -0.7271 -0.6866 -0.0000
vn 0.8599 -0.5105 -0.0000
vn 0.2569 -0.9606 -0.1064
vn 0.1971 -0.9604 -0.1971
vn -0.0000 -0.9606 -0.2781
vn -0.1968 -0.9605 -0.1968
vn 0.4554 -0.7650 -0.4554
vn 0.6888 -0.2261 -0.6888
vn -0.0071 -1.0000 0.0022
vn 0.0071 -1.0000 0.0022
vn -0.8599 -0.5105 -0.0000
vn -0.7944 -0.5106 -0.3290
vn -0.9741 -0.2260 -0.0000
vn 0.3728 -0.2260 -0.9000
vn 0.7944 -0.5105 0.3291
vn -0.6888 -0.2261 0.6888
vn 0.9741 -0.2260 -0.0000
vn -0.1971 -0.9604 0.1971
vn -0.0000 -0.2260 0.9741
vn -0.0000 -0.5106 0.8598
vn -0.0000 -1.0000 0.0096
vn -0.7944 -0.5105 0.3291
vn -0.9212 -0.0767 0.3815
vn 0.1968 -0.9605 0.1968
vn 0.9212 -0.0767 0.3815
vn -0.6080 -0.5105 -0.6080
vn -0.6888 -0.2260 -0.6888
vn 0.8598 -0.5105 -0.0000
vn 0.2569 -0.9606 -0.1065
vn 0.3290 -0.5105 -0.7944
vn -0.2569 -0.9606 -0.1065
vn -0.2788 -0.9603 -0.0000
vn -0.6436 -0.7653 -0.0000
vn -0.6080 -0.5105 0.6080
vn -0.3291 -0.5106 0.7944
vn -0.1967 -0.9605 0.1967
vn -0.0000 -0.5105 0.8598
vn -0.2569 -0.9606 0.1065
vn 0.2788 -0.9603 -0.0000
vn -0.7944 -0.5106 0.3291
vn 0.2569 -0.9606 0.1065
vn -0.2245 0.0015 -0.9745
vn 0.8698 -0.0060 -0.4933
vn -0.2245 -0.0015 -0.9745
vn -0.4722 -0.0000 0.8815
vn 0.9993 0.0010 0.0361
vn -0.0100 1.0000 -0.0000
vn 0.0100 1.0000 -0.0000
vn -0.0100 -1.0000 -0.0000
vn 0.0103 -0.9999 -0.0000
vn 0.0100 -1.0000 -0.0000
vt 0.379415 0.631017
vt 0.380452 0.624028
vt 0.380452 0.631017
vt 0.456353 0.514865
vt 0.460128 0.542491
vt 0.456353 0.542490
vt 0.397085 0.631017
vt 0.399378 0.624028
vt 0.399378 0.631017
vt 0.343677 0.616458
vt 0.345290 0.609469
vt 0.345290 0.616458
vt 0.359398 0.645576
vt 0.361666 0.638587
vt 0.361687 0.645576
vt 0.342766 0.631018
vt 0.343863 0.624029
vt 0.343863 0.631018
vt 0.342152 0.660136
vt 0.343394 0.653147
vt 0.343394 0.660136
vt 0.382844 0.616459
vt 0.383902 0.623448
vt 0.382844 0.623448
vt 0.403621 0.638588
vt 0.410611 0.653482
vt 0.403621 0.653483
vt 0.343619 0.645576
vt 0.342461 0.638587
vt 0.343619 0.638587
vt 0.377308 0.645576
vt 0.378664 0.638587
vt 0.378664 0.645576
vt 0.259838 0.305711
vt 0.241113 0.311566
vt 0.257252 0.297374
vt 0.015869 0.207876
vt 0.015869 0.217716
vt 0.009772 0.216356
vt 0.211240 0.070742
vt 0.186357 0.066140
vt 0.210273 0.066676
vt 0.793231 0.776434
vt 0.842616 0.776434
vt 0.793231 0.779618
vt 0.339900 0.689253
vt 0.342199 0.682264
vt 0.342199 0.689253
vt 0.394775 0.660136
vt 0.392142 0.653147
vt 0.394775 0.653147
vt 0.340555 0.674694
vt 0.342513 0.667705
vt 0.342513 0.674694
vt 0.846078 0.773251
vt 0.842616 0.773251
vt 0.196560 0.146613
vt 0.196524 0.143140
vt 0.221582 0.146613
vt 0.157918 0.143140
vt 0.136880 0.121187
vt 0.162145 0.116360
vt 0.015869 0.136841
vt 0.009772 0.131486
vt 0.015869 0.128333
vt 0.288797 0.387378
vt 0.271073 0.386295
vt 0.278792 0.361218
vt 0.373865 0.689253
vt 0.370004 0.682264
vt 0.373865 0.682264
vt 0.277227 0.356953
vt 0.255597 0.349761
vt 0.268159 0.331184
vt 0.460128 0.473379
vt 0.460128 0.500530
vt 0.579723 0.957272
vt 0.582635 0.944160
vt 0.582635 0.957272
vt 0.196180 0.148733
vt 0.191211 0.155395
vt 0.193372 0.153582
vt 0.199328 0.161043
vt 0.358279 0.544579
vt 0.407279 0.545626
vt 0.358279 0.545625
vt 0.338572 0.265850
vt 0.266735 0.326959
vt 0.338572 0.260305
vt 0.393837 0.638587
vt 0.393837 0.645576
vt 0.359921 0.631018
vt 0.343863 0.638007
vt 0.330212 0.019927
vt 0.338572 0.011398
vt 0.341098 0.013336
vt 0.343036 0.015862
vt 0.344254 0.018803
vt 0.336079 0.030090
vt 0.196520 0.019926
vt 0.187665 0.012265
vt 0.189482 0.011066
vt 0.397605 0.679877
vt 0.391376 0.686866
vt 0.391376 0.679877
vt 0.339900 0.696243
vt 0.571491 0.497227
vt 0.522763 0.496573
vt 0.571492 0.496171
vt 0.338572 0.333436
vt 0.338572 0.327048
vt 0.362576 0.631017
vt 0.379415 0.624028
vt 0.559113 0.961517
vt 0.562832 0.978875
vt 0.559113 0.978875
vt 0.842616 0.766883
vt 0.846078 0.770067
vt 0.842616 0.770067
vt 0.460126 0.194784
vt 0.407279 0.193247
vt 0.460126 0.193247
vt 0.015870 0.094726
vt 0.015870 0.102948
vt 0.009772 0.095462
vt 0.343619 0.652565
vt 0.342461 0.645576
vt 0.338572 0.373862
vt 0.301571 0.418365
vt 0.338572 0.366898
vt 0.344669 0.365408
vt 0.407179 0.694436
vt 0.401456 0.687447
vt 0.407179 0.687447
vt 0.574396 0.944160
vt 0.570541 0.961517
vt 0.570541 0.944160
vt 0.378664 0.652565
vt 0.374853 0.681683
vt 0.363031 0.674694
vt 0.374853 0.674694
vt 0.338572 0.297855
vt 0.358113 0.682264
vt 0.355159 0.689253
vt 0.355159 0.682264
vt 0.015870 0.086731
vt 0.009772 0.081069
vt 0.015870 0.078578
vt 0.326582 0.660136
vt 0.342152 0.653147
vt 0.396262 0.645576
vt 0.396262 0.638587
vt 0.326583 0.645576
vt 0.050994 0.422715
vt 0.051878 0.449561
vt 0.038742 0.450041
vt 0.846078 0.929169
vt 0.793231 0.931346
vt 0.793231 0.929169
vt 0.192148 0.010093
vt 0.194966 0.009763
vt 0.110700 0.249762
vt 0.133160 0.250831
vt 0.126273 0.273008
vt 0.384209 0.689253
vt 0.384209 0.682264
vt 0.186357 0.013432
vt 0.015870 0.420995
vt 0.015870 0.413302
vt 0.407279 0.301660
vt 0.354432 0.322166
vt 0.354432 0.301660
vt 0.226067 0.171544
vt 0.229540 0.189025
vt 0.213729 0.175387
vt 0.192296 0.116360
vt 0.214140 0.096056
vt 0.216407 0.113139
vt 0.354431 0.177646
vt 0.407279 0.180633
vt 0.354431 0.180633
vt 0.195058 0.151321
vt 0.163231 0.155395
vt 0.155114 0.161043
vt 0.161070 0.153582
vt 0.376094 0.660136
vt 0.377795 0.653147
vt 0.377795 0.660136
vt 0.363857 0.616458
vt 0.362237 0.609469
vt 0.363857 0.609469
vt 0.407279 0.196067
vt 0.354431 0.198888
vt 0.354431 0.196067
vt 0.407279 0.155797
vt 0.354431 0.159541
vt 0.354431 0.155797
vt 0.332474 0.009764
vt 0.335631 0.010179
vt 0.010302 0.509206
vt 0.009773 0.507202
vt 0.015759 0.510783
vt 0.793231 0.937672
vt 0.846078 0.940510
vt 0.793231 0.940510
vt 0.460126 0.201708
vt 0.407279 0.198888
vt 0.460126 0.198888
vt 0.315700 0.450041
vt 0.338571 0.420995
vt 0.317750 0.454439
vt 0.740383 0.943348
vt 0.740383 0.940510
vt 0.128374 0.171544
vt 0.140712 0.175387
vt 0.124901 0.189025
vt 0.342152 0.667125
vt 0.407615 0.686866
vt 0.407615 0.679877
vt 0.143202 0.070742
vt 0.144169 0.066676
vt 0.168085 0.066141
vt 0.354431 0.139470
vt 0.407279 0.142291
vt 0.354431 0.142291
vt 0.559113 0.944160
vt 0.562832 0.961517
vt 0.380452 0.638006
vt 0.157922 0.019926
vt 0.168085 0.013432
vt 0.169273 0.014696
vt 0.572095 0.119316
vt 0.575623 0.134447
vt 0.572095 0.134447
vt 0.041833 0.030090
vt 0.146186 0.019926
vt 0.140319 0.030089
vt 0.171974 0.176411
vt 0.170463 0.180989
vt 0.160335 0.180687
vt 0.407279 0.381659
vt 0.354432 0.402694
vt 0.354432 0.381660
vt 0.846078 0.779618
vt 0.469903 0.222971
vt 0.473366 0.204206
vt 0.473366 0.222971
vt 0.158262 0.148733
vt 0.132860 0.146613
vt 0.157882 0.146613
vt 0.601876 0.970384
vt 0.604788 0.957272
vt 0.604788 0.970384
vt 0.579723 0.970384
vt 0.363857 0.623447
vt 0.362237 0.616458
vt 0.354431 0.169183
vt 0.407279 0.164363
vt 0.407279 0.169183
vt 0.575623 0.155606
vt 0.572095 0.155606
vt 0.361612 0.653147
vt 0.361612 0.660136
vt 0.407279 0.152076
vt 0.354431 0.152075
vt 0.015869 0.265851
vt 0.087706 0.326960
vt 0.086283 0.331184
vt 0.015870 0.050416
vt 0.024230 0.040253
vt 0.035965 0.040253
vt 0.015869 0.154967
vt 0.009772 0.146613
vt 0.015869 0.146232
vt 0.407279 0.184519
vt 0.354431 0.184519
vt 0.094603 0.305711
vt 0.106559 0.329938
vt 0.575623 0.104186
vt 0.572095 0.104186
vt 0.613523 0.957272
vt 0.616435 0.944160
vt 0.616435 0.957272
vt 0.575617 0.353294
vt 0.572055 0.407589
vt 0.572088 0.353295
vt 0.740383 0.933099
vt 0.793231 0.933099
vt 0.015870 0.062612
vt 0.009772 0.049521
vt 0.407279 0.134496
vt 0.354431 0.136650
vt 0.354431 0.134496
vt 0.743911 0.770067
vt 0.740383 0.766884
vt 0.743911 0.766884
vt 0.397084 0.638006
vt 0.338572 0.207875
vt 0.344670 0.216356
vt 0.338572 0.217716
vt 0.473366 0.155606
vt 0.469903 0.134447
vt 0.473366 0.134447
vt 0.190653 0.030089
vt 0.184514 0.045334
vt 0.182794 0.022712
vt 0.354431 0.103911
vt 0.407279 0.131023
vt 0.354431 0.131023
vt 0.407280 0.402693
vt 0.354432 0.425577
vt 0.358279 0.543535
vt 0.407279 0.544579
vt 0.354431 0.194784
vt 0.354431 0.193246
vt 0.407279 0.188426
vt 0.354431 0.188426
vt 0.052871 0.418365
vt 0.063006 0.428774
vt 0.123207 0.197094
vt 0.015869 0.242923
vt 0.097189 0.297374
vt 0.571507 0.500323
vt 0.522763 0.499570
vt 0.571501 0.499283
vt 0.009772 0.259368
vt 0.009772 0.235116
vt 0.344670 0.292834
vt 0.344670 0.259368
vt 0.162294 0.010093
vt 0.159475 0.009763
vt 0.015869 0.232524
vt 0.117344 0.223109
vt 0.140310 0.223807
vt 0.137592 0.234193
vt 0.362205 0.631018
vt 0.359921 0.638007
vt 0.338572 0.119581
vt 0.338572 0.111242
vt 0.344670 0.116360
vt 0.009773 0.419678
vt 0.015870 0.373863
vt 0.572095 0.083284
vt 0.373865 0.696243
vt 0.370004 0.689253
vt 0.038816 0.473363
vt 0.015871 0.496689
vt 0.036692 0.454439
vt 0.407279 0.341745
vt 0.354432 0.363017
vt 0.354432 0.341745
vt 0.024230 0.019927
vt 0.013344 0.013336
vt 0.015869 0.011398
vt 0.326582 0.674694
vt 0.340555 0.681683
vt 0.326582 0.681683
vt 0.354431 0.145112
vt 0.407279 0.149538
vt 0.354431 0.149538
vt 0.015869 0.185624
vt 0.015869 0.195012
vt 0.009772 0.188921
vt 0.075650 0.361218
vt 0.091644 0.366957
vt 0.083369 0.386295
vt 0.338572 0.086731
vt 0.213155 0.087977
vt 0.338572 0.078578
vt 0.342766 0.638007
vt 0.326582 0.631018
vt 0.407279 0.082833
vt 0.354432 0.082832
vt 0.414487 0.687995
vt 0.417140 0.676046
vt 0.417140 0.687995
vt 0.338572 0.066677
vt 0.210424 0.062611
vt 0.338572 0.062611
vt 0.009772 0.365408
vt 0.015870 0.366899
vt 0.384209 0.696243
vt 0.105502 0.268985
vt 0.382844 0.609470
vt 0.383902 0.616459
vt 0.846078 0.782802
vt 0.793231 0.785985
vt 0.793231 0.782802
vt 0.407763 0.636084
vt 0.400774 0.632265
vt 0.407763 0.632265
vt 0.338572 0.242923
vt 0.407279 0.258265
vt 0.354431 0.281488
vt 0.354431 0.258265
vt 0.205878 0.196562
vt 0.205448 0.183701
vt 0.344670 0.330198
vt 0.575623 0.037331
vt 0.572094 0.054491
vt 0.572094 0.037224
vt 0.364227 0.609470
vt 0.366506 0.616459
vt 0.364227 0.616459
vt 0.011405 0.015862
vt 0.120160 0.292232
vt 0.113329 0.311567
vt 0.610612 0.957272
vt 0.613523 0.970384
vt 0.610612 0.970384
vt 0.575326 0.495101
vt 0.571828 0.495051
vt 0.392142 0.660136
vt 0.377795 0.667125
vt 0.217562 0.121187
vt 0.407279 0.171593
vt 0.407279 0.174004
vt 0.354431 0.174004
vt 0.575623 0.009763
vt 0.572095 0.009763
vt 0.015870 0.291932
vt 0.015870 0.297856
vt 0.009772 0.292834
vt 0.743911 0.773251
vt 0.740383 0.770067
vt 0.387913 0.689253
vt 0.407279 0.207350
vt 0.354431 0.214927
vt 0.354431 0.207350
vt 0.354431 0.201709
vt 0.407279 0.204529
vt 0.354431 0.204529
vt 0.318476 0.019927
vt 0.018811 0.010179
vt 0.326582 0.689253
vt 0.339900 0.682264
vt 0.522763 0.498531
vt 0.571496 0.498244
vt 0.378302 0.681683
vt 0.793231 0.934834
vt 0.846078 0.937672
vt 0.407279 0.281487
vt 0.397605 0.672888
vt 0.407615 0.672888
vt 0.575623 0.176765
vt 0.572095 0.176765
vt 0.396262 0.652565
vt 0.407179 0.701425
vt 0.401456 0.694436
vt 0.610612 0.944160
vt 0.619347 0.957272
vt 0.616435 0.970384
vt 0.473366 0.104186
vt 0.469903 0.083284
vt 0.473366 0.083284
vt 0.473366 0.037226
vt 0.469903 0.009763
vt 0.473366 0.009763
vt 0.619347 0.944160
vt 0.460126 0.145112
vt 0.460126 0.142291
vt 0.148564 0.196562
vt 0.147024 0.198925
vt 0.396633 0.653483
vt 0.338572 0.185623
vt 0.344670 0.188921
vt 0.338572 0.195011
vt 0.326582 0.616458
vt 0.343677 0.609469
vt 0.473368 0.318076
vt 0.469904 0.280702
vt 0.473366 0.280702
vt 0.473373 0.353296
vt 0.469905 0.318076
vt 0.473406 0.407589
vt 0.469909 0.353295
vt 0.378302 0.674694
vt 0.378302 0.667705
vt 0.391005 0.674694
vt 0.210273 0.208914
vt 0.208373 0.201579
vt 0.231235 0.197094
vt 0.522763 0.497490
vt 0.144168 0.208914
vt 0.142240 0.216356
vt 0.119238 0.214997
vt 0.140301 0.096056
vt 0.164903 0.095462
vt 0.740383 0.934834
vt 0.015870 0.333436
vt 0.318476 0.040253
vt 0.330211 0.040253
vt 0.338572 0.050416
vt 0.388283 0.701425
vt 0.396240 0.694436
vt 0.396240 0.701425
vt 0.397084 0.624028
vt 0.607700 0.957272
vt 0.419841 0.699944
vt 0.417140 0.699944
vt 0.187828 0.158250
vt 0.191046 0.169357
vt 0.570541 0.978875
vt 0.566687 0.961517
vt 0.194102 0.190933
vt 0.190749 0.188928
vt 0.194106 0.180686
vt 0.358484 0.689253
vt 0.358484 0.682264
vt 0.403621 0.672307
vt 0.410610 0.669791
vt 0.410610 0.672308
vt 0.591370 0.944160
vt 0.594282 0.957272
vt 0.591370 0.957272
vt 0.403621 0.654988
vt 0.403621 0.669791
vt 0.164960 0.011066
vt 0.166777 0.012265
vt 0.248940 0.268985
vt 0.241635 0.241590
vt 0.235204 0.214997
vt 0.338572 0.174241
vt 0.237098 0.223109
vt 0.740383 0.929169
vt 0.361242 0.660136
vt 0.358885 0.653147
vt 0.361242 0.653147
vt 0.362059 0.645576
vt 0.377308 0.638587
vt 0.414487 0.699944
vt 0.414752 0.636084
vt 0.358885 0.660136
vt 0.343394 0.667125
vt 0.344670 0.049521
vt 0.344670 0.066677
vt 0.359921 0.624029
vt 0.572094 0.204206
vt 0.575623 0.222971
vt 0.572094 0.222971
vt 0.469903 0.119316
vt 0.473366 0.119316
vt 0.224560 0.163501
vt 0.210273 0.163952
vt 0.411139 0.687447
vt 0.411139 0.694436
vt 0.407763 0.623882
vt 0.414752 0.619457
vt 0.414752 0.623882
vt 0.209306 0.050415
vt 0.400404 0.616459
vt 0.571512 0.501363
vt 0.522763 0.500610
vt 0.575623 0.068887
vt 0.572095 0.068887
vt 0.015869 0.119581
vt 0.009772 0.116360
vt 0.015870 0.111242
vt 0.588459 0.957272
vt 0.591370 0.970384
vt 0.588459 0.970384
vt 0.460126 0.164363
vt 0.460126 0.169183
vt 0.575623 0.204206
vt 0.740383 0.937672
vt 0.793231 0.923493
vt 0.846078 0.785985
vt 0.846078 0.923493
vt 0.607700 0.944160
vt 0.129882 0.163501
vt 0.396240 0.687447
vt 0.846078 0.926331
vt 0.793231 0.926331
vt 0.410611 0.654988
vt 0.189539 0.095462
vt 0.280901 0.406961
vt 0.291435 0.428774
vt 0.374853 0.667705
vt 0.572094 0.280702
vt 0.575622 0.318076
vt 0.572093 0.318076
vt 0.473633 0.495051
vt 0.469936 0.407576
vt 0.594282 0.944160
vt 0.597194 0.957272
vt 0.585547 0.957272
vt 0.588459 0.944160
vt 0.407280 0.473380
vt 0.460127 0.449801
vt 0.407279 0.192087
vt 0.407279 0.159542
vt 0.460126 0.159542
vt 0.338572 0.136841
vt 0.358885 0.667125
vt 0.469903 0.176765
vt 0.473366 0.176765
vt 0.473366 0.054491
vt 0.469903 0.037331
vt 0.460126 0.196067
vt 0.407279 0.194784
vt 0.846078 0.933099
vt 0.338572 0.070742
vt 0.392142 0.667125
vt 0.359047 0.674694
vt 0.356268 0.681683
vt 0.356268 0.674694
vt 0.469903 0.068887
vt 0.473366 0.068887
vt 0.566687 0.978875
vt 0.359418 0.681683
vt 0.359418 0.674694
vt 0.112806 0.241590
vt 0.846078 0.934834
vt 0.407279 0.214927
vt 0.354431 0.222615
vt 0.585547 0.944160
vt 0.362205 0.624029
vt 0.364227 0.623448
vt 0.196520 0.040252
vt 0.359398 0.638587
vt 0.141286 0.087977
vt 0.460127 0.301660
vt 0.407279 0.322166
vt 0.740383 0.782802
vt 0.354433 0.009763
vt 0.407280 0.032451
vt 0.354432 0.032450
vt 0.460126 0.152076
vt 0.460126 0.149538
vt 0.460126 0.241047
vt 0.407279 0.230312
vt 0.460126 0.230312
vt 0.407280 0.053339
vt 0.354432 0.053338
vt 0.456353 0.544580
vt 0.407279 0.543535
vt 0.456353 0.543536
vt 0.138035 0.113139
vt 0.460127 0.381659
vt 0.220198 0.138260
vt 0.400774 0.623882
vt 0.407763 0.619457
vt 0.340555 0.667705
vt 0.326582 0.667705
vt 0.460126 0.174004
vt 0.407279 0.177646
vt 0.363031 0.667705
vt 0.396632 0.672307
vt 0.015869 0.174241
vt 0.009772 0.167767
vt 0.015869 0.165217
vt 0.103165 0.277233
vt 0.473965 0.497227
vt 0.407279 0.222615
vt 0.460126 0.222615
vt 0.582635 0.970384
vt 0.021967 0.009764
vt 0.793231 0.943348
vt 0.460126 0.136651
vt 0.460126 0.134497
vt 0.460126 0.139471
vt 0.407279 0.139470
vt 0.407279 0.138060
vt 0.460126 0.155797
vt 0.460127 0.363016
vt 0.407279 0.363017
vt 0.009772 0.021960
vt 0.018362 0.030090
vt 0.604788 0.944160
vt 0.159383 0.151321
vt 0.407280 0.425577
vt 0.354432 0.449801
vt 0.407763 0.609470
vt 0.414752 0.609470
vt 0.354432 0.073420
vt 0.354431 0.241048
vt 0.354431 0.230312
vt 0.740383 0.779618
vt 0.015869 0.260305
vt 0.354431 0.164362
vt 0.144017 0.062611
vt 0.575623 0.247229
vt 0.572094 0.247229
vt 0.063929 0.391687
vt 0.065645 0.387378
vt 0.073541 0.406961
vt 0.460126 0.204529
vt 0.077215 0.356954
vt 0.098844 0.349761
vt 0.009772 0.330198
vt 0.015870 0.327048
vt 0.165969 0.086111
vt 0.366506 0.609470
vt 0.575623 0.083284
vt 0.574396 0.978875
vt 0.460126 0.214926
vt 0.460127 0.322165
vt 0.214132 0.223807
vt 0.460127 0.341745
vt 0.342199 0.696243
vt 0.354431 0.192087
vt 0.456353 0.545626
vt 0.377308 0.652565
vt 0.460128 0.032451
vt 0.407280 0.009764
vt 0.460128 0.009765
vt 0.460127 0.281487
vt 0.460126 0.180632
vt 0.460126 0.177646
vt 0.400774 0.619457
vt 0.400774 0.609470
vt 0.585547 0.970384
vt 0.338572 0.154966
vt 0.407279 0.542490
vt 0.473948 0.500323
vt 0.473954 0.499283
vt 0.208255 0.040252
vt 0.312609 0.030090
vt 0.414752 0.632265
vt 0.412825 0.679877
vt 0.412825 0.686866
vt 0.146186 0.040252
vt 0.460127 0.402693
vt 0.460126 0.192087
vt 0.354433 0.542490
vt 0.358279 0.514865
vt 0.358279 0.542490
vt 0.412825 0.672888
vt 0.460126 0.131024
vt 0.460127 0.082833
vt 0.407279 0.073487
vt 0.460127 0.073422
vt 0.407279 0.103911
vt 0.460127 0.103912
vt 0.460126 0.207350
vt 0.460126 0.258265
vt 0.358484 0.696243
vt 0.370004 0.696243
vt 0.361666 0.652565
vt 0.144169 0.163952
vt 0.522763 0.501650
vt 0.473943 0.501363
vt 0.407279 0.546671
vt 0.456353 0.546672
vt 0.338572 0.291932
vt 0.354432 0.473380
vt 0.407280 0.449801
vt 0.358279 0.473380
vt 0.407279 0.241048
vt 0.460126 0.184519
vt 0.740383 0.926331
vt 0.407279 0.201708
vt 0.342766 0.624029
vt 0.326582 0.624029
vt 0.460126 0.188426
vt 0.473959 0.498244
vt 0.460127 0.053339
vt 0.343677 0.623447
vt 0.356268 0.667705
vt 0.460127 0.425577
vt 0.338572 0.102948
vt 0.290512 0.391686
vt 0.302563 0.449561
vt 0.338571 0.496689
vt 0.344669 0.419678
vt 0.344669 0.507202
vt 0.303448 0.422715
vt 0.338683 0.510783
vt 0.337166 0.509373
vt 0.344140 0.509206
vt 0.315626 0.473363
vt 0.522763 0.495657
vt 0.473964 0.496171
vt 0.216850 0.234193
vt 0.243741 0.249762
vt 0.221282 0.250831
vt 0.228169 0.273008
vt 0.251276 0.277233
vt 0.234282 0.292232
vt 0.359047 0.667705
vt 0.247883 0.329938
vt 0.262798 0.366957
vt 0.387913 0.682264
vt 0.338571 0.413302
vt 0.388283 0.694436
vt 0.388283 0.687447
vt 0.473366 0.247229
vt 0.338572 0.232524
vt 0.344670 0.235116
vt 0.469903 0.247229
vt 0.469903 0.155606
vt 0.344670 0.131486
vt 0.338572 0.128333
vt 0.338572 0.165217
vt 0.344670 0.167767
vt 0.338572 0.146232
vt 0.344670 0.146613
vt 0.469903 0.104186
vt 0.419841 0.687995
vt 0.338572 0.094726
vt 0.344670 0.095462
vt 0.344670 0.081069
vt 0.469903 0.054491
vt 0.740383 0.923493
vt 0.601876 0.957272
vt 0.601876 0.944160
vt 0.594282 0.970384
vt 0.396633 0.654988
vt 0.015870 0.066677
vt 0.009772 0.066677
vt 0.355159 0.696243
vt 0.358113 0.689253
vt 0.358113 0.696243
vt 0.342513 0.681683
vt 0.376094 0.667125
vt 0.361612 0.667125
vt 0.010187 0.018803
vt 0.342461 0.652565
vt 0.358279 0.546670
vt 0.015870 0.070742
vt 0.575623 0.280702
vt 0.155735 0.192362
vt 0.154265 0.192813
vt 0.148994 0.183701
vt 0.134244 0.138260
vt 0.562832 0.944160
vt 0.566687 0.944160
vt 0.379415 0.638006
vt 0.362576 0.638006
vt 0.383902 0.609470
vt 0.345290 0.623447
vt 0.362237 0.623447
vt 0.607700 0.970384
vt 0.208255 0.019926
vt 0.344670 0.021959
vt 0.188473 0.086111
vt 0.145135 0.050416
vt 0.157922 0.040252
vt 0.169928 0.045334
vt 0.401456 0.701425
vt 0.743911 0.776435
vt 0.740383 0.773251
vt 0.106264 0.359682
vt 0.106711 0.356282
vt 0.118926 0.392840
vt 0.108021 0.353113
vt 0.223906 0.395978
vt 0.130342 0.395939
vt 0.119383 0.346534
vt 0.121986 0.392448
vt 0.110106 0.350391
vt 0.112823 0.348301
vt 0.116073 0.394007
vt 0.113621 0.395871
vt 0.111736 0.398304
vt 0.229213 0.415747
vt 0.232273 0.416149
vt 0.234900 0.435850
vt 0.874883 0.384026
vt 0.788214 0.361440
vt 0.874883 0.361440
vt 0.238300 0.435402
vt 0.235331 0.415746
vt 0.241468 0.434089
vt 0.248031 0.422710
vt 0.240630 0.412686
vt 0.242509 0.410239
vt 0.226353 0.394101
vt 0.229202 0.392921
vt 0.234903 0.346575
vt 0.628711 0.904911
vt 0.609784 0.924474
vt 0.604527 0.919216
vt 0.110547 0.401138
vt 0.110119 0.404335
vt 0.106161 0.422715
vt 0.110521 0.407391
vt 0.111700 0.410240
vt 0.113579 0.412687
vt 0.106614 0.426118
vt 0.116029 0.414565
vt 0.107931 0.429288
vt 0.132217 0.398393
vt 0.222029 0.398426
vt 0.220850 0.401276
vt 0.127895 0.394051
vt 0.115987 0.346986
vt 0.232259 0.392518
vt 0.125045 0.392861
vt 0.317673 0.750240
vt 0.302214 0.758773
vt 0.314922 0.746654
vt 0.244188 0.432000
vt 0.238183 0.414565
vt 0.246274 0.429279
vt 0.243690 0.407389
vt 0.244094 0.404331
vt 0.248031 0.359707
vt 0.243660 0.401271
vt 0.242483 0.398423
vt 0.240608 0.395977
vt 0.238163 0.394100
vt 0.247584 0.356310
vt 0.235315 0.392920
vt 0.110023 0.432010
vt 0.247585 0.426110
vt 0.238301 0.347023
vt 0.241468 0.348336
vt 0.468423 0.615419
vt 0.430333 0.737997
vt 0.430333 0.585640
vt 0.244187 0.350423
vt 0.246273 0.353143
vt 0.112748 0.434096
vt 0.118883 0.415745
vt 0.115920 0.435406
vt 0.121946 0.416147
vt 0.125009 0.415744
vt 0.119323 0.435850
vt 0.127864 0.414563
vt 0.130316 0.412682
vt 0.132200 0.410230
vt 0.223914 0.412689
vt 0.222035 0.410242
vt 0.133386 0.407376
vt 0.133394 0.401249
vt 0.226362 0.414567
vt 0.200151 0.245996
vt 0.196574 0.243224
vt 0.200173 0.243244
vt 0.220449 0.404334
vt 0.220853 0.407392
vt 0.676949 0.130247
vt 0.673802 0.127236
vt 0.677227 0.127513
vt 0.673823 0.124617
vt 0.677377 0.124763
vt 0.673768 0.121933
vt 0.677463 0.121986
vt 0.677454 0.119201
vt 0.673848 0.119227
vt 0.677376 0.113755
vt 0.673889 0.116525
vt 0.673932 0.113828
vt 0.160035 0.272228
vt 0.168336 0.274410
vt 0.160337 0.275273
vt 0.677291 0.092007
vt 0.673719 0.089226
vt 0.677369 0.089282
vt 0.677311 0.108331
vt 0.673748 0.111108
vt 0.673822 0.108385
vt 0.200228 0.273319
vt 0.196554 0.270631
vt 0.200210 0.270596
vt 0.677248 0.102907
vt 0.673637 0.100186
vt 0.677285 0.100193
vt 0.677262 0.097467
vt 0.673764 0.097450
vt 0.673656 0.094705
vt 0.677325 0.094735
vt 0.159362 0.260041
vt 0.167655 0.262824
vt 0.159420 0.263125
vt 0.165426 0.296365
vt 0.170592 0.290523
vt 0.171228 0.292918
vt 0.200092 0.262466
vt 0.196517 0.265182
vt 0.196646 0.262452
vt 0.677409 0.083818
vt 0.673893 0.086492
vt 0.673835 0.083773
vt 0.677428 0.116458
vt 0.677416 0.081045
vt 0.673675 0.078314
vt 0.677403 0.078236
vt 0.677293 0.075435
vt 0.673712 0.075610
vt 0.673663 0.105654
vt 0.677293 0.105616
vt 0.638964 0.072769
vt 0.646693 0.071804
vt 0.646141 0.074370
vt 0.161439 0.232476
vt 0.169214 0.231439
vt 0.168681 0.234022
vt 0.636744 0.091002
vt 0.644696 0.094276
vt 0.636609 0.094034
vt 0.200119 0.257037
vt 0.196423 0.254227
vt 0.200155 0.254262
vt 0.200106 0.251503
vt 0.196574 0.251468
vt 0.196488 0.248710
vt 0.200171 0.248752
vt 0.196650 0.245958
vt 0.160043 0.241616
vt 0.168268 0.239561
vt 0.167896 0.242379
vt 0.196496 0.240482
vt 0.200158 0.240452
vt 0.677366 0.086550
vt 0.159432 0.250816
vt 0.167432 0.254003
vt 0.159334 0.253857
vt 0.200240 0.276001
vt 0.196691 0.273352
vt 0.676854 0.069923
vt 0.673675 0.072969
vt 0.673559 0.070401
vt 0.199488 0.229273
vt 0.195819 0.227326
vt 0.199016 0.226347
vt 0.199841 0.289602
vt 0.196329 0.291507
vt 0.196633 0.289161
vt 0.196712 0.286642
vt 0.200099 0.286900
vt 0.196722 0.284048
vt 0.200232 0.284182
vt 0.196556 0.259734
vt 0.200107 0.259772
vt 0.196371 0.237737
vt 0.200119 0.237625
vt 0.196754 0.278708
vt 0.196835 0.276036
vt 0.133793 0.404313
vt 0.673765 0.102922
vt 0.200136 0.267879
vt 0.196652 0.267908
vt 0.200146 0.265171
vt 0.167553 0.256948
vt 0.159294 0.256950
vt 0.199791 0.232032
vt 0.196384 0.235019
vt 0.196322 0.232364
vt 0.677129 0.072671
vt 0.425262 0.750240
vt 0.428014 0.746654
vt 0.429743 0.581159
vt 0.204806 0.234490
vt 0.199983 0.234810
vt 0.167854 0.245268
vt 0.167584 0.248164
vt 0.017190 0.892257
vt 0.009762 0.939530
vt 0.009762 0.892257
vt 0.168442 0.236756
vt 0.152339 0.296585
vt 0.153228 0.299770
vt 0.321259 0.570646
vt 0.317673 0.573397
vt 0.931922 0.297007
vt 0.884648 0.149935
vt 0.931922 0.149935
vt 0.428014 0.576983
vt 0.644781 0.097218
vt 0.204351 0.292992
vt 0.199413 0.292448
vt 0.204712 0.267790
vt 0.626798 0.126852
vt 0.638130 0.121526
vt 0.638663 0.124524
vt 0.645281 0.082686
vt 0.645209 0.085565
vt 0.645680 0.079882
vt 0.645880 0.077090
vt 0.673777 0.081046
vt 0.313192 0.581159
vt 0.312602 0.585640
vt 0.147251 0.253737
vt 0.147246 0.257048
vt 0.169495 0.285470
vt 0.170091 0.288013
vt 0.647477 0.130914
vt 0.673379 0.132146
vt 0.648091 0.133330
vt 0.626828 0.070271
vt 0.638345 0.075747
vt 0.626241 0.073676
vt 0.204598 0.231559
vt 0.682091 0.075164
vt 0.645906 0.120351
vt 0.646135 0.123120
vt 0.645482 0.117561
vt 0.644750 0.108942
vt 0.645056 0.111832
vt 0.151468 0.293306
vt 0.164165 0.293200
vt 0.627453 0.130169
vt 0.639289 0.127475
vt 0.168467 0.277256
vt 0.204644 0.290036
vt 0.148239 0.236977
vt 0.147890 0.240367
vt 0.200286 0.278695
vt 0.204954 0.281437
vt 0.200307 0.281440
vt 0.329916 0.568326
vt 0.325435 0.568916
vt 0.147407 0.263656
vt 0.159585 0.266202
vt 0.147574 0.266954
vt 0.150625 0.223251
vt 0.162142 0.229395
vt 0.149869 0.226705
vt 0.292851 0.812474
vt 0.206183 0.881026
vt 0.206183 0.812474
vt 0.624497 0.097064
vt 0.636557 0.100212
vt 0.624502 0.100363
vt 0.681914 0.072247
vt 0.625766 0.120202
vt 0.637353 0.115475
vt 0.637732 0.118497
vt 0.185173 0.881026
vt 0.098505 0.812474
vt 0.185173 0.812474
vt 0.625057 0.083797
vt 0.636898 0.087965
vt 0.624826 0.087136
vt 0.628202 0.133482
vt 0.640018 0.130493
vt 0.204839 0.248766
vt 0.204882 0.245988
vt 0.624659 0.090455
vt 0.204954 0.240334
vt 0.196494 0.256993
vt 0.624549 0.093761
vt 0.636529 0.097122
vt 0.167635 0.265757
vt 0.167641 0.268668
vt 0.149222 0.230149
vt 0.160854 0.235484
vt 0.148680 0.233571
vt 0.204688 0.259737
vt 0.681838 0.100167
vt 0.677377 0.111050
vt 0.681985 0.113633
vt 0.204770 0.254293
vt 0.204792 0.251541
vt 0.681988 0.089322
vt 0.682053 0.086576
vt 0.628326 0.063458
vt 0.639664 0.069706
vt 0.627536 0.066871
vt 0.682179 0.080972
vt 0.629036 0.136793
vt 0.642210 0.136740
vt 0.629889 0.140009
vt 0.312602 0.737997
vt 0.204833 0.287140
vt 0.148082 0.273536
vt 0.148436 0.276834
vt 0.682178 0.078082
vt 0.681925 0.110934
vt 0.681896 0.094772
vt 0.681925 0.092058
vt 0.164263 0.892257
vt 0.171691 0.939530
vt 0.164263 0.939530
vt 0.682139 0.119142
vt 0.413020 0.568326
vt 0.314922 0.576983
vt 0.681855 0.097471
vt 0.329916 0.755311
vt 0.413020 0.755311
vt 0.646999 0.128384
vt 0.167975 0.271549
vt 0.625381 0.116879
vt 0.637092 0.112420
vt 0.169178 0.282785
vt 0.204756 0.270488
vt 0.644638 0.091348
vt 0.429743 0.742478
vt 0.425262 0.573397
vt 0.325435 0.754721
vt 0.313192 0.742478
vt 0.681881 0.108252
vt 0.681840 0.105562
vt 0.204671 0.262418
vt 0.640643 0.066641
vt 0.641893 0.063444
vt 0.647151 0.069269
vt 0.637832 0.078774
vt 0.673221 0.067950
vt 0.676413 0.067006
vt 0.196663 0.281391
vt 0.644818 0.103094
vt 0.636572 0.103298
vt 0.644910 0.088450
vt 0.167342 0.251071
vt 0.640977 0.133538
vt 0.644628 0.100155
vt 0.636693 0.106386
vt 0.644770 0.106028
vt 0.636901 0.109407
vt 0.645384 0.114705
vt 0.637464 0.081839
vt 0.637119 0.084885
vt 0.161757 0.284267
vt 0.168920 0.280030
vt 0.646425 0.125820
vt 0.159802 0.269217
vt 0.167434 0.259887
vt 0.164316 0.223071
vt 0.169653 0.228888
vt 0.163091 0.226303
vt 0.159549 0.247770
vt 0.160755 0.278280
vt 0.161189 0.281292
vt 0.160376 0.238534
vt 0.162415 0.287195
vt 0.163176 0.290186
vt 0.673802 0.091968
vt 0.159734 0.244678
vt 0.673705 0.129780
vt 0.648045 0.805754
vt 0.643907 0.885072
vt 0.643965 0.806290
vt 0.417501 0.754721
vt 0.421677 0.752991
vt 0.204725 0.257030
vt 0.147626 0.243737
vt 0.647755 0.066911
vt 0.150680 0.290023
vt 0.204853 0.275902
vt 0.625075 0.113561
vt 0.204932 0.284277
vt 0.147798 0.270245
vt 0.681832 0.102865
vt 0.148867 0.280135
vt 0.625756 0.077066
vt 0.625365 0.080441
vt 0.151476 0.219786
vt 0.629209 0.060034
vt 0.204685 0.265100
vt 0.725375 0.924452
vt 0.683362 0.766903
vt 0.725375 0.766903
vt 0.682146 0.124876
vt 0.204929 0.243187
vt 0.681644 0.069337
vt 0.147298 0.260355
vt 0.149381 0.283436
vt 0.149985 0.286734
vt 0.682126 0.083802
vt 0.204924 0.237424
vt 0.204297 0.228637
vt 0.147315 0.250420
vt 0.417501 0.568916
vt 0.681499 0.133715
vt 0.676494 0.133126
vt 0.681818 0.130719
vt 0.624561 0.103659
vt 0.624841 0.110250
vt 0.624676 0.106952
vt 0.321259 0.752991
vt 0.682179 0.121990
vt 0.017190 0.939530
vt 0.170239 0.226513
vt 0.196181 0.229785
vt 0.421677 0.570646
vt 0.204913 0.278639
vt 0.884648 0.297007
vt 0.931922 0.304435
vt 0.884648 0.304435
vt 0.292851 0.791464
vt 0.206183 0.791464
vt 0.204803 0.273197
vt 0.884648 0.142507
vt 0.147438 0.247089
vt 0.628173 0.900833
vt 0.651835 0.914469
vt 0.655102 0.911962
vt 0.683362 0.924452
vt 0.657610 0.908697
vt 0.632795 0.911973
vt 0.636061 0.914477
vt 0.657527 0.892938
vt 0.655030 0.889679
vt 0.655114 0.801678
vt 0.659192 0.794613
vt 0.659728 0.790534
vt 0.659191 0.786456
vt 0.628747 0.786448
vt 0.609833 0.766884
vt 0.630322 0.782648
vt 0.630288 0.908711
vt 0.657617 0.782655
vt 0.655113 0.779391
vt 0.651850 0.776885
vt 0.639865 0.916049
vt 0.643947 0.916584
vt 0.648030 0.916045
vt 0.630318 0.798407
vt 0.628745 0.794606
vt 0.604578 0.772134
vt 0.628209 0.790527
vt 0.632822 0.801671
vt 0.636085 0.804176
vt 0.639885 0.805751
vt 0.659189 0.904895
vt 0.659730 0.900815
vt 0.659197 0.896735
vt 0.636092 0.776881
vt 0.632828 0.779385
vt 0.657618 0.798414
vt 0.651774 0.887178
vt 0.647980 0.885607
vt 0.651848 0.804181
vt 0.648050 0.775310
vt 0.643971 0.774772
vt 0.639892 0.775308
vt 0.639834 0.885611
vt 0.636038 0.887186
vt 0.632779 0.889692
vt 0.630280 0.892956
vt 0.628707 0.896756
vt 0.730627 0.772155
vt 0.730627 0.919200
vt 0.682062 0.116357
vt 0.827608 0.105639
vt 0.874882 0.105639
vt 0.827609 0.179175
vt 0.874882 0.226448
vt 0.785588 0.179175
vt 0.785588 0.226448
vt 0.626236 0.123528
vt 0.468423 0.765699
vt 0.309140 0.765699
vt 0.302214 0.564864
vt 0.313861 0.881026
vt 0.292851 0.881026
vt 0.468423 0.557938
vt 0.309140 0.557938
vt 0.842637 0.057033
vt 0.842637 0.009760
vt 0.884658 0.057033
vt 0.931931 0.009760
vt 0.884658 0.130569
vt 0.931931 0.130569
vt 0.874882 0.340429
vt 0.780335 0.231701
vt 0.788214 0.340429
vt 0.780335 0.378773
vt 0.785588 0.384026
vt 0.682029 0.127782
vt 0.890449 0.353604
vt 0.909736 0.347417
vt 0.909736 0.353604
vt 0.203625 0.617586
vt 0.193243 0.623037
vt 0.193243 0.617586
vt 0.909736 0.430209
vt 0.890448 0.447496
vt 0.890448 0.430209
vt 0.909736 0.585788
vt 0.890448 0.568502
vt 0.909736 0.568502
vt 0.909736 0.516642
vt 0.890448 0.499356
vt 0.909736 0.499356
vt 0.909736 0.395636
vt 0.890448 0.378350
vt 0.909736 0.378350
vt 0.909736 0.412923
vt 0.890448 0.395636
vt 0.890448 0.412923
vt 0.909736 0.447496
vt 0.890448 0.464782
vt 0.890448 0.634593
vt 0.909735 0.628290
vt 0.909735 0.634593
vt 0.890448 0.640897
vt 0.909735 0.640897
vt 0.909736 0.609379
vt 0.890448 0.603075
vt 0.909736 0.603075
vt 0.944700 0.016070
vt 0.963987 0.009767
vt 0.963987 0.016070
vt 0.225772 0.483885
vt 0.248776 0.454745
vt 0.226462 0.486344
vt 0.944700 0.041285
vt 0.963987 0.034981
vt 0.963987 0.041285
vt 0.941724 0.410573
vt 0.922436 0.393285
vt 0.941724 0.393285
vt 0.118752 0.544129
vt 0.173259 0.508565
vt 0.173267 0.544128
vt 0.890448 0.647201
vt 0.909735 0.647201
vt 0.093230 0.465220
vt 0.095266 0.544130
vt 0.093233 0.544130
vt 0.944700 0.022373
vt 0.963987 0.022373
vt 0.944700 0.028677
vt 0.963987 0.028677
vt 0.729185 0.096993
vt 0.710932 0.096993
vt 0.716930 0.088346
vt 0.894281 0.832954
vt 0.896662 0.877321
vt 0.894178 0.879228
vt 0.752754 0.229276
vt 0.770512 0.234668
vt 0.751507 0.231266
vt 0.323623 0.865892
vt 0.427920 0.862759
vt 0.427920 0.865890
vt 0.963987 0.256094
vt 0.943937 0.255331
vt 0.944351 0.254791
vt 0.942097 0.256487
vt 0.942768 0.256105
vt 0.943397 0.255745
vt 0.944700 0.253488
vt 0.944611 0.254162
vt 0.890099 0.316470
vt 0.889686 0.315930
vt 0.909736 0.315167
vt 0.890360 0.317099
vt 0.889145 0.315516
vt 0.888279 0.315152
vt 0.885118 0.314672
vt 0.941724 0.352404
vt 0.922436 0.346100
vt 0.941724 0.346100
vt 0.890449 0.317774
vt 0.187146 0.579694
vt 0.185122 0.544128
vt 0.187155 0.544128
vt 0.941724 0.614389
vt 0.922436 0.608202
vt 0.941724 0.608202
vt 0.710932 0.058924
vt 0.729185 0.058924
vt 0.714037 0.066373
vt 0.966284 0.710078
vt 0.972286 0.768980
vt 0.970668 0.769595
vt 0.894182 0.896195
vt 0.863546 0.912216
vt 0.892275 0.893710
vt 0.928864 0.912232
vt 0.902667 0.899712
vt 0.930409 0.912383
vt 0.725519 0.673992
vt 0.717523 0.749793
vt 0.719411 0.657174
vt 0.908658 0.877320
vt 0.911135 0.832953
vt 0.911143 0.879226
vt 0.541987 0.900328
vt 0.437690 0.897196
vt 0.541987 0.897196
vt 0.223070 0.479263
vt 0.224635 0.481511
vt 0.181055 0.544128
vt 0.541987 0.903459
vt 0.437690 0.906590
vt 0.437690 0.903459
vt 0.541987 0.909721
vt 0.541987 0.906590
vt 0.541987 0.912852
vt 0.437690 0.915983
vt 0.437690 0.912852
vt 0.437690 0.909721
vt 0.541987 0.894065
vt 0.437690 0.890934
vt 0.541987 0.890934
vt 0.541987 0.915983
vt 0.437690 0.919115
vt 0.541987 0.922245
vt 0.541987 0.919114
vt 0.437690 0.925377
vt 0.437690 0.922246
vt 0.541987 0.881541
vt 0.437690 0.878409
vt 0.541987 0.878410
vt 0.541987 0.872148
vt 0.437690 0.869015
vt 0.541987 0.869016
vt 0.437690 0.875278
vt 0.541987 0.875279
vt 0.437690 0.865884
vt 0.541987 0.865885
vt 0.982646 0.648365
vt 0.982362 0.645533
vt 0.983717 0.648257
vt 0.541987 0.931639
vt 0.437690 0.928508
vt 0.541987 0.928507
vt 0.922436 0.566166
vt 0.941724 0.548878
vt 0.941724 0.566166
vt 0.541987 0.884672
vt 0.437690 0.881541
vt 0.541987 0.887803
vt 0.437690 0.884672
vt 0.437690 0.887803
vt 0.185112 0.623037
vt 0.183079 0.617586
vt 0.185112 0.617586
vt 0.187145 0.617586
vt 0.189177 0.617586
vt 0.187145 0.623037
vt 0.758816 0.296608
vt 0.770527 0.279388
vt 0.760704 0.297387
vt 0.968691 0.710249
vt 0.967637 0.710164
vt 0.323623 0.875285
vt 0.427920 0.872153
vt 0.427921 0.875284
vt 0.754898 0.209315
vt 0.770532 0.219761
vt 0.754892 0.215635
vt 0.010348 0.951257
vt 0.012280 0.970630
vt 0.011651 0.970891
vt 0.985875 0.648242
vt 0.971837 0.710518
vt 0.970792 0.710426
vt 0.218618 0.544128
vt 0.215149 0.583186
vt 0.215014 0.544128
vt 0.987893 0.648701
vt 0.973922 0.710707
vt 0.972877 0.710612
vt 0.269292 0.778267
vt 0.255337 0.716383
vt 0.270364 0.778376
vt 0.239737 0.659659
vt 0.250193 0.716749
vt 0.236418 0.723662
vt 0.212058 0.625432
vt 0.210790 0.624806
vt 0.211691 0.615828
vt 0.213095 0.625944
vt 0.214298 0.614576
vt 0.216598 0.613304
vt 0.217174 0.628223
vt 0.214824 0.626889
vt 0.437690 0.900328
vt 0.243262 0.651781
vt 0.245238 0.650689
vt 0.254140 0.655909
vt 0.247430 0.650133
vt 0.259233 0.647812
vt 0.264826 0.776566
vt 0.233396 0.728663
vt 0.234896 0.727205
vt 0.235893 0.725534
vt 0.928535 0.693050
vt 0.935136 0.698403
vt 0.933337 0.698117
vt 0.239810 0.657412
vt 0.221783 0.728230
vt 0.223595 0.728419
vt 0.215182 0.733582
vt 0.228120 0.729502
vt 0.208141 0.762997
vt 0.229932 0.729692
vt 0.231732 0.729405
vt 0.240457 0.655258
vt 0.241633 0.653338
vt 0.215834 0.731881
vt 0.216904 0.730406
vt 0.218319 0.729258
vt 0.219983 0.728516
vt 0.258483 0.716114
vt 0.263560 0.659139
vt 0.259524 0.716020
vt 0.204961 0.617539
vt 0.204070 0.623037
vt 0.896433 0.832954
vt 0.899555 0.876123
vt 0.941724 0.375997
vt 0.101364 0.544130
vt 0.106553 0.465220
vt 0.106555 0.544130
vt 0.746201 0.259535
vt 0.745097 0.257046
vt 0.770508 0.259513
vt 0.185112 0.508562
vt 0.187145 0.508562
vt 0.922436 0.602015
vt 0.941724 0.602015
vt 0.890666 0.887711
vt 0.891076 0.890817
vt 0.722518 0.074854
vt 0.722927 0.077958
vt 0.787869 0.117096
vt 0.783697 0.049061
vt 0.787869 0.034271
vt 0.427920 0.922252
vt 0.323623 0.919120
vt 0.427921 0.919121
vt 0.941474 0.697130
vt 0.921494 0.663636
vt 0.943286 0.696941
vt 0.981022 0.648834
vt 0.891074 0.884606
vt 0.941724 0.358708
vt 0.922436 0.352404
vt 0.989012 0.649205
vt 0.750619 0.266460
vt 0.749299 0.264509
vt 0.770513 0.264481
vt 0.244041 0.951257
vt 0.237738 0.970542
vt 0.237738 0.951257
vt 0.323623 0.915989
vt 0.427921 0.915990
vt 0.116717 0.465220
vt 0.116719 0.544129
vt 0.011111 0.971305
vt 0.010698 0.971845
vt 0.213096 0.506192
vt 0.213121 0.544128
vt 0.909735 0.621986
vt 0.890448 0.615682
vt 0.909735 0.615682
vt 0.256646 0.951257
vt 0.250343 0.970542
vt 0.250343 0.951257
vt 0.183088 0.544128
vt 0.181046 0.508563
vt 0.183079 0.508563
vt 0.714037 0.089544
vt 0.944700 0.034981
vt 0.199550 0.544128
vt 0.193245 0.579695
vt 0.193255 0.544128
vt 0.009921 0.660251
vt 0.196417 0.656995
vt 0.196444 0.660251
vt 0.697473 0.091418
vt 0.700545 0.083956
vt 0.702451 0.086439
vt 0.908651 0.832953
vt 0.905765 0.876122
vt 0.905758 0.832953
vt 0.323623 0.897203
vt 0.427921 0.894071
vt 0.427921 0.897203
vt 0.251868 0.454747
vt 0.248707 0.544127
vt 0.963987 0.047588
vt 0.944700 0.047588
vt 0.699214 0.013850
vt 0.699214 0.009766
vt 0.765966 0.009766
vt 0.974160 0.768352
vt 0.969743 0.710337
vt 0.905774 0.899302
vt 0.934794 0.912206
vt 0.721320 0.083956
vt 0.719414 0.086439
vt 0.222738 0.544128
vt 0.220942 0.501130
vt 0.222888 0.499067
vt 0.323623 0.878416
vt 0.427921 0.878415
vt 0.091197 0.465220
vt 0.091200 0.544130
vt 0.783697 0.117096
vt 0.984806 0.648204
vt 0.749230 0.234643
vt 0.770506 0.239637
vt 0.747584 0.237130
vt 0.498456 0.754329
vt 0.509558 0.741744
vt 0.594792 0.848819
vt 0.762729 0.297651
vt 0.946750 0.697969
vt 0.963546 0.709883
vt 0.948250 0.699427
vt 0.205368 0.544128
vt 0.202439 0.579720
vt 0.202454 0.544128
vt 0.619948 0.034270
vt 0.614733 0.049060
vt 0.610561 0.034270
vt 0.986022 0.784736
vt 0.977810 0.767227
vt 0.989012 0.786439
vt 0.284216 0.454770
vt 0.280041 0.544127
vt 0.280099 0.454767
vt 0.757195 0.203786
vt 0.758817 0.202545
vt 0.009839 0.650485
vt 0.009885 0.647230
vt 0.196362 0.650485
vt 0.941767 0.832950
vt 0.913050 0.881710
vt 0.913070 0.832953
vt 0.271453 0.778429
vt 0.257439 0.716206
vt 0.272521 0.778390
vt 0.976006 0.767770
vt 0.982532 0.782834
vt 0.975088 0.768056
vt 0.787869 0.022018
vt 0.699214 0.026102
vt 0.699214 0.022018
vt 0.218829 0.951257
vt 0.012954 0.970542
vt 0.922436 0.548878
vt 0.941724 0.531590
vt 0.692547 0.073032
vt 0.700545 0.071961
vt 0.699347 0.074854
vt 0.199625 0.454703
vt 0.217279 0.458917
vt 0.199622 0.458902
vt 0.694448 0.087476
vt 0.699347 0.081063
vt 0.097296 0.465220
vt 0.095263 0.465220
vt 0.745096 0.242108
vt 0.746199 0.239619
vt 0.921672 0.645879
vt 0.941724 0.646643
vt 0.921132 0.646293
vt 0.770523 0.274420
vt 0.754041 0.273180
vt 0.770519 0.269451
vt 0.212058 0.462822
vt 0.211691 0.472427
vt 0.210790 0.463448
vt 0.225941 0.544127
vt 0.225562 0.494493
vt 0.226458 0.491345
vt 0.941724 0.620576
vt 0.922436 0.644036
vt 0.922436 0.620576
vt 0.747586 0.262023
vt 0.217173 0.460031
vt 0.214298 0.473679
vt 0.214824 0.461366
vt 0.323623 0.903465
vt 0.427921 0.900334
vt 0.427921 0.903465
vt 0.787869 0.169245
vt 0.292434 0.476851
vt 0.292391 0.544127
vt 0.288274 0.544127
vt 0.261077 0.544127
vt 0.267750 0.454759
vt 0.267689 0.544127
vt 0.752031 0.268691
vt 0.753364 0.271272
vt 0.941776 0.912207
vt 0.914659 0.887708
vt 0.914249 0.884603
vt 0.323623 0.937907
vt 0.427920 0.934777
vt 0.427920 0.937908
vt 0.216598 0.474951
vt 0.716930 0.067571
vt 0.273552 0.778229
vt 0.206340 0.623313
vt 0.205159 0.623109
vt 0.772254 0.159916
vt 0.745165 0.128460
vt 0.764766 0.132289
vt 0.701415 0.061474
vt 0.707828 0.066373
vt 0.704935 0.067571
vt 0.949247 0.701099
vt 0.271867 0.454762
vt 0.207791 0.623702
vt 0.206775 0.617323
vt 0.208257 0.616989
vt 0.941724 0.589641
vt 0.922436 0.583454
vt 0.941724 0.583454
vt 0.949772 0.702971
vt 0.922436 0.358708
vt 0.437690 0.862753
vt 0.541987 0.862754
vt 0.213095 0.462310
vt 0.922436 0.531590
vt 0.941724 0.514302
vt 0.110621 0.544129
vt 0.108590 0.623036
vt 0.108588 0.544129
vt 0.610561 0.030186
vt 0.699214 0.030186
vt 0.975306 0.779571
vt 0.173260 0.579691
vt 0.010334 0.972710
vt 0.902660 0.875714
vt 0.905715 0.766597
vt 0.902604 0.766191
vt 0.934786 0.753658
vt 0.908615 0.767793
vt 0.089168 0.544130
vt 0.089164 0.465221
vt 0.899498 0.766605
vt 0.863530 0.753730
vt 0.896611 0.767809
vt 0.894132 0.769720
vt 0.922086 0.645339
vt 0.181045 0.465218
vt 0.173258 0.470669
vt 0.118750 0.465219
vt 0.976913 0.767494
vt 0.258051 0.454752
vt 0.261142 0.454754
vt 0.928776 0.753668
vt 0.930403 0.753479
vt 0.266195 0.776911
vt 0.267668 0.777799
vt 0.269008 0.781100
vt 0.274539 0.777932
vt 0.275658 0.777428
vt 0.808189 0.064602
vt 0.807153 0.056599
vt 0.810673 0.062696
vt 0.890634 0.778208
vt 0.891047 0.781314
vt 0.892249 0.784208
vt 0.930257 0.696227
vt 0.931673 0.697374
vt 0.896643 0.788592
vt 0.753671 0.227278
vt 0.754438 0.224708
vt 0.770518 0.229699
vt 0.980910 0.781989
vt 0.193242 0.465218
vt 0.203625 0.470668
vt 0.193242 0.470669
vt 0.914251 0.890813
vt 0.913032 0.784182
vt 0.941769 0.753662
vt 0.914227 0.781288
vt 0.914632 0.778182
vt 0.892231 0.772207
vt 0.891038 0.775102
vt 0.863550 0.832958
vt 0.254892 0.544127
vt 0.254959 0.454750
vt 0.323623 0.884678
vt 0.427921 0.881547
vt 0.427921 0.884678
vt 0.914219 0.775077
vt 0.913016 0.772183
vt 0.911105 0.769698
vt 0.967494 0.770724
vt 0.956616 0.774851
vt 0.954986 0.773294
vt 0.199628 0.633552
vt 0.199624 0.629353
vt 0.217281 0.629337
vt 0.225774 0.604369
vt 0.226463 0.601911
vt 0.248778 0.633509
vt 0.226693 0.599410
vt 0.226459 0.596910
vt 0.218672 0.612898
vt 0.221104 0.611078
vt 0.979548 0.649721
vt 0.964915 0.709983
vt 0.754882 0.279409
vt 0.754881 0.278066
vt 0.216725 0.614252
vt 0.223071 0.608992
vt 0.224637 0.606743
vt 0.754896 0.289839
vt 0.288332 0.454773
vt 0.284158 0.544127
vt 0.223774 0.544128
vt 0.222889 0.589188
vt 0.224438 0.591413
vt 0.225030 0.544128
vt 0.225563 0.593762
vt 0.892600 0.832954
vt 0.892272 0.881712
vt 0.614733 0.117096
vt 0.610561 0.117096
vt 0.694448 0.068441
vt 0.702451 0.069477
vt 0.941776 0.740626
vt 0.922436 0.479726
vt 0.941724 0.462437
vt 0.941724 0.479726
vt 0.218670 0.475356
vt 0.221102 0.477177
vt 0.755165 0.291863
vt 0.202439 0.508535
vt 0.106557 0.623037
vt 0.978179 0.650067
vt 0.989775 0.311295
vt 0.973687 0.311317
vt 0.989767 0.306326
vt 0.262653 0.658862
vt 0.989776 0.256636
vt 0.974130 0.257959
vt 0.974131 0.256616
vt 0.971280 0.267334
vt 0.972613 0.264753
vt 0.989768 0.266574
vt 0.973290 0.262845
vt 0.251562 0.716649
vt 0.257315 0.657037
vt 0.252931 0.716554
vt 0.989771 0.261605
vt 0.973743 0.261291
vt 0.974022 0.259791
vt 0.255711 0.656452
vt 0.969868 0.269565
vt 0.989762 0.271543
vt 0.968548 0.271516
vt 0.966835 0.274001
vt 0.965450 0.276490
vt 0.989756 0.276512
vt 0.964346 0.278979
vt 0.963545 0.281468
vt 0.989753 0.281481
vt 0.963058 0.283958
vt 0.787869 0.017934
vt 0.699214 0.017934
vt 0.963057 0.288937
vt 0.989752 0.291419
vt 0.963544 0.291427
vt 0.964345 0.293917
vt 0.989755 0.296388
vt 0.965448 0.296406
vt 0.205353 0.508384
vt 0.208569 0.544128
vt 0.966833 0.298895
vt 0.972920 0.308746
vt 0.972003 0.306749
vt 0.989761 0.301357
vt 0.970756 0.304758
vt 0.968479 0.301382
vt 0.974138 0.317474
vt 0.989781 0.316264
vt 0.974141 0.320390
vt 0.797636 0.091335
vt 0.808189 0.081564
vt 0.810673 0.083470
vt 0.822667 0.083470
vt 0.825151 0.081564
vt 0.835705 0.091335
vt 0.827058 0.079080
vt 0.835705 0.073083
vt 0.797636 0.073083
vt 0.805085 0.076187
vt 0.806283 0.079080
vt 0.813566 0.084669
vt 0.816670 0.085077
vt 0.819775 0.084669
vt 0.828256 0.076187
vt 0.828665 0.073083
vt 0.919828 0.647035
vt 0.920503 0.646653
vt 0.770526 0.224730
vt 0.973226 0.768660
vt 0.977126 0.780277
vt 0.835056 0.068156
vt 0.323623 0.928514
vt 0.427920 0.925383
vt 0.427920 0.928515
vt 0.922436 0.614389
vt 0.189188 0.544128
vt 0.191211 0.508561
vt 0.191221 0.544128
vt 0.929187 0.694752
vt 0.804676 0.073083
vt 0.427920 0.931646
vt 0.896667 0.898103
vt 0.958591 0.775944
vt 0.960784 0.776499
vt 0.989752 0.286450
vt 0.969065 0.770181
vt 0.211118 0.544128
vt 0.208550 0.580370
vt 0.922436 0.339796
vt 0.941724 0.339796
vt 0.908666 0.898101
vt 0.941724 0.445149
vt 0.922436 0.427862
vt 0.941724 0.427862
vt 0.953810 0.771375
vt 0.208257 0.471265
vt 0.208915 0.464164
vt 0.209796 0.471743
vt 0.257985 0.544127
vt 0.755167 0.207291
vt 0.806283 0.067086
vt 0.798285 0.068156
vt 0.800186 0.063566
vt 0.816670 0.061089
vt 0.811744 0.054697
vt 0.816670 0.054048
vt 0.803211 0.059624
vt 0.813566 0.061497
vt 0.822667 0.062696
vt 0.830130 0.059623
vt 0.825151 0.064602
vt 0.821597 0.054697
vt 0.819775 0.061497
vt 0.826188 0.056599
vt 0.827058 0.067086
vt 0.833155 0.063566
vt 0.828256 0.069978
vt 0.805085 0.069978
vt 0.922347 0.644711
vt 0.787869 0.030186
vt 0.778482 0.034271
vt 0.770503 0.249575
vt 0.743808 0.247087
vt 0.770503 0.244606
vt 0.323623 0.894072
vt 0.427921 0.890941
vt 0.009854 0.975870
vt 0.762729 0.201501
vt 0.760704 0.201765
vt 0.945085 0.697227
vt 0.986906 0.648403
vt 0.196472 0.663506
vt 0.009948 0.723193
vt 0.009948 0.663506
vt 0.323623 0.869023
vt 0.427920 0.869022
vt 0.770504 0.254544
vt 0.744296 0.254556
vt 0.941724 0.320883
vt 0.922436 0.314579
vt 0.941724 0.314579
vt 0.216723 0.474003
vt 0.225132 0.970542
vt 0.218829 0.970542
vt 0.427921 0.912859
vt 0.323623 0.909727
vt 0.427921 0.909727
vt 0.108586 0.465220
vt 0.941724 0.497014
vt 0.953090 0.766973
vt 0.743809 0.252067
vt 0.275983 0.454764
vt 0.271807 0.544127
vt 0.974069 0.314543
vt 0.226692 0.488845
vt 0.922436 0.333491
vt 0.941724 0.333491
vt 0.323623 0.922252
vt 0.191209 0.470669
vt 0.722518 0.081063
vt 0.922436 0.327188
vt 0.922436 0.320883
vt 0.719414 0.069477
vt 0.323623 0.881547
vt 0.213097 0.582063
vt 0.757195 0.295367
vt 0.193245 0.508560
vt 0.905748 0.789780
vt 0.112652 0.465220
vt 0.114686 0.544129
vt 0.112654 0.544129
vt 0.231435 0.951257
vt 0.225132 0.951257
vt 0.710932 0.065964
vt 0.953164 0.769220
vt 0.199536 0.508558
vt 0.710932 0.089953
vt 0.706006 0.096344
vt 0.707828 0.089544
vt 0.698938 0.077958
vt 0.909736 0.372163
vt 0.183080 0.579693
vt 0.899562 0.899302
vt 0.692547 0.082885
vt 0.101366 0.623037
vt 0.183078 0.470669
vt 0.185111 0.465218
vt 0.185111 0.470669
vt 0.009764 0.795900
vt 0.196287 0.795900
vt 0.009791 0.799155
vt 0.437690 0.894065
vt 0.941775 0.925242
vt 0.922436 0.595828
vt 0.941724 0.595828
vt 0.275924 0.544127
vt 0.909736 0.533929
vt 0.890448 0.516642
vt 0.323623 0.890941
vt 0.427921 0.887809
vt 0.754820 0.221481
vt 0.614733 0.169245
vt 0.610561 0.169245
vt 0.936948 0.698213
vt 0.427921 0.906596
vt 0.787869 0.013850
vt 0.114688 0.623036
vt 0.112655 0.623036
vt 0.116721 0.623036
vt 0.899550 0.832954
vt 0.191210 0.623037
vt 0.191210 0.617586
vt 0.009810 0.792645
vt 0.196333 0.792645
vt 0.110619 0.465220
vt 0.890448 0.585788
vt 0.183079 0.623037
vt 0.181047 0.617586
vt 0.267752 0.633494
vt 0.744295 0.244597
vt 0.890449 0.341231
vt 0.909736 0.341231
vt 0.922436 0.589641
vt 0.323623 0.906596
vt 0.894157 0.786689
vt 0.922436 0.514302
vt 0.909736 0.551215
vt 0.890448 0.533929
vt 0.541987 0.937901
vt 0.437690 0.934771
vt 0.541987 0.934770
vt 0.913054 0.893707
vt 0.911149 0.896192
vt 0.902643 0.790192
vt 0.899538 0.789787
vt 0.208549 0.507886
vt 0.009856 0.789390
vt 0.196379 0.789390
vt 0.890448 0.628290
vt 0.743646 0.249577
vt 0.541987 0.925376
vt 0.204070 0.465217
vt 0.204961 0.470716
vt 0.224437 0.496842
vt 0.244041 0.970542
vt 0.009902 0.786135
vt 0.196426 0.786135
vt 0.181045 0.470669
vt 0.973874 0.779139
vt 0.206775 0.470931
vt 0.207790 0.464553
vt 0.983843 0.783519
vt 0.721320 0.071961
vt 0.754773 0.276234
vt 0.972586 0.778820
vt 0.909736 0.482069
vt 0.890448 0.482069
vt 0.704935 0.088346
vt 0.909736 0.464783
vt 0.260569 0.715925
vt 0.187144 0.470669
vt 0.189176 0.465218
vt 0.189176 0.470669
vt 0.256390 0.716296
vt 0.258933 0.657653
vt 0.254284 0.716468
vt 0.264457 0.659406
vt 0.962895 0.286448
vt 0.261734 0.658576
vt 0.260807 0.658280
vt 0.259872 0.657973
vt 0.723060 0.605266
vt 0.841840 0.581324
vt 0.842538 0.598166
vt 0.978548 0.780887
vt 0.787869 0.026102
vt 0.196381 0.643975
vt 0.196408 0.647230
vt 0.754494 0.274734
vt 0.199537 0.579698
vt 0.755950 0.205405
vt 0.755949 0.293749
vt 0.196315 0.799155
vt 0.009819 0.802410
vt 0.770551 0.297641
vt 0.323623 0.931645
vt 0.211095 0.507077
vt 0.055424 0.544131
vt 0.055421 0.465222
vt 0.272668 0.641897
vt 0.267556 0.644643
vt 0.263772 0.646356
vt 0.265195 0.645745
vt 0.269178 0.643798
vt 0.270490 0.643114
vt 0.260521 0.647494
vt 0.261953 0.647061
vt 0.191209 0.465218
vt 0.114684 0.465220
vt 0.009866 0.653740
vt 0.196389 0.653740
vt 0.099329 0.465220
vt 0.097299 0.544130
vt 0.981978 0.238374
vt 0.989800 0.238384
vt 0.974145 0.246186
vt 0.974414 0.244162
vt 0.975198 0.242276
vt 0.976444 0.240658
vt 0.978065 0.239417
vt 0.979953 0.238638
vt 0.974147 0.326710
vt 0.989800 0.334516
vt 0.981978 0.334524
vt 0.979953 0.334260
vt 0.978065 0.333480
vt 0.976444 0.332239
vt 0.975199 0.330620
vt 0.974416 0.328734
vt 0.009894 0.656995
vt 0.118753 0.623036
vt 0.181046 0.623037
vt 0.173260 0.617586
vt 0.191212 0.579695
vt 0.890448 0.551215
vt 0.110623 0.623036
vt 0.909736 0.365977
vt 0.890449 0.359790
vt 0.909736 0.359790
vt 0.437690 0.872147
vt 0.258052 0.633501
vt 0.009948 0.782881
vt 0.196472 0.782881
vt 0.941724 0.327188
vt 0.189179 0.579694
vt 0.437690 0.931640
vt 0.101362 0.465220
vt 0.099331 0.544130
vt 0.890448 0.372163
vt 0.610561 0.017934
vt 0.610561 0.013850
vt 0.093235 0.623037
vt 0.091202 0.623037
vt 0.699214 0.047308
vt 0.619948 0.047308
vt 0.632464 0.009766
vt 0.099333 0.623037
vt 0.610561 0.022018
vt 0.280100 0.633486
vt 0.275984 0.633489
vt 0.922436 0.445149
vt 0.261143 0.633499
vt 0.271868 0.633491
vt 0.778482 0.047308
vt 0.699214 0.034271
vt 0.323623 0.887810
vt 0.902654 0.832953
vt 0.206340 0.464942
vt 0.323623 0.872154
vt 0.189178 0.508561
vt 0.089170 0.623037
vt 0.055427 0.623038
vt 0.231435 0.970542
vt 0.292434 0.611403
vt 0.196472 0.723193
vt 0.183078 0.465218
vt 0.754889 0.218551
vt 0.218633 0.585259
vt 0.220979 0.544128
vt 0.220943 0.587125
vt 0.908641 0.788579
vt 0.610561 0.026102
vt 0.911126 0.786670
vt 0.095268 0.623037
vt 0.251869 0.633506
vt 0.254961 0.633504
vt 0.251800 0.544127
vt 0.770551 0.201509
vt 0.284216 0.633483
vt 0.288332 0.633480
vt 0.205354 0.579871
vt 0.218632 0.502996
vt 0.097301 0.623037
vt 0.187144 0.465218
vt 0.706006 0.059573
vt 0.215148 0.505069
vt 0.211096 0.581178
vt 0.208915 0.624091
vt 0.209796 0.616512
vt 0.793231 0.773251
vt 0.522763 0.280701
vt 0.522763 0.068887
vt 0.522763 0.083284
vt 0.522763 0.247228
vt 0.522763 0.318072
vt 0.522763 0.353285
vt 0.522763 0.204206
vt 0.522763 0.176765
vt 0.522763 0.054491
vt 0.522763 0.222971
vt 0.522763 0.155606
vt 0.793231 0.770067
vt 0.522763 0.035719
vt 0.522763 0.009763
vt 0.522763 0.407529
vt 0.522763 0.494617
vt 0.522763 0.104186
vt 0.793231 0.766883
vt 0.522763 0.119316
vt 0.522763 0.134447
vt 0.740383 0.785985
vt 0.470212 0.497180
vt 0.470205 0.498222
vt 0.470199 0.499261
vt 0.460128 0.543536
vt 0.460128 0.545626
vt 0.460128 0.546672
vt 0.470187 0.501341
vt 0.470193 0.500301
vt 0.460128 0.544580
vt 0.407279 0.514865
vt 0.456353 0.473379
vt 0.354433 0.545625
vt 0.354433 0.546670
vt 0.354433 0.543535
vt 0.575333 0.500301
vt 0.575321 0.498221
vt 0.575315 0.497180
vt 0.575327 0.499260
vt 0.354433 0.544578
vt 0.575317 0.496141
vt 0.470210 0.496141
vt 0.470200 0.495101
vt 0.297548 0.962078
vt 0.300305 0.960314
vt 0.301255 0.964526
vt 0.296895 0.957677
vt 0.294620 0.965113
vt 0.301238 0.966591
vt 0.294900 0.963772
vt 0.300066 0.955060
vt 0.296233 0.951538
vt 0.301043 0.953647
vt 0.306359 0.956354
vt 0.302094 0.952083
vt 0.296639 0.949721
vt 0.293570 0.963460
vt 0.293269 0.964811
vt 0.290559 0.960517
vt 0.286162 0.961156
vt 0.288814 0.957748
vt 0.293021 0.956812
vt 0.291918 0.964510
vt 0.292234 0.963177
vt 0.283539 0.957952
vt 0.279974 0.961843
vt 0.282114 0.956925
vt 0.284668 0.958742
vt 0.287612 0.955832
vt 0.295558 0.954561
vt 0.295854 0.953235
vt 0.304993 0.962743
vt 0.302208 0.959091
vt 0.303340 0.958365
vt 0.286003 0.953221
vt 0.285020 0.951589
vt 0.280545 0.955788
vt 0.304298 0.948725
vt 0.304775 0.957413
vt 0.291266 0.953095
vt 0.290983 0.951400
vt 0.299287 0.956179
vt 0.295978 0.969106
vt 0.300375 0.968467
vt 0.297723 0.971875
vt 0.293516 0.972811
vt 0.294303 0.966446
vt 0.292967 0.966163
vt 0.288990 0.967545
vt 0.286232 0.969309
vt 0.285282 0.965097
vt 0.289642 0.971945
vt 0.285299 0.963032
vt 0.291637 0.965851
vt 0.306563 0.967780
vt 0.306719 0.962420
vt 0.312756 0.969163
vt 0.308622 0.962058
vt 0.312756 0.961223
vt 0.297484 0.945937
vt 0.290697 0.949538
vt 0.303635 0.962977
vt 0.282932 0.948040
vt 0.290130 0.945562
vt 0.309758 0.954031
vt 0.286897 0.954693
vt 0.281762 0.972210
vt 0.281545 0.966880
vt 0.283198 0.971258
vt 0.290980 0.975062
vt 0.295271 0.976528
vt 0.290684 0.976388
vt 0.303507 0.967098
vt 0.296407 0.984061
vt 0.301518 0.978034
vt 0.303606 0.981582
vt 0.295555 0.978223
vt 0.299640 0.974930
vt 0.300535 0.976402
vt 0.278060 0.961415
vt 0.285495 0.975976
vt 0.286472 0.974563
vt 0.298925 0.973791
vt 0.290305 0.978085
vt 0.295841 0.980085
vt 0.289899 0.979901
vt 0.291495 0.954439
vt 0.273781 0.960460
vt 0.277159 0.953274
vt 0.301870 0.970881
vt 0.295043 0.975184
vt 0.304424 0.972697
vt 0.289054 0.983686
vt 0.283030 0.962525
vt 0.305992 0.973835
vt 0.309378 0.976349
vt 0.308477 0.968208
vt 0.284444 0.977540
vt 0.304847 0.967397
vt 0.284330 0.970532
vt 0.287251 0.973444
vt 0.294975 0.957169
vt 0.282903 0.966645
vt 0.282239 0.980897
vt 0.280178 0.973269
vt 0.279819 0.967203
vt 0.302999 0.971671
vt 0.276779 0.975592
vt 0.277915 0.967565
vt 0.281691 0.962226
vt 0.273781 0.968400
vt 0.291562 0.972454
vt 0.735239 0.133509
vt 0.743232 0.209315
vt 0.737124 0.226136
vt 0.410610 0.638587
vt 0.846078 0.776434
vt 0.579723 0.944160
vt 0.397605 0.686866
vt 0.362576 0.624028
vt 0.846078 0.766883
vt 0.574396 0.961517
vt 0.393837 0.652565
vt 0.363031 0.681683
vt 0.326582 0.653147
vt 0.326582 0.638587
vt 0.846078 0.931346
vt 0.376094 0.653147
vt 0.017277 0.509372
vt 0.016610 0.510177
vt 0.014782 0.511157
vt 0.013743 0.511267
vt 0.012709 0.511108
vt 0.011751 0.510689
vt 0.010930 0.510043
vt 0.009908 0.508238
vt 0.170686 0.017157
vt 0.171492 0.019878
vt 0.171648 0.022712
vt 0.163789 0.030089
vt 0.575623 0.119316
vt 0.035965 0.019927
vt 0.166612 0.186363
vt 0.168539 0.184081
vt 0.163395 0.169357
vt 0.166613 0.158250
vt 0.168177 0.160248
vt 0.170175 0.163387
vt 0.171614 0.166845
vt 0.172366 0.171607
vt 0.469903 0.204206
vt 0.613523 0.944160
vt 0.575591 0.407576
vt 0.740383 0.931346
vt 0.407279 0.136650
vt 0.399378 0.638006
vt 0.182950 0.019878
vt 0.183756 0.017157
vt 0.185169 0.014696
vt 0.362205 0.638007
vt 0.407279 0.145112
vt 0.326582 0.638007
vt 0.414487 0.676046
vt 0.400774 0.636084
vt 0.326582 0.667125
vt 0.207418 0.198925
vt 0.203837 0.194615
vt 0.575623 0.054491
vt 0.387913 0.696243
vt 0.326582 0.682264
vt 0.619347 0.970384
vt 0.146069 0.201579
vt 0.150605 0.194615
vt 0.396632 0.638588
vt 0.326582 0.609469
vt 0.391005 0.667705
vt 0.391005 0.681683
vt 0.212201 0.216356
vt 0.182467 0.176411
vt 0.187830 0.186363
vt 0.185903 0.184081
vt 0.183979 0.180989
vt 0.182076 0.171606
vt 0.182827 0.166844
vt 0.184266 0.163387
vt 0.186264 0.160248
vt 0.197599 0.192018
vt 0.201403 0.193190
vt 0.200176 0.192813
vt 0.198706 0.192362
vt 0.362059 0.638587
vt 0.391376 0.672888
vt 0.400404 0.623448
vt 0.597194 0.944160
vt 0.361242 0.667125
vt 0.394775 0.667125
vt 0.359047 0.681683
vt 0.366506 0.623448
vt 0.411139 0.701425
vt 0.396632 0.669791
vt 0.846078 0.943348
vt 0.359398 0.652565
vt 0.214123 0.030089
vt 0.354433 0.500530
vt 0.326582 0.696243
vt 0.326582 0.623447
vt 0.344534 0.508238
vt 0.343512 0.510043
vt 0.342691 0.510690
vt 0.341733 0.511108
vt 0.340699 0.511267
vt 0.339660 0.511157
vt 0.337833 0.510177
vt 0.419841 0.676046
vt 0.359418 0.667705
vt 0.326582 0.652565
vt 0.362059 0.652565
vt 0.597194 0.970384
vt 0.153039 0.193190
vt 0.156842 0.192018
vt 0.163693 0.188928
vt 0.160339 0.190933
vt 0.400404 0.609470
vt 0.740383 0.776435
vt 0.468423 0.587717
vt 0.098505 0.881026
vt 0.171691 0.892257
vt 0.681320 0.066455
vt 0.203943 0.225743
vt 0.931922 0.142507
vt 0.313861 0.812474
vt 0.890449 0.347417
vt 0.890448 0.609379
vt 0.944700 0.009767
vt 0.922436 0.410573
vt 0.323623 0.862761
vt 0.185113 0.579694
vt 0.715781 0.445230
vt 0.720004 0.444896
vt 0.731217 0.450239
vt 0.724170 0.445666
vt 0.727994 0.447489
vt 0.749302 0.470333
vt 0.708298 0.449045
vt 0.752996 0.475582
vt 0.749961 0.505709
vt 0.739300 0.520073
vt 0.755348 0.481553
vt 0.756226 0.487909
vt 0.755581 0.494289
vt 0.753452 0.500336
vt 0.711789 0.446645
vt 0.585008 0.505958
vt 0.624986 0.469623
vt 0.582565 0.556487
vt 0.730306 0.535519
vt 0.723081 0.551861
vt 0.582177 0.559668
vt 0.714245 0.586427
vt 0.717706 0.568902
vt 0.581188 0.562694
vt 0.579639 0.565452
vt 0.571900 0.595582
vt 0.712613 0.604270
vt 0.569861 0.575832
vt 0.572541 0.572531
vt 0.577518 0.567881
vt 0.568126 0.579714
vt 0.567889 0.588148
vt 0.567453 0.583914
vt 0.569405 0.592128
vt 0.722300 0.752946
vt 0.751894 0.718519
vt 0.733320 0.690048
vt 0.732714 0.755517
vt 0.727453 0.754841
vt 0.742694 0.753509
vt 0.737858 0.755044
vt 0.750698 0.747535
vt 0.747057 0.751006
vt 0.755378 0.738728
vt 0.753505 0.743390
vt 0.755968 0.728525
vt 0.756226 0.733712
vt 0.754538 0.723379
vt 0.742227 0.705145
vt 0.712911 0.622126
vt 0.715143 0.639779
vt 0.189177 0.623037
vt 0.922436 0.375997
vt 0.890448 0.621986
vt 0.256646 0.970542
vt 0.787869 0.009766
vt 0.539885 0.666741
vt 0.540740 0.649754
vt 0.594792 0.650497
vt 0.541328 0.643231
vt 0.592615 0.638061
vt 0.543545 0.636929
vt 0.547307 0.631278
vt 0.552415 0.626676
vt 0.558561 0.623461
vt 0.565360 0.621873
vt 0.572369 0.622045
vt 0.578901 0.624115
vt 0.584650 0.627662
vt 0.589299 0.632421
vt 0.594459 0.644214
vt 0.389907 0.852775
vt 0.443325 0.791141
vt 0.388078 0.828857
vt 0.427291 0.796303
vt 0.388315 0.822292
vt 0.390161 0.815928
vt 0.393522 0.810182
vt 0.398193 0.805435
vt 0.403869 0.802003
vt 0.410172 0.800104
vt 0.526660 0.713794
vt 0.537294 0.683129
vt 0.532855 0.698842
vt 0.458545 0.784328
vt 0.472769 0.775949
vt 0.486147 0.765765
vt 0.519295 0.728234
vt 0.619948 0.049060
vt 0.323623 0.900334
vt 0.783697 0.169245
vt 0.292449 0.454775
vt 0.323623 0.934776
vt 0.769610 0.164778
vt 0.740014 0.130356
vt 0.750424 0.127783
vt 0.755567 0.128255
vt 0.760403 0.129788
vt 0.768409 0.135759
vt 0.773940 0.149582
vt 0.771217 0.139903
vt 0.773090 0.144565
vt 0.773684 0.154769
vt 0.181047 0.579693
vt 0.697473 0.064499
vt 0.922436 0.462437
vt 0.323623 0.925383
vt 0.323623 0.912858
vt 0.922436 0.497014
vt 0.778482 0.049061
vt 0.691898 0.077958
vt 0.437690 0.937902
vt 0.205158 0.465145
vt 0.701415 0.094443
vt 0.862448 0.674152
vt 0.873437 0.689977
vt 0.867773 0.737084
vt 0.877896 0.696969
vt 0.874095 0.730753
vt 0.880422 0.705243
vt 0.880667 0.714131
vt 0.878516 0.722879
vt 0.843182 0.754909
vt 0.818722 0.468184
vt 0.844359 0.543373
vt 0.819418 0.461736
vt 0.870059 0.496458
vt 0.852075 0.521091
vt 0.859767 0.509560
vt 0.822113 0.454657
vt 0.827182 0.447760
vt 0.834683 0.441988
vt 0.844326 0.438308
vt 0.855472 0.437568
vt 0.865973 0.443191
vt 0.873974 0.451466
vt 0.878929 0.461362
vt 0.880667 0.471785
vt 0.879379 0.481670
vt 0.875585 0.490111
vt 0.847179 0.532320
vt 0.854735 0.660191
vt 0.849062 0.646046
vt 0.845491 0.631891
vt 0.841663 0.564846
vt 0.843810 0.615095
vt 0.009857 0.643975
vt 0.196342 0.802410
vt 0.275658 0.640193
vt 0.890448 0.365977
vt 0.610561 0.009766
vt 0.292449 0.633478
vt 0.575340 0.501341
vt 0.757016 0.363221
vt 0.767677 0.377585
vt 0.726001 0.434245
vt 0.771167 0.382959
vt 0.770708 0.407715
vt 0.773296 0.389006
vt 0.773940 0.395388
vt 0.773061 0.401744
vt 0.767013 0.412964
vt 0.748922 0.433056
vt 0.745699 0.435806
vt 0.741874 0.437628
vt 0.737707 0.438398
vt 0.733484 0.438063
vt 0.729491 0.436647
vt 0.642689 0.413648
vt 0.748023 0.347775
vt 0.602718 0.377302
vt 0.600286 0.326770
vt 0.740798 0.331433
vt 0.599898 0.323589
vt 0.731965 0.296870
vt 0.735424 0.314391
vt 0.598909 0.320561
vt 0.597360 0.317800
vt 0.589637 0.287649
vt 0.595238 0.315368
vt 0.590262 0.310713
vt 0.587584 0.307409
vt 0.585180 0.299320
vt 0.587139 0.291104
vt 0.730333 0.279026
vt 0.585850 0.303524
vt 0.585619 0.295084
vt 0.759942 0.178155
vt 0.751035 0.193256
vt 0.732861 0.243515
vt 0.730630 0.261169
s 1
usemtl one_piece_wide_grasp_finray_finger_material
f 1/1/1 2/2/1 3/3/1
f 4/4/2 5/5/3 6/6/3
f 7/7/4 8/8/4 9/9/4
f 10/10/1 11/11/1 12/12/1
f 13/13/5 14/14/5 15/15/5
f 16/16/1 17/17/1 18/18/1
f 19/19/1 20/20/1 21/21/1
f 22/22/1 23/23/1 24/24/1
f 25/25/6 26/26/6 27/27/6
f 28/28/1 29/29/1 30/30/1
f 31/31/1 32/32/1 33/33/1
f 34/34/7 35/35/7 36/36/7
f 37/37/8 38/38/8 39/39/8
f 8/40/7 40/41/7 41/42/7
f 42/43/9 43/44/9 44/45/10
f 45/46/1 46/47/1 47/48/1
f 48/49/11 49/50/11 50/51/11
f 51/52/1 52/53/1 53/54/1
f 54/55/12 43/44/9 55/56/12
f 56/57/7 57/58/7 14/59/7
f 58/60/8 59/61/8 60/62/8
f 61/63/8 62/64/8 63/65/8
f 64/66/7 65/67/7 66/68/7
f 67/69/1 68/70/1 69/71/1
f 70/72/7 71/73/7 72/74/7
f 4/4/2 73/75/13 74/76/14
f 75/77/12 76/78/12 77/79/12
f 78/80/7 56/57/7 14/59/7
f 79/81/7 80/82/7 81/83/7
f 82/84/15 83/85/16 84/86/16
f 85/87/7 86/88/7 46/89/7
f 33/33/17 87/90/17 88/91/17
f 89/92/18 90/93/18 18/18/18
f 91/94/7 92/95/7 93/96/7
f 93/96/7 54/97/7 91/94/7
f 91/94/7 94/98/7 95/99/7
f 96/100/7 97/101/7 98/102/7
f 99/103/19 100/104/19 101/105/19
f 47/48/1 102/106/1 45/46/1
f 103/107/20 104/108/21 105/109/22
f 106/110/7 64/66/7 69/111/7
f 9/112/23 107/113/23 1/1/23
f 108/114/24 81/115/24 109/116/24
f 110/117/25 94/118/26 111/119/26
f 112/120/27 113/121/28 114/122/28
f 115/123/8 116/124/8 117/125/8
f 63/126/1 118/127/1 28/28/1
f 119/128/7 120/129/7 121/130/7
f 119/128/7 121/130/7 122/131/7
f 123/132/29 124/133/29 125/134/29
f 126/135/30 127/136/30 128/137/30
f 88/91/17 129/138/17 33/33/17
f 130/139/31 131/140/31 132/141/31
f 70/72/7 68/142/7 66/68/7
f 34/143/32 133/144/32 86/145/32
f 134/146/8 135/147/8 136/148/8
f 137/149/33 138/150/33 19/19/33
f 139/151/34 87/90/34 140/152/34
f 15/153/35 29/29/36 118/127/37
f 141/154/8 142/155/8 143/156/8
f 98/157/38 144/158/39 145/159/38
f 98/102/7 146/160/7 96/100/7
f 146/160/7 147/161/7 96/100/7
f 148/162/8 149/163/8 150/164/8
f 151/165/40 69/71/40 64/166/40
f 97/101/7 96/100/7 152/167/7
f 143/156/8 153/168/8 154/169/8
f 155/170/41 156/171/42 157/172/41
f 158/173/7 159/174/7 160/175/7
f 161/176/7 162/177/7 163/178/7
f 164/179/43 165/180/44 166/181/44
f 80/82/7 167/182/7 81/83/7
f 167/182/7 78/80/7 81/83/7
f 168/183/8 169/184/8 170/185/8
f 171/186/1 172/187/1 173/188/1
f 174/189/45 175/190/45 176/191/45
f 177/192/46 178/193/47 179/194/46
f 180/195/48 181/196/49 182/197/48
f 183/198/7 184/199/7 91/94/7
f 91/94/7 184/199/7 92/95/7
f 185/200/8 186/201/8 187/202/8
f 188/203/50 189/204/51 190/205/51
f 191/206/52 192/207/47 193/208/47
f 125/209/7 194/210/7 100/211/7
f 190/205/51 195/212/53 196/213/51
f 197/214/8 198/215/8 199/216/8
f 21/21/1 61/217/1 19/19/1
f 194/218/1 99/103/1 200/219/1
f 201/220/8 202/221/8 203/222/8
f 204/223/54 205/224/55 170/225/55
f 206/226/24 207/227/24 108/114/24
f 136/228/1 1/1/1 3/3/1
f 208/229/8 209/230/8 210/231/8
f 211/232/56 212/233/56 213/234/56
f 214/235/8 215/236/8 216/237/8
f 217/238/8 218/239/8 128/240/8
f 219/241/57 220/242/58 221/243/57
f 43/44/9 92/244/10 44/45/10
f 222/245/56 223/246/56 224/247/56
f 225/248/8 226/249/8 227/250/8
f 228/251/59 229/252/59 230/253/59
f 77/79/12 231/254/12 75/77/12
f 232/255/45 233/256/45 174/189/45
f 217/257/60 234/258/61 235/259/60
f 213/234/56 236/260/56 237/261/56
f 50/262/62 171/186/62 48/263/62
f 238/264/63 182/197/48 239/265/63
f 240/266/8 241/267/8 242/268/8
f 243/269/8 244/270/8 231/271/8
f 245/272/8 212/273/8 246/274/8
f 166/181/44 247/275/64 248/276/64
f 249/277/8 250/278/8 241/267/8
f 251/279/56 211/232/56 252/280/56
f 253/281/65 254/282/65 255/283/65
f 256/284/56 257/285/56 258/286/56
f 209/287/66 144/158/39 259/288/66
f 260/289/8 261/290/8 243/269/8
f 262/291/67 225/292/68 227/293/67
f 263/294/26 264/295/25 265/296/25
f 9/9/4 266/297/4 7/7/4
f 172/298/7 267/299/7 268/300/7
f 269/301/56 270/302/56 271/303/56
f 272/304/7 273/305/7 274/306/7
f 60/307/69 275/308/70 58/309/70
f 276/310/58 277/311/71 220/242/58
f 278/312/72 279/313/15 82/84/15
f 113/121/28 280/314/27 281/315/28
f 248/276/64 282/316/73 283/317/73
f 141/154/8 284/318/8 285/319/8
f 245/272/8 199/216/8 286/320/8
f 102/321/8 287/322/8 249/277/8
f 250/278/8 242/268/8 241/267/8
f 288/323/74 289/324/75 290/325/75
f 102/321/8 291/326/8 292/327/8
f 293/328/7 85/87/7 294/329/7
f 295/330/8 208/229/8 296/331/8
f 297/332/8 39/39/8 38/38/8
f 298/333/8 299/334/8 300/335/8
f 301/336/76 302/337/76 89/92/76
f 29/338/7 17/339/7 303/340/7
f 304/341/8 305/342/8 154/169/8
f 306/343/56 251/279/56 252/280/56
f 307/344/1 308/345/1 67/69/1
f 309/346/8 310/347/8 311/348/8
f 312/349/77 313/350/78 250/351/77
f 314/352/8 315/353/8 316/354/8
f 317/355/79 38/356/79 318/357/79
f 168/358/80 319/359/81 320/360/81
f 321/361/8 322/362/8 323/363/8
f 324/364/8 221/365/8 220/366/8
f 23/367/7 325/368/7 2/369/7
f 116/370/82 301/371/82 16/16/82
f 326/372/83 60/307/69 327/373/83
f 328/374/84 198/375/84 329/376/84
f 330/377/7 175/378/7 11/379/7
f 305/342/8 256/380/8 331/381/8
f 332/382/40 67/69/40 151/165/40
f 333/383/8 38/38/8 37/37/8
f 115/384/1 334/385/1 22/22/1
f 184/386/85 335/387/86 336/388/85
f 337/389/87 284/390/87 338/391/87
f 36/36/7 339/392/7 34/34/7
f 340/393/88 150/394/89 149/395/88
f 61/217/33 137/149/33 19/19/33
f 191/396/7 341/397/7 159/174/7
f 68/142/7 342/398/7 69/111/7
f 261/399/56 343/400/56 344/401/56
f 345/402/90 346/403/90 347/404/90
f 315/353/8 314/352/8 348/405/8
f 287/322/8 157/406/8 156/407/8
f 349/408/23 96/409/23 350/410/23
f 257/285/56 186/411/91 351/412/92
f 352/413/93 37/414/93 173/188/93
f 353/415/7 161/176/7 163/178/7
f 354/416/94 355/417/95 218/418/95
f 264/419/25 344/401/56 265/420/25
f 356/421/8 357/422/8 358/423/8
f 359/424/12 360/425/26 263/294/26
f 296/331/8 208/229/8 215/236/8
f 361/426/96 332/382/96 151/165/96
f 362/427/97 363/428/98 364/429/97
f 365/430/52 366/431/99 367/432/99
f 147/161/7 183/198/7 368/433/7
f 314/352/8 316/354/8 369/434/8
f 370/435/100 339/436/100 45/46/100
f 290/325/75 371/437/101 372/438/101
f 132/141/1 85/439/1 130/139/1
f 373/440/102 374/441/50 188/203/50
f 375/442/89 157/172/41 150/394/89
f 200/219/1 310/443/1 153/444/1
f 237/261/56 323/445/56 376/446/56
f 286/447/34 88/91/34 139/151/34
f 143/448/29 377/449/29 123/132/29
f 215/450/23 253/281/23 349/408/23
f 378/451/12 272/452/12 255/283/12
f 379/453/56 380/454/56 381/455/56
f 382/456/56 383/457/25 110/458/25
f 255/283/12 384/459/12 378/451/12
f 79/460/80 205/224/55 80/461/55
f 365/462/8 367/463/8 199/216/8
f 385/464/6 25/25/6 27/27/6
f 386/465/7 387/466/7 388/467/7
f 174/468/23 389/469/23 10/10/23
f 390/470/56 293/471/56 391/472/56
f 133/144/103 46/47/103 86/145/103
f 392/473/56 342/474/56 390/470/56
f 393/475/56 122/476/56 392/473/56
f 394/477/104 240/478/104 395/479/104
f 396/480/7 397/481/7 140/482/7
f 372/438/101 398/483/20 103/107/20
f 363/484/8 399/485/8 400/486/8
f 60/62/8 345/487/8 327/488/8
f 188/203/50 210/489/102 373/440/102
f 256/380/8 401/490/8 331/381/8
f 402/491/7 403/492/7 389/493/7
f 141/494/105 404/495/105 305/496/105
f 7/7/106 2/2/106 325/497/106
f 350/410/107 405/498/107 349/408/107
f 106/110/7 69/111/7 342/398/7
f 329/376/108 109/499/108 160/500/108
f 406/501/7 81/83/7 407/502/7
f 408/503/109 409/504/109 127/136/109
f 410/505/7 411/506/7 408/507/7
f 68/70/110 361/508/110 66/509/110
f 25/510/111 412/511/111 413/512/111
f 95/513/112 414/514/112 415/515/112
f 416/516/113 412/511/113 417/517/113
f 208/229/8 418/518/8 419/519/8
f 268/300/7 49/520/7 172/298/7
f 388/467/7 412/521/7 386/465/7
f 87/522/7 26/523/7 413/524/7
f 144/158/39 418/525/38 145/159/38
f 137/526/114 159/527/114 158/528/114
f 139/529/115 420/530/115 31/31/115
f 329/376/84 341/531/84 328/374/84
f 101/105/19 310/443/19 99/103/19
f 338/391/87 421/532/87 337/389/87
f 422/533/116 246/534/116 21/21/116
f 11/379/7 423/535/7 424/536/7
f 89/92/18 17/17/18 425/537/18
f 426/538/56 292/539/56 427/540/56
f 271/303/56 428/541/56 429/542/56
f 430/543/7 160/175/7 109/544/7
f 58/309/70 262/291/67 227/293/67
f 123/132/117 431/545/117 432/546/117
f 433/547/1 106/548/1 121/549/1
f 40/41/7 176/550/7 175/378/7
f 347/551/118 23/23/118 334/385/118
f 434/552/119 435/553/74 288/323/74
f 343/400/56 135/554/56 436/555/56
f 437/556/8 251/557/8 90/558/8
f 438/559/107 439/560/107 314/561/107
f 235/259/60 440/562/61 441/563/60
f 376/446/56 39/564/56 426/538/56
f 190/205/51 442/565/50 188/203/50
f 443/566/120 183/567/86 147/568/120
f 349/408/107 216/569/107 215/450/107
f 61/63/8 444/570/8 197/214/8
f 377/449/1 119/571/1 124/133/1
f 366/431/99 364/429/97 367/432/99
f 146/572/121 145/159/38 445/573/121
f 27/27/1 386/574/1 416/516/1
f 446/575/7 325/368/7 162/177/7
f 447/576/7 120/129/7 448/577/7
f 356/578/1 394/477/1 132/141/1
f 449/579/56 450/580/56 451/581/56
f 452/582/122 453/583/56 393/475/56
f 422/533/116 20/20/116 159/527/116
f 438/559/107 95/513/107 415/515/107
f 403/584/59 75/585/59 414/514/59
f 454/586/23 91/587/23 438/559/23
f 455/588/123 448/589/124 73/75/13
f 456/590/125 114/122/28 113/121/28
f 440/562/61 457/591/49 458/592/49
f 450/580/56 258/286/56 451/581/56
f 430/543/7 138/593/7 158/173/7
f 92/244/10 336/388/85 44/45/10
f 137/526/114 199/594/114 422/533/114
f 223/246/56 387/595/56 459/596/56
f 460/597/56 423/598/56 382/456/56
f 461/599/46 462/600/27 112/120/27
f 144/158/39 152/601/66 259/288/66
f 255/283/65 96/409/65 253/281/65
f 8/40/7 330/377/7 107/602/7
f 48/49/11 333/603/11 352/413/11
f 94/118/26 55/56/12 111/119/26
f 317/604/126 287/605/126 463/606/126
f 310/347/8 304/341/8 153/168/8
f 381/455/56 464/607/56 465/608/56
f 407/609/127 207/227/127 409/504/127
f 147/568/120 445/573/121 443/566/120
f 131/140/128 72/610/128 395/611/128
f 106/110/7 122/131/7 121/130/7
f 333/383/8 148/162/8 150/164/8
f 466/612/8 300/335/8 149/163/8
f 259/288/66 467/613/102 373/440/102
f 468/614/98 399/615/98 363/428/98
f 77/79/65 368/616/65 454/586/65
f 116/124/8 251/557/8 117/125/8
f 89/92/76 353/617/76 301/336/76
f 346/403/90 162/618/90 347/404/90
f 228/619/7 176/550/7 273/305/7
f 13/13/129 30/30/129 430/620/129
f 266/621/8 327/488/8 345/487/8
f 469/622/41 470/623/42 155/170/41
f 335/387/86 369/624/85 336/388/85
f 117/125/8 134/146/8 115/123/8
f 387/466/7 172/298/7 388/467/7
f 62/64/8 437/556/8 63/65/8
f 432/546/117 143/448/117 123/132/117
f 195/625/53 471/626/130 472/627/130
f 473/628/63 319/359/81 406/629/81
f 474/630/131 475/631/132 476/632/132
f 472/627/130 477/633/133 203/634/133
f 478/635/15 479/636/72 480/637/72
f 59/61/8 481/638/8 60/62/8
f 482/639/57 276/310/58 219/241/57
f 57/58/7 353/415/7 425/640/7
f 331/641/1 483/642/1 433/547/1
f 268/643/79 317/355/79 484/644/79
f 485/645/95 486/646/43 355/417/95
f 132/141/31 487/647/31 356/578/31
f 298/648/111 417/517/111 25/510/111
f 444/570/8 198/215/8 197/214/8
f 385/649/8 236/650/8 129/651/8
f 318/652/8 150/164/8 157/406/8
f 488/653/20 104/108/21 398/483/20
f 476/632/132 489/654/98 490/655/98
f 454/586/65 214/656/65 77/79/65
f 491/657/8 314/352/8 369/434/8
f 189/204/51 492/658/53 190/205/51
f 78/659/68 262/291/67 56/660/67
f 167/661/54 493/662/54 494/663/134
f 485/645/95 355/417/95 354/416/94
f 495/664/48 238/264/63 473/628/63
f 71/665/78 219/241/57 496/666/78
f 78/80/7 109/544/7 81/83/7
f 264/667/8 439/668/8 261/290/8
f 405/498/112 497/669/112 216/569/112
f 170/185/8 169/184/8 204/670/8
f 498/671/71 285/672/124 277/311/71
f 106/548/135 337/673/135 421/674/135
f 477/633/133 499/675/136 203/634/133
f 475/631/132 300/676/131 299/677/132
f 44/45/10 369/624/85 316/678/10
f 500/679/8 240/266/8 291/326/8
f 181/196/49 234/258/61 501/680/61
f 281/315/28 456/590/125 113/121/28
f 202/221/8 502/681/8 203/222/8
f 427/540/56 291/682/56 503/683/56
f 7/7/106 136/228/106 3/3/106
f 172/187/93 352/413/93 173/188/93
f 504/684/8 332/685/8 277/686/8
f 505/687/99 362/427/97 366/431/99
f 193/208/47 177/192/46 461/599/46
f 305/342/8 284/318/8 141/154/8
f 210/489/102 259/288/66 373/440/102
f 487/688/8 313/689/8 221/365/8
f 401/490/8 450/690/8 307/691/8
f 201/220/8 499/692/8 266/621/8
f 409/504/109 128/137/109 127/136/109
f 115/384/137 346/403/137 481/693/137
f 436/555/56 117/694/56 306/343/56
f 127/136/30 341/695/30 408/503/30
f 416/516/1 385/464/1 27/27/1
f 490/655/98 468/614/98 396/696/98
f 35/697/42 312/349/77 470/623/42
f 13/13/129 63/126/129 28/28/129
f 413/524/7 476/698/7 87/522/7
f 506/699/77 496/666/78 312/349/77
f 227/250/8 226/249/8 58/60/8
f 311/348/8 142/155/8 309/346/8
f 400/486/8 385/649/8 129/651/8
f 133/144/103 500/700/103 47/48/103
f 507/701/125 282/316/73 456/590/125
f 508/702/16 279/313/15 478/635/15
f 90/93/1 16/16/1 18/18/1
f 33/33/1 245/703/1 31/31/1
f 24/24/137 346/403/137 22/22/137
f 273/704/130 492/705/53 274/706/53
f 509/707/89 155/170/41 375/442/89
f 510/708/44 486/646/43 511/709/43
f 337/673/135 401/710/135 504/711/135
f 438/559/23 512/712/23 454/586/23
f 159/174/7 420/713/7 140/482/7
f 278/312/72 513/714/3 479/636/72
f 289/324/75 514/715/74 515/716/75
f 230/717/7 76/718/7 402/491/7
f 338/391/138 121/549/138 120/719/138
f 194/218/139 101/720/139 100/721/139
f 249/277/8 287/322/8 156/407/8
f 153/168/8 304/341/8 154/169/8
f 37/414/1 171/186/1 173/188/1
f 497/722/8 214/235/8 216/237/8
f 487/688/8 357/422/8 356/421/8
f 80/461/55 493/662/54 167/661/54
f 65/723/58 498/671/71 276/310/58
f 319/359/81 79/460/80 406/629/81
f 282/316/73 516/724/125 456/590/125
f 458/592/49 180/195/48 495/664/48
f 517/725/3 518/726/140 519/727/3
f 14/59/7 430/543/7 109/544/7
f 311/728/139 200/219/139 153/444/139
f 56/660/67 275/308/70 57/729/70
f 446/730/83 520/731/141 521/732/136
f 57/729/70 522/733/69 161/734/69
f 397/735/97 468/614/98 362/427/97
f 523/736/88 375/442/89 340/393/88
f 324/737/110 308/345/110 357/738/110
f 102/106/100 370/435/100 45/46/100
f 494/663/134 493/662/54 204/223/54
f 226/739/5 13/13/5 15/15/5
f 225/248/8 206/740/8 226/249/8
f 11/11/59 233/256/59 12/12/59
f 514/715/74 524/741/119 525/742/119
f 524/743/119 508/702/16 525/744/119
f 479/636/72 6/6/3 480/637/72
f 419/519/8 209/230/8 208/229/8
f 130/745/7 293/328/7 68/142/7
f 142/746/142 526/747/124 455/748/123
f 523/736/88 527/749/131 474/630/131
f 411/750/64 165/180/44 510/708/44
f 357/422/8 450/690/8 358/423/8
f 145/159/38 295/751/121 445/573/121
f 505/687/99 528/752/52 191/206/52
f 529/753/82 301/371/82 353/754/82
f 204/670/8 169/184/8 225/248/8
f 410/755/73 247/275/64 411/750/64
f 530/756/101 289/324/75 515/716/75
f 488/653/20 371/437/101 530/756/101
f 161/734/69 326/372/83 446/730/83
f 477/633/133 273/704/130 40/757/133
f 297/332/8 102/321/8 292/327/8
f 243/758/23 174/468/23 10/10/23
f 463/606/143 52/53/143 36/759/143
f 448/589/124 498/671/71 447/760/71
f 521/732/136 477/633/133 40/757/133
f 529/761/7 303/340/7 17/339/7
f 421/762/7 447/576/7 64/66/7
f 100/211/7 73/763/7 125/209/7
f 531/764/7 453/765/7 532/766/7
f 73/763/7 431/767/7 125/209/7
f 533/768/7 5/769/7 534/770/7
f 531/764/7 74/771/7 100/211/7
f 535/772/144 104/108/21 536/773/145
f 412/521/7 474/774/7 413/524/7
f 50/775/7 523/776/7 412/521/7
f 49/520/7 509/777/7 50/775/7
f 484/778/7 509/777/7 49/520/7
f 36/36/7 469/779/7 484/778/7
f 463/606/126 484/780/126 317/604/126
f 34/34/7 506/781/7 35/35/7
f 66/68/7 482/782/7 70/72/7
f 151/165/96 66/783/96 361/426/96
f 72/74/7 506/781/7 86/88/7
f 431/767/7 448/577/7 120/129/7
f 194/210/7 124/784/7 453/765/7
f 119/128/7 453/765/7 124/784/7
f 119/571/105 432/785/105 431/786/105
f 537/787/56 222/245/56 224/247/56
f 267/299/7 52/788/7 268/300/7
f 52/788/7 222/789/7 339/392/7
f 391/472/56 294/790/56 537/787/56
f 240/266/8 358/423/8 291/326/8
f 294/329/7 339/392/7 222/789/7
f 46/89/7 294/329/7 85/87/7
f 459/596/56 538/791/56 269/301/56
f 26/523/7 387/466/7 386/465/7
f 29/338/7 428/792/7 30/793/7
f 26/523/7 32/794/7 538/795/7
f 420/713/7 538/795/7 32/794/7
f 420/713/7 20/796/7 270/797/7
f 429/542/56 303/798/56 379/453/56
f 198/375/108 108/799/108 329/376/108
f 138/593/7 270/797/7 20/796/7
f 138/593/7 30/793/7 428/792/7
f 24/800/7 380/801/7 529/761/7
f 107/602/7 330/377/7 424/536/7
f 163/178/7 529/761/7 353/415/7
f 425/640/7 29/338/7 14/59/7
f 330/377/7 11/379/7 424/536/7
f 107/602/7 464/802/7 2/369/7
f 465/608/56 424/803/56 460/597/56
f 178/193/47 528/752/52 365/430/52
f 23/367/7 2/369/7 464/802/7
f 23/367/7 380/801/7 24/800/7
f 226/249/8 206/740/8 444/570/8
f 445/573/121 296/804/120 443/566/120
f 497/669/59 378/805/59 384/806/59
f 496/666/78 221/243/57 313/350/78
f 415/515/112 244/807/112 439/560/112
f 401/490/8 332/685/8 504/684/8
f 395/611/128 487/647/128 131/140/128
f 105/109/22 104/108/21 535/772/144
f 520/731/141 327/373/83 499/675/136
f 417/517/113 321/808/113 416/516/113
f 539/809/8 540/810/8 260/289/8
f 241/811/32 370/812/32 249/813/32
f 12/12/1 243/758/1 10/10/1
f 463/606/143 297/814/143 53/54/143
f 332/685/8 220/366/8 277/686/8
f 466/612/8 322/362/8 321/361/8
f 539/809/8 502/681/8 202/221/8
f 470/623/42 250/351/77 156/171/42
f 48/263/62 322/815/62 148/816/62
f 518/726/140 142/746/142 455/748/123
f 134/146/8 266/621/8 345/487/8
f 360/817/8 314/352/8 439/668/8
f 212/273/8 61/63/8 246/274/8
f 527/749/131 149/395/88 300/676/131
f 284/318/8 277/686/8 285/319/8
f 385/649/8 323/363/8 236/650/8
f 261/290/8 244/270/8 243/269/8
f 320/360/81 238/264/63 239/265/63
f 437/818/146 15/153/35 118/127/37
f 84/86/16 524/743/119 434/819/119
f 236/650/8 245/272/8 129/651/8
f 284/390/138 433/547/138 338/391/138
f 135/147/8 541/820/8 136/148/8
f 503/683/56 358/821/56 449/579/56
f 541/820/8 540/810/8 539/809/8
f 245/703/115 139/529/115 31/31/115
f 489/654/98 299/677/132 399/615/98
f 75/585/59 244/807/59 414/514/59
f 281/822/8 280/823/8 126/824/8
f 418/518/8 208/229/8 295/330/8
f 226/249/8 302/825/8 58/60/8
f 37/37/8 323/363/8 322/362/8
f 539/809/8 201/220/8 541/820/8
f 409/504/127 169/826/127 542/827/127
f 462/600/27 179/194/46 280/314/27
f 9/112/23 541/828/23 201/829/23
f 116/124/8 481/638/8 59/61/8
f 134/830/118 347/551/118 334/385/118
f 355/417/95 164/179/43 218/418/95
f 260/831/59 233/256/59 502/832/59
f 543/833/112 229/252/112 405/498/112
f 403/492/7 423/535/7 389/493/7
f 76/718/7 350/834/7 368/433/7
f 95/99/7 383/835/7 423/535/7
f 41/42/7 40/41/7 175/378/7
f 521/836/7 8/40/7 325/368/7
f 14/59/7 57/58/7 425/640/7
f 232/837/8 384/838/8 472/839/8
f 53/54/1 38/356/1 51/52/1
f 154/840/1 404/495/1 377/449/1
f 437/556/8 302/825/8 226/249/8
f 544/841/9 348/842/12 359/424/12
f 203/222/8 232/837/8 472/839/8
f 205/224/55 168/358/80 170/225/55
f 545/843/56 546/844/56 547/845/56
f 546/844/56 548/846/56 547/845/56
f 549/847/56 550/848/56 551/849/56
f 552/850/56 553/851/56 554/852/56
f 547/845/56 555/853/56 545/843/56
f 555/853/56 556/854/56 545/843/56
f 545/843/56 556/854/56 557/855/56
f 558/856/56 559/857/56 560/858/56
f 561/859/59 562/860/59 563/861/59
f 564/862/56 565/863/56 566/864/56
f 567/865/56 568/866/56 569/867/56
f 570/868/56 551/849/56 571/869/56
f 551/849/56 572/870/56 571/869/56
f 573/871/1 574/872/1 575/873/1
f 557/855/56 576/874/56 545/843/56
f 576/874/56 577/875/56 545/843/56
f 545/843/56 577/875/56 578/876/56
f 577/875/56 579/877/56 578/876/56
f 579/877/56 580/878/56 578/876/56
f 580/878/56 581/879/56 578/876/56
f 578/876/56 581/879/56 582/880/56
f 581/879/56 583/881/56 582/880/56
f 582/880/56 583/881/56 584/882/56
f 570/868/56 549/847/56 551/849/56
f 585/883/56 586/884/56 587/885/56
f 551/849/56 550/848/56 588/886/56
f 554/852/56 589/887/56 552/850/56
f 572/870/56 590/888/56 571/869/56
f 551/849/56 588/886/56 591/889/56
f 592/890/56 593/891/56 594/892/56
f 595/893/56 596/894/56 597/895/56
f 569/867/56 598/896/56 567/865/56
f 598/896/56 599/897/56 567/865/56
f 567/865/56 599/897/56 600/898/56
f 599/897/56 601/899/56 600/898/56
f 600/898/56 601/899/56 602/900/56
f 602/900/56 603/901/56 600/898/56
f 603/901/56 604/902/56 600/898/56
f 600/898/56 604/902/56 605/903/56
f 604/902/56 606/904/56 605/903/56
f 584/882/56 583/881/56 607/905/56
f 565/863/56 595/893/56 566/864/56
f 568/866/56 567/865/56 596/894/56
f 567/865/56 608/906/56 596/894/56
f 596/894/56 608/906/56 597/895/56
f 609/907/56 610/908/56 590/888/56
f 611/909/56 612/910/56 613/911/56
f 614/912/56 615/913/56 606/904/56
f 606/904/56 615/913/56 605/903/56
f 616/914/56 617/915/56 618/916/56
f 565/863/56 560/858/56 559/857/56
f 619/917/56 620/918/56 621/919/56
f 621/919/56 620/918/56 622/920/56
f 623/921/56 624/922/56 625/923/56
f 626/924/56 624/922/56 627/925/56
f 587/885/56 628/926/56 585/883/56
f 558/856/56 560/858/56 629/927/56
f 560/858/56 621/919/56 629/927/56
f 629/927/56 621/919/56 625/923/56
f 621/919/56 622/920/56 625/923/56
f 625/923/56 622/920/56 623/921/56
f 630/928/56 631/929/56 632/930/56
f 633/931/56 628/926/56 587/885/56
f 627/925/56 634/932/56 626/924/56
f 635/933/56 636/934/56 637/935/56
f 637/935/56 638/936/56 639/937/56
f 639/937/56 640/938/56 641/939/56
f 642/940/56 640/938/56 643/941/56
f 551/849/56 552/850/56 589/887/56
f 644/942/56 645/943/56 646/944/56
f 647/945/1 648/946/1 649/947/1
f 650/948/56 651/949/56 652/950/56
f 653/951/56 654/952/56 655/953/56
f 656/954/56 657/955/56 658/956/56
f 659/957/56 660/958/56 661/959/56
f 662/960/56 660/958/56 663/961/56
f 662/960/56 664/962/56 665/963/56
f 666/964/1 667/965/1 668/966/1
f 669/967/1 670/968/1 671/969/1
f 672/970/56 673/971/56 674/972/56
f 675/973/56 676/974/56 677/975/56
f 678/976/56 643/941/56 645/943/56
f 679/977/56 680/978/56 681/979/56
f 682/980/56 680/978/56 683/981/56
f 653/951/56 684/982/56 685/983/56
f 686/984/1 687/985/1 688/986/1
f 689/987/1 690/988/1 691/989/1
f 692/990/1 693/991/1 694/992/1
f 695/993/56 696/994/56 697/995/56
f 698/996/56 696/994/56 699/997/56
f 698/996/56 700/998/56 701/999/56
f 630/928/56 700/998/56 702/1000/56
f 703/1001/1 704/1002/1 705/1003/1
f 632/930/56 706/1004/56 707/1005/56
f 708/1006/56 651/949/56 676/974/56
f 709/1007/1 710/1008/1 711/1009/1
f 712/1010/56 713/1011/56 656/954/56
f 714/1012/56 715/1013/56 716/1014/56
f 717/1015/56 718/1016/56 719/1017/56
f 720/1018/56 718/1019/56 721/1020/56
f 720/1018/56 722/1021/56 723/1022/56
f 723/1022/56 724/1023/56 725/1024/56
f 672/970/56 726/1025/56 727/1026/56
f 707/1005/56 728/1027/56 729/1028/56
f 712/1010/56 730/1029/56 731/1030/56
f 634/932/56 732/1031/56 633/931/56
f 659/957/56 684/982/56 733/1032/56
f 734/1033/56 657/955/56 735/1034/56
f 734/1033/56 673/971/56 736/1035/56
f 711/1009/1 737/1036/1 738/1037/1
f 739/1038/56 740/1039/56 741/1040/56
f 742/1041/56 683/981/56 715/1013/56
f 743/1042/147 610/1043/148 744/1043/148
f 613/911/149 589/1044/150 745/1044/150
f 739/1038/151 623/1045/152 746/1046/152
f 747/1047/153 700/998/154 748/1048/154
f 749/1049/155 750/1050/155 751/1051/155
f 704/1002/156 631/929/59 705/1003/59
f 752/1052/157 706/1004/156 704/1002/156
f 691/989/152 728/1027/157 752/1052/157
f 753/1053/158 669/967/7 754/1054/7
f 755/1055/159 607/1056/160 756/1056/160
f 593/1057/23 575/1058/23 757/1059/23
f 745/1044/150 554/1060/161 758/1060/161
f 693/991/162 663/961/158 759/1061/158
f 720/1018/158 732/1062/7 719/1063/7
f 736/1035/163 556/1064/164 734/1033/164
f 760/1065/154 761/1066/153 762/1067/154
f 763/1068/23 676/974/165 764/1069/165
f 765/1070/150 677/975/23 763/1068/23
f 766/1071/166 767/1072/150 765/1070/150
f 768/1073/153 621/1074/167 769/1074/167
f 770/1075/168 738/1037/169 771/1076/169
f 772/1077/147 722/1021/162 773/1078/162
f 774/1079/169 775/1080/8 776/1081/8
f 688/986/164 680/978/166 766/1071/166
f 777/1082/164 778/1083/166 779/1084/166
f 717/1015/170 624/1085/151 739/1038/151
f 742/1041/171 549/1086/164 682/980/164
f 780/1087/153 640/938/154 781/1088/154
f 782/1089/59 643/941/153 780/1087/153
f 782/1089/59 646/944/156 645/943/59
f 592/890/152 566/892/172 595/890/152
f 783/1090/152 654/952/157 784/1091/157
f 785/1092/162 786/1093/158 753/1053/158
f 690/988/151 740/1039/152 691/989/152
f 787/1094/160 762/1067/154 788/1095/160
f 648/946/150 731/1030/23 789/1096/23
f 723/1022/162 628/1097/158 720/1018/158
f 790/1098/156 703/1001/59 791/1099/59
f 783/1090/152 684/982/151 655/953/152
f 792/1100/165 588/1101/173 793/1102/173
f 794/1103/174 582/1104/169 795/1104/169
f 796/1105/175 797/1106/171 798/1107/171
f 799/1108/170 800/1109/151 801/1110/151
f 802/1111/7 562/1112/7 803/1113/7
f 804/1114/158 805/1115/7 806/1116/7
f 687/985/171 683/981/164 688/986/164
f 714/1012/175 586/1117/171 742/1041/171
f 807/1118/59 808/1119/156 809/1120/59
f 810/1121/8 811/1122/8 812/1123/8
f 813/1124/165 814/1125/173 815/1126/173
f 816/1127/168 788/1095/160 817/1128/168
f 630/928/153 583/1129/176 701/999/176
f 632/930/59 617/1130/153 630/928/153
f 815/1126/173 692/990/147 818/1131/147
f 729/1028/157 620/1132/156 707/1005/156
f 710/1008/168 819/1133/169 737/1036/169
f 820/1134/162 821/1135/158 804/1114/158
f 822/1136/171 735/1034/164 823/1137/164
f 824/1138/152 825/1139/157 826/1140/157
f 695/993/169 577/1141/8 727/1026/8
f 662/960/158 599/1142/7 661/959/7
f 827/1143/177 565/1144/156 644/942/156
f 580/1145/178 697/995/178 581/1146/160
f 697/995/178 698/996/160 581/1146/160
f 708/1006/165 604/1147/179 652/950/179
f 675/973/23 606/1148/165 708/1006/165
f 828/1149/175 829/1150/171 830/1151/171
f 681/979/166 571/1152/150 679/977/150
f 831/1153/169 832/1154/8 833/1155/8
f 560/1156/180 769/1074/167 621/1074/167
f 725/1024/147 585/1157/162 723/1022/162
f 834/1158/166 649/947/150 835/1159/150
f 682/980/164 570/1160/166 681/979/166
f 621/919/56 617/915/56 619/917/56
f 653/951/152 596/1161/177 827/1143/177
f 602/1162/181 665/963/181 603/1163/147
f 665/963/181 650/948/147 603/1163/147
f 836/1164/182 837/1165/182 838/1166/182
f 678/976/59 558/1167/153 642/940/153
f 578/1103/174 839/1168/183 545/1168/183
f 840/1169/184 618/1073/153 768/1073/153
f 665/963/181 601/1170/158 662/960/158
f 567/1171/185 841/1172/186 842/1171/185
f 843/1173/168 638/936/160 636/934/168
f 823/1137/164 657/955/166 844/1174/166
f 845/1175/156 846/1176/157 808/1119/156
f 847/1177/173 724/1023/147 772/1077/147
f 734/1033/164 555/1178/187 658/956/187
f 848/1179/147 664/962/162 693/991/162
f 849/1180/165 572/910/188 612/910/188
f 758/1060/161 553/1181/164 850/1181/164
f 670/968/158 718/1019/7 671/969/7
f 744/1043/148 609/1180/165 849/1180/165
f 851/1182/170 567/1171/185 842/1171/185
f 594/892/172 564/1183/156 566/892/172
f 568/1184/152 653/951/152 569/1185/189
f 653/951/152 685/983/189 569/1185/189
f 667/965/175 673/971/171 822/1136/171
f 727/1026/8 576/1186/175 672/970/175
f 788/1095/1 843/1173/1 817/1128/1
f 852/1187/1 687/985/1 829/1150/1
f 832/1154/1 774/1079/1 776/1081/1
f 832/1188/1 853/1189/1 852/1187/1
f 778/1083/1 765/1070/1 854/1190/1
f 714/1012/56 775/1191/56 855/1192/56
f 725/1024/56 856/1193/56 793/1102/56
f 762/1067/1 780/1087/1 781/1088/1
f 695/993/56 726/1025/56 819/1133/56
f 805/1115/1 857/1194/1 858/1195/1
f 814/1125/1 764/1069/1 859/1196/1
f 692/990/1 859/1196/1 848/1179/1
f 709/1007/1 748/1048/1 860/1197/1
f 861/1198/1 843/1173/1 774/1079/1
f 805/1115/1 759/1061/1 862/1199/1
f 675/973/56 767/1072/56 679/977/56
f 863/1200/1 857/1194/1 864/1201/1
f 865/1202/1 864/1201/1 783/1090/1
f 865/1202/1 784/1091/1 846/1176/1
f 846/1176/1 866/1203/1 808/1119/1
f 867/1204/1 764/1069/1 868/1205/1
f 809/1120/1 780/1087/1 761/1066/1
f 869/1206/1 870/1207/1 847/1177/1
f 788/1095/1 781/1088/1 871/1208/1
f 872/1209/1 844/1174/1 647/945/1
f 644/942/56 654/952/56 827/1143/56
f 666/964/1 737/1036/1 873/1210/1
f 669/1211/1 874/1212/1 875/1213/1
f 797/1106/1 667/965/1 822/1136/1
f 872/1209/1 822/1136/1 823/1137/1
f 686/984/1 766/1071/1 778/1083/1
f 876/1214/1 747/1047/1 748/1048/1
f 809/1120/1 866/1203/1 782/1089/1
f 877/1215/1 870/1207/1 878/1216/1
f 825/1139/1 704/1002/1 879/1217/1
f 880/1218/1 847/1177/1 772/1077/1
f 880/1218/1 773/1078/1 881/1219/1
f 786/1093/1 773/1078/1 670/968/1
f 650/948/56 664/962/56 882/1220/56
f 703/1001/1 747/1047/1 883/1221/1
f 875/1213/1 690/988/1 800/1109/1
f 635/933/56 775/1080/56 884/1222/56
f 746/1046/56 728/1027/56 740/1039/56
f 828/1223/1 754/1224/1 833/1225/1
f 867/1204/1 765/1070/1 763/1068/1
f 877/1215/1 648/946/1 789/1096/1
f 694/992/1 759/1061/1 821/1135/1
f 689/987/1 752/1052/1 825/1139/1
f 781/1088/154 638/936/160 871/1208/160
f 885/1226/158 615/1227/181 886/1227/181
f 801/1110/151 689/987/152 824/1138/152
f 697/995/178 579/1228/169 695/993/169
f 791/1099/59 883/1221/153 573/1229/153
f 870/1207/165 856/1193/173 847/1177/173
f 826/1140/157 879/1217/156 790/1098/156
f 776/1230/8 716/1014/175 853/1189/175
f 803/1113/1 810/1121/1 812/1123/1
f 887/1231/147 881/1219/162 785/1092/162
f 656/954/150 552/1232/23 712/1010/23
f 888/1233/157 865/1202/152 846/1176/157
f 862/1199/7 733/1032/170 857/1194/170
f 793/1102/173 550/1234/147 725/1024/147
f 798/1107/171 872/1209/164 889/1235/164
f 661/959/7 598/1236/170 659/957/170
f 835/1159/150 877/1215/23 890/1237/23
f 891/1238/150 867/1204/23 892/1239/23
f 779/1084/166 854/1190/150 891/1238/150
f 754/1240/7 875/1213/170 799/1108/170
f 795/1104/169 584/1055/159 755/1055/159
f 833/1241/8 852/1187/175 828/1149/175
f 672/970/175 557/1242/190 736/1035/163
f 751/1243/23 893/1244/23 894/1245/23
f 641/939/154 625/1246/160 639/937/160
f 707/1005/156 619/1247/59 632/930/59
f 784/1091/157 646/944/156 866/1203/156
f 659/957/170 569/1185/189 685/983/189
f 855/1192/8 587/1248/175 714/1012/175
f 895/1249/8 668/966/175 796/1105/175
f 896/1250/165 869/1206/173 897/1251/173
f 686/984/164 777/1082/164 829/1150/171
f 777/1082/164 830/1151/171 829/1150/171
f 679/977/150 590/1252/23 675/973/23
f 746/1046/152 622/1253/157 729/1028/157
f 719/1017/7 627/1254/170 717/1015/170
f 652/950/179 603/1163/147 650/948/147
f 898/1255/160 711/1009/168 770/1075/168
f 899/1256/175 545/1168/183 839/1168/183
f 764/1069/165 651/949/173 859/1196/173
f 635/933/169 633/1257/8 855/1258/8
f 637/935/168 634/1259/169 635/933/169
f 900/1260/170 805/1115/7 858/1195/170
f 890/1237/23 878/1216/165 896/1250/165
f 865/1202/152 901/1261/152 863/1200/151
f 901/1261/152 902/1262/151 863/1200/151
f 859/1196/173 882/1220/147 848/1179/147
f 903/1263/191 608/1182/170 851/1182/170
f 892/1239/23 868/1205/165 813/1124/165
f 642/940/153 629/1264/154 641/939/154
f 836/1164/1 904/1265/1 749/1049/1
f 671/1266/7 905/1267/170 874/1212/170
f 906/1183/156 560/1156/180 564/1183/156
f 889/1235/164 647/945/166 834/1158/166
f 850/1181/164 548/1268/163 907/1268/163
f 572/910/188 613/911/149 612/910/188
f 712/1010/23 591/1269/165 792/1100/165
f 908/1270/164 909/1271/164 910/1272/164
f 748/1048/154 699/997/160 860/1197/160
f 841/1172/186 605/1226/158 885/1226/158
f 597/1263/191 903/1263/191 595/890/152
f 903/1263/191 592/890/152 595/890/152
f 771/1076/169 666/964/8 895/1249/8
f 811/1273/59 803/1113/59 812/1274/59
f 756/1056/160 616/1169/184 840/1169/184
f 874/1212/170 741/1040/151 690/988/151
f 873/1210/8 674/972/175 667/965/175
f 773/1078/162 721/1020/158 670/968/158
f 658/956/187 547/1275/150 656/954/150
f 614/1042/147 743/1042/147 615/1227/181
f 743/1042/147 886/1227/181 615/1227/181
f 701/999/176 581/1146/160 698/996/160
f 789/1096/23 730/1029/165 870/1207/165
f 844/1174/166 713/1011/150 648/946/150
f 902/1262/151 858/1195/170 863/1200/151
f 759/1061/158 660/958/7 862/1199/7
f 737/1036/169 726/1025/8 873/1210/8
f 907/1268/163 546/1256/175 899/1256/175
f 574/1276/147 757/1059/147 575/1058/147
f 897/1251/173 880/1218/147 887/1231/147
f 843/1173/168 884/1222/169 774/1079/169
f 705/1003/59 702/1000/153 747/1047/153
f 911/1277/154 709/1007/160 898/1255/160
f 575/873/1 791/1278/1 573/871/1
f 798/1279/1 889/1280/1 912/1281/1
f 889/1280/1 834/1282/1 912/1281/1
f 898/1283/1 770/1284/1 574/872/1
f 897/1285/1 887/1286/1 777/1287/1
f 891/1288/1 892/1289/1 893/1244/1
f 892/1289/1 813/1290/1 893/1244/1
f 845/1291/1 910/1292/1 888/1293/1
f 574/872/1 911/1294/1 898/1283/1
f 813/1290/1 815/1295/1 893/1244/1
f 815/1295/1 818/1296/1 893/1244/1
f 893/1244/1 818/1296/1 820/1297/1
f 770/1284/1 771/1298/1 574/872/1
f 771/1298/1 895/1299/1 574/872/1
f 574/872/1 895/1299/1 912/1281/1
f 895/1299/1 796/1300/1 912/1281/1
f 912/1281/1 796/1300/1 798/1279/1
f 760/1301/1 575/873/1 913/1302/1
f 575/873/1 908/1303/1 913/1302/1
f 913/1302/1 908/1303/1 807/1304/1
f 760/1301/1 787/1305/1 575/873/1
f 787/1305/1 816/1306/1 575/873/1
f 575/873/1 816/1306/1 831/1307/1
f 834/1282/1 835/1308/1 912/1281/1
f 835/1308/1 890/1309/1 912/1281/1
f 912/1281/1 890/1309/1 896/1310/1
f 902/1311/1 901/1312/1 910/1292/1
f 901/1312/1 888/1293/1 910/1292/1
f 617/915/56 607/905/56 583/881/56
f 908/1303/1 845/1291/1 807/1304/1
f 891/1288/1 893/1244/1 779/1313/1
f 893/1244/1 912/1281/1 779/1313/1
f 779/1313/1 912/1281/1 777/1287/1
f 912/1281/1 896/1310/1 777/1287/1
f 777/1287/1 896/1310/1 897/1285/1
f 887/1286/1 785/1314/1 777/1287/1
f 785/1314/1 753/1315/1 777/1287/1
f 777/1287/1 753/1315/1 830/1316/1
f 820/1297/1 804/1317/1 893/1244/1
f 804/1317/1 806/1318/1 893/1244/1
f 893/1244/1 806/1318/1 910/1292/1
f 806/1318/1 900/1319/1 910/1292/1
f 910/1292/1 900/1319/1 902/1311/1
f 831/1307/1 799/1320/1 801/1321/1
f 801/1321/1 824/1322/1 831/1307/1
f 824/1322/1 826/1323/1 831/1307/1
f 831/1307/1 826/1323/1 575/873/1
f 826/1323/1 790/1324/1 575/873/1
f 575/873/1 790/1324/1 791/1278/1
f 717/1015/56 741/1040/56 905/1267/56
f 833/1225/1 799/1320/1 831/1307/1
f 753/1315/1 828/1223/1 830/1316/1
f 836/1325/23 749/1326/23 894/1245/23
f 749/1326/23 751/1243/23 894/1245/23
f 831/1153/169 817/1128/168 861/1198/169
f 644/942/156 559/1327/59 678/976/59
f 910/1328/8 909/1329/8 893/1330/8
f 909/1329/8 914/1331/8 893/1330/8
f 893/1330/8 914/1331/8 894/1332/8
f 914/1331/8 837/1333/8 894/1332/8
f 573/1229/153 876/1214/154 911/1277/154
f 853/1189/175 715/1013/171 687/985/171
f 913/1334/153 809/1120/59 761/1066/153
f 849/1180/56 611/909/56 914/1335/56
f 849/1180/56 612/910/56 611/909/56
f 818/1131/147 694/992/162 820/1134/162
f 903/1263/56 851/1182/56 909/1336/56
f 757/1337/56 756/1056/56 840/1169/56
f 906/1183/56 594/892/56 593/891/56
f 802/1111/56 611/1338/56 563/1339/56
f 548/846/56 552/850/56 547/845/56
f 886/1227/56 743/1042/56 914/1335/56
f 743/1042/56 744/1043/56 914/1335/56
f 914/1335/56 744/1043/56 849/1180/56
f 745/1044/56 758/1060/56 561/1340/56
f 758/1060/56 850/1181/56 561/1340/56
f 561/1340/56 850/1181/56 907/1268/56
f 614/912/56 590/888/56 610/908/56
f 755/1055/56 915/1341/56 795/1104/56
f 915/1341/56 756/1056/56 757/1337/56
f 909/1336/56 592/890/56 903/1263/56
f 840/1169/56 768/1073/56 757/1337/56
f 768/1073/56 769/1074/56 757/1337/56
f 757/1337/56 769/1074/56 593/891/56
f 769/1074/56 916/1156/56 593/891/56
f 593/891/56 916/1156/56 906/1183/56
f 851/1182/56 842/1171/56 909/1336/56
f 842/1171/56 841/1172/56 909/1336/56
f 909/1336/56 841/1172/56 914/1335/56
f 841/1172/56 885/1226/56 914/1335/56
f 914/1335/56 885/1226/56 886/1227/56
f 907/1268/56 899/1256/56 561/1340/56
f 899/1256/56 839/1168/56 561/1340/56
f 561/1340/56 839/1168/56 915/1341/56
f 839/1168/56 794/1103/56 915/1341/56
f 915/1341/56 794/1103/56 795/1104/56
f 751/1342/7 750/1343/7 912/1344/7
f 750/1343/7 561/1345/7 912/1344/7
f 912/1344/7 561/1345/7 574/1346/7
f 561/1345/7 915/1347/7 574/1346/7
f 837/1333/59 914/1331/59 611/1348/59
f 837/1333/59 611/1348/59 838/1349/59
f 611/1348/59 810/1350/59 838/1349/59
f 838/1349/59 810/1350/59 904/1351/59
f 810/1350/59 562/860/59 904/1351/59
f 904/1351/59 562/860/59 750/1352/59
f 792/1100/56 856/1193/56 730/1029/56
f 857/1194/170 684/982/151 864/1201/151
f 860/1197/160 696/994/168 710/1008/168
f 639/937/160 626/1353/168 637/935/168
f 917/1354/192 918/1355/193 919/1356/192
f 920/1357/194 921/1358/195 922/1359/195
f 923/1360/196 924/1361/197 925/1362/196
f 926/1363/198 927/1364/199 928/1365/199
f 929/1366/200 930/1367/201 931/1368/201
f 932/1369/202 933/1370/203 934/1371/203
f 935/1372/204 936/1373/202 932/1369/202
f 935/1372/204 925/1362/196 937/1374/204
f 938/1375/197 939/1376/205 924/1361/197
f 940/1377/206 941/1378/207 942/1379/206
f 943/1380/208 942/1379/206 944/1381/208
f 945/1382/209 946/1383/210 947/1384/210
f 948/1385/211 949/1386/212 950/1387/211
f 951/1388/213 952/1389/214 953/1390/213
f 954/1391/215 955/1392/216 956/1393/215
f 957/1394/217 958/1395/199 959/1396/199
f 960/1397/218 961/1398/59 962/1399/59
f 963/1400/212 944/1381/208 949/1401/212
f 964/1402/113 965/1403/213 966/1404/113
f 967/1405/219 950/1387/211 968/1406/219
f 969/1407/220 968/1406/219 970/1408/220
f 971/1409/1 972/1410/1 973/1411/1
f 974/1412/56 975/1413/56 976/1414/56
f 977/1415/221 978/1416/222 979/1417/223
f 980/1418/7 981/1419/158 982/1420/7
f 983/1421/195 984/1422/1 985/1423/1
f 986/1424/224 987/1425/1 983/1421/195
f 987/1425/1 988/1426/1 983/1421/195
f 983/1421/195 988/1426/1 984/1422/1
f 989/1427/1 983/1421/195 990/1428/1
f 983/1421/195 985/1423/1 990/1428/1
f 991/1429/56 992/1430/56 993/1431/25
f 991/1429/56 993/1431/25 994/1432/56
f 992/1430/56 995/1433/56 993/1431/25
f 995/1433/56 996/1434/56 993/1431/25
f 993/1431/25 996/1434/56 997/1435/225
f 998/1436/209 999/1437/226 1000/1438/226
f 993/1431/25 1001/1439/56 994/1432/56
f 1002/1440/213 1003/1441/113 1004/1442/213
f 1005/1443/193 1006/1444/192 1007/1445/192
f 1008/1446/1 961/1447/1 1009/1448/1
f 1010/1449/227 1011/1450/228 1012/1451/229
f 1013/1452/56 1014/1453/56 1015/1454/56
f 1016/1455/56 1017/1456/56 1018/1457/56
f 957/1458/7 1019/1459/7 1020/1460/7
f 1021/1461/56 1022/1462/56 1023/1463/56
f 1024/1464/170 1025/1465/7 1026/1466/7
f 1027/1467/213 952/1389/214 1028/1468/213
f 961/1398/59 1029/1469/218 962/1399/59
f 1030/1470/151 1031/1471/152 1032/1472/151
f 1033/1473/157 1031/1471/152 1034/1474/152
f 1035/1475/156 1036/1476/59 1037/1477/156
f 1033/1473/157 1037/1477/156 1038/1478/157
f 1039/1479/158 1040/1480/162 1041/1481/162
f 1042/1482/59 1043/1483/153 1036/1476/59
f 1044/1484/154 1043/1483/153 1045/1485/153
f 1044/1484/154 1046/1486/160 1047/1487/154
f 1048/1488/165 1049/1489/23 1050/1490/23
f 1051/1491/166 1052/1492/164 1053/1493/164
f 1050/1490/23 1054/1494/150 1055/1495/150
f 1053/1493/164 1056/1496/171 1057/1497/171
f 1058/1498/56 1059/1499/56 1060/1500/56
f 1061/1501/169 1062/1502/168 1063/1503/168
f 1064/1504/202 1065/1505/204 1066/1506/202
f 1067/1507/173 1068/1508/165 1048/1488/165
f 1069/1509/147 1070/1510/173 1067/1507/173
f 1041/1481/162 1071/1511/147 1069/1509/147
f 1072/1512/113 1073/1513/230 1074/1514/113
f 1075/1515/213 1072/1512/113 1074/1514/113
f 1076/1516/112 1077/1517/213 1075/1515/213
f 1078/1518/8 972/1519/231 1079/1520/8
f 1058/1498/232 1080/1521/233 1081/1522/234
f 1082/1523/152 1021/1524/151 1023/1525/152
f 1083/1526/7 1008/1527/235 1084/1528/236
f 1085/1529/195 1086/1530/1 1087/1531/1
f 1088/1532/237 1089/1533/238 1090/1534/239
f 1091/1535/240 1092/1536/241 1093/1537/242
f 1094/1538/243 1095/1539/244 1096/1540/245
f 1097/1541/246 1098/1542/247 1099/1543/248
f 1100/1544/8 1101/1545/249 1102/1546/8
f 1103/1547/250 1104/1548/251 1105/1549/252
f 1106/1550/253 1105/1549/252 1107/1551/254
f 1108/1552/255 1109/1553/256 1107/1551/254
f 1109/1553/256 1110/1554/257 1107/1551/254
f 1110/1554/257 1106/1550/253 1107/1551/254
f 1030/1470/151 1111/1555/170 1024/1464/170
f 1112/1556/8 1113/1557/8 1114/1558/258
f 1113/1557/8 921/1559/8 1114/1558/258
f 1114/1558/258 921/1559/8 1115/1560/259
f 1116/1561/260 1117/1562/8 1101/1545/249
f 1117/1562/8 1118/1563/261 1101/1545/249
f 1118/1563/261 1119/1564/8 1101/1545/249
f 1119/1564/8 1102/1546/8 1101/1545/249
f 1120/1565/7 1121/1566/7 1122/1567/7
f 1114/1558/258 1100/1544/8 1123/1568/8
f 1124/1569/8 1125/1570/8 1126/1571/8
f 1125/1570/8 1127/1572/8 1126/1571/8
f 1126/1571/8 1127/1572/8 1128/1573/8
f 1127/1572/8 1129/1574/8 1128/1573/8
f 1128/1573/8 1129/1574/8 1116/1561/260
f 1129/1574/8 1130/1575/8 1116/1561/260
f 1116/1561/260 1130/1575/8 1117/1562/8
f 1123/1568/8 1072/1576/8 1114/1558/258
f 1072/1576/8 1077/1577/8 1114/1558/258
f 1114/1558/258 1077/1577/8 1112/1556/8
f 1126/1571/8 1131/1578/8 1132/1579/8
f 1132/1579/8 1133/1580/8 1126/1571/8
f 1133/1580/8 1134/1581/8 1126/1571/8
f 1126/1571/8 1134/1581/8 1124/1569/8
f 1135/1582/262 1136/1583/263 1137/1584/264
f 1138/1585/265 1115/1586/266 920/1357/194
f 1139/1587/56 981/1588/56 975/1413/56
f 958/1395/199 1140/1589/198 959/1396/199
f 1141/1590/195 1142/1591/195 1143/1592/195
f 1027/1593/267 1028/1594/268 1144/1595/269
f 1004/1442/213 1145/1596/113 1146/1597/213
f 1007/1445/192 1147/1598/270 1148/1599/270
f 1014/1453/56 1149/1600/56 1150/1601/56
f 1151/1602/1 961/1447/1 1152/1603/1
f 1153/1604/271 1154/1605/272 1155/1606/273
f 1149/1607/23 1156/1608/150 1150/1609/150
f 1142/1610/7 1014/1611/7 1157/1612/7
f 1059/1499/56 1058/1498/56 1158/1613/56
f 1149/1600/56 1014/1453/56 1159/1614/56
f 1160/1615/210 1161/1616/209 998/1436/209
f 1059/1499/56 1154/1617/274 1094/1538/274
f 1162/1618/275 1163/1619/276 1164/1620/277
f 1165/1621/219 1166/1622/220 1167/1623/220
f 1150/1609/150 1168/1624/166 1015/1625/166
f 1169/1626/230 960/1397/218 1170/1627/230
f 1085/1529/195 1171/1628/1 1172/1629/1
f 977/1630/278 1093/1537/242 1173/1631/279
f 1174/1632/280 1175/1633/226 1176/1634/226
f 1177/1635/212 1178/1636/211 1179/1637/211
f 1180/1638/230 1181/1639/218 1182/1640/230
f 973/1411/1 972/1410/1 1183/1641/1
f 1184/1642/216 970/1408/220 955/1392/216
f 1185/1643/1 1186/1644/195 1187/1645/195
f 1188/1646/281 1189/1647/161 1190/1648/281
f 1164/1649/1 1191/1650/1 1192/1651/1
f 1193/1652/56 1194/1653/56 1195/1654/56
f 1196/1655/168 1197/1656/160 1198/1657/168
f 1199/1658/282 1200/1659/283 952/1389/214
f 1085/1529/195 1087/1531/1 1171/1628/1
f 1201/1660/284 989/1427/1 1202/1661/284
f 1203/1662/26 1204/1663/285 1205/1664/225
f 1206/1665/286 1080/1521/233 1207/1666/287
f 1208/1667/56 1059/1668/56 1017/1456/56
f 1168/1669/1 971/1409/1 1209/1670/1
f 1210/1671/213 1211/1672/213 1212/1673/213
f 1213/1674/157 1023/1525/152 1214/1675/157
f 1215/1676/230 966/1404/113 1216/1677/230
f 1095/1678/244 1154/1605/272 1153/1604/271
f 1059/1499/56 1088/1532/56 1217/1679/56
f 1218/1680/288 1219/1681/289 1211/1682/290
f 1220/1683/7 930/1684/7 989/1685/291
f 972/1519/231 1221/1686/8 1079/1520/8
f 1222/1687/7 1223/1688/292 1224/1689/7
f 1225/1690/293 1226/1691/294 1227/1692/295
f 1228/1693/296 1229/1694/297 1230/1695/273
f 1231/1696/298 1232/1697/299 1233/1698/300
f 1234/1699/112 1235/1700/213 1236/1701/213
f 1008/1527/235 1146/1702/7 1145/1703/7
f 1087/1704/163 1086/1705/301 1237/1706/302
f 1238/1707/56 1214/1708/56 1239/1709/56
f 1240/1710/303 1241/1711/304 1242/1712/305
f 1243/1713/306 1244/1714/307 1245/1715/308
f 1246/1716/9 1247/1717/10 1248/1718/9
f 1019/1719/284 1249/1720/1 1085/1529/195
f 1250/1721/204 1251/1722/196 1065/1505/204
f 1015/1454/56 1014/1453/56 1150/1601/56
f 1252/1723/1 1213/1724/1 1253/1725/1
f 1254/1726/213 1233/1727/300 1232/1728/299
f 1144/1729/1 1255/1730/1 1191/1650/1
f 1122/1731/112 965/1403/213 1256/1732/213
f 1257/1733/309 1212/1734/310 1219/1681/289
f 1258/1735/56 1259/1736/25 1189/1737/56
f 1260/1738/311 1261/1739/312 1262/1740/313
f 1244/1741/314 1263/1742/315 1264/1743/316
f 1265/1744/213 1266/1745/317 1267/1746/213
f 1268/1747/318 1269/1748/56 1270/1749/318
f 1163/1619/276 1271/1750/319 1164/1620/277
f 1233/1751/300 1272/1752/320 1231/1753/321
f 1273/1754/8 1208/1755/169 1017/1756/8
f 1254/1757/59 1095/1678/244 1153/1604/271
f 1274/1758/224 1275/1759/322 1276/1760/323
f 1277/1761/324 1278/1762/218 1279/1763/218
f 1272/1764/325 1262/1740/313 1263/1765/326
f 1280/1766/56 1281/1767/56 1282/1768/56
f 1009/1769/158 975/1770/162 981/1771/158
f 1162/1772/327 1272/1752/320 1233/1751/300
f 1009/1448/1 961/1447/1 1283/1773/1
f 1242/1712/305 1135/1582/262 1284/1774/328
f 1138/1585/265 1285/1775/329 1286/1776/330
f 945/1777/8 955/1778/8 949/1779/8
f 1287/1780/1 1288/1781/1 1289/1782/1
f 1224/1689/7 1223/1688/292 1169/1783/7
f 1290/1784/230 1279/1763/218 1278/1762/218
f 1291/1785/331 1292/1786/332 1293/1787/333
f 1294/1788/334 1295/1789/203 1296/1790/203
f 1169/1783/7 1223/1688/292 1297/1791/7
f 1140/1589/198 1298/1792/210 1160/1615/210
f 1057/1497/171 1299/1793/175 1300/1794/175
f 1231/1753/321 1272/1752/320 1301/1795/335
f 1302/1796/196 1303/1797/197 1251/1722/196
f 1304/1798/112 1129/1799/323 1305/1800/323
f 1228/1693/296 1306/1801/85 1307/1802/85
f 1011/1450/336 1308/1803/337 1012/1451/338
f 1029/1469/218 1309/1804/59 962/1399/59
f 1188/1805/1 1085/1529/195 1172/1629/1
f 982/1806/56 1195/1654/56 1194/1653/56
f 1024/1807/56 1026/1808/56 1310/1809/56
f 1024/1807/56 1310/1809/56 1030/1810/56
f 1215/1676/230 1311/1811/218 1120/1812/218
f 1026/1808/56 1039/1813/56 1128/1814/56
f 1039/1813/56 1041/1815/56 1128/1814/56
f 1128/1814/56 1041/1815/56 1069/1816/56
f 1237/1817/56 1259/1736/25 1258/1735/56
f 1312/1818/218 971/1819/59 1297/1820/218
f 1089/1533/238 1313/1821/339 1243/1713/340
f 1120/1565/7 1014/1611/7 1142/1610/7
f 1277/1761/324 1314/1822/341 1315/1823/324
f 1128/1814/56 1116/1824/56 1026/1808/56
f 1116/1824/56 1316/1825/56 1026/1808/56
f 1026/1808/56 1316/1825/56 1310/1809/56
f 1316/1826/56 1317/1827/56 1310/1828/56
f 1310/1828/56 1317/1827/56 1097/1541/56
f 1242/1712/56 1284/1774/56 1310/1828/56
f 1284/1774/56 1318/1829/56 1310/1828/56
f 1310/1828/56 1318/1829/56 1229/1830/56
f 1046/1831/1 1319/1832/1 1047/1833/1
f 1050/1834/56 1055/1835/56 1128/1814/56
f 1055/1835/56 1051/1836/56 1128/1814/56
f 964/1837/7 1120/1565/7 1256/1838/7
f 974/1412/56 1057/1839/56 1139/1587/56
f 1320/1840/342 1321/1841/343 1287/1842/344
f 1245/1715/308 1264/1843/345 1206/1665/346
f 1322/1844/195 1323/1845/347 1324/1846/195
f 1281/1767/56 1280/1766/56 1325/1847/56
f 1238/1707/56 1044/1848/56 1326/1849/56
f 1044/1848/56 1045/1850/56 1326/1849/56
f 1326/1849/56 1045/1850/56 1042/1851/56
f 1069/1816/56 1067/1852/56 1128/1814/56
f 1067/1852/56 1048/1853/56 1128/1814/56
f 1128/1814/56 1048/1853/56 1050/1834/56
f 1051/1836/56 1327/1854/56 1128/1814/56
f 1328/1855/348 1199/1658/282 1329/1856/348
f 1330/1857/59 1282/1858/156 1281/1859/59
f 1042/1851/56 1035/1860/56 1326/1849/56
f 1035/1860/56 1033/1861/56 1326/1849/56
f 1326/1849/56 1033/1861/56 1310/1809/56
f 1033/1861/56 1034/1862/56 1310/1809/56
f 1310/1809/56 1034/1862/56 1030/1810/56
f 1097/1541/56 1099/1543/56 1310/1828/56
f 1099/1543/56 1240/1710/56 1310/1828/56
f 1310/1828/56 1240/1710/56 1242/1712/56
f 1331/1863/349 1332/1864/7 1333/1865/7
f 1334/1866/213 1335/1867/350 1109/1868/256
f 1295/1789/203 1066/1506/202 1296/1790/203
f 1336/1869/213 1337/1870/213 1338/1871/351
f 1337/1870/213 1339/1872/213 1338/1871/351
f 1338/1871/351 1339/1872/213 1340/1873/213
f 1341/1874/352 1342/1875/213 1338/1871/351
f 1018/1876/353 1010/1449/227 1343/1877/354
f 972/1519/231 1323/1878/355 1344/1879/356
f 1334/1866/213 1109/1868/256 1338/1871/351
f 1109/1868/256 1108/1880/255 1338/1871/351
f 1338/1871/351 1108/1880/255 1341/1874/352
f 1342/1875/213 1345/1881/213 1338/1871/351
f 1345/1881/213 1346/1882/213 1338/1871/351
f 1338/1871/351 1346/1882/213 1336/1869/213
f 1200/1659/283 1340/1873/213 1265/1744/213
f 972/1519/231 1324/1883/8 1323/1878/355
f 1256/1838/7 1120/1565/7 1122/1567/7
f 1347/1884/323 1348/1885/112 1234/1699/112
f 1349/1886/213 1350/1887/213 1210/1671/213
f 1351/1888/357 1352/1889/213 1353/1890/317
f 1354/1891/56 976/1414/56 1355/1892/56
f 1356/1893/358 1357/1894/271 1229/1694/297
f 1357/1894/271 1230/1695/273 1229/1694/297
f 1219/1895/1 1082/1896/1 1213/1724/1
f 1326/1849/7 1310/1809/7 1228/1897/7
f 1358/1898/359 1359/1899/201 1360/1900/359
f 1163/1901/360 952/1389/214 1271/1902/213
f 1324/1883/8 972/1519/231 1361/1903/8
f 1362/1904/294 1225/1690/293 1227/1692/295
f 1305/1800/323 1127/1905/195 1143/1592/195
f 1016/1906/361 1223/1688/292 1222/1687/7
f 1014/1453/56 1017/1456/56 1016/1455/56
f 1363/1907/362 1364/1908/363 1365/1909/364
f 1241/1711/304 1366/1910/365 1135/1582/262
f 1367/1911/366 1138/1912/367 920/1913/368
f 1107/1914/369 1105/1915/370 1368/1916/371
f 1105/1915/370 1369/1917/372 1368/1916/371
f 1370/1918/373 1371/1919/374 1372/1920/375
f 1373/1921/376 1293/1922/377 1292/1923/378
f 1101/1545/249 1374/1924/379 1370/1918/373
f 1108/1925/380 1375/1926/381 1341/1927/382
f 1341/1927/382 1375/1926/381 1342/1928/383
f 1345/1929/384 1376/1930/385 1346/1931/309
f 1336/1932/386 1377/1933/387 1337/1934/388
f 1378/1935/12 1248/1718/9 1379/1936/12
f 1340/1937/389 1380/1938/390 1353/1939/391
f 1351/1940/268 1319/1941/392 1350/1942/393
f 1381/1943/394 1382/1944/395 1225/1690/293
f 1319/1941/392 1383/1945/396 1350/1942/393
f 1384/1946/397 1365/1909/364 1364/1908/363
f 1384/1946/397 1385/1947/398 1365/1909/364
f 1386/1948/399 1092/1949/400 1387/1950/401
f 1226/1951/402 1388/1952/403 1389/1953/404
f 1309/1954/1 1052/1955/1 1390/1956/1
f 1070/1957/1 1071/1958/1 1391/1959/1
f 1071/1958/1 1040/1960/1 1391/1959/1
f 1391/1959/1 1040/1960/1 1367/1961/1
f 1388/1962/1 1299/1963/1 1309/1954/1
f 1299/1963/1 1056/1964/1 1309/1954/1
f 1309/1954/1 1056/1964/1 1052/1955/1
f 1390/1956/1 1054/1965/1 1309/1954/1
f 1054/1965/1 1049/1966/1 1309/1954/1
f 1309/1954/1 1049/1966/1 1391/1959/1
f 1049/1966/1 1068/1967/1 1391/1959/1
f 1391/1959/1 1068/1967/1 1070/1957/1
f 1040/1960/1 1392/1968/1 1367/1961/1
f 1392/1968/1 1025/1969/1 1367/1961/1
f 1207/1666/287 1245/1715/405 1206/1665/286
f 1259/1736/25 1205/1970/225 1190/1971/56
f 1321/1841/343 1393/1972/406 1287/1842/344
f 1394/1973/407 1395/1974/408 1011/1450/336
f 1025/1969/1 1373/1975/1 1367/1961/1
f 1396/1976/173 1159/1977/165 1355/1978/173
f 1268/1747/318 1397/1979/193 1005/1443/193
f 1398/1980/112 1399/1981/323 1400/1982/323
f 1120/1565/7 964/1837/7 1215/1983/7
f 1388/1962/1 1401/1984/1 1299/1963/1
f 976/1985/147 1396/1976/173 1355/1978/173
f 1138/1912/367 1373/1921/376 1292/1923/378
f 1014/1453/56 1013/1452/56 1402/1986/56
f 1385/1947/398 1386/1948/399 1365/1909/364
f 1376/1930/385 1342/1928/383 1375/1926/381
f 1380/1938/390 1351/1940/268 1353/1939/391
f 1403/1987/7 1331/1863/349 1322/1988/7
f 1404/1989/409 1337/1934/388 1377/1933/387
f 1223/1688/292 1405/1990/410 1331/1863/349
f 1377/1933/387 1346/1931/309 1376/1930/385
f 1214/1708/56 1280/1766/56 1282/1768/56
f 1406/1991/411 1364/1992/412 1382/1944/395
f 1000/1438/226 1407/1993/280 1408/1994/280
f 1158/1613/413 1081/1522/234 1010/1449/227
f 1375/1926/381 1107/1914/369 1368/1916/371
f 1208/1667/56 1198/1995/56 1059/1668/56
f 1409/1996/200 1410/1997/414 1020/1998/414
f 1411/1999/7 1331/1863/349 1333/1865/7
f 1412/2000/415 1413/2001/416 1261/2002/417
f 1414/2003/341 1329/1856/348 1314/1822/341
f 952/1389/214 951/1388/213 1028/1468/213
f 1008/1527/235 1083/1526/7 1399/2004/7
f 1200/1659/283 1267/1746/213 952/1389/214
f 1062/2005/1 1363/2006/1 1365/2007/1
f 1036/2008/1 1380/2009/1 1404/2010/1
f 1046/1831/1 1365/2007/1 1386/2011/1
f 1047/1833/1 1380/2009/1 1043/2012/1
f 1038/2013/1 1375/2014/1 1031/2015/1
f 1036/2008/1 1377/2016/1 1037/2017/1
f 1037/2017/1 1376/2018/1 1038/2013/1
f 1032/2019/1 1375/2014/1 1368/2020/1
f 1032/2019/1 1373/1975/1 1111/2021/1
f 1415/2022/1 1388/1962/1 1363/2006/1
f 1259/1736/25 1416/2023/56 1269/1748/56
f 1116/1561/260 1370/1918/373 1316/1826/418
f 1417/2024/85 1155/1606/273 1418/2025/296
f 1419/2026/409 1267/2027/388 1252/2028/387
f 1192/2029/160 1420/2030/154 1197/1656/160
f 1274/2031/224 1085/1529/195 1188/1805/1
f 1181/2032/7 1008/1527/235 1182/2033/7
f 1159/1614/56 1014/1453/56 1355/1892/56
f 1301/1795/335 1263/1742/315 1244/1741/314
f 1157/1612/7 1016/1906/361 1421/2034/7
f 1422/2035/419 1096/1540/245 1089/1533/238
f 1205/2036/420 1275/2037/23 1274/2038/420
f 1288/2039/170 982/1420/7 1194/2040/170
f 1423/2041/390 1028/1594/268 951/2042/391
f 1424/2043/208 1425/2044/212 1177/2045/212
f 1243/1713/340 1090/1534/239 1089/1533/238
f 952/1389/214 1163/1901/360 1162/2046/327
f 1019/1719/284 1426/2047/215 1427/2048/284
f 1013/2049/164 973/2050/171 1402/2051/171
f 1157/2052/323 1304/1798/112 1305/1800/323
f 1428/2053/205 1358/1898/359 1360/1900/359
f 961/1447/1 971/1409/1 1152/1603/1
f 1223/1688/292 1312/2054/7 1297/1791/7
f 951/2042/391 953/2055/389 1423/2041/390
f 1429/2056/113 1430/2057/230 1290/1784/230
f 1168/1624/166 1013/2049/164 1015/1625/166
f 1388/1952/403 1431/2058/421 1363/1907/362
f 953/1390/213 952/1389/214 1432/2059/213
f 1408/1994/280 1433/2060/207 1434/2061/207
f 1003/1441/113 1182/1640/230 1145/1596/113
f 1159/1977/165 1152/2062/23 1149/1607/23
f 1182/2033/7 1008/1527/235 1145/1703/7
f 1361/2063/323 1322/1844/195 1324/1846/195
f 1152/1603/1 971/1409/1 1156/2064/1
f 1189/1737/56 1259/1736/25 1190/1971/56
f 1424/2043/208 1435/2065/206 1436/2066/208
f 961/1447/1 1437/2067/1 1283/1773/1
f 1144/1595/269 1271/1750/319 1027/1593/267
f 1253/2068/156 1214/1675/157 1282/1858/156
f 1385/2069/422 1093/1537/242 1092/1536/241
f 1438/2070/8 972/1519/231 1078/1518/8
f 1400/1982/323 1083/2071/195 1187/1645/195
f 1061/2072/56 1193/1652/56 1195/1654/56
f 1222/2073/213 1439/2074/113 1440/2075/213
f 1441/2076/216 1426/2047/215 1442/2077/215
f 1274/2038/420 1190/1648/281 1205/2036/420
f 1219/1681/289 1212/1734/310 1211/1682/290
f 1008/1446/1 1009/1448/1 980/2078/1
f 1443/2079/7 1331/1863/349 1411/1999/7
f 1084/2080/1 1227/1692/295 1185/1643/1
f 1273/2081/1 1260/2082/1 1444/2083/1
f 1081/1522/234 1394/1973/423 1011/1450/228
f 1154/1605/272 1418/2025/296 1155/1606/273
f 1330/2084/1 1252/1723/1 1253/1725/1
f 933/1370/203 1445/2085/334 934/1371/203
f 1446/2086/230 1029/1469/218 1180/1638/230
f 952/1389/214 1267/1746/213 1432/2059/213
f 1447/2087/56 1014/1453/56 1402/1986/56
f 1423/2088/1 1330/2084/1 1255/1730/1
f 1143/1592/195 1125/2089/195 1141/1590/195
f 1079/2090/230 1411/2091/113 1078/2092/113
f 985/2093/181 991/2094/424 990/2095/425
f 1026/1466/7 1392/2096/158 1039/1479/158
f 1280/1766/8 1418/2097/8 1059/1668/8
f 1148/1599/270 1448/2098/426 1449/2099/426
f 1209/1670/1 971/1409/1 973/1411/1
f 1236/1701/213 1450/2100/113 1429/2056/113
f 1451/2101/414 1452/2102/200 929/1366/200
f 1202/1661/284 956/1393/215 1201/1660/284
f 1191/2103/154 1325/2104/153 1420/2030/154
f 1017/1456/56 1059/1668/56 1018/1457/56
f 1381/2105/427 1008/1527/235 1393/1972/406
f 1357/1894/271 1335/2106/428 1334/2107/59
f 1121/1566/7 1120/1565/7 1453/2108/7
f 973/2050/171 1447/2109/175 1402/2051/171
f 1454/2110/26 1379/1936/12 1203/1662/26
f 1440/2075/213 1118/2111/113 1117/2112/213
f 960/1397/218 1119/2113/230 1170/1627/230
f 1455/2114/56 982/1806/56 981/1588/56
f 1113/2115/323 1076/1516/112 1456/2116/323
f 1023/1463/56 1239/1709/56 1214/1708/56
f 991/2094/424 984/2117/147 992/2118/147
f 1261/2002/417 1264/1743/316 1263/1742/315
f 1421/2119/112 1440/2075/213 1304/1798/112
f 947/1384/210 1457/2120/198 926/1363/198
f 1186/1644/195 1400/1982/323 1187/1645/195
f 1123/2121/230 1458/2122/218 1073/1513/230
f 1060/1500/429 1207/1666/287 1080/1521/233
f 1232/1697/430 1096/1540/245 1095/1539/244
f 1459/2123/218 1277/1761/324 1279/1763/218
f 1327/1854/56 1355/1892/56 1014/1453/56
f 1175/1633/226 945/1382/209 1176/1634/226
f 1267/2027/388 1266/2124/386 1252/2028/387
f 918/1355/193 1460/2125/318 1461/2126/318
f 1449/2099/426 1462/2127/334 1294/1788/334
f 1183/2128/175 1017/1756/8 1447/2109/175
f 1053/2129/56 1354/1891/56 1051/1836/56
f 1463/2130/197 1428/2053/205 1303/1797/197
f 1082/1896/1 1287/1780/1 1289/1782/1
f 1464/2131/217 1465/2132/414 1451/2101/414
f 1300/2133/175 1401/2134/8 1466/2135/8
f 1420/2136/56 1059/1668/56 1197/2137/56
f 1466/2138/56 1455/2114/56 1300/2139/56
f 1321/2140/431 1406/1991/411 1382/1944/395
f 992/2118/147 988/2141/148 995/2142/148
f 1467/2143/207 1174/1632/280 941/1378/207
f 1263/1765/326 1262/1740/313 1261/1739/312
f 1439/2074/113 1119/2113/230 1118/2111/113
f 1419/2026/409 953/2055/389 1432/2144/409
f 1468/2145/160 1062/1502/168 1046/1486/160
f 1300/2139/56 1139/1587/56 1057/1839/56
f 1469/2146/432 1344/2147/433 1323/1845/347
f 1257/2148/434 1352/1889/213 1349/1886/213
f 1165/1621/219 1178/1636/211 1470/2149/219
f 995/2142/148 987/2150/435 996/2151/435
f 1221/2152/218 971/1819/59 1312/1818/218
f 1471/2153/436 1012/1451/338 1308/1803/337
f 1472/2154/437 1395/2155/438 1412/2000/415
f 1301/2156/439 1313/1821/440 1231/1696/298
f 961/1447/1 1396/2157/1 1437/2067/1
f 1260/1738/311 1344/1879/356 1472/2158/441
f 1469/2159/442 1405/1990/443 1471/2153/436
f 1280/1766/56 1059/1668/56 1420/2136/56
f 1473/2160/359 930/1367/201 1220/2161/359
f 1196/2162/1 1164/1649/1 1192/1651/1
f 1331/1863/349 1443/2079/7 1312/2054/7
f 1237/1817/56 1416/2023/56 1259/1736/25
f 1473/2160/359 939/1376/205 1474/2163/205
f 1316/1826/418 1372/1920/375 1317/1827/444
f 1318/1829/445 1356/2164/358 1229/1830/297
f 1284/1774/328 1137/1584/264 1318/1829/445
f 1438/2165/213 1332/2166/112 1475/2167/112
f 1099/1543/248 1476/2168/446 1240/1710/303
f 1187/1645/195 1084/2080/1 1185/1643/1
f 1372/1920/375 1477/2169/447 1478/2170/448
f 1387/1950/401 1319/1941/392 1386/1948/399
f 1137/1584/264 1335/2171/428 1356/2164/358
f 1001/1439/56 1461/2126/318 1460/2125/318
f 1404/1989/409 1340/1937/389 1339/2172/409
f 1476/2168/446 1479/2173/449 1241/1711/304
f 1098/1542/247 1480/2174/450 1476/2168/446
f 1478/2170/448 1481/2175/451 1098/1542/247
f 1249/2176/452 1482/2177/8 1358/2178/8
f 1014/1611/7 1016/1906/361 1157/1612/7
f 971/1819/59 961/1398/59 1297/1820/218
f 1206/1665/346 1413/2179/453 1394/1973/407
f 1343/1877/354 1012/1451/229 1405/1990/410
f 1233/1727/300 952/1389/214 1162/2046/327
f 1483/2180/10 1307/1802/85 1247/1717/10
f 1183/1641/1 972/1410/1 1273/2081/1
f 1086/1705/301 1269/2181/454 1416/2182/455
f 1260/1738/311 1472/2158/441 1412/2183/456
f 1227/1692/295 1389/2184/1 1185/1643/1
f 1016/1906/361 1222/1687/7 1421/2034/7
f 1484/2185/7 1008/1527/235 1399/2004/7
f 1361/1903/8 972/1519/231 1475/2186/8
f 1332/1864/7 1331/1863/349 1403/1987/7
f 994/2187/457 989/2188/291 990/2095/425
f 1143/1592/195 1157/2052/323 1305/1800/323
f 1016/1906/361 1343/1877/354 1223/1688/292
f 1422/2035/56 1059/1499/56 1094/1538/274
f 1017/1456/56 1014/1453/56 1447/2087/56
f 1221/1686/8 972/1519/231 971/2189/8
f 975/1770/162 1437/2190/147 976/1985/147
f 1320/2191/458 1173/1631/279 1406/1991/411
f 1317/1827/444 1478/2170/448 1097/1541/246
f 1120/1812/218 1327/2192/59 1014/2193/59
f 1110/2194/459 1335/2171/350 1136/1583/460
f 1104/2195/461 1479/2173/462 1480/2174/463
f 1481/2175/464 1291/2196/465 1485/2197/466
f 1366/1910/467 1103/2198/468 1106/2199/469
f 1480/2174/463 1485/2197/466 1104/2195/461
f 1369/1917/372 1373/1921/376 1368/1916/371
f 1371/1919/470 1286/2200/471 1285/2201/472
f 1285/2201/472 1477/2169/473 1371/1919/470
f 1475/2167/112 1403/2202/323 1361/2063/323
f 1224/2203/113 1170/1627/230 1439/2074/113
f 1171/2204/164 1237/1706/302 1258/2205/164
f 1252/2028/387 1257/1733/309 1219/1681/289
f 1121/2206/323 1486/2207/112 1122/1731/112
f 1217/1679/474 1090/1534/239 1207/1666/287
f 1331/1863/349 1469/2159/442 1322/1988/7
f 1208/1755/169 1196/1655/168 1198/1657/168
f 1088/1532/56 1059/1499/56 1422/2035/56
f 1458/2208/7 1391/2209/7 1367/1911/366
f 1367/1911/366 920/1913/368 922/2210/7
f 922/2210/7 1456/2211/7 1367/1911/366
f 1456/2211/7 1076/2212/7 1367/1911/366
f 1367/1911/366 1076/2212/7 1075/2213/7
f 1075/2213/7 1074/2214/7 1367/1911/366
f 1074/2214/7 1073/2215/7 1367/1911/366
f 1367/1911/366 1073/2215/7 1458/2208/7
f 1186/2216/8 1389/1953/404 1388/1952/403
f 1388/1952/403 1309/2217/8 1487/2218/8
f 1487/2218/8 1446/2219/8 1388/1952/403
f 1446/2219/8 1488/2220/8 1388/1952/403
f 1388/1952/403 1488/2220/8 1002/2221/8
f 1002/2221/8 1489/2222/8 1388/1952/403
f 1489/2222/8 1490/2223/8 1388/1952/403
f 1388/1952/403 1490/2223/8 1186/2216/8
f 922/1359/195 1113/2115/323 1456/2116/323
f 1172/2224/161 1258/2205/164 1189/1647/161
f 960/1397/218 1309/1804/59 1102/2225/218
f 1272/1764/325 1164/1620/277 1262/1740/313
f 1458/2122/218 1100/2226/218 1391/2227/59
f 1100/2226/218 1102/2225/218 1391/2227/59
f 1391/2227/59 1102/2225/218 1309/1804/59
f 1490/2228/323 1398/1980/112 1400/1982/323
f 928/1365/199 1491/2229/217 1464/2131/217
f 1440/2075/213 1130/2230/112 1304/1798/112
f 1325/1847/56 1280/1766/56 1420/2136/56
f 1492/2231/426 1493/2232/270 1494/2233/270
f 1055/1495/150 1390/2234/166 1051/1491/166
f 1320/1840/342 1287/1842/344 977/1415/221
f 1495/2235/341 1328/1855/348 1414/2003/341
f 1003/1441/113 1446/2086/230 1180/1638/230
f 996/2151/435 986/2236/475 997/2237/475
f 1434/2061/207 1435/2065/206 1496/2238/206
f 1489/2239/112 1004/1442/213 1398/1980/112
f 1271/1902/213 952/1389/214 1027/1467/213
f 1410/1997/414 957/1394/217 1020/1998/414
f 1466/2135/8 1415/2240/169 1061/1501/169
f 1453/2241/195 1497/2242/323 1121/2206/323
f 1498/2243/334 1492/2231/426 1445/2085/334
f 1494/2233/270 917/1354/192 919/1356/192
f 1203/1662/26 1499/2244/12 1500/2245/26
f 1216/1677/230 1132/2246/113 1131/2247/230
f 1228/1693/296 1238/2248/59 1326/2249/59
f 978/1416/222 1218/1680/288 979/1417/223
f 1500/2245/26 997/2250/225 1203/1662/26
f 1146/1702/7 1008/1527/235 1484/2185/7
f 1124/2251/323 1141/1590/195 1125/2089/195
f 1379/1936/12 1501/2252/9 1499/2244/12
f 1450/2100/113 1502/2253/213 1503/2254/113
f 1359/1899/201 1504/2255/200 1409/1996/200
f 1495/2235/341 1277/1761/324 1505/2256/324
f 1430/2057/230 1503/2254/113 1506/2257/230
f 1279/1763/218 1506/2257/230 1459/2123/218
f 1280/2258/59 1507/2259/86 1418/2025/296
f 1255/2260/153 1281/1859/59 1325/2104/153
f 1466/2138/56 1195/1654/56 1508/2261/56
f 1060/1500/56 1059/1499/56 1217/1679/56
f 1344/2147/433 1308/2262/476 1472/2154/437
f 1289/2263/151 1194/2040/170 1021/1524/151
f 1398/1980/112 1146/1597/213 1484/2264/112
f 1311/1811/218 1131/2247/230 1126/2265/218
f 1327/2192/59 1126/2265/218 1128/2266/59
f 1441/2076/216 1166/1622/220 1509/2267/216
f 1276/1760/323 1275/1759/322 986/2268/224
f 986/2236/475 1204/2269/23 997/2237/475
f 1221/2152/218 1443/2270/230 1079/2090/230
f 1362/2271/477 1084/1528/236 1008/1527/235
f 1387/2272/478 1510/2273/213 1383/2274/213
f 1063/2275/56 1022/1462/56 1193/1652/56
f 1248/1718/9 1511/2276/10 1501/2252/9
f 1468/2277/56 1239/1709/56 1022/1462/56
f 1059/1668/56 1198/1995/56 1197/2137/56
f 1132/2246/113 965/1403/213 1133/2278/213
f 1512/2279/282 1328/1855/348 1513/2280/348
f 1338/1871/351 1514/2281/282 1512/2279/282
f 1453/2108/7 1120/1565/7 1142/1610/7
f 972/1519/231 1438/2070/8 1475/2186/8
f 1008/1527/235 1181/2032/7 961/2282/7
f 1349/1886/213 1212/1673/213 1257/2148/434
f 1383/2274/213 1210/1671/213 1350/1887/213
f 1235/1700/213 1515/2283/112 1502/2253/213
f 1515/2283/112 1276/1760/323 1516/2284/323
f 1431/2285/479 1382/1944/395 1364/1992/412
f 1247/1717/10 1306/1801/85 1511/2276/10
f 1218/2286/478 1510/2273/213 1091/1535/240
f 1486/2207/112 1124/2251/323 1134/2287/112
f 965/1403/213 1134/2287/112 1133/2278/213
f 1018/1876/56 1059/1499/56 1158/1613/56
f 1260/2082/1 1196/2162/1 1444/2083/1
f 1078/2092/113 1333/2288/213 1438/2165/213
f 1393/2289/1 980/2078/1 1288/1781/1
f 1254/1726/213 952/1389/214 1233/1727/300
f 979/2290/480 1091/1535/240 1093/1537/242
f 1396/2157/1 961/1447/1 1151/1602/1
f 971/1409/1 1168/1669/1 1156/2064/1
f 1249/1720/1 1086/1530/1 1085/1529/195
f 1115/1560/259 1374/1924/481 1114/1558/258
f 1384/2291/482 1173/1631/279 1385/2069/422
f 1265/1744/213 1353/1890/317 1352/1889/213
f 1106/2199/469 1136/1583/460 1366/1910/467
f 1293/1787/333 1485/2292/483 1291/1785/331
f 1369/2293/484 1104/1548/251 1485/2292/483
f 42/43/9 359/424/12 1517/2294/12
f 1518/2295/56 503/683/56 449/579/56
f 1519/2296/56 306/343/56 1520/2297/56
f 1521/2298/56 427/540/56 503/683/56
f 1522/2299/56 258/286/56 1523/2300/56
f 1518/2295/56 451/581/56 1522/2299/56
f 376/446/56 1524/2301/56 1525/2302/56
f 343/400/56 1519/2296/56 1526/2303/56
f 1524/2301/56 427/540/56 1527/2304/56
f 237/261/56 1525/2302/56 1528/2305/56
f 1517/2294/12 263/294/26 1529/2306/26
f 265/420/25 1530/2307/56 1531/2308/25
f 1532/2309/56 351/412/92 1533/2310/485
f 344/401/56 1526/2303/56 1530/2307/56
f 1520/2297/56 252/280/56 1534/2311/56
f 1529/2306/26 265/296/25 1531/2312/25
f 1523/2300/56 257/285/56 1532/2309/56
f 1534/2311/56 211/232/56 1535/2313/56
f 213/234/56 1528/2305/56 1536/2314/56
f 443/566/120 491/2315/86 335/387/86
f 211/232/56 1536/2314/56 1535/2313/56
f 534/2316/20 530/756/101 1537/2317/101
f 530/756/101 1538/2318/75 1537/2317/101
f 480/637/72 5/5/3 1539/2319/72
f 525/744/119 1540/2320/16 1541/2321/119
f 514/715/74 1541/2322/119 1542/2323/74
f 515/716/75 1542/2323/74 1538/2318/75
f 508/702/16 533/2324/15 1540/2320/16
f 534/2316/20 536/773/145 488/653/20
f 478/635/15 1539/2319/72 533/2324/15
f 1543/2325/486 455/2326/123 4/4/2
f 1543/2325/486 6/6/3 513/714/3
f 1519/2296/56 460/597/56 1526/2303/56
f 1534/2311/56 429/542/56 379/453/56
f 1525/2302/56 269/301/56 1528/2305/56
f 391/472/56 1521/2298/56 1518/2295/56
f 537/787/56 1527/2304/56 1521/2298/56
f 1520/2297/56 465/608/56 1519/2296/56
f 111/119/26 1517/2294/12 1529/2306/26
f 1526/2303/56 382/456/56 1530/2307/56
f 1525/2302/56 223/246/56 459/596/56
f 1533/2310/485 393/475/56 1532/2309/56
f 1535/2313/56 271/303/56 429/542/56
f 1532/2309/56 392/473/56 1523/2300/56
f 1523/2300/56 390/470/56 1522/2299/56
f 1522/2299/56 391/472/56 1518/2295/56
f 1530/2307/56 110/458/25 1531/2308/25
f 1520/2297/56 379/453/56 381/455/56
f 1536/2314/56 269/301/56 271/303/56
f 224/247/56 1524/2301/56 1527/2304/56
f 110/117/25 1529/2306/26 1531/2312/25
f 55/56/12 42/43/9 1517/2294/12
f 42/43/9 44/45/10 544/841/9
f 1544/2327/16 434/819/119 1545/2328/119
f 1543/2325/486 518/726/140 455/588/123
f 519/727/3 1543/2325/486 513/714/3
f 1546/2329/72 519/727/3 278/312/72
f 1547/2330/74 434/552/119 288/323/74
f 1548/2331/101 103/107/20 185/2332/20
f 1549/2333/75 372/438/101 1548/2331/101
f 1547/2330/74 290/325/75 1549/2333/75
f 1546/2329/72 82/84/15 187/2334/15
f 185/2332/20 105/109/22 1550/2335/487
f 187/2334/15 84/86/16 1544/2327/16
f 1550/2335/487 351/412/92 186/411/91
f 452/582/122 1551/2336/488 532/2337/489
f 316/678/10 544/841/9 44/45/10
f 1552/2338/8 1553/2339/490 1554/2340/491
f 1552/2338/8 1555/2341/492 1553/2339/490
f 1556/2342/493 1554/2340/494 1557/2343/493
f 1558/2344/59 1552/2338/59 1554/2340/59
f 1559/2345/495 1560/2346/496 1561/2347/497
f 1562/2348/498 1561/2347/497 1563/2349/499
f 1563/2349/499 1560/2346/496 1564/2350/500
f 1558/2344/1 1555/2341/1 1552/2338/1
f 1565/2351/501 1555/2341/502 1558/2344/501
f 1565/2351/8 1556/2342/8 1566/2352/8
f 1567/2353/8 1568/2354/503 1569/2355/504
f 1567/2353/8 1569/2355/504 1570/2356/505
f 1571/2357/506 1568/2354/507 1572/2358/507
f 1572/2358/59 1568/2354/59 1567/2353/59
f 1572/2358/56 1567/2353/56 1570/2356/56
f 1570/2356/502 1565/2351/501 1572/2358/501
f 1571/2357/8 1565/2351/8 1566/2352/8
f 1573/2359/508 1574/2360/509 1575/2361/510
f 1569/2355/504 1576/2362/511 1577/2363/512
f 1559/2345/495 1578/2364/513 1579/2365/514
f 1580/2366/515 1581/2367/516 1582/2368/517
f 1583/2369/518 1573/2359/508 1575/2361/510
f 1584/2370/519 1575/2361/510 1585/2371/520
f 1586/2372/521 1562/2348/498 1563/2349/499
f 1587/2373/522 1559/2345/495 1561/2347/497
f 1588/2374/523 1583/2369/518 1589/2375/524
f 1559/2345/495 1581/2367/516 1590/2376/525
f 1591/2377/8 1592/2378/526 1593/2379/527
f 1591/2377/8 1593/2379/527 1594/2380/528
f 1556/2342/493 1592/2378/529 1595/2381/529
f 1595/2381/23 1592/2378/23 1591/2377/23
f 1595/2381/1 1591/2377/1 1594/2380/1
f 1594/2380/530 1596/2382/530 1595/2381/531
f 1556/2342/8 1596/2382/8 1566/2352/8
f 1597/2383/8 1598/2384/532 1599/2385/533
f 1597/2383/8 1600/2386/534 1598/2384/532
f 1571/2357/506 1599/2385/535 1601/2387/536
f 1602/2388/23 1597/2383/23 1599/2385/23
f 1602/2388/56 1600/2386/56 1597/2383/56
f 1596/2382/530 1600/2386/530 1602/2388/530
f 1596/2382/8 1571/2357/8 1566/2352/8
f 1603/2389/537 1580/2366/515 1604/2390/538
f 1605/2391/539 1606/2392/540 1607/2393/541
f 1608/2394/542 1563/2349/499 1564/2350/500
f 1609/2395/543 1583/2369/518 1584/2370/519
f 1610/2396/544 1553/2339/490 1581/2367/516
f 1589/2375/524 1579/2365/514 1588/2374/523
f 1609/2395/543 1611/2397/545 1612/2398/546
f 1613/2399/547 1606/2392/540 1562/2348/498
f 1588/2374/523 1577/2363/512 1614/2400/548
f 1606/2392/540 1603/2389/537 1604/2390/538
f 1577/2363/512 1573/2359/508 1614/2400/548
f 1615/2401/549 1616/2402/550 1617/2403/551
f 1564/2350/500 1589/2375/524 1609/2395/543
f 1578/2364/513 1588/2374/523 1579/2365/514
f 1618/2404/552 1619/2405/553 1620/2406/554
f 1580/2366/515 1621/2407/555 1610/2396/544
f 1564/2350/500 1612/2398/546 1608/2394/542
f 1622/2408/556 1623/2409/557 1624/2410/558
f 1625/2411/559 1626/2412/560 1627/2413/561
f 1585/2371/520 1574/2360/509 1628/2414/562
f 1629/2415/563 1617/2403/551 1630/2416/564
f 1619/2405/553 1631/2417/565 1626/2412/560
f 1632/2418/566 1633/2419/567 1634/2420/568
f 1635/2421/569 1569/2355/504 1577/2363/512
f 1585/2371/520 1636/2422/570 1637/2423/571
f 1625/2411/559 1623/2409/557 1633/2419/567
f 1625/2411/559 1620/2406/554 1619/2405/553
f 1592/2378/526 1621/2407/555 1638/2424/572
f 1604/2390/538 1582/2368/517 1587/2373/522
f 1639/2425/573 1593/2379/527 1631/2417/565
f 1626/2412/560 1640/2426/574 1627/2413/561
f 1578/2364/513 1570/2356/505 1635/2421/569
f 1641/2427/575 1633/2419/567 1622/2408/556
f 1629/2415/563 1620/2406/554 1632/2418/566
f 1593/2379/527 1638/2424/572 1631/2417/565
f 1568/2354/503 1642/2428/576 1576/2362/511
f 1627/2413/561 1643/2429/577 1623/2409/557
f 1618/2404/552 1594/2380/528 1639/2425/573
f 1584/2370/519 1637/2423/571 1611/2397/545
f 1624/2410/558 1643/2429/577 1644/2430/578
f 1640/2426/574 1645/2431/579 1643/2429/577
f 1646/2432/580 1615/2401/549 1629/2415/563
f 1640/2426/574 1647/2433/581 1603/2389/537
f 1643/2429/577 1605/2391/539 1644/2430/578
f 1630/2416/564 1648/2434/582 1649/2435/583
f 1630/2416/564 1618/2404/552 1620/2406/554
f 1634/2420/568 1629/2415/563 1632/2418/566
f 1578/2364/513 1555/2341/492 1650/2436/584
f 1616/2402/550 1642/2428/576 1651/2437/585
f 1649/2435/583 1598/2384/532 1600/2386/534
f 1616/2402/550 1648/2434/582 1617/2403/551
f 1652/2438/586 1634/2420/568 1641/2427/575
f 1653/2439/587 1654/2440/588 1615/2401/549
f 1631/2417/565 1655/2441/589 1626/2412/560
f 1651/2437/585 1598/2384/532 1648/2434/582
f 1642/2428/576 1599/2385/533 1651/2437/585
f 1656/2442/590 1646/2432/580 1652/2438/586
f 1606/2392/540 1587/2373/522 1562/2348/498
f 1657/2443/591 1574/2360/509 1654/2440/588
f 1573/2359/508 1642/2428/576 1658/2444/592
f 1654/2440/588 1658/2444/592 1616/2402/550
f 1659/2445/593 1653/2439/587 1656/2442/590
f 1621/2407/555 1554/2340/491 1610/2396/544
f 1590/2376/525 1553/2339/490 1555/2341/492
f 1655/2441/589 1621/2407/555 1647/2433/581
f 1636/2422/570 1657/2443/591 1659/2445/593
f 1618/2404/552 1600/2386/534 1660/2446/594
f 1661/2338/8 1662/2339/490 1663/2340/491
f 1661/2338/8 1664/2341/492 1662/2339/490
f 1665/2342/493 1663/2340/494 1666/2343/595
f 1667/2344/59 1661/2338/59 1663/2340/59
f 1668/2347/497 1669/2365/514 1670/2346/496
f 1671/2348/498 1668/2347/497 1672/2349/499
f 1673/2350/596 1668/2347/497 1670/2346/496
f 1667/2344/1 1664/2341/1 1661/2338/1
f 1674/2351/501 1664/2341/502 1667/2344/502
f 1674/2351/8 1665/2342/8 1675/2352/8
f 1676/2353/8 1677/2354/503 1678/2355/504
f 1676/2353/8 1678/2355/504 1679/2356/505
f 1680/2357/536 1677/2354/507 1681/2358/507
f 1681/2358/59 1677/2354/59 1676/2353/59
f 1681/2358/56 1676/2353/56 1679/2356/56
f 1679/2356/502 1674/2351/501 1681/2358/501
f 1680/2357/8 1674/2351/8 1675/2352/8
f 1682/2361/597 1683/2444/592 1684/2360/598
f 1678/2355/504 1685/2362/511 1686/2363/599
f 1687/2345/495 1688/2364/600 1669/2365/514
f 1689/2366/515 1690/2367/601 1691/2368/602
f 1692/2369/518 1693/2359/508 1682/2361/597
f 1692/2369/518 1694/2371/603 1695/2370/519
f 1696/2372/521 1671/2348/498 1672/2349/499
f 1668/2347/497 1691/2368/602 1687/2345/495
f 1697/2375/524 1698/2400/604 1692/2369/518
f 1687/2345/495 1690/2367/601 1699/2376/525
f 1700/2377/8 1701/2378/526 1702/2379/527
f 1700/2377/8 1702/2379/527 1703/2380/605
f 1665/2342/493 1701/2378/529 1704/2381/529
f 1704/2381/23 1701/2378/23 1700/2377/23
f 1704/2381/1 1700/2377/1 1703/2380/1
f 1703/2380/530 1705/2382/530 1704/2381/530
f 1665/2342/8 1705/2382/8 1675/2352/8
f 1706/2383/8 1707/2384/606 1708/2385/607
f 1706/2383/8 1709/2386/608 1707/2384/606
f 1680/2357/536 1708/2385/535 1710/2387/536
f 1711/2388/23 1706/2383/23 1708/2385/23
f 1711/2388/56 1709/2386/56 1706/2383/56
f 1705/2382/530 1709/2386/530 1711/2388/531
f 1705/2382/8 1680/2357/8 1675/2352/8
f 1712/2390/609 1713/2433/610 1689/2366/515
f 1714/2391/539 1715/2392/611 1716/2393/612
f 1696/2372/521 1673/2350/596 1717/2394/542
f 1697/2375/524 1695/2370/519 1718/2395/543
f 1719/2396/544 1662/2339/490 1690/2367/601
f 1697/2375/524 1669/2365/514 1720/2374/523
f 1721/2398/546 1695/2370/519 1722/2397/545
f 1723/2399/547 1715/2392/611 1671/2348/498
f 1720/2374/523 1686/2363/599 1698/2400/604
f 1724/2431/613 1712/2390/609 1715/2392/611
f 1686/2363/599 1693/2359/508 1698/2400/604
f 1725/2440/588 1726/2403/551 1727/2401/549
f 1673/2350/596 1697/2375/524 1718/2395/543
f 1688/2364/600 1720/2374/523 1669/2365/514
f 1728/2404/552 1729/2405/553 1730/2406/554
f 1689/2366/515 1731/2407/614 1719/2396/544
f 1673/2350/596 1721/2398/546 1717/2394/542
f 1732/2408/556 1733/2409/557 1734/2410/558
f 1735/2411/615 1736/2412/560 1737/2413/561
f 1682/2361/597 1738/2414/616 1694/2371/603
f 1739/2415/563 1726/2403/551 1740/2416/564
f 1729/2405/553 1741/2417/565 1736/2412/560
f 1742/2420/617 1735/2411/615 1743/2419/618
f 1744/2421/569 1678/2355/504 1686/2363/599
f 1694/2371/603 1745/2422/570 1746/2423/619
f 1743/2419/618 1737/2413/561 1733/2409/557
f 1747/2418/566 1729/2405/553 1735/2411/615
f 1701/2378/526 1731/2407/614 1748/2424/620
f 1749/2373/522 1689/2366/515 1691/2368/602
f 1750/2425/621 1702/2379/527 1741/2417/565
f 1736/2412/560 1751/2426/574 1737/2413/561
f 1688/2364/600 1679/2356/505 1744/2421/569
f 1742/2420/617 1732/2408/556 1752/2427/575
f 1740/2416/564 1747/2418/566 1739/2415/563
f 1702/2379/527 1748/2424/620 1741/2417/565
f 1677/2354/503 1753/2428/576 1685/2362/511
f 1737/2413/561 1754/2429/577 1733/2409/557
f 1728/2404/552 1703/2380/605 1750/2425/621
f 1722/2397/545 1694/2371/603 1746/2423/619
f 1734/2410/558 1754/2429/577 1755/2430/578
f 1751/2426/574 1724/2431/613 1754/2429/577
f 1756/2432/580 1727/2401/549 1739/2415/563
f 1757/2441/589 1758/2389/622 1751/2426/574
f 1754/2429/577 1714/2391/539 1755/2430/578
f 1740/2416/564 1759/2434/582 1760/2435/583
f 1740/2416/564 1728/2404/552 1730/2406/554
f 1742/2420/617 1739/2415/563 1747/2418/566
f 1688/2364/600 1664/2341/492 1761/2436/623
f 1762/2402/550 1753/2428/576 1763/2437/585
f 1760/2435/583 1707/2384/606 1709/2386/608
f 1762/2402/550 1759/2434/582 1726/2403/551
f 1764/2438/586 1742/2420/617 1752/2427/575
f 1765/2443/591 1727/2401/549 1766/2439/587
f 1741/2417/565 1757/2441/589 1736/2412/560
f 1763/2437/585 1707/2384/606 1759/2434/582
f 1753/2428/576 1708/2385/607 1763/2437/585
f 1764/2438/586 1766/2439/587 1756/2432/580
f 1715/2392/611 1749/2373/522 1671/2348/498
f 1738/2414/616 1725/2440/588 1765/2443/591
f 1693/2359/508 1753/2428/576 1683/2444/592
f 1684/2360/598 1762/2402/550 1725/2440/588
f 1767/2442/590 1765/2443/591 1766/2439/587
f 1731/2407/614 1663/2340/491 1719/2396/544
f 1699/2376/525 1662/2339/490 1664/2341/492
f 1757/2441/589 1731/2407/614 1713/2433/610
f 1745/2422/570 1765/2443/591 1768/2445/624
f 1728/2404/552 1709/2386/608 1769/2446/594
f 1770/2338/8 1771/2339/490 1772/2340/625
f 1770/2338/8 1773/2341/492 1771/2339/490
f 1774/2342/493 1772/2340/494 1775/2343/493
f 1776/2344/59 1770/2338/59 1772/2340/59
f 1777/2347/497 1778/2365/514 1779/2346/496
f 1780/2348/498 1777/2347/497 1781/2349/499
f 1782/2350/500 1777/2347/497 1779/2346/496
f 1776/2344/1 1773/2341/1 1770/2338/1
f 1783/2351/502 1773/2341/502 1776/2344/502
f 1783/2351/8 1774/2342/8 1784/2352/8
f 1785/2353/8 1786/2354/503 1787/2355/504
f 1785/2353/8 1787/2355/504 1788/2356/626
f 1789/2357/536 1786/2354/507 1790/2358/507
f 1790/2358/59 1786/2354/59 1785/2353/59
f 1790/2358/56 1785/2353/56 1788/2356/56
f 1788/2356/502 1783/2351/502 1790/2358/502
f 1789/2357/8 1783/2351/8 1784/2352/8
f 1791/2361/510 1792/2444/627 1793/2360/598
f 1787/2355/504 1794/2362/511 1795/2363/599
f 1796/2345/495 1797/2364/600 1778/2365/514
f 1798/2366/515 1799/2367/516 1800/2368/602
f 1801/2369/518 1802/2359/508 1791/2361/510
f 1801/2369/518 1803/2371/603 1804/2370/519
f 1805/2372/521 1780/2348/498 1781/2349/499
f 1777/2347/497 1800/2368/602 1796/2345/495
f 1806/2375/524 1807/2400/604 1801/2369/518
f 1796/2345/495 1799/2367/516 1808/2376/525
f 1809/2377/8 1810/2378/526 1811/2379/527
f 1809/2377/8 1811/2379/527 1812/2380/605
f 1774/2342/493 1810/2378/529 1813/2381/529
f 1813/2381/23 1810/2378/23 1809/2377/23
f 1813/2381/1 1809/2377/1 1812/2380/1
f 1812/2380/530 1814/2382/530 1813/2381/530
f 1774/2342/8 1814/2382/8 1784/2352/8
f 1815/2383/8 1816/2384/532 1817/2385/607
f 1815/2383/8 1818/2386/628 1816/2384/532
f 1789/2357/536 1817/2385/535 1819/2387/536
f 1820/2388/23 1815/2383/23 1817/2385/23
f 1820/2388/56 1818/2386/56 1815/2383/56
f 1814/2382/530 1818/2386/530 1820/2388/530
f 1814/2382/8 1789/2357/8 1784/2352/8
f 1821/2390/538 1822/2433/610 1798/2366/515
f 1823/2391/539 1824/2392/611 1825/2393/541
f 1826/2394/542 1781/2349/499 1782/2350/500
f 1827/2395/543 1801/2369/518 1804/2370/519
f 1828/2396/544 1771/2339/490 1799/2367/516
f 1806/2375/524 1778/2365/514 1829/2374/523
f 1827/2395/543 1830/2397/545 1831/2398/546
f 1832/2399/547 1824/2392/611 1780/2348/498
f 1829/2374/523 1795/2363/599 1807/2400/604
f 1833/2431/613 1821/2390/538 1824/2392/611
f 1795/2363/599 1802/2359/508 1807/2400/604
f 1834/2401/549 1835/2402/550 1836/2403/629
f 1782/2350/500 1806/2375/524 1827/2395/543
f 1778/2365/514 1837/2421/630 1829/2374/523
f 1838/2404/552 1839/2405/553 1840/2406/554
f 1798/2366/515 1841/2407/555 1828/2396/544
f 1782/2350/500 1831/2398/546 1826/2394/542
f 1842/2408/556 1843/2409/557 1844/2410/558
f 1845/2411/615 1846/2412/560 1847/2413/561
f 1791/2361/510 1848/2414/616 1803/2371/603
f 1849/2415/563 1836/2403/629 1850/2416/564
f 1839/2405/553 1851/2417/631 1846/2412/560
f 1852/2420/617 1845/2411/615 1853/2419/618
f 1837/2421/630 1787/2355/504 1795/2363/599
f 1803/2371/603 1854/2422/570 1855/2423/571
f 1853/2419/618 1847/2413/561 1843/2409/557
f 1856/2418/566 1839/2405/553 1845/2411/615
f 1810/2378/526 1841/2407/555 1857/2424/632
f 1858/2373/522 1798/2366/515 1800/2368/602
f 1859/2425/573 1811/2379/527 1851/2417/631
f 1846/2412/560 1860/2426/574 1847/2413/561
f 1797/2364/600 1788/2356/626 1837/2421/630
f 1861/2427/575 1853/2419/618 1842/2408/556
f 1849/2415/563 1840/2406/554 1856/2418/566
f 1811/2379/527 1857/2424/632 1851/2417/631
f 1786/2354/503 1862/2428/633 1794/2362/511
f 1847/2413/561 1863/2429/577 1843/2409/557
f 1838/2404/552 1812/2380/605 1859/2425/573
f 1804/2370/519 1855/2423/571 1830/2397/545
f 1844/2410/558 1863/2429/577 1864/2430/578
f 1860/2426/574 1833/2431/613 1863/2429/577
f 1865/2432/580 1834/2401/549 1849/2415/563
f 1866/2441/589 1867/2389/537 1860/2426/574
f 1863/2429/577 1823/2391/539 1864/2430/578
f 1850/2416/564 1868/2434/634 1869/2435/583
f 1840/2406/554 1869/2435/583 1838/2404/552
f 1852/2420/617 1849/2415/563 1856/2418/566
f 1797/2364/600 1773/2341/492 1870/2436/635
f 1835/2402/550 1862/2428/633 1871/2437/585
f 1869/2435/583 1816/2384/532 1818/2386/628
f 1835/2402/550 1868/2434/634 1836/2403/629
f 1872/2438/586 1852/2420/617 1861/2427/575
f 1873/2443/591 1834/2401/549 1874/2439/587
f 1851/2417/631 1866/2441/589 1846/2412/560
f 1871/2437/585 1816/2384/532 1868/2434/634
f 1862/2428/633 1817/2385/607 1871/2437/585
f 1875/2442/590 1865/2432/580 1872/2438/586
f 1824/2392/611 1858/2373/522 1780/2348/498
f 1848/2414/616 1876/2440/588 1873/2443/591
f 1802/2359/508 1862/2428/633 1792/2444/627
f 1793/2360/598 1835/2402/550 1876/2440/588
f 1877/2445/593 1874/2439/587 1875/2442/590
f 1841/2407/555 1772/2340/625 1828/2396/544
f 1808/2376/525 1771/2339/490 1773/2341/492
f 1866/2441/589 1841/2407/555 1822/2433/610
f 1854/2422/570 1873/2443/591 1877/2445/593
f 1838/2404/552 1818/2386/628 1878/2446/594
f 1879/2338/7 1880/2340/636 1881/2339/637
f 1879/2338/7 1881/2339/637 1882/2341/638
f 1883/2342/639 1880/2340/640 1884/2344/640
f 1884/2344/59 1880/2340/59 1879/2338/59
f 1885/2346/641 1886/2345/642 1887/2347/643
f 1887/2347/643 1888/2348/644 1889/2349/645
f 1885/2346/641 1889/2349/645 1890/2350/646
f 1884/2344/1 1879/2338/1 1882/2341/1
f 1882/2341/647 1891/2351/648 1884/2344/648
f 1883/2342/7 1891/2351/7 1892/2352/7
f 1893/2353/7 1894/2355/649 1895/2354/650
f 1893/2353/7 1896/2356/651 1894/2355/649
f 1897/2357/652 1895/2354/653 1898/2387/652
f 1899/2358/59 1893/2353/59 1895/2354/59
f 1899/2358/56 1896/2356/56 1893/2353/56
f 1891/2351/648 1896/2356/647 1899/2358/648
f 1891/2351/7 1897/2357/7 1892/2352/7
f 1900/2361/654 1901/2444/655 1902/2359/656
f 1903/2362/657 1894/2355/649 1904/2363/658
f 1905/2364/659 1886/2345/642 1906/2365/660
f 1907/2367/661 1908/2366/662 1909/2368/663
f 1910/2369/664 1902/2359/656 1911/2400/665
f 1912/2370/666 1900/2361/654 1910/2369/664
f 1913/2372/667 1888/2348/644 1914/2399/668
f 1887/2347/643 1909/2368/663 1915/2373/669
f 1916/2375/670 1911/2400/665 1917/2374/671
f 1886/2345/642 1907/2367/661 1909/2368/663
f 1918/2377/7 1919/2379/672 1920/2378/673
f 1918/2377/7 1921/2380/674 1919/2379/672
f 1883/2342/639 1920/2378/675 1922/2343/639
f 1923/2381/23 1918/2377/23 1920/2378/23
f 1923/2381/1 1921/2380/1 1918/2377/1
f 1924/2382/676 1921/2380/676 1923/2381/677
f 1924/2382/7 1883/2342/7 1892/2352/7
f 1925/2383/7 1926/2385/678 1927/2384/679
f 1925/2383/7 1927/2384/679 1928/2386/680
f 1897/2357/652 1926/2385/681 1929/2388/681
f 1929/2388/23 1926/2385/23 1925/2383/23
f 1929/2388/56 1925/2383/56 1928/2386/56
f 1928/2386/677 1924/2382/676 1929/2388/676
f 1897/2357/7 1924/2382/7 1892/2352/7
f 1930/2390/682 1931/2433/683 1932/2389/684
f 1933/2393/685 1934/2431/686 1935/2391/687
f 1936/2394/688 1889/2349/645 1913/2372/667
f 1937/2395/689 1910/2369/664 1916/2375/670
f 1881/2339/637 1938/2396/690 1907/2367/661
f 1916/2375/670 1906/2365/660 1885/2346/641
f 1939/2397/691 1937/2395/689 1940/2398/692
f 1888/2348/644 1933/2393/685 1914/2399/668
f 1917/2374/671 1904/2363/658 1941/2421/693
f 1942/2392/694 1932/2389/684 1934/2431/686
f 1902/2359/656 1904/2363/658 1911/2400/665
f 1943/2403/695 1944/2440/696 1945/2401/697
f 1890/2350/646 1916/2375/670 1885/2346/641
f 1917/2374/671 1905/2364/659 1906/2365/660
f 1946/2405/698 1947/2404/699 1948/2406/700
f 1908/2366/662 1949/2407/701 1931/2433/683
f 1940/2398/692 1890/2350/646 1936/2394/688
f 1950/2408/702 1951/2409/703 1952/2419/704
f 1953/2413/705 1946/2405/698 1954/2411/706
f 1955/2371/707 1956/2360/708 1900/2361/654
f 1957/2416/709 1945/2401/697 1958/2415/710
f 1946/2405/698 1959/2417/711 1960/2425/712
f 1952/2419/704 1961/2418/713 1962/2420/714
f 1941/2421/693 1894/2355/649 1896/2356/651
f 1963/2423/715 1964/2414/716 1955/2371/707
f 1951/2409/703 1954/2411/706 1952/2419/704
f 1946/2405/698 1961/2418/713 1954/2411/706
f 1949/2407/701 1920/2378/673 1965/2424/717
f 1909/2368/663 1930/2390/682 1915/2373/669
f 1960/2425/712 1919/2379/672 1921/2380/674
f 1966/2426/718 1967/2412/719 1953/2413/705
f 1905/2364/659 1896/2356/651 1968/2436/720
f 1969/2427/721 1952/2419/704 1962/2420/714
f 1958/2415/710 1948/2406/700 1957/2416/709
f 1965/2424/717 1919/2379/672 1959/2417/711
f 1970/2428/722 1895/2354/650 1903/2362/657
f 1951/2409/703 1966/2426/718 1953/2413/705
f 1947/2404/699 1921/2380/674 1971/2446/723
f 1963/2423/715 1912/2370/666 1939/2397/691
f 1972/2410/724 1973/2429/725 1951/2409/703
f 1973/2429/725 1932/2389/684 1966/2426/718
f 1974/2432/726 1945/2401/697 1975/2439/727
f 1932/2389/684 1976/2441/728 1966/2426/718
f 1935/2391/687 1973/2429/725 1977/2430/729
f 1957/2416/709 1978/2434/730 1943/2403/695
f 1947/2404/699 1957/2416/709 1948/2406/700
f 1962/2420/714 1958/2415/710 1974/2432/726
f 1905/2364/659 1882/2341/638 1979/2376/731
f 1980/2402/732 1970/2428/722 1901/2444/655
f 1981/2435/733 1927/2384/679 1978/2434/730
f 1978/2434/730 1980/2402/732 1943/2403/695
f 1962/2420/714 1982/2438/734 1969/2427/721
f 1975/2439/727 1944/2440/696 1983/2443/735
f 1976/2441/728 1959/2417/711 1967/2412/719
f 1927/2384/679 1984/2437/736 1978/2434/730
f 1926/2385/678 1970/2428/722 1984/2437/736
f 1974/2432/726 1985/2442/737 1982/2438/734
f 1888/2348/644 1930/2390/682 1942/2392/694
f 1983/2443/735 1956/2360/708 1964/2414/716
f 1902/2359/656 1970/2428/722 1903/2362/657
f 1980/2402/732 1956/2360/708 1944/2440/696
f 1975/2439/727 1986/2445/738 1985/2442/737
f 1880/2340/636 1949/2407/701 1938/2396/690
f 1979/2376/731 1881/2339/637 1907/2367/661
f 1976/2441/728 1949/2407/701 1965/2424/717
f 1983/2443/735 1987/2422/739 1986/2445/738
f 1947/2404/699 1928/2386/680 1981/2435/733
f 1988/2338/7 1989/2340/740 1990/2339/637
f 1988/2338/7 1990/2339/637 1991/2341/638
f 1992/2342/741 1989/2340/640 1993/2344/640
f 1993/2344/59 1989/2340/59 1988/2338/59
f 1994/2346/641 1995/2345/642 1996/2347/742
f 1997/2349/645 1998/2373/669 1999/2348/644
f 2000/2350/646 1996/2347/742 1997/2349/645
f 1993/2344/1 1988/2338/1 1991/2341/1
f 1991/2341/647 2001/2351/647 1993/2344/647
f 1992/2342/7 2001/2351/7 2002/2352/7
f 2003/2353/7 2004/2355/649 2005/2354/743
f 2003/2353/7 2006/2356/744 2004/2355/649
f 2007/2357/745 2005/2354/653 2008/2387/652
f 2009/2358/59 2003/2353/59 2005/2354/59
f 2009/2358/56 2006/2356/56 2003/2353/56
f 2001/2351/647 2006/2356/647 2009/2358/648
f 2001/2351/7 2007/2357/7 2002/2352/7
f 2010/2360/746 2011/2359/656 2012/2361/654
f 2013/2362/747 2004/2355/649 2014/2363/748
f 2015/2364/749 1995/2345/642 2016/2365/660
f 2017/2367/750 2018/2366/662 2019/2368/663
f 2012/2361/654 2020/2400/751 2021/2369/664
f 2022/2371/707 2021/2369/664 2023/2370/752
f 2024/2372/667 1999/2348/644 2025/2399/668
f 1996/2347/742 2019/2368/663 1998/2373/669
f 2026/2375/670 2020/2400/751 2027/2374/671
f 1995/2345/642 2017/2367/750 2019/2368/663
f 2028/2377/7 2029/2379/672 2030/2378/753
f 2028/2377/7 2031/2380/674 2029/2379/672
f 1992/2342/741 2030/2378/675 2032/2343/639
f 2033/2381/23 2028/2377/23 2030/2378/23
f 2033/2381/1 2031/2380/1 2028/2377/1
f 2034/2382/676 2031/2380/677 2033/2381/677
f 2034/2382/7 1992/2342/7 2002/2352/7
f 2035/2383/7 2036/2385/754 2037/2384/679
f 2035/2383/7 2037/2384/679 2038/2386/680
f 2007/2357/745 2036/2385/681 2039/2388/681
f 2039/2388/23 2036/2385/23 2035/2383/23
f 2039/2388/56 2035/2383/56 2038/2386/56
f 2038/2386/677 2034/2382/676 2039/2388/676
f 2007/2357/7 2034/2382/7 2002/2352/7
f 2018/2366/662 2040/2389/755 2041/2390/756
f 2042/2393/685 2043/2431/757 2044/2391/687
f 2000/2350/646 2024/2372/667 2045/2394/688
f 2046/2395/758 2021/2369/664 2026/2375/670
f 1990/2339/637 2047/2396/690 2017/2367/750
f 2027/2374/671 1994/2346/641 2026/2375/670
f 2048/2398/692 2023/2370/752 2046/2395/758
f 2025/2399/668 2049/2392/694 2042/2393/685
f 2027/2374/671 2014/2363/748 2050/2421/693
f 2041/2390/756 2043/2431/757 2049/2392/694
f 2011/2359/656 2014/2363/748 2020/2400/751
f 2051/2401/697 2052/2402/732 2053/2440/759
f 2000/2350/646 2026/2375/670 1994/2346/641
f 2027/2374/671 2015/2364/749 2016/2365/660
f 2054/2405/698 2055/2404/699 2056/2406/700
f 2018/2366/662 2057/2407/701 2058/2433/683
f 2048/2398/692 2000/2350/646 2045/2394/688
f 2059/2408/702 2060/2409/760 2061/2419/704
f 2062/2411/706 2063/2412/719 2054/2405/698
f 2064/2414/761 2012/2361/654 2022/2371/707
f 2065/2415/710 2066/2403/695 2051/2401/697
f 2054/2405/698 2067/2417/762 2068/2425/712
f 2069/2420/763 2062/2411/706 2070/2418/764
f 2050/2421/693 2004/2355/649 2006/2356/744
f 2071/2423/715 2064/2414/761 2022/2371/707
f 2060/2409/760 2062/2411/706 2061/2419/704
f 2062/2411/706 2056/2406/700 2070/2418/764
f 2057/2407/701 2030/2378/753 2072/2424/717
f 2019/2368/663 2041/2390/756 1998/2373/669
f 2068/2425/712 2029/2379/672 2031/2380/674
f 2073/2413/705 2074/2441/728 2063/2412/719
f 2015/2364/749 2006/2356/744 2075/2436/720
f 2059/2408/702 2069/2420/763 2076/2427/721
f 2065/2415/710 2056/2406/700 2077/2416/709
f 2072/2424/717 2029/2379/672 2067/2417/762
f 2078/2428/722 2005/2354/743 2013/2362/747
f 2079/2429/725 2073/2413/705 2060/2409/760
f 2055/2404/699 2031/2380/674 2080/2446/765
f 2081/2397/691 2022/2371/707 2023/2370/752
f 2082/2410/724 2079/2429/725 2060/2409/760
f 2043/2431/757 2083/2426/766 2079/2429/725
f 2065/2415/710 2084/2439/727 2085/2432/726
f 2083/2426/766 2058/2433/683 2074/2441/728
f 2044/2391/687 2079/2429/725 2086/2430/767
f 2077/2416/709 2087/2434/768 2066/2403/695
f 2055/2404/699 2077/2416/709 2056/2406/700
f 2069/2420/763 2065/2415/710 2085/2432/726
f 2015/2364/749 1991/2341/638 2088/2376/731
f 2052/2402/732 2078/2428/722 2089/2444/655
f 2090/2435/733 2037/2384/679 2087/2434/768
f 2087/2434/768 2052/2402/732 2066/2403/695
f 2069/2420/763 2091/2438/734 2076/2427/721
f 2051/2401/697 2092/2443/735 2084/2439/727
f 2074/2441/728 2067/2417/762 2063/2412/719
f 2037/2384/679 2093/2437/736 2087/2434/768
f 2036/2385/754 2078/2428/722 2093/2437/736
f 2091/2438/734 2084/2439/727 2094/2442/737
f 1998/2373/669 2049/2392/694 1999/2348/644
f 2053/2440/759 2064/2414/761 2092/2443/735
f 2011/2359/656 2078/2428/722 2013/2362/747
f 2053/2440/759 2089/2444/655 2010/2360/746
f 2094/2442/737 2092/2443/735 2095/2445/769
f 1989/2340/740 2057/2407/701 2047/2396/690
f 2088/2376/731 1990/2339/637 2017/2367/750
f 2074/2441/728 2057/2407/701 2072/2424/717
f 2092/2443/735 2096/2422/739 2095/2445/769
f 2055/2404/699 2038/2386/680 2090/2435/733
f 2097/2338/7 2098/2340/740 2099/2339/637
f 2097/2338/7 2099/2339/637 2100/2341/638
f 2101/2342/741 2098/2340/640 2102/2344/640
f 2102/2344/59 2098/2340/59 2097/2338/59
f 2103/2347/742 2104/2365/660 2105/2345/642
f 2106/2349/645 2107/2373/770 2108/2348/771
f 2109/2346/641 2106/2349/645 2110/2350/646
f 2102/2344/1 2097/2338/1 2100/2341/1
f 2100/2341/647 2111/2351/647 2102/2344/647
f 2101/2342/7 2111/2351/7 2112/2352/7
f 2113/2353/7 2114/2355/649 2115/2354/743
f 2113/2353/7 2116/2356/651 2114/2355/649
f 2117/2357/652 2115/2354/653 2118/2387/652
f 2119/2358/59 2113/2353/59 2115/2354/59
f 2119/2358/56 2116/2356/56 2113/2353/56
f 2111/2351/647 2116/2356/647 2119/2358/647
f 2111/2351/7 2117/2357/7 2112/2352/7
f 2120/2360/772 2121/2359/656 2122/2361/654
f 2123/2362/773 2114/2355/649 2124/2363/748
f 2125/2364/659 2105/2345/642 2104/2365/660
f 2126/2367/661 2127/2366/662 2128/2368/663
f 2129/2369/664 2121/2359/656 2130/2400/751
f 2131/2370/666 2122/2361/654 2129/2369/664
f 2132/2372/667 2108/2348/771 2133/2399/668
f 2105/2345/642 2107/2373/770 2103/2347/742
f 2134/2375/774 2130/2400/751 2135/2374/671
f 2105/2345/642 2126/2367/661 2128/2368/663
f 2136/2377/7 2137/2379/672 2138/2378/753
f 2136/2377/7 2139/2380/674 2137/2379/672
f 2101/2342/741 2138/2378/675 2140/2343/639
f 2141/2381/23 2136/2377/23 2138/2378/23
f 2141/2381/1 2139/2380/1 2136/2377/1
f 2142/2382/677 2139/2380/676 2141/2381/677
f 2142/2382/7 2101/2342/7 2112/2352/7
f 2143/2383/7 2144/2385/754 2145/2384/679
f 2143/2383/7 2145/2384/679 2146/2386/680
f 2117/2357/652 2144/2385/681 2147/2388/681
f 2147/2388/23 2144/2385/23 2143/2383/23
f 2147/2388/56 2143/2383/56 2146/2386/56
f 2146/2386/677 2142/2382/677 2147/2388/677
f 2117/2357/7 2142/2382/7 2112/2352/7
f 2127/2366/662 2148/2389/684 2149/2390/756
f 2150/2392/694 2151/2391/687 2152/2393/685
f 2153/2394/688 2106/2349/645 2132/2372/667
f 2154/2395/758 2129/2369/664 2134/2375/774
f 2099/2339/637 2155/2396/775 2126/2367/661
f 2134/2375/774 2104/2365/660 2109/2346/641
f 2156/2397/691 2154/2395/758 2157/2398/692
f 2133/2399/668 2150/2392/694 2152/2393/685
f 2135/2374/671 2124/2363/748 2158/2421/693
f 2149/2390/756 2159/2431/757 2150/2392/694
f 2121/2359/656 2124/2363/748 2130/2400/751
f 2160/2401/697 2161/2402/732 2162/2440/696
f 2110/2350/646 2134/2375/774 2109/2346/641
f 2104/2365/660 2158/2421/693 2125/2364/659
f 2163/2405/698 2164/2404/699 2165/2406/700
f 2127/2366/662 2166/2407/776 2167/2433/777
f 2153/2394/688 2154/2395/758 2110/2350/646
f 2168/2408/702 2169/2409/760 2170/2419/704
f 2171/2413/778 2163/2405/698 2172/2411/779
f 2173/2414/716 2122/2361/654 2174/2371/707
f 2175/2415/710 2176/2403/695 2160/2401/697
f 2163/2405/698 2177/2417/780 2178/2425/712
f 2179/2420/714 2172/2411/779 2180/2418/781
f 2158/2421/693 2114/2355/649 2116/2356/651
f 2181/2422/739 2174/2371/707 2182/2423/715
f 2169/2409/760 2172/2411/779 2170/2419/704
f 2172/2411/779 2165/2406/700 2180/2418/781
f 2166/2407/776 2138/2378/753 2183/2424/782
f 2107/2373/770 2127/2366/662 2149/2390/756
f 2178/2425/712 2137/2379/672 2139/2380/674
f 2171/2413/778 2184/2441/728 2185/2412/719
f 2125/2364/659 2116/2356/651 2186/2436/720
f 2168/2408/702 2179/2420/714 2187/2427/721
f 2175/2415/710 2165/2406/700 2188/2416/709
f 2183/2424/782 2137/2379/672 2177/2417/780
f 2189/2428/783 2115/2354/743 2123/2362/773
f 2190/2429/725 2171/2413/778 2169/2409/760
f 2164/2404/699 2139/2380/674 2191/2446/723
f 2182/2423/715 2131/2370/666 2156/2397/691
f 2192/2410/724 2190/2429/725 2169/2409/760
f 2159/2431/757 2193/2426/784 2190/2429/725
f 2194/2432/726 2160/2401/697 2195/2439/727
f 2193/2426/784 2167/2433/777 2184/2441/728
f 2151/2391/687 2190/2429/725 2196/2430/729
f 2188/2416/709 2197/2434/768 2176/2403/695
f 2165/2406/700 2198/2435/733 2188/2416/709
f 2179/2420/714 2175/2415/710 2194/2432/726
f 2125/2364/659 2100/2341/638 2199/2376/731
f 2161/2402/732 2189/2428/783 2200/2444/655
f 2198/2435/733 2145/2384/679 2197/2434/768
f 2197/2434/768 2161/2402/732 2176/2403/695
f 2187/2427/721 2194/2432/726 2201/2438/734
f 2160/2401/697 2202/2443/735 2195/2439/727
f 2184/2441/728 2177/2417/780 2185/2412/719
f 2145/2384/679 2203/2437/785 2197/2434/768
f 2144/2385/754 2189/2428/783 2203/2437/785
f 2194/2432/726 2204/2442/737 2201/2438/734
f 2108/2348/771 2149/2390/756 2150/2392/694
f 2162/2440/696 2173/2414/716 2202/2443/735
f 2121/2359/656 2189/2428/783 2123/2362/773
f 2162/2440/696 2200/2444/655 2120/2360/772
f 2195/2439/727 2205/2445/738 2204/2442/737
f 2098/2340/740 2166/2407/776 2155/2396/775
f 2199/2376/731 2099/2339/637 2126/2367/661
f 2184/2441/728 2166/2407/776 2183/2424/782
f 2202/2443/735 2181/2422/739 2205/2445/738
f 2164/2404/699 2146/2386/680 2198/2435/733
f 1201/2447/8 1464/2448/8 1451/2449/8
f 1/1/1 107/113/1 2/2/1
f 4/4/2 74/76/14 5/5/3
f 7/7/4 325/497/4 8/8/4
f 10/10/1 389/469/1 11/11/1
f 13/13/5 430/620/5 14/14/5
f 16/16/1 529/753/1 17/17/1
f 19/19/1 138/150/1 20/20/1
f 22/22/1 334/385/1 23/23/1
f 25/25/6 413/2450/6 26/26/6
f 28/28/1 118/127/1 29/29/1
f 31/31/1 420/530/1 32/32/1
f 45/46/1 339/436/1 46/47/1
f 48/49/11 352/413/11 49/50/11
f 51/52/1 268/643/1 52/53/1
f 54/55/12 93/2451/9 43/44/9
f 58/60/8 302/825/8 59/61/8
f 64/66/7 447/576/7 65/67/7
f 67/69/1 308/345/1 68/70/1
f 70/72/7 482/782/7 71/73/7
f 4/4/2 455/2326/123 73/75/13
f 75/77/12 402/2452/12 76/78/12
f 82/84/15 279/313/15 83/85/16
f 85/87/7 72/74/7 86/88/7
f 33/33/17 32/32/17 87/90/17
f 89/92/18 302/337/18 90/93/18
f 91/94/7 54/97/7 94/98/7
f 99/103/19 531/2453/19 100/104/19
f 47/48/1 500/700/1 102/106/1
f 103/107/20 398/483/20 104/108/21
f 106/110/7 421/762/7 64/66/7
f 9/112/23 8/2454/23 107/113/23
f 108/114/24 207/227/24 81/115/24
f 110/117/25 383/2455/25 94/118/26
f 112/120/27 462/600/27 113/121/28
f 63/126/1 437/818/1 118/127/1
f 119/128/7 431/767/7 120/129/7
f 123/132/29 377/449/29 124/133/29
f 126/135/30 328/2456/30 127/136/30
f 88/91/17 400/2457/17 129/138/17
f 130/139/31 70/2458/31 131/140/31
f 70/72/7 130/745/7 68/142/7
f 34/143/32 370/812/32 133/144/32
f 137/149/33 158/2459/33 138/150/33
f 139/151/34 88/91/34 87/90/34
f 15/153/35 14/2460/786 29/29/36
f 141/154/8 285/319/8 142/155/8
f 98/157/38 97/2461/39 144/158/39
f 148/162/8 466/612/8 149/163/8
f 151/165/40 67/69/40 69/71/40
f 143/156/8 311/348/8 153/168/8
f 155/170/41 470/623/42 156/171/42
f 161/176/7 446/575/7 162/177/7
f 164/179/43 486/646/43 165/180/44
f 171/186/1 388/2462/1 172/187/1
f 174/189/45 233/256/45 175/190/45
f 177/192/46 192/207/47 178/193/47
f 180/195/48 457/591/49 181/196/49
f 186/201/8 310/347/8 517/2463/8
f 517/2463/8 1546/2464/8 187/202/8
f 187/202/8 1544/2465/8 1545/2466/8
f 1545/2466/8 1547/2467/8 1549/2468/8
f 1549/2468/8 1548/2469/8 185/200/8
f 185/200/8 1550/2470/8 186/201/8
f 186/201/8 517/2463/8 187/202/8
f 187/202/8 1545/2466/8 1549/2468/8
f 1549/2468/8 185/200/8 187/202/8
f 188/203/50 374/441/50 189/204/51
f 191/206/52 528/752/52 192/207/47
f 125/209/7 124/784/7 194/210/7
f 190/205/51 492/658/53 195/212/53
f 21/21/1 246/534/1 61/217/1
f 194/218/1 531/2453/1 99/103/1
f 204/223/54 493/662/54 205/224/55
f 206/226/24 169/826/24 207/227/24
f 136/228/1 541/828/1 1/1/1
f 210/231/8 442/2471/8 208/229/8
f 442/2471/8 196/2472/8 208/229/8
f 196/2472/8 195/2473/8 208/229/8
f 195/2473/8 472/839/8 254/2474/8
f 472/839/8 384/838/8 254/2474/8
f 254/2474/8 208/229/8 195/2473/8
f 211/232/56 62/2475/56 212/233/56
f 214/235/8 512/2476/8 215/236/8
f 166/2477/8 128/240/8 164/2478/8
f 128/240/8 542/2479/8 217/238/8
f 164/2478/8 128/240/8 218/239/8
f 542/2479/8 169/184/8 320/2480/8
f 169/184/8 168/183/8 320/2480/8
f 320/2480/8 239/2481/8 542/2479/8
f 239/2481/8 182/2482/8 542/2479/8
f 182/2482/8 181/2483/8 542/2479/8
f 181/2483/8 501/2484/8 542/2479/8
f 501/2484/8 217/238/8 542/2479/8
f 219/241/57 276/310/58 220/242/58
f 43/44/9 93/2451/9 92/244/10
f 222/245/56 267/2485/56 223/246/56
f 228/251/59 378/805/59 229/252/59
f 77/79/12 214/656/12 231/254/12
f 232/255/45 502/832/45 233/256/45
f 217/257/60 501/680/61 234/258/61
f 213/234/56 212/233/56 236/260/56
f 50/262/62 388/2462/62 171/186/62
f 238/264/63 180/195/48 182/197/48
f 240/266/8 500/679/8 241/267/8
f 497/722/8 232/837/8 231/271/8
f 232/837/8 243/269/8 231/271/8
f 166/181/44 165/180/44 247/275/64
f 249/277/8 156/407/8 250/278/8
f 251/279/56 62/2475/56 211/232/56
f 253/281/65 208/2486/65 254/282/65
f 256/284/56 304/2487/56 257/285/56
f 209/287/66 419/2488/39 144/158/39
f 260/289/8 540/810/8 261/290/8
f 262/291/67 2206/2489/68 225/292/68
f 263/294/26 360/425/26 264/295/25
f 9/9/4 201/2490/4 266/297/4
f 269/301/56 538/791/56 270/302/56
f 189/2491/7 374/2492/7 96/100/7
f 374/2492/7 467/2493/7 96/100/7
f 467/2493/7 152/167/7 96/100/7
f 272/304/7 228/619/7 273/305/7
f 96/100/7 272/304/7 274/306/7
f 274/306/7 189/2491/7 96/100/7
f 60/307/69 522/733/69 275/308/70
f 276/310/58 498/671/71 277/311/71
f 278/312/72 479/636/72 279/313/15
f 113/121/28 462/600/27 280/314/27
f 248/276/64 247/275/64 282/316/73
f 245/272/8 246/274/8 199/216/8
f 102/321/8 297/332/8 287/322/8
f 250/278/8 313/689/8 242/268/8
f 288/323/74 435/553/74 289/324/75
f 102/321/8 500/679/8 291/326/8
f 293/328/7 130/745/7 85/87/7
f 297/332/8 292/327/8 39/39/8
f 298/333/8 400/486/8 299/334/8
f 301/336/76 59/2494/76 302/337/76
f 304/341/8 256/380/8 305/342/8
f 306/343/56 117/694/56 251/279/56
f 307/344/1 357/738/1 308/345/1
f 309/346/8 517/2463/8 310/347/8
f 312/349/77 496/666/78 313/350/78
f 317/355/79 51/52/79 38/356/79
f 168/358/80 2207/2495/80 319/359/81
f 324/364/8 487/688/8 221/365/8
f 23/367/7 162/177/7 325/368/7
f 116/370/82 59/2496/82 301/371/82
f 326/372/83 522/733/69 60/307/69
f 328/374/84 126/2497/84 198/375/84
f 330/377/7 41/42/7 175/378/7
f 332/382/40 307/344/40 67/69/40
f 333/383/8 318/652/8 38/38/8
f 115/384/1 134/830/1 334/385/1
f 184/386/85 183/567/86 335/387/86
f 337/389/87 504/2498/87 284/390/87
f 36/36/7 52/788/7 339/392/7
f 340/393/88 375/442/89 150/394/89
f 61/217/33 197/2499/33 137/149/33
f 159/174/7 140/482/7 505/2500/7
f 140/482/7 397/481/7 505/2500/7
f 341/397/7 160/175/7 159/174/7
f 191/396/7 193/2501/7 341/397/7
f 159/174/7 505/2500/7 191/396/7
f 68/142/7 293/328/7 342/398/7
f 261/399/56 540/2502/56 343/400/56
f 345/402/90 481/693/90 346/403/90
f 287/322/8 318/652/8 157/406/8
f 349/408/23 253/281/23 96/409/23
f 257/285/56 304/2487/56 186/411/91
f 352/413/93 333/603/93 37/414/93
f 218/418/95 217/257/60 354/416/94
f 217/257/60 235/259/60 354/416/94
f 264/419/25 261/399/56 344/401/56
f 359/424/12 348/842/12 360/425/26
f 215/236/8 512/2476/8 296/331/8
f 512/2476/8 314/352/8 491/657/8
f 296/331/8 512/2476/8 491/657/8
f 361/426/96 324/2503/96 332/382/96
f 362/427/97 468/614/98 363/428/98
f 365/430/52 528/752/52 366/431/99
f 91/94/7 368/433/7 183/198/7
f 368/433/7 350/834/7 147/161/7
f 350/834/7 96/100/7 147/161/7
f 370/435/100 34/2504/100 339/436/100
f 290/325/75 289/324/75 371/437/101
f 132/141/1 394/477/1 85/439/1
f 373/440/102 467/613/102 374/441/50
f 375/442/89 155/170/41 157/172/41
f 200/219/1 99/103/1 310/443/1
f 237/261/56 236/260/56 323/445/56
f 286/447/34 400/2457/34 88/91/34
f 143/448/29 154/840/29 377/449/29
f 215/450/23 208/2486/23 253/281/23
f 378/451/12 228/2505/12 272/452/12
f 379/453/56 303/798/56 380/454/56
f 382/456/56 423/598/56 383/457/25
f 255/283/12 254/282/12 384/459/12
f 79/460/80 2207/2495/80 205/224/55
f 364/2506/8 286/320/8 367/463/8
f 286/320/8 199/216/8 367/463/8
f 199/216/8 198/215/8 126/824/8
f 126/824/8 178/2507/8 365/462/8
f 126/824/8 365/462/8 199/216/8
f 385/464/6 298/2508/6 25/25/6
f 174/468/23 176/2509/23 389/469/23
f 390/470/56 342/474/56 293/471/56
f 133/144/103 47/48/103 46/47/103
f 392/473/56 122/476/56 342/474/56
f 393/475/56 453/583/56 122/476/56
f 240/478/104 242/2510/104 395/479/104
f 395/479/104 72/2511/104 85/439/104
f 85/439/104 394/477/104 395/479/104
f 140/482/7 87/522/7 396/480/7
f 87/522/7 476/698/7 490/2512/7
f 396/480/7 87/522/7 490/2512/7
f 372/438/101 371/437/101 398/483/20
f 299/334/8 400/486/8 399/485/8
f 400/486/8 286/320/8 363/484/8
f 286/320/8 364/2506/8 363/484/8
f 60/62/8 481/638/8 345/487/8
f 188/203/50 442/565/50 210/489/102
f 256/380/8 450/690/8 401/490/8
f 389/493/7 176/550/7 402/491/7
f 176/550/7 230/717/7 402/491/7
f 141/494/105 432/785/105 404/495/105
f 7/7/106 3/3/106 2/2/106
f 350/410/107 543/833/107 405/498/107
f 329/376/108 108/799/108 109/499/108
f 407/502/7 408/507/7 441/2513/7
f 408/507/7 510/2514/7 511/2515/7
f 485/2516/7 408/507/7 511/2515/7
f 485/2516/7 441/2513/7 408/507/7
f 441/2513/7 440/2517/7 407/502/7
f 440/2517/7 458/2518/7 407/502/7
f 458/2518/7 495/2519/7 407/502/7
f 495/2519/7 473/2520/7 407/502/7
f 473/2520/7 406/501/7 407/502/7
f 406/501/7 79/81/7 81/83/7
f 408/503/109 407/609/109 409/504/109
f 408/507/7 341/397/7 516/2521/7
f 341/397/7 193/2501/7 461/2522/7
f 461/2522/7 112/2523/7 341/397/7
f 112/2523/7 114/2524/7 341/397/7
f 516/2521/7 341/397/7 114/2524/7
f 411/506/7 510/2514/7 408/507/7
f 516/2521/7 410/505/7 408/507/7
f 68/70/110 308/345/110 361/508/110
f 25/510/111 417/517/111 412/511/111
f 95/513/112 403/584/112 414/514/112
f 416/516/113 386/574/113 412/511/113
f 268/300/7 484/778/7 49/520/7
f 388/467/7 50/775/7 412/521/7
f 87/522/7 32/794/7 26/523/7
f 144/158/39 419/2488/39 418/525/38
f 137/526/114 422/533/114 159/527/114
f 139/529/115 140/2525/115 420/530/115
f 329/376/84 160/500/84 341/531/84
f 101/105/19 311/2526/19 310/443/19
f 338/391/87 120/719/87 421/532/87
f 422/533/116 199/594/116 246/534/116
f 11/379/7 389/493/7 423/535/7
f 89/92/18 18/18/18 17/17/18
f 426/538/56 39/564/56 292/539/56
f 271/303/56 270/302/56 428/541/56
f 430/543/7 158/173/7 160/175/7
f 58/309/70 275/308/70 262/291/67
f 123/132/117 125/134/117 431/545/117
f 433/547/1 483/642/1 106/548/1
f 40/41/7 273/305/7 176/550/7
f 347/551/118 162/2527/118 23/23/118
f 434/552/119 524/741/119 435/553/74
f 343/400/56 540/2502/56 135/554/56
f 438/559/107 415/515/107 439/560/107
f 235/259/60 234/258/61 440/562/61
f 376/446/56 323/445/56 39/564/56
f 190/205/51 196/213/51 442/565/50
f 443/566/120 335/387/86 183/567/86
f 349/408/107 405/498/107 216/569/107
f 61/63/8 63/65/8 444/570/8
f 377/449/1 404/495/1 119/571/1
f 366/431/99 362/427/97 364/429/97
f 146/572/121 98/157/38 145/159/38
f 27/27/1 26/26/1 386/574/1
f 446/575/7 521/836/7 325/368/7
f 447/576/7 421/762/7 120/129/7
f 356/578/1 240/478/1 394/477/1
f 449/579/56 358/821/56 450/580/56
f 452/582/122 532/2337/489 453/583/56
f 422/533/116 21/21/116 20/20/116
f 438/559/107 91/587/107 95/513/107
f 403/584/59 402/2528/59 75/585/59
f 454/586/23 368/616/23 91/587/23
f 455/588/123 526/747/124 448/589/124
f 456/590/125 516/724/125 114/122/28
f 440/562/61 234/258/61 457/591/49
f 450/580/56 256/284/56 258/286/56
f 430/543/7 30/793/7 138/593/7
f 92/244/10 184/386/85 336/388/85
f 137/526/114 197/2529/114 199/594/114
f 223/246/56 267/2485/56 387/595/56
f 460/597/56 424/803/56 423/598/56
f 461/599/46 177/192/46 462/600/27
f 144/158/39 97/2461/39 152/601/66
f 255/283/65 272/452/65 96/409/65
f 8/40/7 41/42/7 330/377/7
f 48/49/11 148/2530/11 333/603/11
f 94/118/26 54/55/12 55/56/12
f 317/604/126 318/2531/126 287/605/126
f 310/347/8 186/201/8 304/341/8
f 381/455/56 380/454/56 464/607/56
f 407/609/127 81/115/127 207/227/127
f 147/568/120 146/572/121 445/573/121
f 131/140/128 70/2458/128 72/610/128
f 106/110/7 342/398/7 122/131/7
f 466/612/8 298/333/8 300/335/8
f 259/288/66 152/601/66 467/613/102
f 468/614/98 489/654/98 399/615/98
f 77/79/65 76/78/65 368/616/65
f 116/124/8 90/558/8 251/557/8
f 89/92/76 425/537/76 353/617/76
f 346/403/90 163/2532/90 162/618/90
f 228/619/7 230/717/7 176/550/7
f 13/13/129 28/28/129 30/30/129
f 266/621/8 499/692/8 327/488/8
f 469/622/41 35/697/42 470/623/42
f 335/387/86 491/2315/86 369/624/85
f 117/125/8 135/147/8 134/146/8
f 387/466/7 267/299/7 172/298/7
f 62/64/8 251/557/8 437/556/8
f 432/546/117 141/2533/117 143/448/117
f 195/625/53 492/705/53 471/626/130
f 473/628/63 238/264/63 319/359/81
f 474/630/131 527/749/131 475/631/132
f 472/627/130 471/626/130 477/633/133
f 478/635/15 279/313/15 479/636/72
f 482/639/57 65/723/58 276/310/58
f 57/58/7 161/176/7 353/415/7
f 331/641/1 401/710/1 483/642/1
f 268/643/79 51/52/79 317/355/79
f 485/645/95 511/709/43 486/646/43
f 132/141/31 131/140/31 487/647/31
f 298/648/111 466/2534/111 417/517/111
f 444/570/8 206/740/8 198/215/8
f 318/652/8 333/383/8 150/164/8
f 488/653/20 536/773/145 104/108/21
f 476/632/132 475/631/132 489/654/98
f 454/586/65 512/712/65 214/656/65
f 189/204/51 274/2535/53 492/658/53
f 78/659/68 2206/2489/68 262/291/67
f 2206/2489/68 78/659/68 494/663/134
f 78/659/68 167/661/54 494/663/134
f 235/259/60 441/563/60 354/416/94
f 441/563/60 485/645/95 354/416/94
f 495/664/48 180/195/48 238/264/63
f 71/665/78 482/639/57 219/241/57
f 78/80/7 14/59/7 109/544/7
f 264/667/8 360/817/8 439/668/8
f 405/498/112 229/252/112 497/669/112
f 498/671/71 526/747/124 285/672/124
f 106/548/135 483/642/135 337/673/135
f 477/633/133 520/731/141 499/675/136
f 475/631/132 527/749/131 300/676/131
f 44/45/10 336/388/85 369/624/85
f 181/196/49 457/591/49 234/258/61
f 281/315/28 507/701/125 456/590/125
f 427/540/56 292/539/56 291/682/56
f 7/7/106 266/297/106 136/228/106
f 172/187/93 49/50/93 352/413/93
f 505/687/99 397/735/97 362/427/97
f 193/208/47 192/207/47 177/192/46
f 305/342/8 331/381/8 284/318/8
f 210/489/102 209/287/66 259/288/66
f 487/688/8 242/268/8 313/689/8
f 201/220/8 203/222/8 499/692/8
f 409/504/109 542/827/109 128/137/109
f 115/384/137 22/22/137 346/403/137
f 436/555/56 135/554/56 117/694/56
f 127/136/30 328/2456/30 341/695/30
f 416/516/1 321/808/1 385/464/1
f 490/655/98 489/654/98 468/614/98
f 35/697/42 506/699/77 312/349/77
f 13/13/129 444/2536/129 63/126/129
f 413/524/7 474/774/7 476/698/7
f 506/699/77 71/665/78 496/666/78
f 311/348/8 143/156/8 142/155/8
f 400/486/8 298/333/8 385/649/8
f 133/144/103 241/811/103 500/700/103
f 507/701/125 283/317/73 282/316/73
f 508/702/16 83/85/16 279/313/15
f 90/93/1 116/370/1 16/16/1
f 33/33/1 129/138/1 245/703/1
f 24/24/137 163/2532/137 346/403/137
f 273/704/130 471/626/130 492/705/53
f 509/707/89 469/622/41 155/170/41
f 510/708/44 165/180/44 486/646/43
f 337/673/135 483/642/135 401/710/135
f 438/559/23 314/561/23 512/712/23
f 159/174/7 20/796/7 420/713/7
f 278/312/72 519/727/3 513/714/3
f 289/324/75 435/553/74 514/715/74
f 230/717/7 543/2537/7 76/718/7
f 338/391/138 433/547/138 121/549/138
f 194/218/139 200/219/139 101/720/139
f 37/414/1 322/815/1 171/186/1
f 497/722/8 231/271/8 214/235/8
f 487/688/8 324/364/8 357/422/8
f 80/461/55 205/224/55 493/662/54
f 65/723/58 447/760/71 498/671/71
f 319/359/81 2207/2495/80 79/460/80
f 282/316/73 410/755/73 516/724/125
f 458/592/49 457/591/49 180/195/48
f 517/725/3 309/2538/787 518/726/140
f 311/728/139 101/720/139 200/219/139
f 56/660/67 262/291/67 275/308/70
f 446/730/83 326/372/83 520/731/141
f 57/729/70 275/308/70 522/733/69
f 397/735/97 396/696/98 468/614/98
f 523/736/88 509/707/89 375/442/89
f 324/737/110 361/508/110 308/345/110
f 102/106/100 249/2539/100 370/435/100
f 204/223/54 225/292/68 494/663/134
f 225/292/68 2206/2489/68 494/663/134
f 226/739/5 444/2536/5 13/13/5
f 225/248/8 169/184/8 206/740/8
f 11/11/59 175/190/59 233/256/59
f 514/715/74 435/553/74 524/741/119
f 524/743/119 83/85/16 508/702/16
f 479/636/72 513/714/3 6/6/3
f 142/746/142 285/672/124 526/747/124
f 523/736/88 340/393/88 527/749/131
f 411/750/64 247/275/64 165/180/44
f 357/422/8 307/691/8 450/690/8
f 145/159/38 418/525/38 295/751/121
f 505/687/99 366/431/99 528/752/52
f 529/753/82 16/16/82 301/371/82
f 410/755/73 282/316/73 247/275/64
f 530/756/101 371/437/101 289/324/75
f 488/653/20 398/483/20 371/437/101
f 161/734/69 522/733/69 326/372/83
f 477/633/133 471/626/130 273/704/130
f 243/758/23 232/2540/23 174/468/23
f 463/606/143 53/54/143 52/53/143
f 448/589/124 526/747/124 498/671/71
f 521/732/136 520/731/141 477/633/133
f 529/761/7 380/801/7 303/340/7
f 100/211/7 74/771/7 73/763/7
f 531/764/7 194/210/7 453/765/7
f 73/763/7 448/577/7 431/767/7
f 5/769/7 531/764/7 532/766/7
f 532/766/7 1551/2541/7 534/770/7
f 534/770/7 1537/2542/7 1538/2543/7
f 1538/2543/7 1542/2544/7 1541/2545/7
f 1541/2545/7 1540/2546/7 533/768/7
f 533/768/7 1539/2547/7 5/769/7
f 5/769/7 532/766/7 534/770/7
f 534/770/7 1538/2543/7 1541/2545/7
f 1541/2545/7 533/768/7 534/770/7
f 531/764/7 5/769/7 74/771/7
f 536/773/145 452/582/122 1533/2310/485
f 1533/2310/485 535/772/144 536/773/145
f 412/521/7 523/776/7 474/774/7
f 50/775/7 509/777/7 523/776/7
f 484/778/7 469/779/7 509/777/7
f 36/36/7 35/35/7 469/779/7
f 463/606/126 36/759/126 484/780/126
f 34/34/7 86/88/7 506/781/7
f 66/68/7 65/67/7 482/782/7
f 151/165/96 64/166/96 66/783/96
f 72/74/7 71/73/7 506/781/7
f 119/128/7 122/131/7 453/765/7
f 119/571/105 404/495/105 432/785/105
f 537/787/56 294/790/56 222/245/56
f 267/299/7 222/789/7 52/788/7
f 391/472/56 293/471/56 294/790/56
f 240/266/8 356/421/8 358/423/8
f 294/329/7 46/89/7 339/392/7
f 459/596/56 387/595/56 538/791/56
f 26/523/7 538/795/7 387/466/7
f 29/338/7 303/340/7 428/792/7
f 420/713/7 270/797/7 538/795/7
f 429/542/56 428/541/56 303/798/56
f 198/375/108 206/2548/108 108/799/108
f 138/593/7 428/792/7 270/797/7
f 163/178/7 24/800/7 529/761/7
f 425/640/7 17/339/7 29/338/7
f 107/602/7 424/536/7 464/802/7
f 465/608/56 464/607/56 424/803/56
f 178/193/47 192/207/47 528/752/52
f 23/367/7 464/802/7 380/801/7
f 445/573/121 295/751/121 296/804/120
f 497/669/59 229/252/59 378/805/59
f 496/666/78 219/241/57 221/243/57
f 415/515/112 414/514/112 244/807/112
f 401/490/8 307/691/8 332/685/8
f 395/611/128 242/2549/128 487/647/128
f 1533/2310/485 351/412/92 535/772/144
f 351/412/92 105/109/22 535/772/144
f 520/731/141 326/372/83 327/373/83
f 417/517/113 466/2534/113 321/808/113
f 241/811/32 133/144/32 370/812/32
f 12/12/1 260/831/1 243/758/1
f 463/606/143 287/605/143 297/814/143
f 332/685/8 324/364/8 220/366/8
f 466/612/8 148/162/8 322/362/8
f 539/809/8 260/289/8 502/681/8
f 470/623/42 312/349/77 250/351/77
f 48/263/62 171/186/62 322/815/62
f 518/726/140 309/2538/787 142/746/142
f 134/146/8 136/148/8 266/621/8
f 360/817/8 348/405/8 314/352/8
f 212/273/8 62/64/8 61/63/8
f 527/749/131 340/393/88 149/395/88
f 284/318/8 504/684/8 277/686/8
f 385/649/8 321/361/8 323/363/8
f 261/290/8 439/668/8 244/270/8
f 320/360/81 319/359/81 238/264/63
f 437/818/146 226/2550/788 15/153/35
f 84/86/16 83/85/16 524/743/119
f 236/650/8 212/273/8 245/272/8
f 284/390/138 331/641/138 433/547/138
f 135/147/8 540/810/8 541/820/8
f 503/683/56 291/682/56 358/821/56
f 245/703/115 286/2551/115 139/529/115
f 489/654/98 475/631/132 299/677/132
f 75/585/59 231/2552/59 244/807/59
f 178/2507/8 126/824/8 179/2553/8
f 126/824/8 128/240/8 507/2554/8
f 179/2553/8 126/824/8 280/823/8
f 128/240/8 166/2477/8 248/2555/8
f 248/2555/8 283/2556/8 128/240/8
f 283/2556/8 507/2554/8 128/240/8
f 507/2554/8 281/822/8 126/824/8
f 37/37/8 39/39/8 323/363/8
f 539/809/8 202/221/8 201/220/8
f 409/504/127 207/227/127 169/826/127
f 462/600/27 177/192/46 179/194/46
f 9/112/23 1/1/23 541/828/23
f 116/124/8 115/123/8 481/638/8
f 134/830/118 345/2557/118 347/551/118
f 355/417/95 486/646/43 164/179/43
f 260/831/59 12/12/59 233/256/59
f 543/833/112 230/253/112 229/252/112
f 403/492/7 95/99/7 423/535/7
f 76/718/7 543/2537/7 350/834/7
f 95/99/7 94/98/7 383/835/7
f 521/836/7 40/41/7 8/40/7
f 232/837/8 497/722/8 384/838/8
f 53/54/1 297/814/1 38/356/1
f 154/840/1 305/496/1 404/495/1
f 437/556/8 90/558/8 302/825/8
f 544/841/9 315/2558/9 348/842/12
f 203/222/8 502/681/8 232/837/8
f 205/224/55 2207/2495/80 168/358/80
f 549/847/56 586/884/56 550/848/56
f 561/859/59 750/1352/59 562/860/59
f 573/871/1 911/1294/1 574/872/1
f 585/883/56 550/848/56 586/884/56
f 572/870/56 609/907/56 590/888/56
f 592/890/56 909/1336/56 593/891/56
f 565/863/56 596/894/56 595/893/56
f 613/911/56 745/1044/56 563/2559/56
f 745/1044/56 561/1340/56 563/2559/56
f 563/2559/56 611/909/56 613/911/56
f 565/863/56 564/862/56 560/858/56
f 626/924/56 625/923/56 624/922/56
f 630/928/56 702/1000/56 631/929/56
f 633/931/56 732/1031/56 628/926/56
f 635/933/56 884/1222/56 636/934/56
f 637/935/56 636/934/56 638/936/56
f 639/937/56 638/936/56 640/938/56
f 642/940/56 641/939/56 640/938/56
f 551/849/56 591/889/56 552/850/56
f 644/942/56 678/976/56 645/943/56
f 647/945/1 844/1174/1 648/946/1
f 650/948/56 882/1220/56 651/949/56
f 653/951/56 827/1143/56 654/952/56
f 656/954/56 713/1011/56 657/955/56
f 659/957/56 733/1032/56 660/958/56
f 662/960/56 661/959/56 660/958/56
f 662/960/56 663/961/56 664/962/56
f 666/964/1 873/1210/1 667/965/1
f 669/967/1 786/1093/1 670/968/1
f 672/970/56 736/1035/56 673/971/56
f 675/973/56 708/1006/56 676/974/56
f 678/976/56 642/940/56 643/941/56
f 679/977/56 767/1072/56 680/978/56
f 682/980/56 681/979/56 680/978/56
f 653/951/56 655/953/56 684/982/56
f 686/984/1 829/1150/1 687/985/1
f 689/987/1 800/1109/1 690/988/1
f 692/990/1 848/1179/1 693/991/1
f 695/993/56 819/1133/56 696/994/56
f 698/996/56 697/995/56 696/994/56
f 698/996/56 699/997/56 700/998/56
f 630/928/56 701/999/56 700/998/56
f 703/1001/1 879/1217/1 704/1002/1
f 632/930/56 631/929/56 706/1004/56
f 708/1006/56 652/950/56 651/949/56
f 709/1007/1 860/1197/1 710/1008/1
f 712/1010/56 731/1030/56 713/1011/56
f 714/1012/56 742/1041/56 715/1013/56
f 717/1015/56 905/1267/56 718/1016/56
f 720/1018/56 719/1063/56 718/1019/56
f 720/1018/56 721/1020/56 722/1021/56
f 723/1022/56 722/1021/56 724/1023/56
f 672/970/56 674/972/56 726/1025/56
f 707/1005/56 706/1004/56 728/1027/56
f 712/1010/56 792/1100/56 730/1029/56
f 634/932/56 627/925/56 732/1031/56
f 659/957/56 685/983/56 684/982/56
f 734/1033/56 658/956/56 657/955/56
f 734/1033/56 735/1034/56 673/971/56
f 711/1009/1 710/1008/1 737/1036/1
f 739/1038/56 746/1046/56 740/1039/56
f 742/1041/56 682/980/56 683/981/56
f 743/1042/147 614/1042/147 610/1043/148
f 613/911/149 551/911/149 589/1044/150
f 739/1038/151 624/1085/151 623/1045/152
f 747/1047/153 702/1000/153 700/998/154
f 749/1049/155 904/1265/155 750/1050/155
f 704/1002/156 706/1004/156 631/929/59
f 752/1052/157 728/1027/157 706/1004/156
f 691/989/152 740/1039/152 728/1027/157
f 753/1053/158 786/1093/158 669/967/7
f 755/1055/159 584/1055/159 607/1056/160
f 593/1057/23 908/1270/23 575/1058/23
f 745/1044/150 589/1044/150 554/1060/161
f 693/991/162 664/962/162 663/961/158
f 720/1018/158 628/1097/158 732/1062/7
f 736/1035/163 557/1242/190 556/1064/164
f 760/1065/154 913/1334/153 761/1066/153
f 763/1068/23 677/975/23 676/974/165
f 765/1070/150 767/1072/150 677/975/23
f 766/1071/166 680/978/166 767/1072/150
f 768/1073/153 618/1073/153 621/1074/167
f 770/1075/168 711/1009/168 738/1037/169
f 772/1077/147 724/1023/147 722/1021/162
f 774/1079/169 884/1222/169 775/1080/8
f 688/986/164 683/981/164 680/978/166
f 777/1082/164 686/984/164 778/1083/166
f 717/1015/170 627/1254/170 624/1085/151
f 742/1041/171 586/1117/171 549/1086/164
f 780/1087/153 643/941/153 640/938/154
f 782/1089/59 645/943/59 643/941/153
f 782/1089/59 866/1203/156 646/944/156
f 592/890/152 594/892/172 566/892/172
f 783/1090/152 655/953/152 654/952/157
f 785/1092/162 881/1219/162 786/1093/158
f 690/988/151 741/1040/151 740/1039/152
f 787/1094/160 760/1065/154 762/1067/154
f 648/946/150 713/1011/150 731/1030/23
f 723/1022/162 585/1157/162 628/1097/158
f 790/1098/156 879/1217/156 703/1001/59
f 783/1090/152 864/1201/151 684/982/151
f 792/1100/165 591/1269/165 588/1101/173
f 794/1103/174 578/1103/174 582/1104/169
f 796/1105/175 668/966/175 797/1106/171
f 799/1108/170 875/1213/170 800/1109/151
f 802/1111/7 563/1339/7 562/1112/7
f 804/1114/158 821/1135/158 805/1115/7
f 687/985/171 715/1013/171 683/981/164
f 714/1012/175 587/1248/175 586/1117/171
f 807/1118/59 845/1175/156 808/1119/156
f 810/1121/8 611/2560/8 811/1122/8
f 813/1124/165 868/1205/165 814/1125/173
f 816/1127/168 787/1094/160 788/1095/160
f 630/928/153 617/1130/153 583/1129/176
f 632/930/59 619/1247/59 617/1130/153
f 815/1126/173 814/1125/173 692/990/147
f 729/1028/157 622/1253/157 620/1132/156
f 710/1008/168 696/994/168 819/1133/169
f 820/1134/162 694/992/162 821/1135/158
f 822/1136/171 673/971/171 735/1034/164
f 824/1138/152 689/987/152 825/1139/157
f 695/993/169 579/1228/169 577/1141/8
f 662/960/158 601/1170/158 599/1142/7
f 827/1143/177 596/1161/177 565/1144/156
f 708/1006/165 606/1148/165 604/1147/179
f 675/973/23 590/1252/23 606/1148/165
f 828/1149/175 852/1187/175 829/1150/171
f 681/979/166 570/1160/166 571/1152/150
f 831/1153/169 861/1198/169 832/1154/8
f 560/1156/180 916/1156/180 769/1074/167
f 725/1024/147 550/1234/147 585/1157/162
f 834/1158/166 647/945/166 649/947/150
f 682/980/164 549/1086/164 570/1160/166
f 621/919/56 618/916/56 617/915/56
f 653/951/152 568/1184/152 596/1161/177
f 836/1164/182 894/2561/182 837/1165/182
f 678/976/59 559/1327/59 558/1167/153
f 578/1103/174 794/1103/174 839/1168/183
f 840/1169/184 616/1169/184 618/1073/153
f 665/963/181 602/1162/181 601/1170/158
f 567/1171/185 600/1172/186 841/1172/186
f 843/1173/168 871/1208/160 638/936/160
f 823/1137/164 735/1034/164 657/955/166
f 845/1175/156 888/1233/157 846/1176/157
f 847/1177/173 856/1193/173 724/1023/147
f 734/1033/164 556/1064/164 555/1178/187
f 848/1179/147 882/1220/147 664/962/162
f 849/1180/165 609/1180/165 572/910/188
f 758/1060/161 554/1060/161 553/1181/164
f 670/968/158 721/1020/158 718/1019/7
f 744/1043/148 610/1043/148 609/1180/165
f 851/1182/170 608/1182/170 567/1171/185
f 594/892/172 906/1183/156 564/1183/156
f 667/965/175 674/972/175 673/971/171
f 727/1026/8 577/1141/8 576/1186/175
f 788/1095/1 871/1208/1 843/1173/1
f 852/1187/1 853/1189/1 687/985/1
f 832/1154/1 861/1198/1 774/1079/1
f 832/1188/1 776/1230/1 853/1189/1
f 778/1083/1 766/1071/1 765/1070/1
f 714/1012/56 716/1014/56 775/1191/56
f 725/1024/56 724/1023/56 856/1193/56
f 762/1067/1 761/1066/1 780/1087/1
f 695/993/56 727/1026/56 726/1025/56
f 805/1115/1 862/1199/1 857/1194/1
f 814/1125/1 868/1205/1 764/1069/1
f 692/990/1 814/1125/1 859/1196/1
f 709/1007/1 876/1214/1 748/1048/1
f 861/1198/1 817/1128/1 843/1173/1
f 805/1115/1 821/1135/1 759/1061/1
f 675/973/56 677/975/56 767/1072/56
f 863/1200/1 858/1195/1 857/1194/1
f 865/1202/1 863/1200/1 864/1201/1
f 865/1202/1 783/1090/1 784/1091/1
f 846/1176/1 784/1091/1 866/1203/1
f 867/1204/1 763/1068/1 764/1069/1
f 809/1120/1 782/1089/1 780/1087/1
f 869/1206/1 878/1216/1 870/1207/1
f 788/1095/1 762/1067/1 781/1088/1
f 872/1209/1 823/1137/1 844/1174/1
f 644/942/56 646/944/56 654/952/56
f 666/964/1 738/1037/1 737/1036/1
f 669/1211/1 671/1266/1 874/1212/1
f 797/1106/1 668/966/1 667/965/1
f 872/1209/1 797/1106/1 822/1136/1
f 686/984/1 688/986/1 766/1071/1
f 876/1214/1 883/1221/1 747/1047/1
f 809/1120/1 808/1119/1 866/1203/1
f 877/1215/1 789/1096/1 870/1207/1
f 825/1139/1 752/1052/1 704/1002/1
f 880/1218/1 869/1206/1 847/1177/1
f 880/1218/1 772/1077/1 773/1078/1
f 786/1093/1 881/1219/1 773/1078/1
f 650/948/56 665/963/56 664/962/56
f 703/1001/1 705/1003/1 747/1047/1
f 875/1213/1 874/1212/1 690/988/1
f 635/933/56 855/1258/56 775/1080/56
f 746/1046/56 729/1028/56 728/1027/56
f 828/1223/1 753/1315/1 754/1224/1
f 867/1204/1 854/1190/1 765/1070/1
f 877/1215/1 649/947/1 648/946/1
f 694/992/1 693/991/1 759/1061/1
f 689/987/1 691/989/1 752/1052/1
f 781/1088/154 640/938/154 638/936/160
f 885/1226/158 605/1226/158 615/1227/181
f 801/1110/151 800/1109/151 689/987/152
f 697/995/178 580/1145/178 579/1228/169
f 791/1099/59 703/1001/59 883/1221/153
f 870/1207/165 730/1029/165 856/1193/173
f 826/1140/157 825/1139/157 879/1217/156
f 776/1230/8 775/1191/8 716/1014/175
f 803/1113/1 562/1112/1 810/1121/1
f 887/1231/147 880/1218/147 881/1219/162
f 656/954/150 547/1275/150 552/1232/23
f 888/1233/157 901/1261/152 865/1202/152
f 862/1199/7 660/958/7 733/1032/170
f 793/1102/173 588/1101/173 550/1234/147
f 798/1107/171 797/1106/171 872/1209/164
f 661/959/7 599/1142/7 598/1236/170
f 835/1159/150 649/947/150 877/1215/23
f 891/1238/150 854/1190/150 867/1204/23
f 779/1084/166 778/1083/166 854/1190/150
f 754/1240/7 669/1211/7 875/1213/170
f 795/1104/169 582/1104/169 584/1055/159
f 833/1241/8 832/1188/8 852/1187/175
f 672/970/175 576/1186/175 557/1242/190
f 751/1243/23 912/1281/23 893/1244/23
f 641/939/154 629/1264/154 625/1246/160
f 707/1005/156 620/1132/156 619/1247/59
f 784/1091/157 654/952/157 646/944/156
f 659/957/170 598/1236/170 569/1185/189
f 855/1192/8 633/2562/8 587/1248/175
f 895/1249/8 666/964/8 668/966/175
f 896/1250/165 878/1216/165 869/1206/173
f 679/977/150 571/1152/150 590/1252/23
f 746/1046/152 623/1045/152 622/1253/157
f 719/1017/7 732/2563/7 627/1254/170
f 652/950/179 604/1147/179 603/1163/147
f 898/1255/160 709/1007/160 711/1009/168
f 899/1256/175 546/1256/175 545/1168/183
f 764/1069/165 676/974/165 651/949/173
f 635/933/169 634/1259/169 633/1257/8
f 637/935/168 626/1353/168 634/1259/169
f 900/1260/170 806/1116/7 805/1115/7
f 890/1237/23 877/1215/23 878/1216/165
f 859/1196/173 651/949/173 882/1220/147
f 903/1263/191 597/1263/191 608/1182/170
f 892/1239/23 867/1204/23 868/1205/165
f 642/940/153 558/1167/153 629/1264/154
f 836/1164/1 838/1166/1 904/1265/1
f 671/1266/7 718/1016/7 905/1267/170
f 906/1183/156 916/1156/180 560/1156/180
f 889/1235/164 872/1209/164 647/945/166
f 850/1181/164 553/1181/164 548/1268/163
f 572/910/188 551/911/149 613/911/149
f 712/1010/23 552/1232/23 591/1269/165
f 908/1270/164 593/1057/164 909/1271/164
f 748/1048/154 700/998/154 699/997/160
f 841/1172/186 600/1172/186 605/1226/158
f 771/1076/169 738/1037/169 666/964/8
f 811/1273/59 802/1111/59 803/1113/59
f 756/1056/160 607/1056/160 616/1169/184
f 874/1212/170 905/1267/170 741/1040/151
f 873/1210/8 726/1025/8 674/972/175
f 773/1078/162 722/1021/162 721/1020/158
f 658/956/187 555/1178/187 547/1275/150
f 701/999/176 583/1129/176 581/1146/160
f 789/1096/23 731/1030/23 730/1029/165
f 844/1174/166 657/955/166 713/1011/150
f 902/1262/151 900/1260/170 858/1195/170
f 759/1061/158 663/961/158 660/958/7
f 737/1036/169 819/1133/169 726/1025/8
f 907/1268/163 548/1268/163 546/1256/175
f 574/1276/147 915/2564/147 757/1059/147
f 897/1251/173 869/1206/173 880/1218/147
f 843/1173/168 636/934/168 884/1222/169
f 705/1003/59 631/929/59 702/1000/153
f 911/1277/154 876/1214/154 709/1007/160
f 845/1291/1 908/1303/1 910/1292/1
f 617/915/56 616/914/56 607/905/56
f 717/1015/56 739/1038/56 741/1040/56
f 833/1225/1 754/1224/1 799/1320/1
f 831/1153/169 816/1127/168 817/1128/168
f 644/942/156 565/1144/156 559/1327/59
f 573/1229/153 883/1221/153 876/1214/154
f 853/1189/175 716/1014/175 715/1013/171
f 913/1334/153 807/1118/59 809/1120/59
f 818/1131/147 692/990/147 694/992/162
f 802/1111/56 811/2565/56 611/1338/56
f 548/846/56 553/851/56 552/850/56
f 614/912/56 606/904/56 590/888/56
f 915/1341/56 755/1055/56 756/1056/56
f 792/1100/56 793/1102/56 856/1193/56
f 857/1194/170 733/1032/170 684/982/151
f 860/1197/160 699/997/160 696/994/168
f 639/937/160 625/1246/160 626/1353/168
f 917/1354/192 2208/2566/193 918/1355/193
f 920/1357/194 1115/1586/266 921/1358/195
f 923/1360/196 938/1375/197 924/1361/197
f 926/1363/198 1457/2120/198 927/1364/199
f 929/1366/200 1452/2102/200 930/1367/201
f 932/1369/202 936/1373/202 933/1370/203
f 935/1372/204 937/1374/204 936/1373/202
f 935/1372/204 923/1360/196 925/1362/196
f 938/1375/197 1474/2163/205 939/1376/205
f 940/1377/206 1467/2143/207 941/1378/207
f 943/1380/208 940/1377/206 942/1379/206
f 945/1382/209 2209/2567/209 946/1383/210
f 948/1385/211 963/2568/212 949/1386/212
f 954/1391/215 1184/1642/216 955/1392/216
f 957/1394/217 2210/2569/217 958/1395/199
f 960/1397/218 1297/1820/218 961/1398/59
f 963/1400/212 943/1380/208 944/1381/208
f 964/1402/113 1256/1732/213 965/1403/213
f 967/1405/219 948/1385/211 950/1387/211
f 969/1407/220 967/1405/219 968/1406/219
f 974/1412/56 1139/1587/56 975/1413/56
f 977/1415/221 1287/1842/344 978/1416/222
f 980/1418/7 1009/2570/158 981/1419/158
f 998/1436/209 1161/1616/209 999/1437/226
f 1002/1440/213 1488/2571/113 1003/1441/113
f 1005/1443/193 1397/1979/193 1006/1444/192
f 1010/1449/227 1081/1522/234 1011/1450/228
f 1483/2572/7 1246/2573/7 1259/2574/7
f 1246/2573/7 1378/2575/7 1259/2574/7
f 1378/2575/7 1454/2576/7 1259/2574/7
f 1259/2574/7 1268/2577/7 1155/2578/7
f 1268/2577/7 1005/2579/7 1296/2580/7
f 1155/2578/7 1296/2580/7 1066/2581/7
f 1005/2579/7 1007/2582/7 1148/2583/7
f 1148/2583/7 1449/2584/7 1294/2585/7
f 1294/2585/7 1296/2580/7 1005/2579/7
f 1148/2583/7 1294/2585/7 1005/2579/7
f 1296/2580/7 1155/2578/7 1268/2577/7
f 1155/2578/7 1417/2586/7 1483/2572/7
f 1254/2587/7 1153/2588/7 952/2589/7
f 1153/2588/7 1155/2578/7 1065/2590/7
f 952/2589/7 1153/2588/7 1251/2591/7
f 1155/2578/7 1483/2572/7 1259/2574/7
f 1066/2581/7 1065/2590/7 1155/2578/7
f 1153/2588/7 1065/2590/7 1251/2591/7
f 1199/2592/7 952/2589/7 1428/2593/7
f 1428/2593/7 952/2589/7 1303/2594/7
f 1251/2591/7 1303/2594/7 952/2589/7
f 1199/2592/7 1428/2593/7 1329/2595/7
f 1314/2596/7 1329/2595/7 1085/2597/7
f 1329/2595/7 1428/2593/7 1360/2598/7
f 1290/2599/7 1278/2600/7 1085/2597/7
f 1278/2600/7 1315/2601/7 1085/2597/7
f 1315/2601/7 1314/2596/7 1085/2597/7
f 1329/2595/7 1360/2598/7 1085/2597/7
f 1429/2602/7 1290/2599/7 1085/2597/7
f 1234/2603/7 1236/2604/7 1085/2597/7
f 1236/2604/7 1429/2602/7 1085/2597/7
f 1085/2597/7 1347/2605/7 1234/2603/7
f 1442/2606/7 1019/1459/7 1160/2607/7
f 1019/1459/7 1085/2597/7 1020/1460/7
f 959/2608/7 1019/1459/7 957/1458/7
f 1167/2609/7 1441/2610/7 1442/2606/7
f 1179/2611/7 1165/2612/7 1167/2609/7
f 1424/2613/7 1177/2614/7 1179/2611/7
f 1434/2615/7 1496/2616/7 1424/2613/7
f 1000/2617/7 1408/2618/7 1434/2615/7
f 1160/2607/7 998/2619/7 1000/2617/7
f 1140/2620/7 1160/2607/7 1019/1459/7
f 1160/2607/7 1000/2617/7 1167/2609/7
f 1000/2617/7 1434/2615/7 1424/2613/7
f 1424/2613/7 1179/2611/7 1000/2617/7
f 1179/2611/7 1167/2609/7 1000/2617/7
f 1167/2609/7 1442/2606/7 1160/2607/7
f 1019/1459/7 959/2608/7 1140/2620/7
f 1360/2598/7 1359/2621/7 1085/2597/7
f 1359/2621/7 1409/2622/7 1085/2597/7
f 1409/2622/7 1020/1460/7 1085/2597/7
f 1021/1461/56 1193/1652/56 1022/1462/56
f 1024/1464/170 1111/1555/170 1025/1465/7
f 961/1398/59 1181/1639/218 1029/1469/218
f 1030/1470/151 1034/1474/152 1031/1471/152
f 1033/1473/157 1038/1478/157 1031/1471/152
f 1035/1475/156 1042/1482/59 1036/1476/59
f 1033/1473/157 1035/1475/156 1037/1477/156
f 1039/1479/158 1392/2096/158 1040/1480/162
f 1042/1482/59 1045/1485/153 1043/1483/153
f 1044/1484/154 1047/1487/154 1043/1483/153
f 1044/1484/154 1468/2145/160 1046/1486/160
f 1048/1488/165 1068/1508/165 1049/1489/23
f 1051/1491/166 1390/2234/166 1052/1492/164
f 1050/1490/23 1049/1489/23 1054/1494/150
f 1053/1493/164 1052/1492/164 1056/1496/171
f 1061/1501/169 1415/2240/169 1062/1502/168
f 1064/1504/202 1250/1721/204 1065/1505/204
f 1067/1507/173 1070/1510/173 1068/1508/165
f 1069/1509/147 1071/1511/147 1070/1510/173
f 1041/1481/162 1040/1480/162 1071/1511/147
f 1072/1512/113 1123/2121/230 1073/1513/230
f 1075/1515/213 1077/1517/213 1072/1512/113
f 1076/1516/112 1112/2623/112 1077/1517/213
f 1058/1498/232 1060/1500/429 1080/1521/233
f 1082/1523/152 1289/2263/151 1021/1524/151
f 1088/1532/237 1422/2035/419 1089/1533/238
f 1091/1535/240 1387/2272/478 1092/1536/241
f 1094/1538/243 1154/1617/272 1095/1539/244
f 1097/1541/246 1478/2170/448 1098/1542/247
f 1100/1544/8 1114/1558/258 1101/1545/249
f 1106/1550/253 1103/1547/250 1105/1549/252
f 1030/1470/151 1032/1472/151 1111/1555/170
f 1135/1582/262 1366/1910/365 1136/1583/263
f 1138/1585/265 1286/1776/330 1115/1586/266
f 1139/1587/56 1455/2114/56 981/1588/56
f 958/1395/199 2211/2624/198 1140/1589/198
f 1141/1590/195 1453/2241/195 1142/1591/195
f 1004/1442/213 1003/1441/113 1145/1596/113
f 1007/1445/192 1006/1444/192 1147/1598/270
f 1149/1607/23 1152/2062/23 1156/1608/150
f 1160/1615/210 1298/1792/210 1161/1616/209
f 1165/1621/219 1470/2149/219 1166/1622/220
f 1150/1609/150 1156/1608/150 1168/1624/166
f 1169/1626/230 1297/1820/218 960/1397/218
f 977/1630/278 979/2290/480 1093/1537/242
f 1174/1632/280 2212/2625/280 1175/1633/226
f 1177/1635/212 1425/2626/212 1178/1636/211
f 1180/1638/230 1029/1469/218 1181/1639/218
f 1184/1642/216 969/1407/220 970/1408/220
f 1185/1643/1 1389/2184/1 1186/1644/195
f 1188/1646/281 1172/2224/161 1189/1647/161
f 1164/1649/1 1144/1729/1 1191/1650/1
f 1193/1652/56 1021/1461/56 1194/1653/56
f 1196/1655/168 1192/2029/160 1197/1656/160
f 1199/1658/282 1514/2281/282 1200/1659/283
f 1201/1660/284 983/1421/195 989/1427/1
f 1205/1664/225 1259/2627/25 1454/2110/26
f 1454/2110/26 1203/1662/26 1205/1664/225
f 1206/1665/286 1394/1973/423 1080/1521/233
f 1210/1671/213 1510/2273/213 1211/1672/213
f 1213/1674/157 1082/1523/152 1023/1525/152
f 1215/1676/230 964/1402/113 966/1404/113
f 1218/1680/288 978/1416/222 1219/1681/289
f 1457/2628/7 946/2629/7 1202/2630/7
f 946/2629/7 2209/2631/7 1184/2632/7
f 2209/2631/7 1175/2633/7 2212/2634/7
f 2212/2634/7 1467/2635/7 940/2636/7
f 940/2636/7 943/2637/7 2212/2634/7
f 943/2637/7 963/2638/7 2212/2634/7
f 963/2638/7 948/2639/7 1184/2632/7
f 948/2639/7 967/2640/7 1184/2632/7
f 967/2640/7 969/2641/7 1184/2632/7
f 1184/2632/7 954/2642/7 1202/2630/7
f 989/1685/291 1001/2643/291 937/2644/7
f 1001/2643/291 1460/2645/7 936/2646/7
f 1460/2645/7 2208/2647/7 917/2648/7
f 917/2648/7 1493/2649/7 2213/2650/7
f 2213/2650/7 1498/2651/7 933/2652/7
f 2213/2650/7 933/2652/7 1460/2645/7
f 933/2652/7 936/2646/7 1460/2645/7
f 1460/2645/7 917/2648/7 2213/2650/7
f 1184/2632/7 1202/2630/7 946/2629/7
f 1202/2630/7 989/1685/291 1465/2653/7
f 927/2654/7 1202/2630/7 1491/2655/7
f 2209/2631/7 2212/2634/7 1184/2632/7
f 927/2654/7 1457/2628/7 1202/2630/7
f 2212/2634/7 963/2638/7 1184/2632/7
f 1001/2643/291 936/2646/7 937/2644/7
f 1491/2655/7 1202/2630/7 1465/2653/7
f 989/1685/291 937/2644/7 925/2656/7
f 989/1685/291 925/2656/7 924/2657/7
f 989/1685/291 924/2657/7 939/2658/7
f 1452/2659/7 1465/2653/7 989/1685/291
f 930/1684/7 1452/2659/7 989/1685/291
f 989/1685/291 939/2658/7 1220/1683/7
f 1225/1690/293 1431/2285/479 1226/1691/294
f 1228/1693/296 1310/2660/789 1229/1694/297
f 1231/1696/298 1313/1821/440 1232/1697/299
f 1234/1699/112 1348/1885/112 1235/1700/213
f 1238/1707/56 1280/1766/56 1214/1708/56
f 1240/1710/303 1476/2168/446 1241/1711/304
f 1243/1713/306 1301/2156/439 1244/1714/307
f 1246/1716/9 1483/2180/10 1247/1717/10
f 1019/1719/284 1427/2048/284 1249/1720/1
f 1250/1721/204 1302/1796/196 1251/1722/196
f 1252/1723/1 1219/1895/1 1213/1724/1
f 1144/1729/1 1423/2088/1 1255/1730/1
f 1122/1731/112 1486/2207/112 965/1403/213
f 1260/1738/311 1412/2183/456 1261/1739/312
f 1265/1744/213 1352/1889/213 1266/1745/317
f 1268/1747/318 1259/1736/25 1269/1748/56
f 1273/1754/8 1444/2661/169 1208/1755/169
f 1254/1757/59 1232/2662/430 1095/1678/244
f 1276/1760/323 1347/1884/323 1274/1758/224
f 1347/1884/323 1085/2663/195 1274/1758/224
f 1277/1761/324 1315/1823/324 1278/1762/218
f 1009/1769/158 1283/2664/162 975/1770/162
f 1242/1712/305 1241/1711/304 1135/1582/262
f 1138/1585/265 1292/1786/332 1285/1775/329
f 945/1777/8 947/2665/8 1201/2447/8
f 1201/2447/8 956/2666/8 955/1778/8
f 955/1778/8 970/2667/8 968/2668/8
f 968/2668/8 950/2669/8 955/1778/8
f 950/2669/8 949/1779/8 955/1778/8
f 949/1779/8 944/2670/8 1174/2671/8
f 944/2670/8 942/2672/8 1174/2671/8
f 942/2672/8 941/2673/8 1174/2671/8
f 1174/2671/8 1176/2674/8 945/1777/8
f 945/1777/8 1201/2447/8 955/1778/8
f 1174/2671/8 945/1777/8 949/1779/8
f 1287/1780/1 1393/2289/1 1288/1781/1
f 1290/1784/230 1430/2057/230 1279/1763/218
f 1291/1785/331 1285/1775/329 1292/1786/332
f 1294/1788/334 1462/2127/334 1295/1789/203
f 1140/1589/198 2211/2624/198 1298/1792/210
f 1057/1497/171 1056/1496/171 1299/1793/175
f 1302/1796/196 1463/2130/197 1303/1797/197
f 1304/1798/112 1130/2230/112 1129/1799/323
f 1307/1802/85 1507/2259/86 1228/1693/296
f 1228/1693/296 1230/1695/273 1306/1801/85
f 1011/1450/336 1395/1974/408 1308/1803/337
f 1029/1469/218 1487/2675/218 1309/1804/59
f 982/1806/56 1508/2261/56 1195/1654/56
f 1215/1676/230 1216/1677/230 1311/1811/218
f 1089/1533/238 1096/1540/245 1313/1821/339
f 1277/1761/324 1414/2003/341 1314/1822/341
f 1046/1831/1 1386/2011/1 1319/1832/1
f 974/1412/56 1053/2129/56 1057/1839/56
f 1245/1715/308 1244/1714/307 1264/1843/345
f 1322/1844/195 1469/2146/432 1323/1845/347
f 1238/1707/56 1239/1709/56 1044/1848/56
f 1051/1836/56 1354/1891/56 1327/1854/56
f 1328/1855/348 1514/2281/282 1199/1658/282
f 1330/1857/59 1253/2068/156 1282/1858/156
f 1295/1789/203 1064/1504/202 1066/1506/202
f 1018/1876/353 1158/1613/413 1010/1449/227
f 1200/1659/283 1338/1871/351 1340/1873/213
f 1347/1884/323 1276/1760/323 1348/1885/112
f 1349/1886/213 1351/1888/357 1350/1887/213
f 1351/1888/357 1349/1886/213 1352/1889/213
f 1354/1891/56 974/1412/56 976/1414/56
f 1219/1895/1 978/2676/1 1082/1896/1
f 1358/1898/359 1482/2677/201 1359/1899/201
f 1362/1904/294 1381/1943/394 1225/1690/293
f 1305/1800/323 1129/1799/323 1127/1905/195
f 1363/1907/362 1431/2058/421 1364/1908/363
f 1241/1711/304 1479/2173/449 1366/1910/365
f 1370/1918/373 1374/1924/379 1371/1919/374
f 1101/1545/249 1114/1558/258 1374/1924/379
f 1378/1935/12 1246/1716/9 1248/1718/9
f 1381/1943/394 1321/2140/431 1382/1944/395
f 1207/1666/287 1090/1534/239 1245/1715/405
f 1321/1841/343 1381/2105/427 1393/1972/406
f 1394/1973/407 1413/2179/453 1395/1974/408
f 1025/1969/1 1111/2021/1 1373/1975/1
f 1396/1976/173 1151/2678/165 1159/1977/165
f 1268/1747/318 1270/1749/318 1397/1979/193
f 1398/1980/112 1484/2264/112 1399/1981/323
f 976/1985/147 1437/2190/147 1396/1976/173
f 1138/1912/367 1367/1911/366 1373/1921/376
f 1385/1947/398 1092/1949/400 1386/1948/399
f 1376/1930/385 1345/1929/384 1342/1928/383
f 1380/1938/390 1319/1941/392 1351/1940/268
f 1404/1989/409 1339/2172/409 1337/1934/388
f 1223/1688/292 1343/1877/354 1405/1990/410
f 1377/1933/387 1336/1932/386 1346/1931/309
f 1406/1991/411 1384/2291/482 1364/1992/412
f 1000/1438/226 999/1437/226 1407/1993/280
f 1158/1613/413 1058/1498/232 1081/1522/234
f 1375/1926/381 1108/1925/380 1107/1914/369
f 1409/1996/200 1504/2255/200 1410/1997/414
f 1412/2000/415 1395/2155/438 1413/2001/416
f 1414/2003/341 1328/1855/348 1329/1856/348
f 1200/1659/283 1265/1744/213 1267/1746/213
f 1062/2005/1 1415/2022/1 1363/2006/1
f 1036/2008/1 1043/2012/1 1380/2009/1
f 1046/1831/1 1062/2005/1 1365/2007/1
f 1047/1833/1 1319/1832/1 1380/2009/1
f 1038/2013/1 1376/2018/1 1375/2014/1
f 1036/2008/1 1404/2010/1 1377/2016/1
f 1037/2017/1 1377/2016/1 1376/2018/1
f 1032/2019/1 1031/2015/1 1375/2014/1
f 1032/2019/1 1368/2020/1 1373/1975/1
f 1415/2022/1 1401/1984/1 1388/1962/1
f 1116/1561/260 1101/1545/249 1370/1918/373
f 1418/2025/296 1507/2259/86 1307/1802/85
f 1307/1802/85 1417/2024/85 1418/2025/296
f 1419/2026/409 1432/2144/409 1267/2027/388
f 1192/2029/160 1191/2103/154 1420/2030/154
f 1301/1795/335 1272/1752/320 1263/1742/315
f 1422/2035/419 1094/1538/243 1096/1540/245
f 1205/2036/420 1204/2269/23 1275/2037/23
f 1288/2039/170 980/1418/7 982/1420/7
f 1423/2041/390 1144/1595/269 1028/1594/268
f 1424/2043/208 1436/2066/208 1425/2044/212
f 1243/1713/340 1245/1715/405 1090/1534/239
f 1019/1719/284 1442/2077/215 1426/2047/215
f 1013/2049/164 1209/2679/164 973/2050/171
f 1157/2052/323 1421/2119/112 1304/1798/112
f 1428/2053/205 2214/2680/205 1358/1898/359
f 1223/1688/292 1331/1863/349 1312/2054/7
f 1429/2056/113 1450/2100/113 1430/2057/230
f 1168/1624/166 1209/2679/164 1013/2049/164
f 1388/1952/403 1226/1951/402 1431/2058/421
f 1408/1994/280 1407/1993/280 1433/2060/207
f 1003/1441/113 1180/1638/230 1182/1640/230
f 1159/1977/165 1151/2678/165 1152/2062/23
f 1361/2063/323 1403/2202/323 1322/1844/195
f 1424/2043/208 1496/2238/206 1435/2065/206
f 1144/1595/269 1164/1620/277 1271/1750/319
f 1253/2068/156 1213/1674/157 1214/1675/157
f 1385/2069/422 1173/1631/279 1093/1537/242
f 1400/1982/323 1399/1981/323 1083/2071/195
f 1061/2072/56 1063/2275/56 1193/1652/56
f 1222/2073/213 1224/2203/113 1439/2074/113
f 1441/2076/216 1509/2267/216 1426/2047/215
f 1274/2038/420 1188/1646/281 1190/1648/281
f 1084/2080/1 1362/1904/294 1227/1692/295
f 1273/2081/1 972/1410/1 1260/2082/1
f 1081/1522/234 1080/1521/233 1394/1973/423
f 1154/1605/272 1059/2681/789 1418/2025/296
f 1330/2084/1 1419/2682/1 1252/1723/1
f 933/1370/203 1498/2243/334 1445/2085/334
f 1446/2086/230 1487/2675/218 1029/1469/218
f 1423/2088/1 1419/2682/1 1330/2084/1
f 1143/1592/195 1127/1905/195 1125/2089/195
f 1079/2090/230 1443/2270/230 1411/2091/113
f 1026/1466/7 1025/1465/7 1392/2096/158
f 1148/1599/270 1147/1598/270 1448/2098/426
f 1236/1701/213 1235/1700/213 1450/2100/113
f 1451/2101/414 1465/2132/414 1452/2102/200
f 1202/1661/284 954/1391/215 956/1393/215
f 1191/2103/154 1255/2260/153 1325/2104/153
f 1381/2105/427 1362/2271/477 1008/1527/235
f 1357/1894/271 1356/1893/358 1335/2106/428
f 973/2050/171 1183/2128/175 1447/2109/175
f 1454/2110/26 1378/1935/12 1379/1936/12
f 1440/2075/213 1439/2074/113 1118/2111/113
f 960/1397/218 1102/2225/218 1119/2113/230
f 1455/2114/56 1508/2261/56 982/1806/56
f 1113/2115/323 1112/2623/112 1076/1516/112
f 1023/1463/56 1022/1462/56 1239/1709/56
f 991/2094/424 985/2093/181 984/2117/147
f 1261/2002/417 1413/2001/416 1264/1743/316
f 1421/2119/112 1222/2073/213 1440/2075/213
f 947/1384/210 946/1383/210 1457/2120/198
f 1186/1644/195 1490/2228/323 1400/1982/323
f 1123/2121/230 1100/2226/218 1458/2122/218
f 1060/1500/429 1217/1679/474 1207/1666/287
f 1232/1697/430 1313/1821/339 1096/1540/245
f 1459/2123/218 1505/2256/324 1277/1761/324
f 1327/1854/56 1354/1891/56 1355/1892/56
f 1175/1633/226 2209/2567/209 945/1382/209
f 918/1355/193 2208/2566/193 1460/2125/318
f 1449/2099/426 1448/2098/426 1462/2127/334
f 1183/2128/175 1273/1754/8 1017/1756/8
f 1053/2129/56 974/1412/56 1354/1891/56
f 1463/2130/197 2214/2680/205 1428/2053/205
f 1082/1896/1 978/2676/1 1287/1780/1
f 1464/2131/217 1491/2229/217 1465/2132/414
f 1300/2133/175 1299/2683/175 1401/2134/8
f 1466/2138/56 1508/2261/56 1455/2114/56
f 1321/2140/431 1320/2191/458 1406/1991/411
f 992/2118/147 984/2117/147 988/2141/148
f 1467/2143/207 2212/2625/280 1174/1632/280
f 1439/2074/113 1170/1627/230 1119/2113/230
f 1419/2026/409 1423/2041/390 953/2055/389
f 1468/2145/160 1063/1503/168 1062/1502/168
f 1300/2139/56 1455/2114/56 1139/1587/56
f 1469/2146/432 1471/2684/790 1344/2147/433
f 1257/2148/434 1266/1745/317 1352/1889/213
f 1165/1621/219 1179/1637/211 1178/1636/211
f 995/2142/148 988/2141/148 987/2150/435
f 1471/2153/436 1405/1990/443 1012/1451/338
f 1472/2154/437 1308/2262/476 1395/2155/438
f 1301/2156/439 1243/1713/306 1313/1821/440
f 1260/1738/311 972/1519/231 1344/1879/356
f 1469/2159/442 1331/1863/349 1405/1990/443
f 1473/2160/359 931/1368/201 930/1367/201
f 1196/2162/1 1262/2685/1 1164/1649/1
f 1473/2160/359 1220/2161/359 939/1376/205
f 1316/1826/418 1370/1918/373 1372/1920/375
f 1318/1829/445 1137/1584/264 1356/2164/358
f 1284/1774/328 1135/1582/262 1137/1584/264
f 1438/2165/213 1333/2288/213 1332/2166/112
f 1099/1543/248 1098/1542/247 1476/2168/446
f 1187/1645/195 1083/2071/195 1084/2080/1
f 1372/1920/375 1371/1919/374 1477/2169/447
f 1387/1950/401 1383/1945/396 1319/1941/392
f 1137/1584/264 1136/1583/263 1335/2171/428
f 1001/1439/56 993/1431/25 1461/2126/318
f 1404/1989/409 1380/1938/390 1340/1937/389
f 1476/2168/446 1480/2174/450 1479/2173/449
f 1098/1542/247 1481/2175/451 1480/2174/450
f 1478/2170/448 1477/2169/447 1481/2175/451
f 1064/2686/8 1295/2687/8 1270/2688/8
f 1295/2687/8 1462/2689/8 1397/2690/8
f 1462/2689/8 1448/2691/8 1397/2690/8
f 1448/2691/8 1147/2692/8 1397/2690/8
f 1147/2692/8 1006/2693/8 1397/2690/8
f 1397/2690/8 1270/2688/8 1295/2687/8
f 1270/2688/8 1269/2694/454 1064/2686/8
f 1249/2176/452 1427/2695/8 1410/2696/8
f 1427/2695/8 1426/2697/8 1298/2698/8
f 958/2699/8 1427/2695/8 2211/2700/8
f 1426/2697/8 1509/2701/8 1166/2702/8
f 1166/2702/8 1470/2703/8 1178/2704/8
f 1178/2704/8 1425/2705/8 1166/2702/8
f 1425/2705/8 1436/2706/8 1166/2702/8
f 1436/2706/8 1435/2707/8 1433/2708/8
f 1433/2708/8 1407/2709/8 999/2710/8
f 999/2710/8 1161/2711/8 1298/2698/8
f 999/2710/8 1298/2698/8 1436/2706/8
f 1298/2698/8 2211/2700/8 1427/2695/8
f 1436/2706/8 1298/2698/8 1166/2702/8
f 1436/2706/8 1433/2708/8 999/2710/8
f 1427/2695/8 958/2699/8 2210/2712/8
f 1426/2697/8 1166/2702/8 1298/2698/8
f 1269/2694/454 1249/2176/452 1250/2713/8
f 1064/2686/8 1269/2694/454 1250/2713/8
f 1427/2695/8 2210/2712/8 1410/2696/8
f 1302/2714/8 1250/2713/8 1249/2176/452
f 1463/2715/8 1302/2714/8 1249/2176/452
f 1249/2176/452 1410/2696/8 1504/2716/8
f 2214/2717/8 1463/2715/8 1249/2176/452
f 1358/2178/8 2214/2717/8 1249/2176/452
f 1249/2176/452 1504/2716/8 1482/2177/8
f 1206/1665/346 1264/1843/345 1413/2179/453
f 1343/1877/354 1010/1449/227 1012/1451/229
f 1483/2180/10 1417/2024/85 1307/1802/85
f 1416/2182/455 1237/1706/302 1086/1705/301
f 1086/1705/301 1249/2718/452 1269/2181/454
f 1227/1692/295 1226/1691/294 1389/2184/1
f 990/2095/425 991/2094/424 994/2187/457
f 994/2187/457 1001/2719/291 989/2188/291
f 1143/1592/195 1142/1591/195 1157/2052/323
f 1016/1906/361 1018/1876/353 1343/1877/354
f 975/1770/162 1283/2664/162 1437/2190/147
f 1320/2191/458 977/1630/278 1173/1631/279
f 1317/1827/444 1372/1920/375 1478/2170/448
f 1120/1812/218 1311/1811/218 1327/2192/59
f 1110/2194/459 1109/2720/256 1335/2171/350
f 1104/2195/461 1103/2198/468 1479/2173/462
f 1481/2175/464 1477/2169/473 1291/2196/465
f 1366/1910/467 1479/2173/462 1103/2198/468
f 1480/2174/463 1481/2175/464 1485/2197/466
f 1369/1917/372 1293/1922/377 1373/1921/376
f 1371/1919/470 1374/1924/481 1286/2200/471
f 1285/2201/472 1291/2196/465 1477/2169/473
f 1475/2167/112 1332/2166/112 1403/2202/323
f 1224/2203/113 1169/1626/230 1170/1627/230
f 1171/2204/164 1087/1704/163 1237/1706/302
f 1252/2028/387 1266/2124/386 1257/1733/309
f 1121/2206/323 1497/2242/323 1486/2207/112
f 1217/1679/474 1088/1532/237 1090/1534/239
f 1208/1755/169 1444/2661/169 1196/1655/168
f 922/1359/195 921/1358/195 1113/2115/323
f 1172/2224/161 1171/2204/164 1258/2205/164
f 960/1397/218 962/1399/59 1309/1804/59
f 1272/1764/325 1162/1618/275 1164/1620/277
f 1490/2228/323 1489/2239/112 1398/1980/112
f 928/1365/199 927/1364/199 1491/2229/217
f 1440/2075/213 1117/2112/213 1130/2230/112
f 1492/2231/426 2213/2721/426 1493/2232/270
f 1055/1495/150 1054/1494/150 1390/2234/166
f 1495/2235/341 1513/2280/348 1328/1855/348
f 1003/1441/113 1488/2571/113 1446/2086/230
f 996/2151/435 987/2150/435 986/2236/475
f 1434/2061/207 1433/2060/207 1435/2065/206
f 1489/2239/112 1002/1440/213 1004/1442/213
f 1410/1997/414 2210/2569/217 957/1394/217
f 1466/2135/8 1401/2134/8 1415/2240/169
f 1453/2241/195 1141/1590/195 1497/2242/323
f 1498/2243/334 2213/2721/426 1492/2231/426
f 1494/2233/270 1493/2232/270 917/1354/192
f 1203/1662/26 1379/1936/12 1499/2244/12
f 1216/1677/230 966/1404/113 1132/2246/113
f 1228/1693/296 1507/2259/86 1238/2248/59
f 993/2722/25 997/2250/225 1500/2245/26
f 997/2250/225 1204/1663/285 1203/1662/26
f 1124/2251/323 1497/2242/323 1141/1590/195
f 1379/1936/12 1248/1718/9 1501/2252/9
f 1450/2100/113 1235/1700/213 1502/2253/213
f 1359/1899/201 1482/2677/201 1504/2255/200
f 1495/2235/341 1414/2003/341 1277/1761/324
f 1430/2057/230 1450/2100/113 1503/2254/113
f 1279/1763/218 1430/2057/230 1506/2257/230
f 1280/2258/59 1238/2248/59 1507/2259/86
f 1255/2260/153 1330/1857/59 1281/1859/59
f 1466/2138/56 1061/2072/56 1195/1654/56
f 1344/2147/433 1471/2684/790 1308/2262/476
f 1289/2263/151 1288/2039/170 1194/2040/170
f 1398/1980/112 1004/1442/213 1146/1597/213
f 1311/1811/218 1216/1677/230 1131/2247/230
f 1327/2192/59 1311/1811/218 1126/2265/218
f 1441/2076/216 1167/1623/220 1166/1622/220
f 983/2723/195 1516/2284/323 986/2268/224
f 1516/2284/323 1276/1760/323 986/2268/224
f 986/2236/475 1275/2037/23 1204/2269/23
f 1221/2152/218 1312/1818/218 1443/2270/230
f 1387/2272/478 1091/1535/240 1510/2273/213
f 1063/2275/56 1468/2277/56 1022/1462/56
f 1248/1718/9 1247/1717/10 1511/2276/10
f 1468/2277/56 1044/1848/56 1239/1709/56
f 1132/2246/113 966/1404/113 965/1403/213
f 1512/2279/282 1514/2281/282 1328/1855/348
f 1338/1871/351 1200/1659/283 1514/2281/282
f 1349/1886/213 1210/1671/213 1212/1673/213
f 1383/2274/213 1510/2273/213 1210/1671/213
f 1235/1700/213 1348/1885/112 1515/2283/112
f 1515/2283/112 1348/1885/112 1276/1760/323
f 1431/2285/479 1225/1690/293 1382/1944/395
f 1247/1717/10 1307/1802/85 1306/1801/85
f 1218/2286/478 1211/1672/213 1510/2273/213
f 1486/2207/112 1497/2242/323 1124/2251/323
f 965/1403/213 1486/2207/112 1134/2287/112
f 1260/2082/1 1262/2685/1 1196/2162/1
f 1078/2092/113 1411/2091/113 1333/2288/213
f 1393/2289/1 1008/1446/1 980/2078/1
f 979/2290/480 1218/2286/478 1091/1535/240
f 1115/1560/259 1286/2200/471 1374/1924/481
f 1384/2291/482 1406/1991/411 1173/1631/279
f 1265/1744/213 1340/1873/213 1353/1890/317
f 1106/2199/469 1110/2194/459 1136/1583/460
f 1293/1787/333 1369/2293/484 1485/2292/483
f 1369/2293/484 1105/1549/252 1104/1548/251
f 42/43/9 544/841/9 359/424/12
f 1518/2295/56 1521/2298/56 503/683/56
f 1519/2296/56 436/555/56 306/343/56
f 1521/2298/56 1527/2304/56 427/540/56
f 1522/2299/56 451/581/56 258/286/56
f 1518/2295/56 449/579/56 451/581/56
f 376/446/56 426/538/56 1524/2301/56
f 343/400/56 436/555/56 1519/2296/56
f 1524/2301/56 426/538/56 427/540/56
f 237/261/56 376/446/56 1525/2302/56
f 1517/2294/12 359/424/12 263/294/26
f 265/420/25 344/401/56 1530/2307/56
f 1532/2309/56 257/285/56 351/412/92
f 344/401/56 343/400/56 1526/2303/56
f 1520/2297/56 306/343/56 252/280/56
f 1529/2306/26 263/294/26 265/296/25
f 1523/2300/56 258/286/56 257/285/56
f 1534/2311/56 252/280/56 211/232/56
f 213/234/56 237/261/56 1528/2305/56
f 443/566/120 296/804/120 491/2315/86
f 211/232/56 213/234/56 1536/2314/56
f 534/2316/20 488/653/20 530/756/101
f 530/756/101 515/716/75 1538/2318/75
f 480/637/72 6/6/3 5/5/3
f 525/744/119 508/702/16 1540/2320/16
f 514/715/74 525/742/119 1541/2322/119
f 515/716/75 514/715/74 1542/2323/74
f 508/702/16 478/635/15 533/2324/15
f 534/2316/20 1551/2336/488 536/773/145
f 478/635/15 480/637/72 1539/2319/72
f 1543/2325/486 4/4/2 6/6/3
f 1519/2296/56 465/608/56 460/597/56
f 1534/2311/56 1535/2313/56 429/542/56
f 1525/2302/56 459/596/56 269/301/56
f 391/472/56 537/787/56 1521/2298/56
f 537/787/56 224/247/56 1527/2304/56
f 1520/2297/56 381/455/56 465/608/56
f 111/119/26 55/56/12 1517/2294/12
f 1526/2303/56 460/597/56 382/456/56
f 1525/2302/56 1524/2301/56 223/246/56
f 1533/2310/485 452/582/122 393/475/56
f 1535/2313/56 1536/2314/56 271/303/56
f 1532/2309/56 393/475/56 392/473/56
f 1523/2300/56 392/473/56 390/470/56
f 1522/2299/56 390/470/56 391/472/56
f 1530/2307/56 382/456/56 110/458/25
f 1520/2297/56 1534/2311/56 379/453/56
f 1536/2314/56 1528/2305/56 269/301/56
f 224/247/56 223/246/56 1524/2301/56
f 110/117/25 111/119/26 1529/2306/26
f 55/56/12 43/44/9 42/43/9
f 1544/2327/16 84/86/16 434/819/119
f 519/727/3 518/726/140 1543/2325/486
f 1546/2329/72 517/725/3 519/727/3
f 1547/2330/74 1545/2724/119 434/552/119
f 1548/2331/101 372/438/101 103/107/20
f 1549/2333/75 290/325/75 372/438/101
f 1547/2330/74 288/323/74 290/325/75
f 1546/2329/72 278/312/72 82/84/15
f 185/2332/20 103/107/20 105/109/22
f 187/2334/15 82/84/15 84/86/16
f 1550/2335/487 105/109/22 351/412/92
f 452/582/122 536/773/145 1551/2336/488
f 316/678/10 315/2558/9 544/841/9
f 1556/2342/493 1558/2344/494 1554/2340/494
f 1559/2345/495 1579/2365/514 1560/2346/496
f 1562/2348/498 1587/2373/522 1561/2347/497
f 1563/2349/499 1561/2347/497 1560/2346/496
f 1565/2351/501 1650/2436/502 1555/2341/502
f 1565/2351/8 1558/2344/8 1556/2342/8
f 1571/2357/506 1601/2387/536 1568/2354/507
f 1570/2356/502 1650/2436/502 1565/2351/501
f 1571/2357/8 1572/2358/8 1565/2351/8
f 1573/2359/508 1658/2444/592 1574/2360/509
f 1569/2355/504 1568/2354/503 1576/2362/511
f 1559/2345/495 1590/2376/525 1578/2364/513
f 1580/2366/515 1610/2396/544 1581/2367/516
f 1583/2369/518 1614/2400/548 1573/2359/508
f 1584/2370/519 1583/2369/518 1575/2361/510
f 1586/2372/521 1613/2399/547 1562/2348/498
f 1587/2373/522 1582/2368/517 1559/2345/495
f 1588/2374/523 1614/2400/548 1583/2369/518
f 1559/2345/495 1582/2368/517 1581/2367/516
f 1556/2342/493 1557/2343/493 1592/2378/529
f 1594/2380/530 1660/2446/530 1596/2382/530
f 1556/2342/8 1595/2381/8 1596/2382/8
f 1571/2357/506 1602/2388/535 1599/2385/535
f 1596/2382/530 1660/2446/530 1600/2386/530
f 1596/2382/8 1602/2388/8 1571/2357/8
f 1603/2389/537 1647/2433/581 1580/2366/515
f 1605/2391/539 1645/2431/579 1606/2392/540
f 1608/2394/542 1586/2372/521 1563/2349/499
f 1609/2395/543 1589/2375/524 1583/2369/518
f 1610/2396/544 1554/2340/491 1553/2339/490
f 1589/2375/524 1560/2346/496 1579/2365/514
f 1609/2395/543 1584/2370/519 1611/2397/545
f 1613/2399/547 1607/2393/541 1606/2392/540
f 1588/2374/523 1635/2421/569 1577/2363/512
f 1606/2392/540 1645/2431/579 1603/2389/537
f 1577/2363/512 1576/2362/511 1573/2359/508
f 1615/2401/549 1654/2440/588 1616/2402/550
f 1564/2350/500 1560/2346/496 1589/2375/524
f 1578/2364/513 1635/2421/569 1588/2374/523
f 1618/2404/552 1639/2425/573 1619/2405/553
f 1580/2366/515 1647/2433/581 1621/2407/555
f 1564/2350/500 1609/2395/543 1612/2398/546
f 1622/2408/556 1633/2419/567 1623/2409/557
f 1625/2411/559 1619/2405/553 1626/2412/560
f 1585/2371/520 1575/2361/510 1574/2360/509
f 1629/2415/563 1615/2401/549 1617/2403/551
f 1619/2405/553 1639/2425/573 1631/2417/565
f 1632/2418/566 1625/2411/559 1633/2419/567
f 1635/2421/569 1570/2356/505 1569/2355/504
f 1585/2371/520 1628/2414/562 1636/2422/570
f 1625/2411/559 1627/2413/561 1623/2409/557
f 1625/2411/559 1632/2418/566 1620/2406/554
f 1592/2378/526 1557/2343/791 1621/2407/555
f 1604/2390/538 1580/2366/515 1582/2368/517
f 1639/2425/573 1594/2380/528 1593/2379/527
f 1626/2412/560 1655/2441/589 1640/2426/574
f 1578/2364/513 1650/2436/584 1570/2356/505
f 1641/2427/575 1634/2420/568 1633/2419/567
f 1629/2415/563 1630/2416/564 1620/2406/554
f 1593/2379/527 1592/2378/526 1638/2424/572
f 1568/2354/503 1601/2387/792 1642/2428/576
f 1627/2413/561 1640/2426/574 1643/2429/577
f 1618/2404/552 1660/2446/594 1594/2380/528
f 1584/2370/519 1585/2371/520 1637/2423/571
f 1624/2410/558 1623/2409/557 1643/2429/577
f 1640/2426/574 1603/2389/537 1645/2431/579
f 1646/2432/580 1653/2439/587 1615/2401/549
f 1640/2426/574 1655/2441/589 1647/2433/581
f 1643/2429/577 1645/2431/579 1605/2391/539
f 1630/2416/564 1617/2403/551 1648/2434/582
f 1630/2416/564 1649/2435/583 1618/2404/552
f 1634/2420/568 1646/2432/580 1629/2415/563
f 1578/2364/513 1590/2376/525 1555/2341/492
f 1616/2402/550 1658/2444/592 1642/2428/576
f 1649/2435/583 1648/2434/582 1598/2384/532
f 1616/2402/550 1651/2437/585 1648/2434/582
f 1652/2438/586 1646/2432/580 1634/2420/568
f 1653/2439/587 1657/2443/591 1654/2440/588
f 1631/2417/565 1638/2424/572 1655/2441/589
f 1651/2437/585 1599/2385/533 1598/2384/532
f 1642/2428/576 1601/2387/792 1599/2385/533
f 1656/2442/590 1653/2439/587 1646/2432/580
f 1606/2392/540 1604/2390/538 1587/2373/522
f 1657/2443/591 1628/2414/562 1574/2360/509
f 1573/2359/508 1576/2362/511 1642/2428/576
f 1654/2440/588 1574/2360/509 1658/2444/592
f 1659/2445/593 1657/2443/591 1653/2439/587
f 1621/2407/555 1557/2343/791 1554/2340/491
f 1590/2376/525 1581/2367/516 1553/2339/490
f 1655/2441/589 1638/2424/572 1621/2407/555
f 1636/2422/570 1628/2414/562 1657/2443/591
f 1618/2404/552 1649/2435/583 1600/2386/534
f 1665/2342/493 1667/2344/494 1663/2340/494
f 1668/2347/497 1687/2345/495 1669/2365/514
f 1671/2348/498 1749/2373/522 1668/2347/497
f 1673/2350/596 1672/2349/499 1668/2347/497
f 1674/2351/501 1761/2436/502 1664/2341/502
f 1674/2351/8 1667/2344/8 1665/2342/8
f 1680/2357/536 1710/2387/536 1677/2354/507
f 1679/2356/502 1761/2436/502 1674/2351/501
f 1680/2357/8 1681/2358/8 1674/2351/8
f 1682/2361/597 1693/2359/508 1683/2444/592
f 1678/2355/504 1677/2354/503 1685/2362/511
f 1687/2345/495 1699/2376/525 1688/2364/600
f 1689/2366/515 1719/2396/544 1690/2367/601
f 1692/2369/518 1698/2400/604 1693/2359/508
f 1692/2369/518 1682/2361/597 1694/2371/603
f 1696/2372/521 1723/2399/547 1671/2348/498
f 1668/2347/497 1749/2373/522 1691/2368/602
f 1697/2375/524 1720/2374/523 1698/2400/604
f 1687/2345/495 1691/2368/602 1690/2367/601
f 1665/2342/493 1666/2343/595 1701/2378/529
f 1703/2380/530 1769/2446/530 1705/2382/530
f 1665/2342/8 1704/2381/8 1705/2382/8
f 1680/2357/536 1711/2388/535 1708/2385/535
f 1705/2382/530 1769/2446/530 1709/2386/530
f 1705/2382/8 1711/2388/8 1680/2357/8
f 1712/2390/609 1758/2389/622 1713/2433/610
f 1714/2391/539 1724/2431/613 1715/2392/611
f 1696/2372/521 1672/2349/499 1673/2350/596
f 1697/2375/524 1692/2369/518 1695/2370/519
f 1719/2396/544 1663/2340/491 1662/2339/490
f 1697/2375/524 1670/2346/496 1669/2365/514
f 1721/2398/546 1718/2395/543 1695/2370/519
f 1723/2399/547 1716/2393/612 1715/2392/611
f 1720/2374/523 1744/2421/569 1686/2363/599
f 1724/2431/613 1758/2389/622 1712/2390/609
f 1686/2363/599 1685/2362/511 1693/2359/508
f 1725/2440/588 1762/2402/550 1726/2403/551
f 1673/2350/596 1670/2346/496 1697/2375/524
f 1688/2364/600 1744/2421/569 1720/2374/523
f 1728/2404/552 1750/2425/621 1729/2405/553
f 1689/2366/515 1713/2433/610 1731/2407/614
f 1673/2350/596 1718/2395/543 1721/2398/546
f 1732/2408/556 1743/2419/618 1733/2409/557
f 1735/2411/615 1729/2405/553 1736/2412/560
f 1682/2361/597 1684/2360/598 1738/2414/616
f 1739/2415/563 1727/2401/549 1726/2403/551
f 1729/2405/553 1750/2425/621 1741/2417/565
f 1742/2420/617 1747/2418/566 1735/2411/615
f 1744/2421/569 1679/2356/505 1678/2355/504
f 1694/2371/603 1738/2414/616 1745/2422/570
f 1743/2419/618 1735/2411/615 1737/2413/561
f 1747/2418/566 1730/2406/554 1729/2405/553
f 1701/2378/526 1666/2343/791 1731/2407/614
f 1749/2373/522 1712/2390/609 1689/2366/515
f 1750/2425/621 1703/2380/605 1702/2379/527
f 1736/2412/560 1757/2441/589 1751/2426/574
f 1688/2364/600 1761/2436/623 1679/2356/505
f 1742/2420/617 1743/2419/618 1732/2408/556
f 1740/2416/564 1730/2406/554 1747/2418/566
f 1702/2379/527 1701/2378/526 1748/2424/620
f 1677/2354/503 1710/2387/792 1753/2428/576
f 1737/2413/561 1751/2426/574 1754/2429/577
f 1728/2404/552 1769/2446/594 1703/2380/605
f 1722/2397/545 1695/2370/519 1694/2371/603
f 1734/2410/558 1733/2409/557 1754/2429/577
f 1751/2426/574 1758/2389/622 1724/2431/613
f 1756/2432/580 1766/2439/587 1727/2401/549
f 1757/2441/589 1713/2433/610 1758/2389/622
f 1754/2429/577 1724/2431/613 1714/2391/539
f 1740/2416/564 1726/2403/551 1759/2434/582
f 1740/2416/564 1760/2435/583 1728/2404/552
f 1742/2420/617 1756/2432/580 1739/2415/563
f 1688/2364/600 1699/2376/525 1664/2341/492
f 1762/2402/550 1683/2444/592 1753/2428/576
f 1760/2435/583 1759/2434/582 1707/2384/606
f 1762/2402/550 1763/2437/585 1759/2434/582
f 1764/2438/586 1756/2432/580 1742/2420/617
f 1765/2443/591 1725/2440/588 1727/2401/549
f 1741/2417/565 1748/2424/620 1757/2441/589
f 1763/2437/585 1708/2385/607 1707/2384/606
f 1753/2428/576 1710/2387/792 1708/2385/607
f 1764/2438/586 1767/2442/590 1766/2439/587
f 1715/2392/611 1712/2390/609 1749/2373/522
f 1738/2414/616 1684/2360/598 1725/2440/588
f 1693/2359/508 1685/2362/511 1753/2428/576
f 1684/2360/598 1683/2444/592 1762/2402/550
f 1767/2442/590 1768/2445/624 1765/2443/591
f 1731/2407/614 1666/2343/791 1663/2340/491
f 1699/2376/525 1690/2367/601 1662/2339/490
f 1757/2441/589 1748/2424/620 1731/2407/614
f 1745/2422/570 1738/2414/616 1765/2443/591
f 1728/2404/552 1760/2435/583 1709/2386/608
f 1774/2342/493 1776/2344/494 1772/2340/494
f 1777/2347/497 1796/2345/495 1778/2365/514
f 1780/2348/498 1858/2373/522 1777/2347/497
f 1782/2350/500 1781/2349/499 1777/2347/497
f 1783/2351/502 1870/2436/502 1773/2341/502
f 1783/2351/8 1776/2344/8 1774/2342/8
f 1789/2357/536 1819/2387/536 1786/2354/507
f 1788/2356/502 1870/2436/502 1783/2351/502
f 1789/2357/8 1790/2358/8 1783/2351/8
f 1791/2361/510 1802/2359/508 1792/2444/627
f 1787/2355/504 1786/2354/503 1794/2362/511
f 1796/2345/495 1808/2376/525 1797/2364/600
f 1798/2366/515 1828/2396/544 1799/2367/516
f 1801/2369/518 1807/2400/604 1802/2359/508
f 1801/2369/518 1791/2361/510 1803/2371/603
f 1805/2372/521 1832/2399/547 1780/2348/498
f 1777/2347/497 1858/2373/522 1800/2368/602
f 1806/2375/524 1829/2374/523 1807/2400/604
f 1796/2345/495 1800/2368/602 1799/2367/516
f 1774/2342/493 1775/2343/493 1810/2378/529
f 1812/2380/530 1878/2446/530 1814/2382/530
f 1774/2342/8 1813/2381/8 1814/2382/8
f 1789/2357/536 1820/2388/535 1817/2385/535
f 1814/2382/530 1878/2446/530 1818/2386/530
f 1814/2382/8 1820/2388/8 1789/2357/8
f 1821/2390/538 1867/2389/537 1822/2433/610
f 1823/2391/539 1833/2431/613 1824/2392/611
f 1826/2394/542 1805/2372/521 1781/2349/499
f 1827/2395/543 1806/2375/524 1801/2369/518
f 1828/2396/544 1772/2340/625 1771/2339/490
f 1806/2375/524 1779/2346/496 1778/2365/514
f 1827/2395/543 1804/2370/519 1830/2397/545
f 1832/2399/547 1825/2393/541 1824/2392/611
f 1829/2374/523 1837/2421/630 1795/2363/599
f 1833/2431/613 1867/2389/537 1821/2390/538
f 1795/2363/599 1794/2362/511 1802/2359/508
f 1834/2401/549 1876/2440/588 1835/2402/550
f 1782/2350/500 1779/2346/496 1806/2375/524
f 1778/2365/514 1797/2364/600 1837/2421/630
f 1838/2404/552 1859/2425/573 1839/2405/553
f 1798/2366/515 1822/2433/610 1841/2407/555
f 1782/2350/500 1827/2395/543 1831/2398/546
f 1842/2408/556 1853/2419/618 1843/2409/557
f 1845/2411/615 1839/2405/553 1846/2412/560
f 1791/2361/510 1793/2360/598 1848/2414/616
f 1849/2415/563 1834/2401/549 1836/2403/629
f 1839/2405/553 1859/2425/573 1851/2417/631
f 1852/2420/617 1856/2418/566 1845/2411/615
f 1837/2421/630 1788/2356/626 1787/2355/504
f 1803/2371/603 1848/2414/616 1854/2422/570
f 1853/2419/618 1845/2411/615 1847/2413/561
f 1856/2418/566 1840/2406/554 1839/2405/553
f 1810/2378/526 1775/2343/791 1841/2407/555
f 1858/2373/522 1821/2390/538 1798/2366/515
f 1859/2425/573 1812/2380/605 1811/2379/527
f 1846/2412/560 1866/2441/589 1860/2426/574
f 1797/2364/600 1870/2436/635 1788/2356/626
f 1861/2427/575 1852/2420/617 1853/2419/618
f 1849/2415/563 1850/2416/564 1840/2406/554
f 1811/2379/527 1810/2378/526 1857/2424/632
f 1786/2354/503 1819/2387/792 1862/2428/633
f 1847/2413/561 1860/2426/574 1863/2429/577
f 1838/2404/552 1878/2446/594 1812/2380/605
f 1804/2370/519 1803/2371/603 1855/2423/571
f 1844/2410/558 1843/2409/557 1863/2429/577
f 1860/2426/574 1867/2389/537 1833/2431/613
f 1865/2432/580 1874/2439/587 1834/2401/549
f 1866/2441/589 1822/2433/610 1867/2389/537
f 1863/2429/577 1833/2431/613 1823/2391/539
f 1850/2416/564 1836/2403/629 1868/2434/634
f 1840/2406/554 1850/2416/564 1869/2435/583
f 1852/2420/617 1865/2432/580 1849/2415/563
f 1797/2364/600 1808/2376/525 1773/2341/492
f 1835/2402/550 1792/2444/627 1862/2428/633
f 1869/2435/583 1868/2434/634 1816/2384/532
f 1835/2402/550 1871/2437/585 1868/2434/634
f 1872/2438/586 1865/2432/580 1852/2420/617
f 1873/2443/591 1876/2440/588 1834/2401/549
f 1851/2417/631 1857/2424/632 1866/2441/589
f 1871/2437/585 1817/2385/607 1816/2384/532
f 1862/2428/633 1819/2387/792 1817/2385/607
f 1875/2442/590 1874/2439/587 1865/2432/580
f 1824/2392/611 1821/2390/538 1858/2373/522
f 1848/2414/616 1793/2360/598 1876/2440/588
f 1802/2359/508 1794/2362/511 1862/2428/633
f 1793/2360/598 1792/2444/627 1835/2402/550
f 1877/2445/593 1873/2443/591 1874/2439/587
f 1841/2407/555 1775/2343/791 1772/2340/625
f 1808/2376/525 1799/2367/516 1771/2339/490
f 1866/2441/589 1857/2424/632 1841/2407/555
f 1854/2422/570 1848/2414/616 1873/2443/591
f 1838/2404/552 1869/2435/583 1818/2386/628
f 1883/2342/639 1922/2343/639 1880/2340/640
f 1885/2346/641 1906/2365/660 1886/2345/642
f 1887/2347/643 1915/2373/669 1888/2348/644
f 1885/2346/641 1887/2347/643 1889/2349/645
f 1882/2341/647 1968/2436/647 1891/2351/648
f 1883/2342/7 1884/2344/7 1891/2351/7
f 1897/2357/652 1899/2358/653 1895/2354/653
f 1891/2351/648 1968/2436/647 1896/2356/647
f 1891/2351/7 1899/2358/7 1897/2357/7
f 1900/2361/654 1956/2360/708 1901/2444/655
f 1903/2362/657 1895/2354/650 1894/2355/649
f 1905/2364/659 1979/2376/731 1886/2345/642
f 1907/2367/661 1938/2396/690 1908/2366/662
f 1910/2369/664 1900/2361/654 1902/2359/656
f 1912/2370/666 1955/2371/707 1900/2361/654
f 1913/2372/667 1889/2349/645 1888/2348/644
f 1887/2347/643 1886/2345/642 1909/2368/663
f 1916/2375/670 1910/2369/664 1911/2400/665
f 1886/2345/642 1979/2376/731 1907/2367/661
f 1883/2342/639 1923/2381/675 1920/2378/675
f 1924/2382/676 1971/2446/677 1921/2380/676
f 1924/2382/7 1923/2381/7 1883/2342/7
f 1897/2357/652 1898/2387/652 1926/2385/681
f 1928/2386/677 1971/2446/677 1924/2382/676
f 1897/2357/7 1929/2388/7 1924/2382/7
f 1930/2390/682 1908/2366/662 1931/2433/683
f 1933/2393/685 1942/2392/694 1934/2431/686
f 1936/2394/688 1890/2350/646 1889/2349/645
f 1937/2395/689 1912/2370/666 1910/2369/664
f 1881/2339/637 1880/2340/636 1938/2396/690
f 1916/2375/670 1917/2374/671 1906/2365/660
f 1939/2397/691 1912/2370/666 1937/2395/689
f 1888/2348/644 1942/2392/694 1933/2393/685
f 1917/2374/671 1911/2400/665 1904/2363/658
f 1942/2392/694 1930/2390/682 1932/2389/684
f 1902/2359/656 1903/2362/657 1904/2363/658
f 1943/2403/695 1980/2402/732 1944/2440/696
f 1890/2350/646 1937/2395/689 1916/2375/670
f 1917/2374/671 1941/2421/693 1905/2364/659
f 1946/2405/698 1960/2425/712 1947/2404/699
f 1908/2366/662 1938/2396/690 1949/2407/701
f 1940/2398/692 1937/2395/689 1890/2350/646
f 1950/2408/702 1972/2410/724 1951/2409/703
f 1953/2413/705 1967/2412/719 1946/2405/698
f 1955/2371/707 1964/2414/716 1956/2360/708
f 1957/2416/709 1943/2403/695 1945/2401/697
f 1946/2405/698 1967/2412/719 1959/2417/711
f 1952/2419/704 1954/2411/706 1961/2418/713
f 1941/2421/693 1904/2363/658 1894/2355/649
f 1963/2423/715 1987/2422/739 1964/2414/716
f 1951/2409/703 1953/2413/705 1954/2411/706
f 1946/2405/698 1948/2406/700 1961/2418/713
f 1949/2407/701 1922/2343/793 1920/2378/673
f 1909/2368/663 1908/2366/662 1930/2390/682
f 1960/2425/712 1959/2417/711 1919/2379/672
f 1966/2426/718 1976/2441/728 1967/2412/719
f 1905/2364/659 1941/2421/693 1896/2356/651
f 1969/2427/721 1950/2408/702 1952/2419/704
f 1958/2415/710 1961/2418/713 1948/2406/700
f 1965/2424/717 1920/2378/673 1919/2379/672
f 1970/2428/722 1898/2387/794 1895/2354/650
f 1951/2409/703 1973/2429/725 1966/2426/718
f 1947/2404/699 1960/2425/712 1921/2380/674
f 1963/2423/715 1955/2371/707 1912/2370/666
f 1972/2410/724 1977/2430/729 1973/2429/725
f 1973/2429/725 1934/2431/686 1932/2389/684
f 1974/2432/726 1958/2415/710 1945/2401/697
f 1932/2389/684 1931/2433/683 1976/2441/728
f 1935/2391/687 1934/2431/686 1973/2429/725
f 1957/2416/709 1981/2435/733 1978/2434/730
f 1947/2404/699 1981/2435/733 1957/2416/709
f 1962/2420/714 1961/2418/713 1958/2415/710
f 1905/2364/659 1968/2436/720 1882/2341/638
f 1980/2402/732 1984/2437/736 1970/2428/722
f 1981/2435/733 1928/2386/680 1927/2384/679
f 1978/2434/730 1984/2437/736 1980/2402/732
f 1962/2420/714 1974/2432/726 1982/2438/734
f 1975/2439/727 1945/2401/697 1944/2440/696
f 1976/2441/728 1965/2424/717 1959/2417/711
f 1927/2384/679 1926/2385/678 1984/2437/736
f 1926/2385/678 1898/2387/794 1970/2428/722
f 1974/2432/726 1975/2439/727 1985/2442/737
f 1888/2348/644 1915/2373/669 1930/2390/682
f 1983/2443/735 1944/2440/696 1956/2360/708
f 1902/2359/656 1901/2444/655 1970/2428/722
f 1980/2402/732 1901/2444/655 1956/2360/708
f 1975/2439/727 1983/2443/735 1986/2445/738
f 1880/2340/636 1922/2343/793 1949/2407/701
f 1979/2376/731 1882/2341/638 1881/2339/637
f 1976/2441/728 1931/2433/683 1949/2407/701
f 1983/2443/735 1964/2414/716 1987/2422/739
f 1947/2404/699 1971/2446/723 1928/2386/680
f 1992/2342/741 2032/2343/639 1989/2340/640
f 1994/2346/641 2016/2365/660 1995/2345/642
f 1997/2349/645 1996/2347/742 1998/2373/669
f 2000/2350/646 1994/2346/641 1996/2347/742
f 1991/2341/647 2075/2436/647 2001/2351/647
f 1992/2342/7 1993/2344/7 2001/2351/7
f 2007/2357/745 2009/2358/653 2005/2354/653
f 2001/2351/647 2075/2436/647 2006/2356/647
f 2001/2351/7 2009/2358/7 2007/2357/7
f 2010/2360/746 2089/2444/655 2011/2359/656
f 2013/2362/747 2005/2354/743 2004/2355/649
f 2015/2364/749 2088/2376/731 1995/2345/642
f 2017/2367/750 2047/2396/690 2018/2366/662
f 2012/2361/654 2011/2359/656 2020/2400/751
f 2022/2371/707 2012/2361/654 2021/2369/664
f 2024/2372/667 1997/2349/645 1999/2348/644
f 1996/2347/742 1995/2345/642 2019/2368/663
f 2026/2375/670 2021/2369/664 2020/2400/751
f 1995/2345/642 2088/2376/731 2017/2367/750
f 1992/2342/741 2033/2381/675 2030/2378/675
f 2034/2382/676 2080/2446/677 2031/2380/677
f 2034/2382/7 2033/2381/7 1992/2342/7
f 2007/2357/745 2008/2387/652 2036/2385/681
f 2038/2386/677 2080/2446/677 2034/2382/676
f 2007/2357/7 2039/2388/7 2034/2382/7
f 2018/2366/662 2058/2433/683 2040/2389/755
f 2042/2393/685 2049/2392/694 2043/2431/757
f 2000/2350/646 1997/2349/645 2024/2372/667
f 2046/2395/758 2023/2370/752 2021/2369/664
f 1990/2339/637 1989/2340/740 2047/2396/690
f 2027/2374/671 2016/2365/660 1994/2346/641
f 2048/2398/692 2081/2397/691 2023/2370/752
f 2025/2399/668 1999/2348/644 2049/2392/694
f 2027/2374/671 2020/2400/751 2014/2363/748
f 2041/2390/756 2040/2389/755 2043/2431/757
f 2011/2359/656 2013/2362/747 2014/2363/748
f 2051/2401/697 2066/2403/695 2052/2402/732
f 2000/2350/646 2046/2395/758 2026/2375/670
f 2027/2374/671 2050/2421/693 2015/2364/749
f 2054/2405/698 2068/2425/712 2055/2404/699
f 2018/2366/662 2047/2396/690 2057/2407/701
f 2048/2398/692 2046/2395/758 2000/2350/646
f 2059/2408/702 2082/2410/724 2060/2409/760
f 2062/2411/706 2073/2413/705 2063/2412/719
f 2064/2414/761 2010/2360/746 2012/2361/654
f 2065/2415/710 2077/2416/709 2066/2403/695
f 2054/2405/698 2063/2412/719 2067/2417/762
f 2069/2420/763 2061/2419/704 2062/2411/706
f 2050/2421/693 2014/2363/748 2004/2355/649
f 2071/2423/715 2096/2422/739 2064/2414/761
f 2060/2409/760 2073/2413/705 2062/2411/706
f 2062/2411/706 2054/2405/698 2056/2406/700
f 2057/2407/701 2032/2343/793 2030/2378/753
f 2019/2368/663 2018/2366/662 2041/2390/756
f 2068/2425/712 2067/2417/762 2029/2379/672
f 2073/2413/705 2083/2426/766 2074/2441/728
f 2015/2364/749 2050/2421/693 2006/2356/744
f 2059/2408/702 2061/2419/704 2069/2420/763
f 2065/2415/710 2070/2418/764 2056/2406/700
f 2072/2424/717 2030/2378/753 2029/2379/672
f 2078/2428/722 2008/2387/794 2005/2354/743
f 2079/2429/725 2083/2426/766 2073/2413/705
f 2055/2404/699 2068/2425/712 2031/2380/674
f 2081/2397/691 2071/2423/715 2022/2371/707
f 2082/2410/724 2086/2430/767 2079/2429/725
f 2043/2431/757 2040/2389/755 2083/2426/766
f 2065/2415/710 2051/2401/697 2084/2439/727
f 2083/2426/766 2040/2389/755 2058/2433/683
f 2044/2391/687 2043/2431/757 2079/2429/725
f 2077/2416/709 2090/2435/733 2087/2434/768
f 2055/2404/699 2090/2435/733 2077/2416/709
f 2069/2420/763 2070/2418/764 2065/2415/710
f 2015/2364/749 2075/2436/720 1991/2341/638
f 2052/2402/732 2093/2437/736 2078/2428/722
f 2090/2435/733 2038/2386/680 2037/2384/679
f 2087/2434/768 2093/2437/736 2052/2402/732
f 2069/2420/763 2085/2432/726 2091/2438/734
f 2051/2401/697 2053/2440/759 2092/2443/735
f 2074/2441/728 2072/2424/717 2067/2417/762
f 2037/2384/679 2036/2385/754 2093/2437/736
f 2036/2385/754 2008/2387/794 2078/2428/722
f 2091/2438/734 2085/2432/726 2084/2439/727
f 1998/2373/669 2041/2390/756 2049/2392/694
f 2053/2440/759 2010/2360/746 2064/2414/761
f 2011/2359/656 2089/2444/655 2078/2428/722
f 2053/2440/759 2052/2402/732 2089/2444/655
f 2094/2442/737 2084/2439/727 2092/2443/735
f 1989/2340/740 2032/2343/793 2057/2407/701
f 2088/2376/731 1991/2341/638 1990/2339/637
f 2074/2441/728 2058/2433/683 2057/2407/701
f 2092/2443/735 2064/2414/761 2096/2422/739
f 2055/2404/699 2080/2446/765 2038/2386/680
f 2101/2342/741 2140/2343/639 2098/2340/640
f 2103/2347/742 2109/2346/641 2104/2365/660
f 2106/2349/645 2103/2347/742 2107/2373/770
f 2109/2346/641 2103/2347/742 2106/2349/645
f 2100/2341/647 2186/2436/647 2111/2351/647
f 2101/2342/7 2102/2344/7 2111/2351/7
f 2117/2357/652 2119/2358/653 2115/2354/653
f 2111/2351/647 2186/2436/647 2116/2356/647
f 2111/2351/7 2119/2358/7 2117/2357/7
f 2120/2360/772 2200/2444/655 2121/2359/656
f 2123/2362/773 2115/2354/743 2114/2355/649
f 2125/2364/659 2199/2376/731 2105/2345/642
f 2126/2367/661 2155/2396/775 2127/2366/662
f 2129/2369/664 2122/2361/654 2121/2359/656
f 2131/2370/666 2174/2371/707 2122/2361/654
f 2132/2372/667 2106/2349/645 2108/2348/771
f 2105/2345/642 2128/2368/663 2107/2373/770
f 2134/2375/774 2129/2369/664 2130/2400/751
f 2105/2345/642 2199/2376/731 2126/2367/661
f 2101/2342/741 2141/2381/675 2138/2378/675
f 2142/2382/677 2191/2446/676 2139/2380/676
f 2142/2382/7 2141/2381/7 2101/2342/7
f 2117/2357/652 2118/2387/652 2144/2385/681
f 2146/2386/677 2191/2446/676 2142/2382/677
f 2117/2357/7 2147/2388/7 2142/2382/7
f 2127/2366/662 2167/2433/777 2148/2389/684
f 2150/2392/694 2159/2431/757 2151/2391/687
f 2153/2394/688 2110/2350/646 2106/2349/645
f 2154/2395/758 2131/2370/666 2129/2369/664
f 2099/2339/637 2098/2340/740 2155/2396/775
f 2134/2375/774 2135/2374/671 2104/2365/660
f 2156/2397/691 2131/2370/666 2154/2395/758
f 2133/2399/668 2108/2348/771 2150/2392/694
f 2135/2374/671 2130/2400/751 2124/2363/748
f 2149/2390/756 2148/2389/684 2159/2431/757
f 2121/2359/656 2123/2362/773 2124/2363/748
f 2160/2401/697 2176/2403/695 2161/2402/732
f 2110/2350/646 2154/2395/758 2134/2375/774
f 2104/2365/660 2135/2374/671 2158/2421/693
f 2163/2405/698 2178/2425/712 2164/2404/699
f 2127/2366/662 2155/2396/775 2166/2407/776
f 2153/2394/688 2157/2398/692 2154/2395/758
f 2168/2408/702 2192/2410/724 2169/2409/760
f 2171/2413/778 2185/2412/719 2163/2405/698
f 2173/2414/716 2120/2360/772 2122/2361/654
f 2175/2415/710 2188/2416/709 2176/2403/695
f 2163/2405/698 2185/2412/719 2177/2417/780
f 2179/2420/714 2170/2419/704 2172/2411/779
f 2158/2421/693 2124/2363/748 2114/2355/649
f 2181/2422/739 2173/2414/716 2174/2371/707
f 2169/2409/760 2171/2413/778 2172/2411/779
f 2172/2411/779 2163/2405/698 2165/2406/700
f 2166/2407/776 2140/2343/793 2138/2378/753
f 2107/2373/770 2128/2368/663 2127/2366/662
f 2178/2425/712 2177/2417/780 2137/2379/672
f 2171/2413/778 2193/2426/784 2184/2441/728
f 2125/2364/659 2158/2421/693 2116/2356/651
f 2168/2408/702 2170/2419/704 2179/2420/714
f 2175/2415/710 2180/2418/781 2165/2406/700
f 2183/2424/782 2138/2378/753 2137/2379/672
f 2189/2428/783 2118/2387/795 2115/2354/743
f 2190/2429/725 2193/2426/784 2171/2413/778
f 2164/2404/699 2178/2425/712 2139/2380/674
f 2182/2423/715 2174/2371/707 2131/2370/666
f 2192/2410/724 2196/2430/729 2190/2429/725
f 2159/2431/757 2148/2389/684 2193/2426/784
f 2194/2432/726 2175/2415/710 2160/2401/697
f 2193/2426/784 2148/2389/684 2167/2433/777
f 2151/2391/687 2159/2431/757 2190/2429/725
f 2188/2416/709 2198/2435/733 2197/2434/768
f 2165/2406/700 2164/2404/699 2198/2435/733
f 2179/2420/714 2180/2418/781 2175/2415/710
f 2125/2364/659 2186/2436/720 2100/2341/638
f 2161/2402/732 2203/2437/785 2189/2428/783
f 2198/2435/733 2146/2386/680 2145/2384/679
f 2197/2434/768 2203/2437/785 2161/2402/732
f 2187/2427/721 2179/2420/714 2194/2432/726
f 2160/2401/697 2162/2440/696 2202/2443/735
f 2184/2441/728 2183/2424/782 2177/2417/780
f 2145/2384/679 2144/2385/754 2203/2437/785
f 2144/2385/754 2118/2387/795 2189/2428/783
f 2194/2432/726 2195/2439/727 2204/2442/737
f 2108/2348/771 2107/2373/770 2149/2390/756
f 2162/2440/696 2120/2360/772 2173/2414/716
f 2121/2359/656 2200/2444/655 2189/2428/783
f 2162/2440/696 2161/2402/732 2200/2444/655
f 2195/2439/727 2202/2443/735 2205/2445/738
f 2098/2340/740 2140/2343/793 2166/2407/776
f 2199/2376/731 2100/2341/638 2099/2339/637
f 2184/2441/728 2167/2433/777 2166/2407/776
f 2202/2443/735 2173/2414/716 2181/2422/739
f 2164/2404/699 2191/2446/723 2146/2386/680
f 932/2725/8 934/2726/8 1230/2727/8
f 934/2726/8 1445/2728/8 918/2729/8
f 1445/2728/8 1492/2730/8 918/2729/8
f 1492/2730/8 1494/2731/8 918/2729/8
f 1494/2731/8 919/2732/8 918/2729/8
f 918/2729/8 1461/2733/8 934/2726/8
f 1461/2733/8 993/2734/8 1230/2727/8
f 993/2734/8 1500/2735/8 1499/2736/8
f 1499/2736/8 1501/2737/8 1230/2727/8
f 1501/2737/8 1511/2738/8 1230/2727/8
f 1511/2738/8 1306/2739/8 1230/2727/8
f 1230/2727/8 1357/2740/8 935/2741/8
f 1357/2740/8 1334/2742/8 1338/2743/8
f 1357/2740/8 1338/2743/8 923/2744/8
f 1461/2733/8 1230/2727/8 934/2726/8
f 993/2734/8 1499/2736/8 1230/2727/8
f 1357/2740/8 923/2744/8 935/2741/8
f 1338/2743/8 1512/2745/8 1474/2746/8
f 923/2744/8 1338/2743/8 938/2747/8
f 1512/2745/8 1513/2748/8 1474/2746/8
f 935/2741/8 932/2725/8 1230/2727/8
f 938/2747/8 1338/2743/8 1474/2746/8
f 1513/2748/8 1495/2749/8 983/2750/8
f 1505/2751/8 1459/2752/8 983/2750/8
f 1459/2752/8 1506/2753/8 1502/2754/8
f 1495/2749/8 1505/2751/8 983/2750/8
f 1459/2752/8 1502/2754/8 1516/2755/8
f 1473/2756/8 1513/2748/8 983/2750/8
f 1506/2753/8 1503/2757/8 1502/2754/8
f 1502/2754/8 1515/2758/8 1516/2755/8
f 1516/2755/8 983/2750/8 1459/2752/8
f 983/2750/8 1201/2447/8 1451/2449/8
f 1201/2447/8 947/2665/8 926/2759/8
f 1201/2447/8 926/2759/8 928/2760/8
f 983/2750/8 1451/2449/8 929/2761/8
f 931/2762/8 983/2750/8 929/2761/8
f 1513/2748/8 1473/2756/8 1474/2746/8
f 983/2750/8 931/2762/8 1473/2756/8
f 1201/2447/8 928/2760/8 1464/2448/8
