# Blender 4.3.2
# www.blender.org
mtllib soft_gripper_finger.mtl
o soft_gripper_finger
v 0.000000 -25.800020 -122.364670
v 0.000000 -0.000018 -122.364670
v 0.000923 -0.000018 -122.407639
v 0.000000 -25.800020 -122.364670
v 0.000923 -0.000018 -122.407639
v 0.000923 -25.800020 -122.407639
v 0.000923 -0.000018 -122.407639
v 0.003692 -0.000018 -122.450523
v 0.000923 -25.800020 -122.407639
v 0.000923 -25.800020 -122.407639
v 0.003692 -0.000018 -122.450523
v 0.003692 -25.800020 -122.450523
v 0.003692 -0.000018 -122.450523
v 0.008300 -0.000018 -122.493248
v 0.003692 -25.800020 -122.450523
v 0.003692 -25.800020 -122.450523
v 0.008300 -0.000018 -122.493248
v 0.008300 -25.800020 -122.493248
v 0.008300 -0.000018 -122.493248
v 0.014741 -0.000018 -122.535736
v 0.008300 -25.800020 -122.493248
v 0.008300 -25.800020 -122.493248
v 0.014741 -0.000018 -122.535736
v 0.014741 -25.800020 -122.535736
v 0.014741 -0.000018 -122.535736
v 0.023000 -0.000018 -122.577911
v 0.014741 -25.800020 -122.535736
v 0.014741 -25.800020 -122.535736
v 0.023000 -0.000018 -122.577911
v 0.023000 -25.800020 -122.577911
v 0.023000 -0.000018 -122.577911
v 0.033064 -0.000018 -122.619690
v 0.023000 -25.800020 -122.577911
v 0.023000 -25.800020 -122.577911
v 0.033064 -0.000018 -122.619690
v 0.033064 -25.800020 -122.619690
v 0.033064 -0.000018 -122.619690
v 0.044914 -0.000018 -122.661003
v 0.033064 -25.800020 -122.619690
v 0.033064 -25.800020 -122.619690
v 0.044914 -0.000018 -122.661003
v 0.044914 -25.800020 -122.661003
v 0.044914 -0.000018 -122.661003
v 0.058528 -0.000018 -122.701767
v 0.044914 -25.800020 -122.661003
v 0.044914 -25.800020 -122.661003
v 0.058528 -0.000018 -122.701767
v 0.058528 -25.800020 -122.701767
v 0.058528 -0.000018 -122.701767
v 0.073880 -0.000018 -122.741898
v 0.058528 -25.800020 -122.701767
v 0.058528 -25.800020 -122.701767
v 0.073880 -0.000018 -122.741898
v 0.073880 -25.800020 -122.741898
v 0.073880 -0.000018 -122.741898
v 0.090943 -0.000018 -122.781342
v 0.073880 -25.800020 -122.741898
v 0.073880 -25.800020 -122.741898
v 0.090943 -0.000018 -122.781342
v 0.090943 -25.800020 -122.781342
v 0.090943 -0.000018 -122.781342
v 0.109684 -0.000018 -122.820015
v 0.090943 -25.800020 -122.781342
v 0.090943 -25.800020 -122.781342
v 0.109684 -0.000018 -122.820015
v 0.109684 -25.800020 -122.820015
v 0.109684 -0.000018 -122.820015
v 0.130070 -0.000018 -122.857849
v 0.109684 -25.800020 -122.820015
v 0.109684 -25.800020 -122.820015
v 0.130070 -0.000018 -122.857849
v 0.130070 -25.800020 -122.857849
v 0.130070 -0.000018 -122.857849
v 0.152063 -0.000018 -122.894760
v 0.130070 -25.800020 -122.857849
v 0.130070 -25.800020 -122.857849
v 0.152063 -0.000018 -122.894760
v 0.152063 -25.800020 -122.894760
v 0.152063 -0.000018 -122.894760
v 0.175621 -0.000018 -122.930702
v 0.152063 -25.800020 -122.894760
v 0.152063 -25.800020 -122.894760
v 0.175621 -0.000018 -122.930702
v 0.175621 -25.800020 -122.930702
v 0.175621 -0.000018 -122.930702
v 0.200702 -0.000018 -122.965607
v 0.175621 -25.800020 -122.930702
v 0.175621 -25.800020 -122.930702
v 0.200702 -0.000018 -122.965607
v 0.200702 -25.800020 -122.965607
v 0.200702 -0.000018 -122.965607
v 0.227259 -0.000018 -122.999390
v 0.200702 -25.800020 -122.965607
v 0.200702 -25.800020 -122.965607
v 0.227259 -0.000018 -122.999390
v 0.227259 -25.800020 -122.999390
v 0.227259 -0.000018 -122.999390
v 0.255244 -0.000018 -123.032005
v 0.227259 -25.800020 -122.999390
v 0.227259 -25.800020 -122.999390
v 0.255244 -0.000018 -123.032005
v 0.255244 -25.800020 -123.032005
v 0.255244 -0.000018 -123.032005
v 0.284603 -0.000018 -123.063385
v 0.255244 -25.800020 -123.032005
v 0.255244 -25.800020 -123.032005
v 0.284603 -0.000018 -123.063385
v 0.284603 -25.800020 -123.063385
v 0.284603 -0.000018 -123.063385
v 0.315284 -0.000018 -123.093475
v 0.284603 -25.800020 -123.063385
v 0.284603 -25.800020 -123.063385
v 0.315284 -0.000018 -123.093475
v 0.315284 -25.800020 -123.093475
v 0.315284 -0.000018 -123.093475
v 0.347230 -0.000018 -123.122223
v 0.315284 -25.800020 -123.093475
v 0.315284 -25.800020 -123.093475
v 0.347230 -0.000018 -123.122223
v 0.347230 -25.800020 -123.122223
v 0.347230 -0.000018 -123.122223
v 0.380381 -0.000018 -123.149574
v 0.347230 -25.800020 -123.122223
v 0.347230 -25.800020 -123.122223
v 0.380381 -0.000018 -123.149574
v 0.380381 -25.800020 -123.149574
v 0.380381 -0.000018 -123.149574
v 0.414676 -0.000018 -123.175468
v 0.380381 -25.800020 -123.149574
v 0.380381 -25.800020 -123.149574
v 0.414676 -0.000018 -123.175468
v 0.414676 -25.800020 -123.175468
v 0.414676 -0.000018 -123.175468
v 0.450053 -0.000018 -123.199875
v 0.414676 -25.800020 -123.175468
v 0.414676 -25.800020 -123.175468
v 0.450053 -0.000018 -123.199875
v 0.450053 -25.800020 -123.199875
v 0.450053 -0.000018 -123.199875
v 0.486445 -0.000018 -123.222725
v 0.450053 -25.800020 -123.199875
v 0.450053 -25.800020 -123.199875
v 0.486445 -0.000018 -123.222725
v 0.486445 -25.800020 -123.222725
v 0.486445 -0.000018 -123.222725
v 0.523785 -0.000018 -123.244003
v 0.486445 -25.800020 -123.222725
v 0.486445 -25.800020 -123.222725
v 0.523785 -0.000018 -123.244003
v 0.523785 -25.800020 -123.244003
v 0.523785 -0.000018 -123.244003
v 0.562005 -0.000018 -123.263649
v 0.523785 -25.800020 -123.244003
v 0.523785 -25.800020 -123.244003
v 0.562005 -0.000018 -123.263649
v 0.562005 -25.800020 -123.263649
v 0.562005 -0.000018 -123.263649
v 0.601034 -0.000018 -123.281639
v 0.562005 -25.800020 -123.263649
v 0.562005 -25.800020 -123.263649
v 0.601034 -0.000018 -123.281639
v 0.601034 -25.800020 -123.281639
v 0.601034 -0.000018 -123.281639
v 0.640800 -0.000018 -123.297928
v 0.601034 -25.800020 -123.281639
v 0.601034 -25.800020 -123.281639
v 0.640800 -0.000018 -123.297928
v 0.640800 -25.800020 -123.297928
v 0.640800 -0.000018 -123.297928
v 0.681229 -0.000018 -123.312500
v 0.640800 -25.800020 -123.297928
v 0.640800 -25.800020 -123.297928
v 0.681229 -0.000018 -123.312500
v 0.681229 -25.800020 -123.312500
v 0.681229 -0.000018 -123.312500
v 0.722246 -0.000018 -123.325325
v 0.681229 -25.800020 -123.312500
v 0.681229 -25.800020 -123.312500
v 0.722246 -0.000018 -123.325325
v 0.722246 -25.800020 -123.325325
v 0.722246 -0.000018 -123.325325
v 0.763777 -0.000018 -123.336365
v 0.722246 -25.800020 -123.325325
v 0.722246 -25.800020 -123.325325
v 0.763777 -0.000018 -123.336365
v 0.763777 -25.800020 -123.336365
v 0.763777 -0.000018 -123.336365
v 0.805744 -0.000018 -123.345619
v 0.763777 -25.800020 -123.336365
v 0.763777 -25.800020 -123.336365
v 0.805744 -0.000018 -123.345619
v 0.805744 -25.800020 -123.345619
v 0.805744 -0.000018 -123.345619
v 0.848070 -0.000018 -123.353065
v 0.805744 -25.800020 -123.345619
v 0.805744 -25.800020 -123.345619
v 0.848070 -0.000018 -123.353065
v 0.848070 -25.800020 -123.353065
v 0.848070 -0.000018 -123.353065
v 0.890676 -0.000018 -123.358673
v 0.848070 -25.800020 -123.353065
v 0.848070 -25.800020 -123.353065
v 0.890676 -0.000018 -123.358673
v 0.890676 -25.800020 -123.358673
v 0.890676 -0.000018 -123.358673
v 0.933484 -0.000018 -123.362457
v 0.890676 -25.800020 -123.358673
v 0.890676 -25.800020 -123.358673
v 0.933484 -0.000018 -123.362457
v 0.933484 -25.800020 -123.362457
v 0.933484 -0.000018 -123.362457
v 0.976415 -0.000018 -123.364388
v 0.933484 -25.800020 -123.362457
v 0.933484 -25.800020 -123.362457
v 0.976415 -0.000018 -123.364388
v 0.976415 -25.800020 -123.364388
v 0.976415 -0.000018 -123.364388
v 1.019390 -0.000018 -123.364487
v 0.976415 -25.800020 -123.364388
v 0.976415 -25.800020 -123.364388
v 1.019390 -0.000018 -123.364487
v 1.019390 -25.800020 -123.364487
v 1.019390 -0.000018 -123.364487
v 1.062329 -0.000018 -123.362724
v 1.019390 -25.800020 -123.364487
v 1.019390 -25.800020 -123.364487
v 1.062329 -0.000018 -123.362724
v 1.062329 -25.800020 -123.362724
v 1.062329 -0.000018 -123.362724
v 1.105153 -0.000018 -123.359131
v 1.062329 -25.800020 -123.362724
v 1.062329 -25.800020 -123.362724
v 1.105153 -0.000018 -123.359131
v 1.105153 -25.800020 -123.359131
v 1.105153 -0.000018 -123.359131
v 1.147782 -0.000018 -123.353691
v 1.105153 -25.800020 -123.359131
v 1.105153 -25.800020 -123.359131
v 1.147782 -0.000018 -123.353691
v 1.147782 -25.800020 -123.353691
v 1.147782 -0.000018 -123.353691
v 1.190139 -0.000018 -123.346428
v 1.147782 -25.800020 -123.353691
v 1.147782 -25.800020 -123.353691
v 1.190139 -0.000018 -123.346428
v 1.190139 -25.800020 -123.346428
v 1.190139 -0.000018 -123.346428
v 1.232144 -0.000018 -123.337349
v 1.190139 -25.800020 -123.346428
v 1.190139 -25.800020 -123.346428
v 1.232144 -0.000018 -123.337349
v 1.232144 -25.800020 -123.337349
v 1.232144 -0.000018 -123.337349
v 1.273721 -0.000018 -123.326477
v 1.232144 -25.800020 -123.337349
v 1.232144 -25.800020 -123.337349
v 1.273721 -0.000018 -123.326477
v 1.273721 -25.800020 -123.326477
v 1.273721 -0.000018 -123.326477
v 1.314792 -0.000018 -123.313828
v 1.273721 -25.800020 -123.326477
v 1.273721 -25.800020 -123.326477
v 1.314792 -0.000018 -123.313828
v 1.314792 -25.800020 -123.313828
v 1.314792 -0.000018 -123.313828
v 1.355282 -0.000018 -123.299431
v 1.314792 -25.800020 -123.313828
v 1.314792 -25.800020 -123.313828
v 1.355282 -0.000018 -123.299431
v 1.355282 -25.800020 -123.299431
v 1.355282 -0.000018 -123.299431
v 1.395116 -0.000018 -123.283302
v 1.355282 -25.800020 -123.299431
v 1.355282 -25.800020 -123.299431
v 1.395116 -0.000018 -123.283302
v 1.395116 -25.800020 -123.283302
v 1.395116 -0.000018 -123.283302
v 1.434220 -0.000018 -123.265472
v 1.395116 -25.800020 -123.283302
v 1.395116 -25.800020 -123.283302
v 1.434220 -0.000018 -123.265472
v 1.434220 -25.800020 -123.265472
v 1.434220 -0.000018 -123.265472
v 1.472522 -0.000018 -123.245995
v 1.434220 -25.800020 -123.265472
v 1.434220 -25.800020 -123.265472
v 1.472522 -0.000018 -123.245995
v 1.472522 -25.800020 -123.245995
v 1.472522 -0.000018 -123.245995
v 1.509951 -0.000018 -123.224876
v 1.472522 -25.800020 -123.245995
v 1.472522 -25.800020 -123.245995
v 1.509951 -0.000018 -123.224876
v 1.509951 -25.800020 -123.224876
v 1.509951 -0.000018 -123.224876
v 1.546439 -0.000018 -123.202164
v 1.509951 -25.800020 -123.224876
v 1.509951 -25.800020 -123.224876
v 1.546439 -0.000018 -123.202164
v 1.546439 -25.800020 -123.202164
v 1.546439 -0.000018 -123.202164
v 1.581917 -0.000018 -123.177917
v 1.546439 -25.800020 -123.202164
v 1.546439 -25.800020 -123.202164
v 1.581917 -0.000018 -123.177917
v 1.581917 -25.800020 -123.177917
v 1.581917 -0.000018 -123.177917
v 1.616321 -0.000018 -123.152168
v 1.581917 -25.800020 -123.177917
v 1.581917 -25.800020 -123.177917
v 1.616321 -0.000018 -123.152168
v 1.616321 -25.800020 -123.152168
v 1.616321 -0.000018 -123.152168
v 1.649586 -0.000018 -123.124954
v 1.616321 -25.800020 -123.152168
v 1.616321 -25.800020 -123.152168
v 1.649586 -0.000018 -123.124954
v 1.649586 -25.800020 -123.124954
v 1.649586 -0.000018 -123.124954
v 1.681652 -0.000018 -123.096344
v 1.649586 -25.800020 -123.124954
v 1.649586 -25.800020 -123.124954
v 1.681652 -0.000018 -123.096344
v 1.681652 -25.800020 -123.096344
v 1.681652 -0.000018 -123.096344
v 1.712459 -0.000018 -123.066383
v 1.681652 -25.800020 -123.096344
v 1.681652 -25.800020 -123.096344
v 1.712459 -0.000018 -123.066383
v 1.712459 -25.800020 -123.066383
v 1.712459 -0.000018 -123.066383
v 1.741950 -0.000018 -123.035126
v 1.712459 -25.800020 -123.066383
v 1.712459 -25.800020 -123.066383
v 1.741950 -0.000018 -123.035126
v 1.741950 -25.800020 -123.035126
v 1.741950 -0.000018 -123.035126
v 1.770071 -0.000018 -123.002625
v 1.741950 -25.800020 -123.035126
v 1.741950 -25.800020 -123.035126
v 1.770071 -0.000018 -123.002625
v 1.770071 -25.800020 -123.002625
v 1.770071 -0.000018 -123.002625
v 1.796770 -0.000018 -122.968956
v 1.770071 -25.800020 -123.002625
v 1.770071 -25.800020 -123.002625
v 1.796770 -0.000018 -122.968956
v 1.796770 -25.800020 -122.968956
v 1.796770 -0.000018 -122.968956
v 1.821997 -0.000018 -122.934166
v 1.796770 -25.800020 -122.968956
v 1.796770 -25.800020 -122.968956
v 1.821997 -0.000018 -122.934166
v 1.821997 -25.800020 -122.934166
v 1.821997 -0.000018 -122.934166
v 1.845706 -0.000018 -122.898315
v 1.821997 -25.800020 -122.934166
v 1.821997 -25.800020 -122.934166
v 1.845706 -0.000018 -122.898315
v 1.845706 -25.800020 -122.898315
v 0.000000 -0.000000 -3.000000
v 0.000000 -25.800001 -2.999996
v 0.002855 -25.800001 -2.869138
v 0.000000 -0.000000 -3.000000
v 0.002855 -25.800001 -2.869138
v 0.002855 -0.000000 -2.869142
v 0.002855 -25.800001 -2.869138
v 0.011416 -25.800001 -2.738529
v 0.002855 -0.000000 -2.869142
v 0.002855 -0.000000 -2.869142
v 0.011416 -25.800001 -2.738529
v 0.011416 -0.000000 -2.738533
v 0.011416 -25.800001 -2.738529
v 0.025665 -25.800001 -2.608418
v 0.011416 -0.000000 -2.738533
v 0.011416 -0.000000 -2.738533
v 0.025665 -25.800001 -2.608418
v 0.025665 -0.000000 -2.608422
v 0.025665 -25.800001 -2.608418
v 0.045577 -25.800001 -2.479051
v 0.025665 -0.000000 -2.608422
v 0.025665 -0.000000 -2.608422
v 0.045577 -25.800001 -2.479051
v 0.045577 -0.000000 -2.479055
v 0.045577 -25.800001 -2.479051
v 0.071112 -25.800001 -2.350677
v 0.045577 -0.000000 -2.479055
v 0.045577 -0.000000 -2.479055
v 0.071112 -25.800001 -2.350677
v 0.071112 -0.000000 -2.350681
v 0.071112 -25.800001 -2.350677
v 0.102223 -25.800001 -2.223539
v 0.071112 -0.000000 -2.350681
v 0.071112 -0.000000 -2.350681
v 0.102223 -25.800001 -2.223539
v 0.102223 -0.000000 -2.223543
v 0.102223 -25.800001 -2.223539
v 0.138849 -25.800001 -2.097879
v 0.102223 -0.000000 -2.223543
v 0.102223 -0.000000 -2.223543
v 0.138849 -25.800001 -2.097879
v 0.138849 -0.000000 -2.097883
v 0.138849 -25.800001 -2.097879
v 0.180922 -25.800001 -1.973936
v 0.138849 -0.000000 -2.097883
v 0.138849 -0.000000 -2.097883
v 0.180922 -25.800001 -1.973936
v 0.180922 -0.000000 -1.973940
v 0.180922 -25.800001 -1.973936
v 0.228361 -25.800001 -1.851946
v 0.180922 -0.000000 -1.973940
v 0.180922 -0.000000 -1.973940
v 0.228361 -25.800001 -1.851946
v 0.228361 -0.000000 -1.851950
v 0.228361 -25.800001 -1.851946
v 0.281077 -25.800001 -1.732141
v 0.228361 -0.000000 -1.851950
v 0.228361 -0.000000 -1.851950
v 0.281077 -25.800001 -1.732141
v 0.281077 -0.000000 -1.732145
v 0.281077 -25.800001 -1.732141
v 0.338968 -25.800001 -1.614750
v 0.281077 -0.000000 -1.732145
v 0.281077 -0.000000 -1.732145
v 0.338968 -25.800001 -1.614750
v 0.338968 -0.000000 -1.614754
v 0.338968 -25.800001 -1.614750
v 0.401924 -25.800001 -1.499996
v 0.338968 -0.000000 -1.614754
v 0.338968 -0.000000 -1.614754
v 0.401924 -25.800001 -1.499996
v 0.401924 -0.000000 -1.500000
v 0.401924 -25.800001 -1.499996
v 0.469826 -25.800001 -1.388097
v 0.401924 -0.000000 -1.500000
v 0.401924 -0.000000 -1.500000
v 0.469826 -25.800001 -1.388097
v 0.469826 -0.000000 -1.388101
v 0.469826 -25.800001 -1.388097
v 0.542544 -25.800001 -1.279267
v 0.469826 -0.000000 -1.388101
v 0.469826 -0.000000 -1.388101
v 0.542544 -25.800001 -1.279267
v 0.542544 -0.000000 -1.279271
v 0.542544 -25.800001 -1.279267
v 0.619940 -25.800001 -1.173712
v 0.542544 -0.000000 -1.279271
v 0.542544 -0.000000 -1.279271
v 0.619940 -25.800001 -1.173712
v 0.619940 -0.000000 -1.173716
v 0.619940 -25.800001 -1.173712
v 0.701867 -25.800001 -1.071633
v 0.619940 -0.000000 -1.173716
v 0.619940 -0.000000 -1.173716
v 0.701867 -25.800001 -1.071633
v 0.701867 -0.000000 -1.071637
v 0.701867 -25.800001 -1.071633
v 0.788168 -25.800001 -0.973225
v 0.701867 -0.000000 -1.071637
v 0.701867 -0.000000 -1.071637
v 0.788168 -25.800001 -0.973225
v 0.788168 -0.000000 -0.973229
v 0.788168 -25.800001 -0.973225
v 0.878680 -25.800001 -0.878676
v 0.788168 -0.000000 -0.973229
v 0.788168 -0.000000 -0.973229
v 0.878680 -25.800001 -0.878676
v 0.878680 -0.000000 -0.878680
v 0.878680 -25.800001 -0.878676
v 0.973229 -25.800001 -0.788164
v 0.878680 -0.000000 -0.878680
v 0.878680 -0.000000 -0.878680
v 0.973229 -25.800001 -0.788164
v 0.973229 -0.000000 -0.788168
v 0.973229 -25.800001 -0.788164
v 1.071637 -25.800001 -0.701863
v 0.973229 -0.000000 -0.788168
v 0.973229 -0.000000 -0.788168
v 1.071637 -25.800001 -0.701863
v 1.071637 -0.000000 -0.701867
v 1.071637 -25.800001 -0.701863
v 1.173716 -25.800001 -0.619936
v 1.071637 -0.000000 -0.701867
v 1.071637 -0.000000 -0.701867
v 1.173716 -25.800001 -0.619936
v 1.173716 -0.000000 -0.619940
v 1.173716 -25.800001 -0.619936
v 1.279271 -25.800001 -0.542540
v 1.173716 -0.000000 -0.619940
v 1.173716 -0.000000 -0.619940
v 1.279271 -25.800001 -0.542540
v 1.279271 -0.000000 -0.542544
v 1.279271 -25.800001 -0.542540
v 1.388101 -25.800001 -0.469822
v 1.279271 -0.000000 -0.542544
v 1.279271 -0.000000 -0.542544
v 1.388101 -25.800001 -0.469822
v 1.388101 -0.000000 -0.469826
v 1.388101 -25.800001 -0.469822
v 1.500000 -25.800001 -0.401920
v 1.388101 -0.000000 -0.469826
v 1.388101 -0.000000 -0.469826
v 1.500000 -25.800001 -0.401920
v 1.500000 -0.000000 -0.401924
v 1.500000 -25.800001 -0.401920
v 1.614754 -25.800001 -0.338964
v 1.500000 -0.000000 -0.401924
v 1.500000 -0.000000 -0.401924
v 1.614754 -25.800001 -0.338964
v 1.614754 -0.000000 -0.338968
v 1.614754 -25.800001 -0.338964
v 1.732145 -25.800001 -0.281073
v 1.614754 -0.000000 -0.338968
v 1.614754 -0.000000 -0.338968
v 1.732145 -25.800001 -0.281073
v 1.732145 -0.000000 -0.281077
v 1.732145 -25.800001 -0.281073
v 1.851950 -25.800001 -0.228357
v 1.732145 -0.000000 -0.281077
v 1.732145 -0.000000 -0.281077
v 1.851950 -25.800001 -0.228357
v 1.851950 -0.000000 -0.228361
v 1.851950 -25.800001 -0.228357
v 1.973940 -25.800001 -0.180918
v 1.851950 -0.000000 -0.228361
v 1.851950 -0.000000 -0.228361
v 1.973940 -25.800001 -0.180918
v 1.973940 -0.000000 -0.180922
v 1.973940 -25.800001 -0.180918
v 2.097883 -25.800001 -0.138845
v 1.973940 -0.000000 -0.180922
v 1.973940 -0.000000 -0.180922
v 2.097883 -25.800001 -0.138845
v 2.097883 -0.000000 -0.138849
v 2.097883 -25.800001 -0.138845
v 2.223543 -25.800001 -0.102219
v 2.097883 -0.000000 -0.138849
v 2.097883 -0.000000 -0.138849
v 2.223543 -25.800001 -0.102219
v 2.223543 -0.000000 -0.102223
v 2.223543 -25.800001 -0.102219
v 2.350681 -25.800001 -0.071108
v 2.223543 -0.000000 -0.102223
v 2.223543 -0.000000 -0.102223
v 2.350681 -25.800001 -0.071108
v 2.350681 -0.000000 -0.071112
v 2.350681 -25.800001 -0.071108
v 2.479055 -25.800001 -0.045573
v 2.350681 -0.000000 -0.071112
v 2.350681 -0.000000 -0.071112
v 2.479055 -25.800001 -0.045573
v 2.479055 -0.000000 -0.045577
v 2.479055 -25.800001 -0.045573
v 2.608422 -25.800001 -0.025661
v 2.479055 -0.000000 -0.045577
v 2.479055 -0.000000 -0.045577
v 2.608422 -25.800001 -0.025661
v 2.608422 -0.000000 -0.025665
v 2.608422 -25.800001 -0.025661
v 2.738533 -25.800001 -0.011412
v 2.608422 -0.000000 -0.025665
v 2.608422 -0.000000 -0.025665
v 2.738533 -25.800001 -0.011412
v 2.738533 -0.000000 -0.011416
v 2.738533 -25.800001 -0.011412
v 2.869142 -25.800001 -0.002851
v 2.738533 -0.000000 -0.011416
v 2.738533 -0.000000 -0.011416
v 2.869142 -25.800001 -0.002851
v 2.869142 -0.000000 -0.002855
v 2.869142 -25.800001 -0.002851
v 3.000000 -25.800001 0.000004
v 2.869142 -0.000000 -0.002855
v 2.869142 -0.000000 -0.002855
v 3.000000 -25.800001 0.000004
v 3.000000 0.000000 0.000000
v 39.720314 -25.800001 -3.149170
v 39.720314 -0.000000 -3.149174
v 39.723953 -0.000000 -3.021297
v 39.720314 -25.800001 -3.149170
v 39.723953 -0.000000 -3.021297
v 39.723953 -25.800001 -3.021293
v 39.723953 -0.000000 -3.021297
v 39.722134 -0.000000 -2.893383
v 39.723953 -25.800001 -3.021293
v 39.723953 -25.800001 -3.021293
v 39.722134 -0.000000 -2.893383
v 39.722134 -25.800001 -2.893379
v 39.722134 -0.000000 -2.893383
v 39.714863 -0.000000 -2.765662
v 39.722134 -25.800001 -2.893379
v 39.722134 -25.800001 -2.893379
v 39.714863 -0.000000 -2.765662
v 39.714863 -25.800001 -2.765658
v 39.714863 -0.000000 -2.765662
v 39.702152 -0.000000 -2.638367
v 39.714863 -25.800001 -2.765658
v 39.714863 -25.800001 -2.765658
v 39.702152 -0.000000 -2.638367
v 39.702152 -25.800001 -2.638363
v 39.702152 -0.000000 -2.638367
v 39.684029 -0.000000 -2.511730
v 39.702152 -25.800001 -2.638363
v 39.702152 -25.800001 -2.638363
v 39.684029 -0.000000 -2.511730
v 39.684029 -25.800001 -2.511726
v 39.684029 -0.000000 -2.511730
v 39.660519 -0.000000 -2.385980
v 39.684029 -25.800001 -2.511726
v 39.684029 -25.800001 -2.511726
v 39.660519 -0.000000 -2.385980
v 39.660519 -25.800001 -2.385976
v 39.660519 -0.000000 -2.385980
v 39.631672 -0.000000 -2.261347
v 39.660519 -25.800001 -2.385976
v 39.660519 -25.800001 -2.385976
v 39.631672 -0.000000 -2.261347
v 39.631672 -25.800001 -2.261343
v 39.631672 -0.000000 -2.261347
v 39.597538 -0.000000 -2.138058
v 39.631672 -25.800001 -2.261343
v 39.631672 -25.800001 -2.261343
v 39.597538 -0.000000 -2.138058
v 39.597538 -25.800001 -2.138054
v 39.597538 -0.000000 -2.138058
v 39.558174 -0.000000 -2.016335
v 39.597538 -25.800001 -2.138054
v 39.597538 -25.800001 -2.138054
v 39.558174 -0.000000 -2.016335
v 39.558174 -25.800001 -2.016331
v 39.558174 -0.000000 -2.016335
v 39.513664 -0.000000 -1.896402
v 39.558174 -25.800001 -2.016331
v 39.558174 -25.800001 -2.016331
v 39.513664 -0.000000 -1.896402
v 39.513664 -25.800001 -1.896398
v 39.513664 -0.000000 -1.896402
v 39.464077 -0.000000 -1.778475
v 39.513664 -25.800001 -1.896398
v 39.513664 -25.800001 -1.896398
v 39.464077 -0.000000 -1.778475
v 39.464077 -25.800001 -1.778471
v 39.464077 -0.000000 -1.778475
v 39.409512 -0.000000 -1.662769
v 39.464077 -25.800001 -1.778471
v 39.464077 -25.800001 -1.778471
v 39.409512 -0.000000 -1.662769
v 39.409512 -25.800001 -1.662765
v 39.409512 -0.000000 -1.662769
v 39.350060 -0.000000 -1.549495
v 39.409512 -25.800001 -1.662765
v 39.409512 -25.800001 -1.662765
v 39.350060 -0.000000 -1.549495
v 39.350060 -25.800001 -1.549491
v 39.350060 -0.000000 -1.549495
v 39.285831 -0.000000 -1.438859
v 39.350060 -25.800001 -1.549491
v 39.350060 -25.800001 -1.549491
v 39.285831 -0.000000 -1.438859
v 39.285831 -25.800001 -1.438855
v 39.285831 -0.000000 -1.438859
v 39.216946 -0.000000 -1.331061
v 39.285831 -25.800001 -1.438855
v 39.285831 -25.800001 -1.438855
v 39.216946 -0.000000 -1.331061
v 39.216946 -25.800001 -1.331057
v 39.216946 -0.000000 -1.331061
v 39.143528 -0.000000 -1.226298
v 39.216946 -25.800001 -1.331057
v 39.216946 -25.800001 -1.331057
v 39.143528 -0.000000 -1.226298
v 39.143528 -25.800001 -1.226294
v 39.143528 -0.000000 -1.226298
v 39.065708 -0.000000 -1.124760
v 39.143528 -25.800001 -1.226294
v 39.143528 -25.800001 -1.226294
v 39.065708 -0.000000 -1.124760
v 39.065708 -25.800001 -1.124756
v 39.065708 -0.000000 -1.124760
v 38.983631 -0.000000 -1.026632
v 39.065708 -25.800001 -1.124756
v 39.065708 -25.800001 -1.124756
v 38.983631 -0.000000 -1.026632
v 38.983631 -25.800001 -1.026628
v 38.983631 -0.000000 -1.026632
v 38.897446 -0.000000 -0.932093
v 38.983631 -25.800001 -1.026628
v 38.983631 -25.800001 -1.026628
v 38.897446 -0.000000 -0.932093
v 38.897446 -25.800001 -0.932089
v 38.897446 -0.000000 -0.932093
v 38.807312 -0.000000 -0.841314
v 38.897446 -25.800001 -0.932089
v 38.897446 -25.800001 -0.932089
v 38.807312 -0.000000 -0.841314
v 38.807312 -25.800001 -0.841310
v 38.807312 -0.000000 -0.841314
v 38.713387 -0.000000 -0.754460
v 38.807312 -25.800001 -0.841310
v 38.807312 -25.800001 -0.841310
v 38.713387 -0.000000 -0.754460
v 38.713387 -25.800001 -0.754456
v 38.713387 -0.000000 -0.754460
v 38.615845 -0.000000 -0.671690
v 38.713387 -25.800001 -0.754456
v 38.713387 -25.800001 -0.754456
v 38.615845 -0.000000 -0.671690
v 38.615845 -25.800001 -0.671686
v 38.615845 -0.000000 -0.671690
v 38.514858 -0.000000 -0.593153
v 38.615845 -25.800001 -0.671686
v 38.615845 -25.800001 -0.671686
v 38.514858 -0.000000 -0.593153
v 38.514858 -25.800001 -0.593149
v 38.514858 -0.000000 -0.593153
v 38.410622 -0.000000 -0.518993
v 38.514858 -25.800001 -0.593149
v 38.514858 -25.800001 -0.593149
v 38.410622 -0.000000 -0.518993
v 38.410622 -25.800001 -0.518989
v 38.410622 -0.000000 -0.518993
v 38.303314 -0.000000 -0.449344
v 38.410622 -25.800001 -0.518989
v 38.410622 -25.800001 -0.518989
v 38.303314 -0.000000 -0.449344
v 38.303314 -25.800001 -0.449340
v 38.303314 -0.000000 -0.449344
v 38.193142 -0.000000 -0.384333
v 38.303314 -25.800001 -0.449340
v 38.303314 -25.800001 -0.449340
v 38.193142 -0.000000 -0.384333
v 38.193142 -25.800001 -0.384329
v 38.193142 -0.000000 -0.384333
v 38.080292 -0.000000 -0.324079
v 38.193142 -25.800001 -0.384329
v 38.193142 -25.800001 -0.384329
v 38.080292 -0.000000 -0.324079
v 38.080292 -25.800001 -0.324075
v 38.080292 -0.000000 -0.324079
v 37.964973 -0.000000 -0.268691
v 38.080292 -25.800001 -0.324075
v 38.080292 -25.800001 -0.324075
v 37.964973 -0.000000 -0.268691
v 37.964973 -25.800001 -0.268687
v 37.964973 -0.000000 -0.268691
v 37.847404 -0.000000 -0.218269
v 37.964973 -25.800001 -0.268687
v 37.964973 -25.800001 -0.268687
v 37.847404 -0.000000 -0.218269
v 37.847404 -25.800001 -0.218265
v 37.847404 -0.000000 -0.218269
v 37.727787 -0.000000 -0.172905
v 37.847404 -25.800001 -0.218265
v 37.847404 -25.800001 -0.218265
v 37.727787 -0.000000 -0.172905
v 37.727787 -25.800001 -0.172901
v 37.727787 -0.000000 -0.172905
v 37.606346 -0.000000 -0.132682
v 37.727787 -25.800001 -0.172901
v 37.727787 -25.800001 -0.172901
v 37.606346 -0.000000 -0.132682
v 37.606346 -25.800001 -0.132678
v 37.606346 -0.000000 -0.132682
v 37.483303 -0.000000 -0.097673
v 37.606346 -25.800001 -0.132678
v 37.606346 -25.800001 -0.132678
v 37.483303 -0.000000 -0.097673
v 37.483303 -25.800001 -0.097669
v 37.483303 -0.000000 -0.097673
v 37.358875 -0.000000 -0.067942
v 37.483303 -25.800001 -0.097669
v 37.483303 -25.800001 -0.097669
v 37.358875 -0.000000 -0.067942
v 37.358875 -25.800001 -0.067938
v 37.358875 -0.000000 -0.067942
v 37.233299 -0.000000 -0.043542
v 37.358875 -25.800001 -0.067938
v 37.358875 -25.800001 -0.067938
v 37.233299 -0.000000 -0.043542
v 37.233299 -25.800001 -0.043538
v 37.233299 -0.000000 -0.043542
v 37.106792 -0.000000 -0.024519
v 37.233299 -25.800001 -0.043538
v 37.233299 -25.800001 -0.043538
v 37.106792 -0.000000 -0.024519
v 37.106792 -25.800001 -0.024515
v 37.106792 -0.000000 -0.024519
v 36.979595 -0.000000 -0.010905
v 37.106792 -25.800001 -0.024515
v 37.106792 -25.800001 -0.024515
v 36.979595 -0.000000 -0.010905
v 36.979595 -25.800001 -0.010901
v 36.979595 -0.000000 -0.010905
v 36.851929 -0.000000 -0.002728
v 36.979595 -25.800001 -0.010901
v 36.979595 -25.800001 -0.010901
v 36.851929 -0.000000 -0.002728
v 36.851929 -25.800001 -0.002724
v 36.851929 -0.000000 -0.002728
v 36.724026 0.000000 0.000000
v 36.851929 -25.800001 -0.002724
v 36.851929 -25.800001 -0.002724
v 36.724026 0.000000 0.000000
v 36.724026 -25.800001 0.000004
v 36.442200 -0.000004 -32.809101
v 36.442200 -25.800005 -32.809093
v 36.423088 -0.000004 -32.936447
v 36.442200 -25.800005 -32.809093
v 36.423088 -25.800005 -32.936440
v 36.423088 -0.000004 -32.936447
v 36.423088 -0.000004 -32.936447
v 36.423088 -25.800005 -32.936440
v 36.409458 -0.000004 -33.064491
v 36.423088 -25.800005 -32.936440
v 36.409458 -25.800005 -33.064484
v 36.409458 -0.000004 -33.064491
v 36.409458 -0.000004 -33.064491
v 36.409458 -25.800005 -33.064484
v 36.401344 -0.000006 -33.193008
v 36.409458 -25.800005 -33.064484
v 36.401344 -25.800005 -33.193001
v 36.401344 -0.000006 -33.193008
v 36.401344 -0.000006 -33.193008
v 36.401344 -25.800005 -33.193001
v 36.398746 -0.000006 -33.321754
v 36.401344 -25.800005 -33.193001
v 36.398746 -25.800005 -33.321747
v 36.398746 -0.000006 -33.321754
v 36.398746 -0.000006 -33.321754
v 36.398746 -25.800005 -33.321747
v 36.401676 -0.000006 -33.450493
v 36.398746 -25.800005 -33.321747
v 36.401676 -25.800005 -33.450485
v 36.401676 -0.000006 -33.450493
v 36.401676 -0.000006 -33.450493
v 36.401676 -25.800005 -33.450485
v 36.410130 -0.000006 -33.578983
v 36.401676 -25.800005 -33.450485
v 36.410130 -25.800005 -33.578976
v 36.410130 -0.000006 -33.578983
v 36.410130 -0.000006 -33.578983
v 36.410130 -25.800005 -33.578976
v 36.424088 -0.000006 -33.706997
v 36.410130 -25.800005 -33.578976
v 36.424088 -25.800005 -33.706989
v 36.424088 -0.000006 -33.706997
v 36.424088 -0.000006 -33.706997
v 36.424088 -25.800005 -33.706989
v 36.443527 -0.000006 -33.834293
v 36.424088 -25.800005 -33.706989
v 36.443527 -25.800005 -33.834286
v 36.443527 -0.000006 -33.834293
v 36.443527 -0.000006 -33.834293
v 36.443527 -25.800005 -33.834286
v 36.468414 -0.000006 -33.960636
v 36.443527 -25.800005 -33.834286
v 36.468414 -25.800005 -33.960629
v 36.468414 -0.000006 -33.960636
v 36.468414 -0.000006 -33.960636
v 36.468414 -25.800005 -33.960629
v 36.498695 -0.000006 -34.085796
v 36.468414 -25.800005 -33.960629
v 36.498695 -25.800005 -34.085789
v 36.498695 -0.000006 -34.085796
v 36.498695 -0.000006 -34.085796
v 36.498695 -25.800005 -34.085789
v 36.534325 -0.000006 -34.209538
v 36.498695 -25.800005 -34.085789
v 36.534325 -25.800005 -34.209530
v 36.534325 -0.000006 -34.209538
v 36.534325 -0.000006 -34.209538
v 36.534325 -25.800005 -34.209530
v 36.575230 -0.000006 -34.331642
v 36.534325 -25.800005 -34.209530
v 36.575230 -25.800005 -34.331635
v 36.575230 -0.000006 -34.331642
v 36.575230 -0.000006 -34.331642
v 36.575230 -25.800005 -34.331635
v 36.621334 -0.000006 -34.451878
v 36.575230 -25.800005 -34.331635
v 36.621334 -25.800005 -34.451870
v 36.621334 -0.000006 -34.451878
v 36.621334 -0.000006 -34.451878
v 36.621334 -25.800005 -34.451870
v 36.672558 -0.000006 -34.570019
v 36.621334 -25.800005 -34.451870
v 36.672558 -25.800005 -34.570011
v 36.672558 -0.000006 -34.570019
v 36.672558 -0.000006 -34.570019
v 36.672558 -25.800005 -34.570011
v 36.728802 -0.000006 -34.685856
v 36.672558 -25.800005 -34.570011
v 36.728802 -25.800005 -34.685848
v 36.728802 -0.000006 -34.685856
v 36.728802 -0.000006 -34.685856
v 36.728802 -25.800005 -34.685848
v 36.789974 -0.000006 -34.799175
v 36.728802 -25.800005 -34.685848
v 36.789974 -25.800005 -34.799168
v 36.789974 -0.000006 -34.799175
v 36.789974 -0.000006 -34.799175
v 36.789974 -25.800005 -34.799168
v 36.855942 -0.000006 -34.909763
v 36.789974 -25.800005 -34.799168
v 36.855942 -25.800005 -34.909756
v 36.855942 -0.000006 -34.909763
v 36.855942 -0.000006 -34.909763
v 36.855942 -25.800005 -34.909756
v 36.926601 -0.000006 -35.017414
v 36.855942 -25.800005 -34.909756
v 36.926601 -25.800005 -35.017406
v 36.926601 -0.000006 -35.017414
v 36.926601 -0.000006 -35.017414
v 36.926601 -25.800005 -35.017406
v 37.001812 -0.000006 -35.121941
v 36.926601 -25.800005 -35.017406
v 37.001812 -25.800005 -35.121933
v 37.001812 -0.000006 -35.121941
v 37.001812 -0.000006 -35.121941
v 37.001812 -25.800005 -35.121933
v 37.081440 -0.000006 -35.223141
v 37.001812 -25.800005 -35.121933
v 37.081440 -25.800005 -35.223133
v 37.081440 -0.000006 -35.223141
v 37.081440 -0.000006 -35.223141
v 37.081440 -25.800005 -35.223133
v 37.165340 -0.000006 -35.320831
v 37.081440 -25.800005 -35.223133
v 37.165340 -25.800005 -35.320824
v 37.165340 -0.000006 -35.320831
v 37.165340 -0.000006 -35.320831
v 37.165340 -25.800005 -35.320824
v 37.253349 -0.000006 -35.414825
v 37.165340 -25.800005 -35.320824
v 37.253349 -25.800005 -35.414818
v 37.253349 -0.000006 -35.414825
v 37.253349 -0.000006 -35.414825
v 37.253349 -25.800005 -35.414818
v 37.345318 -0.000006 -35.504963
v 37.253349 -25.800005 -35.414818
v 37.345318 -25.800005 -35.504955
v 37.345318 -0.000006 -35.504963
v 37.345318 -0.000006 -35.504963
v 37.345318 -25.800005 -35.504955
v 37.441063 -0.000006 -35.591068
v 37.345318 -25.800005 -35.504955
v 37.441063 -25.800005 -35.591061
v 37.441063 -0.000006 -35.591068
v 37.441063 -0.000006 -35.591068
v 37.441063 -25.800005 -35.591061
v 37.540421 -0.000006 -35.672985
v 37.441063 -25.800005 -35.591061
v 37.540421 -25.800005 -35.672977
v 37.540421 -0.000006 -35.672985
v 37.540421 -0.000006 -35.672985
v 37.540421 -25.800005 -35.672977
v 37.643200 -0.000006 -35.750565
v 37.540421 -25.800005 -35.672977
v 37.643200 -25.800005 -35.750557
v 37.643200 -0.000006 -35.750565
v 37.643200 -0.000006 -35.750565
v 37.643200 -25.800005 -35.750557
v 37.749214 -0.000006 -35.823658
v 37.643200 -25.800005 -35.750557
v 37.749214 -25.800005 -35.823650
v 37.749214 -0.000006 -35.823658
v 35.905350 -0.000006 -44.917351
v 35.905350 -25.800009 -44.917343
v 35.779236 -0.000006 -44.943382
v 35.905350 -25.800009 -44.917343
v 35.779236 -25.800009 -44.943375
v 35.779236 -0.000006 -44.943382
v 35.779236 -0.000006 -44.943382
v 35.779236 -25.800009 -44.943375
v 35.654354 -0.000006 -44.974796
v 35.779236 -25.800009 -44.943375
v 35.654354 -25.800009 -44.974789
v 35.654354 -0.000006 -44.974796
v 35.654354 -0.000006 -44.974796
v 35.654354 -25.800009 -44.974789
v 35.530941 -0.000006 -45.011547
v 35.654354 -25.800009 -44.974789
v 35.530941 -25.800009 -45.011539
v 35.530941 -0.000006 -45.011547
v 35.530941 -0.000006 -45.011547
v 35.530941 -25.800009 -45.011539
v 35.409214 -0.000006 -45.053555
v 35.530941 -25.800009 -45.011539
v 35.409214 -25.800009 -45.053547
v 35.409214 -0.000006 -45.053555
v 35.409214 -0.000006 -45.053555
v 35.409214 -25.800009 -45.053547
v 35.289402 -0.000006 -45.100750
v 35.409214 -25.800009 -45.053547
v 35.289402 -25.800009 -45.100742
v 35.289402 -0.000006 -45.100750
v 35.289402 -0.000006 -45.100750
v 35.289402 -25.800009 -45.100742
v 35.171730 -0.000006 -45.153042
v 35.289402 -25.800009 -45.100742
v 35.171730 -25.800009 -45.153034
v 35.171730 -0.000006 -45.153042
v 35.171730 -0.000006 -45.153042
v 35.171730 -25.800009 -45.153034
v 35.056404 -0.000006 -45.210335
v 35.171730 -25.800009 -45.153034
v 35.056404 -25.800009 -45.210327
v 35.056404 -0.000006 -45.210335
v 35.056404 -0.000006 -45.210335
v 35.056404 -25.800009 -45.210327
v 34.943649 -0.000006 -45.272530
v 35.056404 -25.800009 -45.210327
v 34.943649 -25.800009 -45.272522
v 34.943649 -0.000006 -45.272530
v 34.943649 -0.000006 -45.272530
v 34.943649 -25.800009 -45.272522
v 34.833664 -0.000006 -45.339500
v 34.943649 -25.800009 -45.272522
v 34.833664 -25.800009 -45.339493
v 34.833664 -0.000006 -45.339500
v 34.833664 -0.000006 -45.339500
v 34.833664 -25.800009 -45.339493
v 34.726654 -0.000006 -45.411129
v 34.833664 -25.800009 -45.339493
v 34.726654 -25.800009 -45.411121
v 34.726654 -0.000006 -45.411129
v 34.726654 -0.000006 -45.411129
v 34.726654 -25.800009 -45.411121
v 34.622814 -0.000006 -45.487289
v 34.726654 -25.800009 -45.411121
v 34.622814 -25.800009 -45.487282
v 34.622814 -0.000006 -45.487289
v 34.622814 -0.000006 -45.487289
v 34.622814 -25.800009 -45.487282
v 34.522343 -0.000006 -45.567829
v 34.622814 -25.800009 -45.487282
v 34.522343 -25.800009 -45.567822
v 34.522343 -0.000006 -45.567829
v 34.522343 -0.000006 -45.567829
v 34.522343 -25.800009 -45.567822
v 34.425419 -0.000006 -45.652611
v 34.522343 -25.800009 -45.567822
v 34.425419 -25.800009 -45.652603
v 34.425419 -0.000006 -45.652611
v 34.425419 -0.000006 -45.652611
v 34.425419 -25.800009 -45.652603
v 34.332218 -0.000006 -45.741470
v 34.425419 -25.800009 -45.652603
v 34.332218 -25.800009 -45.741463
v 34.332218 -0.000006 -45.741470
v 34.332218 -0.000006 -45.741470
v 34.332218 -25.800009 -45.741463
v 34.242924 -0.000006 -45.834251
v 34.332218 -25.800009 -45.741463
v 34.242924 -25.800009 -45.834244
v 34.242924 -0.000006 -45.834251
v 34.242924 -0.000006 -45.834251
v 34.242924 -25.800009 -45.834244
v 34.157688 -0.000006 -45.930775
v 34.242924 -25.800009 -45.834244
v 34.157688 -25.800009 -45.930767
v 34.157688 -0.000006 -45.930775
v 34.157688 -0.000006 -45.930775
v 34.157688 -25.800009 -45.930767
v 34.076675 -0.000006 -46.030869
v 34.157688 -25.800009 -45.930767
v 34.076675 -25.800009 -46.030861
v 34.076675 -0.000006 -46.030869
v 34.076675 -0.000006 -46.030869
v 34.076675 -25.800009 -46.030861
v 34.000034 -0.000006 -46.134350
v 34.076675 -25.800009 -46.030861
v 34.000034 -25.800009 -46.134342
v 34.000034 -0.000006 -46.134350
v 34.000034 -0.000006 -46.134350
v 34.000034 -25.800009 -46.134342
v 33.927902 -0.000006 -46.241020
v 34.000034 -25.800009 -46.134342
v 33.927902 -25.800009 -46.241013
v 33.927902 -0.000006 -46.241020
v 33.927902 -0.000006 -46.241020
v 33.927902 -25.800009 -46.241013
v 33.860416 -0.000006 -46.350693
v 33.927902 -25.800009 -46.241013
v 33.860416 -25.800009 -46.350685
v 33.860416 -0.000006 -46.350693
v 33.860416 -0.000006 -46.350693
v 33.860416 -25.800009 -46.350685
v 33.797695 -0.000008 -46.463154
v 33.860416 -25.800009 -46.350685
v 33.797695 -25.800009 -46.463146
v 33.797695 -0.000008 -46.463154
v 33.797695 -0.000008 -46.463154
v 33.797695 -25.800009 -46.463146
v 33.739861 -0.000008 -46.578205
v 33.797695 -25.800009 -46.463146
v 33.739861 -25.800009 -46.578197
v 33.739861 -0.000008 -46.578205
v 33.739861 -0.000008 -46.578205
v 33.739861 -25.800009 -46.578197
v 33.687016 -0.000008 -46.695633
v 33.739861 -25.800009 -46.578197
v 33.687016 -25.800009 -46.695625
v 33.687016 -0.000008 -46.695633
v 33.687016 -0.000008 -46.695633
v 33.687016 -25.800009 -46.695625
v 33.639259 -0.000008 -46.815224
v 33.687016 -25.800009 -46.695625
v 33.639259 -25.800009 -46.815216
v 33.639259 -0.000008 -46.815224
v 33.639259 -0.000008 -46.815224
v 33.639259 -25.800009 -46.815216
v 33.596680 -0.000008 -46.936752
v 33.639259 -25.800009 -46.815216
v 33.596680 -25.800009 -46.936745
v 33.596680 -0.000008 -46.936752
v 33.596680 -0.000008 -46.936752
v 33.596680 -25.800009 -46.936745
v 33.559353 -0.000008 -47.059994
v 33.596680 -25.800009 -46.936745
v 33.559353 -25.800009 -47.059986
v 33.559353 -0.000008 -47.059994
v 33.559353 -0.000008 -47.059994
v 33.559353 -25.800009 -47.059986
v 33.527351 -0.000008 -47.184723
v 33.559353 -25.800009 -47.059986
v 33.527351 -25.800009 -47.184715
v 33.527351 -0.000008 -47.184723
v 1.800000 -0.000002 -13.000000
v 1.800000 -0.000002 -10.000000
v 1.800000 -25.800005 -12.999996
v 1.800000 -0.000002 -10.000000
v 1.800000 -25.800001 -9.999996
v 1.800000 -25.800005 -12.999996
v 35.905350 -25.800009 -44.917343
v 35.905350 -0.000006 -44.917351
v 36.116989 -0.000006 -44.873634
v 35.905350 -25.800009 -44.917343
v 36.116989 -0.000006 -44.873634
v 36.116989 -25.800009 -44.873627
v 36.116989 -0.000006 -44.873634
v 36.326538 -0.000006 -44.820820
v 36.116989 -25.800009 -44.873627
v 36.116989 -25.800009 -44.873627
v 36.326538 -0.000006 -44.820820
v 36.326538 -25.800009 -44.820812
v 36.326538 -0.000006 -44.820820
v 36.533611 -0.000006 -44.758995
v 36.326538 -25.800009 -44.820812
v 36.326538 -25.800009 -44.820812
v 36.533611 -0.000006 -44.758995
v 36.533611 -25.800009 -44.758987
v 36.533611 -0.000006 -44.758995
v 36.737820 -0.000006 -44.688282
v 36.533611 -25.800009 -44.758987
v 36.533611 -25.800009 -44.758987
v 36.737820 -0.000006 -44.688282
v 36.737820 -25.800009 -44.688274
v 36.737820 -0.000006 -44.688282
v 36.938782 -0.000006 -44.608810
v 36.737820 -25.800009 -44.688274
v 36.737820 -25.800009 -44.688274
v 36.938782 -0.000006 -44.608810
v 36.938782 -25.800009 -44.608803
v 36.938782 -0.000006 -44.608810
v 37.136124 -0.000006 -44.520729
v 36.938782 -25.800009 -44.608803
v 36.938782 -25.800009 -44.608803
v 37.136124 -0.000006 -44.520729
v 37.136124 -25.800009 -44.520721
v 37.136124 -0.000006 -44.520729
v 37.329472 -0.000006 -44.424202
v 37.136124 -25.800009 -44.520721
v 37.136124 -25.800009 -44.520721
v 37.329472 -0.000006 -44.424202
v 37.329472 -25.800009 -44.424194
v 37.329472 -0.000006 -44.424202
v 37.518471 -0.000006 -44.319408
v 37.329472 -25.800009 -44.424194
v 37.329472 -25.800009 -44.424194
v 37.518471 -0.000006 -44.319408
v 37.518471 -25.800009 -44.319401
v 37.518471 -0.000006 -44.319408
v 37.702763 -0.000006 -44.206551
v 37.518471 -25.800009 -44.319401
v 37.518471 -25.800009 -44.319401
v 37.702763 -0.000006 -44.206551
v 37.702763 -25.800009 -44.206543
v 37.702763 -0.000006 -44.206551
v 37.882008 -0.000006 -44.085835
v 37.702763 -25.800009 -44.206543
v 37.702763 -25.800009 -44.206543
v 37.882008 -0.000006 -44.085835
v 37.882008 -25.800009 -44.085827
v 37.882008 -0.000006 -44.085835
v 38.055866 -0.000006 -43.957481
v 37.882008 -25.800009 -44.085827
v 37.882008 -25.800009 -44.085827
v 38.055866 -0.000006 -43.957481
v 38.055866 -25.800009 -43.957474
v 38.055866 -0.000006 -43.957481
v 38.224018 -0.000006 -43.821735
v 38.055866 -25.800009 -43.957474
v 38.055866 -25.800009 -43.957474
v 38.224018 -0.000006 -43.821735
v 38.224018 -25.800009 -43.821728
v 38.224018 -0.000006 -43.821735
v 38.386150 -0.000006 -43.678856
v 38.224018 -25.800009 -43.821728
v 38.224018 -25.800009 -43.821728
v 38.386150 -0.000006 -43.678856
v 38.386150 -25.800009 -43.678848
v 38.386150 -0.000006 -43.678856
v 38.541954 -0.000006 -43.529102
v 38.386150 -25.800009 -43.678848
v 38.386150 -25.800009 -43.678848
v 38.541954 -0.000006 -43.529102
v 38.541954 -25.800009 -43.529095
v 38.541954 -0.000006 -43.529102
v 38.691139 -0.000006 -43.372753
v 38.541954 -25.800009 -43.529095
v 38.541954 -25.800009 -43.529095
v 38.691139 -0.000006 -43.372753
v 38.691139 -25.800009 -43.372746
v 38.691139 -0.000006 -43.372753
v 38.833435 -0.000006 -43.210106
v 38.691139 -25.800009 -43.372746
v 38.691139 -25.800009 -43.372746
v 38.833435 -0.000006 -43.210106
v 38.833435 -25.800009 -43.210098
v 38.833435 -0.000006 -43.210106
v 38.968567 -0.000006 -43.041462
v 38.833435 -25.800009 -43.210098
v 38.833435 -25.800009 -43.210098
v 38.968567 -0.000006 -43.041462
v 38.968567 -25.800009 -43.041454
v 38.968567 -0.000006 -43.041462
v 39.096283 -0.000006 -42.867134
v 38.968567 -25.800009 -43.041454
v 38.968567 -25.800009 -43.041454
v 39.096283 -0.000006 -42.867134
v 39.096283 -25.800009 -42.867126
v 39.096283 -0.000006 -42.867134
v 39.216347 -0.000006 -42.687454
v 39.096283 -25.800009 -42.867126
v 39.096283 -25.800009 -42.867126
v 39.216347 -0.000006 -42.687454
v 39.216347 -25.800009 -42.687447
v 39.216347 -0.000006 -42.687454
v 39.328537 -0.000006 -42.502750
v 39.216347 -25.800009 -42.687447
v 39.216347 -25.800009 -42.687447
v 39.328537 -0.000006 -42.502750
v 39.328537 -25.800009 -42.502743
v 39.328537 -0.000006 -42.502750
v 39.432640 -0.000006 -42.313370
v 39.328537 -25.800009 -42.502743
v 39.328537 -25.800009 -42.502743
v 39.432640 -0.000006 -42.313370
v 39.432640 -25.800009 -42.313362
v 39.432640 -0.000006 -42.313370
v 39.528461 -0.000006 -42.119675
v 39.432640 -25.800009 -42.313362
v 39.432640 -25.800009 -42.313362
v 39.528461 -0.000006 -42.119675
v 39.528461 -25.800009 -42.119667
v 39.528461 -0.000006 -42.119675
v 39.615829 -0.000006 -41.922012
v 39.528461 -25.800009 -42.119667
v 39.528461 -25.800009 -42.119667
v 39.615829 -0.000006 -41.922012
v 39.615829 -25.800009 -41.922005
v 39.615829 -0.000006 -41.922012
v 39.694569 -0.000006 -41.720764
v 39.615829 -25.800009 -41.922005
v 39.615829 -25.800009 -41.922005
v 39.694569 -0.000006 -41.720764
v 39.694569 -25.800009 -41.720757
v 39.694569 -0.000006 -41.720764
v 39.764538 -0.000006 -41.516300
v 39.694569 -25.800009 -41.720757
v 39.694569 -25.800009 -41.720757
v 39.764538 -0.000006 -41.516300
v 39.764538 -25.800009 -41.516293
v 39.764538 -0.000006 -41.516300
v 39.825611 -0.000006 -41.309002
v 39.764538 -25.800009 -41.516293
v 39.764538 -25.800009 -41.516293
v 39.825611 -0.000006 -41.309002
v 39.825611 -25.800009 -41.308994
v 39.825611 -0.000006 -41.309002
v 39.877663 -0.000006 -41.099262
v 39.825611 -25.800009 -41.308994
v 39.825611 -25.800009 -41.308994
v 39.877663 -0.000006 -41.099262
v 39.877663 -25.800009 -41.099255
v 39.877663 -0.000006 -41.099262
v 39.920609 -0.000006 -40.887466
v 39.877663 -25.800009 -41.099255
v 39.877663 -25.800009 -41.099255
v 39.920609 -0.000006 -40.887466
v 39.920609 -25.800009 -40.887459
v 39.920609 -0.000006 -40.887466
v 39.954361 -0.000006 -40.674011
v 39.920609 -25.800009 -40.887459
v 39.920609 -25.800009 -40.887459
v 39.954361 -0.000006 -40.674011
v 39.954361 -25.800009 -40.674004
v 39.954361 -0.000006 -40.674011
v 39.978859 -0.000006 -40.459301
v 39.954361 -25.800009 -40.674004
v 39.954361 -25.800009 -40.674004
v 39.978859 -0.000006 -40.459301
v 39.978859 -25.800009 -40.459293
v 39.978859 -0.000006 -40.459301
v 39.994057 -0.000006 -40.243729
v 39.978859 -25.800009 -40.459293
v 39.978859 -25.800009 -40.459293
v 39.994057 -0.000006 -40.243729
v 39.994057 -25.800009 -40.243721
v 39.994057 -0.000006 -40.243729
v 39.999924 -0.000006 -40.027702
v 39.994057 -25.800009 -40.243721
v 39.994057 -25.800009 -40.243721
v 39.999924 -0.000006 -40.027702
v 39.999924 -25.800009 -40.027695
v 39.999924 -0.000006 -40.027702
v 39.996449 -0.000006 -39.811630
v 39.999924 -25.800009 -40.027695
v 39.999924 -25.800009 -40.027695
v 39.996449 -0.000006 -39.811630
v 39.996449 -25.800009 -39.811623
v 39.996449 -0.000006 -39.811630
v 39.983646 -0.000006 -39.595901
v 39.996449 -25.800009 -39.811623
v 39.996449 -25.800009 -39.811623
v 39.983646 -0.000006 -39.595901
v 39.983646 -25.800009 -39.595894
v 39.983646 -0.000006 -39.595901
v 39.961529 -0.000006 -39.380936
v 39.983646 -25.800009 -39.595894
v 39.983646 -25.800009 -39.595894
v 39.961529 -0.000006 -39.380936
v 39.961529 -25.800009 -39.380928
v 39.961529 -0.000006 -39.380936
v 39.930141 -0.000006 -39.167118
v 39.961529 -25.800009 -39.380928
v 39.961529 -25.800009 -39.380928
v 39.930141 -0.000006 -39.167118
v 39.930141 -25.800009 -39.167110
v 39.930141 -0.000006 -39.167118
v 39.889549 -0.000006 -38.954861
v 39.930141 -25.800009 -39.167110
v 39.930141 -25.800009 -39.167110
v 39.889549 -0.000006 -38.954861
v 39.889549 -25.800009 -38.954853
v 39.889549 -0.000006 -38.954861
v 39.839821 -0.000006 -38.744553
v 39.889549 -25.800009 -38.954853
v 39.889549 -25.800009 -38.954853
v 39.839821 -0.000006 -38.744553
v 39.839821 -25.800009 -38.744545
v 39.839821 -0.000006 -38.744553
v 39.781048 -0.000006 -38.536594
v 39.839821 -25.800009 -38.744545
v 39.839821 -25.800009 -38.744545
v 39.781048 -0.000006 -38.536594
v 39.781048 -25.800009 -38.536587
v 39.781048 -0.000006 -38.536594
v 39.713348 -0.000006 -38.331367
v 39.781048 -25.800009 -38.536587
v 39.781048 -25.800009 -38.536587
v 39.713348 -0.000006 -38.331367
v 39.713348 -25.800009 -38.331360
v 39.713348 -0.000006 -38.331367
v 39.636845 -0.000006 -38.129253
v 39.713348 -25.800009 -38.331360
v 39.713348 -25.800009 -38.331360
v 39.636845 -0.000006 -38.129253
v 39.636845 -25.800009 -38.129246
v 39.636845 -0.000006 -38.129253
v 39.551674 -0.000006 -37.930641
v 39.636845 -25.800009 -38.129246
v 39.636845 -25.800009 -38.129246
v 39.551674 -0.000006 -37.930641
v 39.551674 -25.800009 -37.930634
v 39.551674 -0.000006 -37.930641
v 39.458008 -0.000006 -37.735893
v 39.551674 -25.800009 -37.930634
v 39.551674 -25.800009 -37.930634
v 39.458008 -0.000006 -37.735893
v 39.458008 -25.800005 -37.735886
v 39.458008 -0.000006 -37.735893
v 39.356007 -0.000006 -37.545372
v 39.458008 -25.800005 -37.735886
v 39.458008 -25.800005 -37.735886
v 39.356007 -0.000006 -37.545372
v 39.356007 -25.800005 -37.545364
v 39.356007 -0.000006 -37.545372
v 39.245872 -0.000006 -37.359440
v 39.356007 -25.800005 -37.545364
v 39.356007 -25.800005 -37.545364
v 39.245872 -0.000006 -37.359440
v 39.245872 -25.800005 -37.359432
v 39.245872 -0.000006 -37.359440
v 39.127804 -0.000006 -37.178436
v 39.245872 -25.800005 -37.359432
v 39.245872 -25.800005 -37.359432
v 39.127804 -0.000006 -37.178436
v 39.127804 -25.800005 -37.178429
v 39.127804 -0.000006 -37.178436
v 39.002026 -0.000006 -37.002705
v 39.127804 -25.800005 -37.178429
v 39.127804 -25.800005 -37.178429
v 39.002026 -0.000006 -37.002705
v 39.002026 -25.800005 -37.002697
v 39.002026 -0.000006 -37.002705
v 38.868774 -0.000006 -36.832573
v 39.002026 -25.800005 -37.002697
v 39.002026 -25.800005 -37.002697
v 38.868774 -0.000006 -36.832573
v 38.868774 -25.800005 -36.832565
v 38.868774 -0.000006 -36.832573
v 38.728294 -0.000006 -36.668362
v 38.868774 -25.800005 -36.832565
v 38.868774 -25.800005 -36.832565
v 38.728294 -0.000006 -36.668362
v 38.728294 -25.800005 -36.668354
v 38.728294 -0.000006 -36.668362
v 38.580845 -0.000006 -36.510368
v 38.728294 -25.800005 -36.668354
v 38.728294 -25.800005 -36.668354
v 38.580845 -0.000006 -36.510368
v 38.580845 -25.800005 -36.510361
v 38.580845 -0.000006 -36.510368
v 38.426712 -0.000006 -36.358898
v 38.580845 -25.800005 -36.510361
v 38.580845 -25.800005 -36.510361
v 38.426712 -0.000006 -36.358898
v 38.426712 -25.800005 -36.358891
v 38.426712 -0.000006 -36.358898
v 38.266174 -0.000006 -36.214226
v 38.426712 -25.800005 -36.358891
v 38.426712 -25.800005 -36.358891
v 38.266174 -0.000006 -36.214226
v 38.266174 -25.800005 -36.214218
v 38.266174 -0.000006 -36.214226
v 38.099537 -0.000006 -36.076626
v 38.266174 -25.800005 -36.214218
v 38.266174 -25.800005 -36.214218
v 38.099537 -0.000006 -36.076626
v 38.099537 -25.800005 -36.076618
v 38.099537 -0.000006 -36.076626
v 37.927109 -0.000006 -35.946358
v 38.099537 -25.800005 -36.076618
v 38.099537 -25.800005 -36.076618
v 37.927109 -0.000006 -35.946358
v 37.927109 -25.800005 -35.946350
v 37.927109 -0.000006 -35.946358
v 37.749214 -0.000006 -35.823658
v 37.927109 -25.800005 -35.946350
v 37.927109 -25.800005 -35.946350
v 37.749214 -0.000006 -35.823658
v 37.749214 -25.800005 -35.823650
v 1.845706 -25.800020 -122.898315
v 1.845706 -0.000018 -122.898315
v 7.162917 -0.000018 -114.069641
v 1.845706 -25.800020 -122.898315
v 7.162917 -0.000018 -114.069641
v 7.162917 -25.800020 -114.069641
v 7.162917 -0.000018 -114.069641
v 12.107889 -0.000016 -105.027214
v 7.162917 -25.800020 -114.069641
v 7.162917 -25.800020 -114.069641
v 12.107889 -0.000016 -105.027214
v 12.107889 -25.800016 -105.027214
v 12.107889 -0.000016 -105.027214
v 16.672047 -0.000014 -95.786720
v 12.107889 -25.800016 -105.027214
v 12.107889 -25.800016 -105.027214
v 16.672047 -0.000014 -95.786720
v 16.672047 -25.800016 -95.786720
v 16.672047 -0.000014 -95.786720
v 20.847471 -0.000014 -86.364189
v 16.672047 -25.800016 -95.786720
v 16.672047 -25.800016 -95.786720
v 20.847471 -0.000014 -86.364189
v 20.847471 -25.800013 -86.364189
v 20.847471 -25.800013 -86.364189
v 20.847471 -0.000014 -86.364189
v 23.807467 -25.800013 -78.957275
v 20.847471 -0.000014 -86.364189
v 23.807467 -0.000012 -78.957275
v 23.807467 -25.800013 -78.957275
v 23.807467 -25.800013 -78.957275
v 23.807467 -0.000012 -78.957275
v 24.626919 -25.800013 -76.775970
v 23.807467 -0.000012 -78.957275
v 24.626919 -0.000012 -76.775970
v 24.626919 -25.800013 -76.775970
v 24.626919 -25.800013 -76.775970
v 24.626919 -0.000012 -76.775970
v 25.687456 -25.800013 -73.855865
v 24.626919 -0.000012 -76.775970
v 25.687456 -0.000012 -73.855865
v 25.687456 -25.800013 -73.855865
v 25.687456 -25.800013 -73.855865
v 25.687456 -0.000012 -73.855865
v 26.700487 -25.800013 -70.954140
v 25.687456 -0.000012 -73.855865
v 26.700487 -0.000010 -70.954140
v 26.700487 -25.800013 -70.954140
v 26.700487 -25.800013 -70.954140
v 26.700487 -0.000010 -70.954140
v 27.220219 -25.800013 -69.418762
v 26.700487 -0.000010 -70.954140
v 27.220219 -0.000010 -69.418762
v 27.220219 -25.800013 -69.418762
v 27.220219 -25.800013 -69.418762
v 27.220219 -0.000010 -69.418762
v 27.932993 -25.800013 -67.257233
v 27.220219 -0.000010 -69.418762
v 27.932993 -0.000010 -67.257233
v 27.932993 -25.800013 -67.257233
v 27.932993 -25.800013 -67.257233
v 27.932993 -0.000010 -67.257233
v 28.003836 -25.800013 -67.038681
v 27.932993 -0.000010 -67.257233
v 28.003836 -0.000010 -67.038681
v 28.003836 -25.800013 -67.038681
v 28.003836 -25.800013 -67.038681
v 28.003836 -0.000010 -67.038681
v 30.972363 -0.000008 -57.169228
v 33.527351 -0.000008 -47.184723
v 33.527351 -25.800009 -47.184715
v 32.949188 -0.000008 -49.602558
v 33.527351 -25.800009 -47.184715
v 32.949188 -25.800009 -49.602551
v 32.949188 -0.000008 -49.602558
v 32.949188 -0.000008 -49.602558
v 32.949188 -25.800009 -49.602551
v 32.620037 -0.000008 -50.933117
v 32.949188 -25.800009 -49.602551
v 32.620037 -25.800009 -50.933109
v 32.620037 -0.000008 -50.933117
v 32.620037 -0.000008 -50.933117
v 32.620037 -25.800009 -50.933109
v 32.516083 -0.000008 -51.346886
v 32.620037 -25.800009 -50.933109
v 32.516083 -25.800009 -51.346878
v 32.516083 -0.000008 -51.346886
v 32.516083 -0.000008 -51.346886
v 32.516083 -25.800009 -51.346878
v 31.729963 -0.000008 -54.383240
v 32.516083 -25.800009 -51.346878
v 31.729963 -25.800009 -54.383232
v 31.729963 -0.000008 -54.383240
v 31.729963 -0.000008 -54.383240
v 31.729963 -25.800009 -54.383232
v 30.972363 -0.000008 -57.169228
v 31.729963 -25.800009 -54.383232
v 30.972363 -25.800009 -57.169220
v 30.972363 -0.000008 -57.169228
v 30.972363 -0.000008 -57.169228
v 30.972363 -25.800009 -57.169220
v 28.003836 -25.800013 -67.038681
v 0.000000 -25.800001 -2.999996
v 0.000000 -0.000000 -3.000000
v 0.000000 -25.800001 -8.499996
v 0.000000 -0.000000 -3.000000
v 0.000000 -0.000002 -8.500000
v 0.000000 -25.800001 -8.499996
v 0.000000 -25.800001 -8.499996
v 0.000000 -0.000002 -8.500000
v 0.000000 -25.800005 -13.999996
v 0.000000 -0.000002 -8.500000
v 0.000000 -0.000002 -14.000000
v 0.000000 -25.800005 -13.999996
v 0.000000 -25.800005 -13.999996
v 0.000000 -0.000002 -14.000000
v 0.000000 -25.800005 -21.103411
v 0.000000 -0.000002 -14.000000
v 0.000000 -0.000004 -21.103415
v 0.000000 -25.800005 -21.103411
v 0.000000 -25.800005 -21.103411
v 0.000000 -0.000004 -21.103415
v 0.000000 -25.800005 -26.255503
v 0.000000 -0.000004 -21.103415
v 0.000000 -0.000004 -26.255507
v 0.000000 -25.800005 -26.255503
v 0.000000 -25.800005 -26.255503
v 0.000000 -0.000004 -26.255507
v 0.000000 -25.800005 -33.721874
v 0.000000 -0.000004 -26.255507
v 0.000000 -0.000006 -33.721882
v 0.000000 -25.800005 -33.721874
v 0.000000 -25.800005 -33.721874
v 0.000000 -0.000006 -33.721882
v 0.000000 -25.800009 -37.908497
v 0.000000 -0.000006 -33.721882
v 0.000000 -0.000006 -37.908504
v 0.000000 -25.800009 -37.908497
v 0.000000 -25.800009 -37.908497
v 0.000000 -0.000006 -37.908504
v 0.000000 -25.800009 -43.047661
v 0.000000 -0.000006 -37.908504
v 0.000000 -0.000006 -43.047668
v 0.000000 -25.800009 -43.047661
v 0.000000 -25.800009 -43.047661
v 0.000000 -0.000006 -43.047668
v 0.000000 -25.800009 -44.918308
v 0.000000 -0.000006 -43.047668
v 0.000000 -0.000006 -44.918316
v 0.000000 -25.800009 -44.918308
v 0.000000 -25.800009 -44.918308
v 0.000000 -0.000006 -44.918316
v 0.000000 -25.800009 -50.920647
v 0.000000 -0.000006 -44.918316
v 0.000000 -0.000008 -50.920654
v 0.000000 -25.800009 -50.920647
v 0.000000 -25.800009 -50.920647
v 0.000000 -0.000008 -50.920654
v 0.000000 -25.800013 -67.255699
v 0.000000 -0.000008 -50.920654
v 0.000000 -0.000010 -67.255699
v 0.000000 -25.800013 -67.255699
v 0.000000 -25.800013 -67.255699
v 0.000000 -0.000010 -67.255699
v 0.000000 -25.800013 -70.937248
v 0.000000 -0.000010 -67.255699
v 0.000000 -0.000010 -70.937248
v 0.000000 -25.800013 -70.937248
v 0.000000 -25.800013 -70.937248
v 0.000000 -0.000010 -70.937248
v 0.000000 -25.800013 -78.943504
v 0.000000 -0.000010 -70.937248
v 0.000000 -0.000012 -78.943504
v 0.000000 -25.800013 -78.943504
v 0.000000 -25.800013 -78.943504
v 0.000000 -0.000012 -78.943504
v 0.000000 -25.800013 -87.635147
v 0.000000 -0.000012 -78.943504
v 0.000000 -0.000014 -87.635147
v 0.000000 -25.800013 -87.635147
v 0.000000 -25.800013 -87.635147
v 0.000000 -0.000014 -87.635147
v 0.000000 -25.800016 -101.423584
v 0.000000 -0.000014 -87.635147
v 0.000000 -0.000016 -101.423584
v 0.000000 -25.800016 -101.423584
v 0.000000 -25.800016 -101.423584
v 0.000000 -0.000016 -101.423584
v 0.000000 -25.800020 -113.875107
v 0.000000 -0.000016 -101.423584
v 0.000000 -0.000018 -113.875107
v 0.000000 -25.800020 -113.875107
v 0.000000 -25.800020 -113.875107
v 0.000000 -0.000018 -113.875107
v 0.000000 -25.800020 -122.364670
v 0.000000 -0.000018 -113.875107
v 0.000000 -0.000018 -122.364670
v 0.000000 -25.800020 -122.364670
v 36.724026 -25.800001 0.000004
v 36.724026 0.000000 0.000000
v 32.911129 -25.800001 0.000004
v 36.724026 0.000000 0.000000
v 32.911129 0.000000 0.000000
v 32.911129 -25.800001 0.000004
v 32.911129 -25.800001 0.000004
v 32.911129 0.000000 0.000000
v 32.465580 -25.800001 0.000004
v 32.911129 0.000000 0.000000
v 32.465580 0.000000 0.000000
v 32.465580 -25.800001 0.000004
v 32.465580 -25.800001 0.000004
v 32.465580 0.000000 0.000000
v 31.688030 -25.800001 0.000004
v 32.465580 0.000000 0.000000
v 31.688030 0.000000 0.000000
v 31.688030 -25.800001 0.000004
v 31.688030 -25.800001 0.000004
v 31.688030 0.000000 0.000000
v 27.182903 -25.800001 0.000004
v 31.688030 0.000000 0.000000
v 27.182903 0.000000 0.000000
v 27.182903 -25.800001 0.000004
v 27.182903 -25.800001 0.000004
v 27.182903 0.000000 0.000000
v 25.644754 -25.800001 0.000004
v 27.182903 0.000000 0.000000
v 25.644754 0.000000 0.000000
v 25.644754 -25.800001 0.000004
v 25.644754 -25.800001 0.000004
v 25.644754 0.000000 0.000000
v 3.000000 -25.800001 0.000004
v 25.644754 0.000000 0.000000
v 3.000000 0.000000 0.000000
v 3.000000 -25.800001 0.000004
v 1.800000 -25.800020 -119.197716
v 1.800000 -0.000018 -119.197716
v 1.800000 -25.800020 -113.875107
v 1.800000 -0.000018 -119.197716
v 1.800000 -0.000018 -113.875107
v 1.800000 -25.800020 -113.875107
v 1.800000 -25.800020 -113.875107
v 1.800000 -0.000018 -113.875107
v 1.800000 -25.800016 -102.477142
v 1.800000 -0.000018 -113.875107
v 1.800000 -0.000016 -102.477142
v 1.800000 -25.800016 -102.477142
v 6.404593 -25.800016 -109.847748
v 6.404593 -0.000016 -109.847748
v 1.800000 -25.800020 -119.197716
v 6.404593 -0.000016 -109.847748
v 1.800000 -0.000018 -119.197716
v 1.800000 -25.800020 -119.197716
v 7.010340 -25.800016 -108.552490
v 7.010340 -0.000016 -108.552490
v 1.800000 -25.800016 -100.212257
v 7.010340 -0.000016 -108.552490
v 1.800000 -0.000016 -100.212257
v 1.800000 -25.800016 -100.212257
v 6.404593 -0.000016 -109.847748
v 6.404593 -25.800016 -109.847748
v 1.800000 -0.000016 -102.477142
v 6.404593 -25.800016 -109.847748
v 1.800000 -25.800016 -102.477142
v 1.800000 -0.000016 -102.477142
v 1.800000 -25.800016 -90.126244
v 1.800000 -25.800016 -100.212257
v 1.800000 -0.000014 -90.126244
v 1.800000 -25.800016 -100.212257
v 1.800000 -0.000016 -100.212257
v 1.800000 -0.000014 -90.126244
v 10.108701 -25.800016 -101.654388
v 10.108701 -0.000016 -101.654388
v 7.010340 -25.800016 -108.552490
v 10.108701 -0.000016 -101.654388
v 7.010340 -0.000016 -108.552490
v 7.010340 -25.800016 -108.552490
v 10.662220 -25.800016 -100.370033
v 10.662220 -0.000016 -100.370033
v 1.800000 -25.800013 -88.073891
v 10.662220 -0.000016 -100.370033
v 1.800000 -0.000014 -88.073891
v 1.800000 -25.800013 -88.073891
v 10.108701 -0.000016 -101.654388
v 10.108701 -25.800016 -101.654388
v 1.800000 -0.000014 -90.126244
v 10.108701 -25.800016 -101.654388
v 1.800000 -25.800016 -90.126244
v 1.800000 -0.000014 -90.126244
v 1.800000 -0.000012 -79.861618
v 1.800000 -25.800013 -79.861618
v 1.800000 -0.000014 -87.635147
v 1.800000 -25.800013 -79.861618
v 1.800000 -25.800013 -87.635147
v 1.800000 -0.000014 -87.635147
v 1.800000 -0.000014 -87.635147
v 1.800000 -25.800013 -87.635147
v 1.800000 -0.000014 -88.073891
v 1.800000 -25.800013 -87.635147
v 1.800000 -25.800013 -88.073891
v 1.800000 -0.000014 -88.073891
v 13.360944 -25.800016 -93.851807
v 13.360944 -0.000014 -93.851807
v 10.662220 -25.800016 -100.370033
v 13.360944 -0.000014 -93.851807
v 10.662220 -0.000016 -100.370033
v 10.662220 -25.800016 -100.370033
v 13.866414 -25.800016 -92.579681
v 13.866414 -0.000014 -92.579681
v 1.800000 -25.800013 -77.977806
v 13.866414 -0.000014 -92.579681
v 1.800000 -0.000012 -77.977806
v 1.800000 -25.800013 -77.977806
v 13.360944 -0.000014 -93.851807
v 13.360944 -25.800016 -93.851807
v 1.800000 -0.000012 -79.861618
v 13.360944 -25.800016 -93.851807
v 1.800000 -25.800013 -79.861618
v 1.800000 -0.000012 -79.861618
v 1.800000 -25.800013 -71.127274
v 1.800000 -25.800013 -77.977806
v 1.800000 -0.000010 -71.127274
v 1.800000 -25.800013 -77.977806
v 1.800000 -0.000012 -77.977806
v 1.800000 -0.000010 -71.127274
v 16.223970 -25.800013 -86.403404
v 16.223970 -0.000014 -86.403404
v 13.866414 -25.800016 -92.579681
v 16.223970 -0.000014 -86.403404
v 13.866414 -0.000014 -92.579681
v 13.866414 -25.800016 -92.579681
v 16.685268 -25.800013 -85.144051
v 16.685268 -0.000012 -85.144051
v 1.800000 -25.800013 -69.379364
v 16.685268 -0.000012 -85.144051
v 1.800000 -0.000010 -69.379364
v 1.800000 -25.800013 -69.379364
v 16.223970 -0.000014 -86.403404
v 16.223970 -25.800013 -86.403404
v 1.800000 -0.000010 -71.127274
v 16.223970 -25.800013 -86.403404
v 1.800000 -25.800013 -71.127274
v 1.800000 -0.000010 -71.127274
v 18.750858 -25.800013 -79.272064
v 18.750858 -0.000012 -79.272064
v 16.685268 -25.800013 -85.144051
v 18.750858 -0.000012 -79.272064
v 16.685268 -0.000012 -85.144051
v 16.685268 -25.800013 -85.144051
v 19.171513 -25.800013 -78.025391
v 19.171513 -0.000012 -78.025391
v 7.564079 -25.800013 -67.255699
v 19.171513 -0.000012 -78.025391
v 7.564079 -0.000010 -67.255699
v 7.564079 -25.800013 -67.255699
v 7.564079 -25.800013 -67.255699
v 7.564079 -0.000010 -67.255699
v 1.800000 -25.800009 -61.907623
v 7.564079 -0.000010 -67.255699
v 1.800000 -0.000010 -61.907631
v 1.800000 -25.800009 -61.907623
v 1.800000 -25.800013 -63.544586
v 1.800000 -0.000010 -63.544594
v 5.799783 -25.800013 -67.255699
v 1.800000 -0.000010 -63.544594
v 5.799783 -0.000010 -67.255699
v 5.799783 -25.800013 -67.255699
v 5.799783 -25.800013 -67.255699
v 5.799783 -0.000010 -67.255699
v 9.767707 -25.800013 -70.937248
v 5.799783 -0.000010 -67.255699
v 9.767707 -0.000010 -70.937248
v 9.767707 -25.800013 -70.937248
v 9.767707 -25.800013 -70.937248
v 9.767707 -0.000010 -70.937248
v 18.396744 -25.800013 -78.943504
v 9.767707 -0.000010 -70.937248
v 18.396744 -0.000012 -78.943504
v 18.396744 -25.800013 -78.943504
v 18.396744 -25.800013 -78.943504
v 18.396744 -0.000012 -78.943504
v 18.750858 -25.800013 -79.272064
v 18.396744 -0.000012 -78.943504
v 18.750858 -0.000012 -79.272064
v 18.750858 -25.800013 -79.272064
v 20.868191 -25.800013 -72.797913
v 20.868191 -0.000010 -72.797913
v 19.171513 -25.800013 -78.025391
v 20.868191 -0.000010 -72.797913
v 19.171513 -0.000012 -78.025391
v 19.171513 -25.800013 -78.025391
v 21.504438 -25.800013 -70.747223
v 21.504438 -0.000010 -70.747223
v 1.800000 -25.800009 -55.034260
v 21.504438 -0.000010 -70.747223
v 1.800000 -0.000008 -55.034267
v 1.800000 -25.800009 -55.034260
v 20.868191 -0.000010 -72.797913
v 20.868191 -25.800013 -72.797913
v 1.800000 -0.000008 -57.592312
v 20.868191 -25.800013 -72.797913
v 1.800000 -25.800009 -57.592304
v 1.800000 -0.000008 -57.592312
v 35.000000 -0.000006 -42.000000
v 35.000000 -25.800009 -41.999992
v 35.087238 -0.000006 -41.998096
v 35.000000 -25.800009 -41.999992
v 35.087238 -25.800009 -41.998089
v 35.087238 -0.000006 -41.998096
v 35.087238 -0.000006 -41.998096
v 35.087238 -25.800009 -41.998089
v 35.174309 -0.000006 -41.992390
v 35.087238 -25.800009 -41.998089
v 35.174309 -25.800009 -41.992382
v 35.174309 -0.000006 -41.992390
v 35.174309 -0.000006 -41.992390
v 35.174309 -25.800009 -41.992382
v 35.261055 -0.000006 -41.982887
v 35.174309 -25.800009 -41.992382
v 35.261055 -25.800009 -41.982880
v 35.261055 -0.000006 -41.982887
v 35.261055 -0.000006 -41.982887
v 35.261055 -25.800009 -41.982880
v 35.347298 -0.000006 -41.969616
v 35.261055 -25.800009 -41.982880
v 35.347298 -25.800009 -41.969608
v 35.347298 -0.000006 -41.969616
v 35.347298 -0.000006 -41.969616
v 35.347298 -25.800009 -41.969608
v 35.432880 -0.000006 -41.952591
v 35.347298 -25.800009 -41.969608
v 35.432880 -25.800009 -41.952583
v 35.432880 -0.000006 -41.952591
v 35.432880 -0.000006 -41.952591
v 35.432880 -25.800009 -41.952583
v 35.517635 -0.000006 -41.931854
v 35.432880 -25.800009 -41.952583
v 35.517635 -25.800009 -41.931847
v 35.517635 -0.000006 -41.931854
v 35.517635 -0.000006 -41.931854
v 35.517635 -25.800009 -41.931847
v 35.601410 -0.000006 -41.907433
v 35.517635 -25.800009 -41.931847
v 35.601410 -25.800009 -41.907425
v 35.601410 -0.000006 -41.907433
v 35.601410 -0.000006 -41.907433
v 35.601410 -25.800009 -41.907425
v 35.684040 -0.000006 -41.879387
v 35.601410 -25.800009 -41.907425
v 35.684040 -25.800009 -41.879379
v 35.684040 -0.000006 -41.879387
v 35.684040 -0.000006 -41.879387
v 35.684040 -25.800009 -41.879379
v 35.765369 -0.000006 -41.847759
v 35.684040 -25.800009 -41.879379
v 35.765369 -25.800009 -41.847752
v 35.765369 -0.000006 -41.847759
v 35.765369 -0.000006 -41.847759
v 35.765369 -25.800009 -41.847752
v 35.845234 -0.000006 -41.812618
v 35.765369 -25.800009 -41.847752
v 35.845234 -25.800009 -41.812611
v 35.845234 -0.000006 -41.812618
v 35.845234 -0.000006 -41.812618
v 35.845234 -25.800009 -41.812611
v 35.923496 -0.000006 -41.774025
v 35.845234 -25.800009 -41.812611
v 35.923496 -25.800009 -41.774017
v 35.923496 -0.000006 -41.774025
v 35.923496 -0.000006 -41.774025
v 35.923496 -25.800009 -41.774017
v 36.000000 -0.000006 -41.732052
v 35.923496 -25.800009 -41.774017
v 36.000000 -25.800009 -41.732044
v 36.000000 -0.000006 -41.732052
v 36.000000 -0.000006 -41.732052
v 36.000000 -25.800009 -41.732044
v 36.074596 -0.000006 -41.686783
v 36.000000 -25.800009 -41.732044
v 36.074596 -25.800009 -41.686775
v 36.074596 -0.000006 -41.686783
v 36.074596 -0.000006 -41.686783
v 36.074596 -25.800009 -41.686775
v 36.147152 -0.000006 -41.638302
v 36.074596 -25.800009 -41.686775
v 36.147152 -25.800009 -41.638294
v 36.147152 -0.000006 -41.638302
v 36.147152 -0.000006 -41.638302
v 36.147152 -25.800009 -41.638294
v 36.217522 -0.000006 -41.586708
v 36.147152 -25.800009 -41.638294
v 36.217522 -25.800009 -41.586700
v 36.217522 -0.000006 -41.586708
v 36.217522 -0.000006 -41.586708
v 36.217522 -25.800009 -41.586700
v 36.285576 -0.000006 -41.532089
v 36.217522 -25.800009 -41.586700
v 36.285576 -25.800009 -41.532082
v 36.285576 -0.000006 -41.532089
v 36.285576 -0.000006 -41.532089
v 36.285576 -25.800009 -41.532082
v 36.351181 -0.000006 -41.474556
v 36.285576 -25.800009 -41.532082
v 36.351181 -25.800009 -41.474548
v 36.351181 -0.000006 -41.474556
v 36.351181 -0.000006 -41.474556
v 36.351181 -25.800009 -41.474548
v 36.414215 -0.000006 -41.414211
v 36.351181 -25.800009 -41.474548
v 36.414215 -25.800009 -41.414204
v 36.414215 -0.000006 -41.414211
v 36.414215 -0.000006 -41.414211
v 36.414215 -25.800009 -41.414204
v 36.474556 -0.000006 -41.351181
v 36.414215 -25.800009 -41.414204
v 36.474556 -25.800009 -41.351173
v 36.474556 -0.000006 -41.351181
v 36.474556 -0.000006 -41.351181
v 36.474556 -25.800009 -41.351173
v 36.532089 -0.000006 -41.285576
v 36.474556 -25.800009 -41.351173
v 36.532089 -25.800009 -41.285568
v 36.532089 -0.000006 -41.285576
v 36.532089 -0.000006 -41.285576
v 36.532089 -25.800009 -41.285568
v 36.586704 -0.000006 -41.217525
v 36.532089 -25.800009 -41.285568
v 36.586704 -25.800009 -41.217518
v 36.586704 -0.000006 -41.217525
v 36.586704 -0.000006 -41.217525
v 36.586704 -25.800009 -41.217518
v 36.638306 -0.000006 -41.147152
v 36.586704 -25.800009 -41.217518
v 36.638306 -25.800009 -41.147144
v 36.638306 -0.000006 -41.147152
v 36.638306 -0.000006 -41.147152
v 36.638306 -25.800009 -41.147144
v 36.686783 -0.000006 -41.074600
v 36.638306 -25.800009 -41.147144
v 36.686783 -25.800009 -41.074593
v 36.686783 -0.000006 -41.074600
v 36.686783 -0.000006 -41.074600
v 36.686783 -25.800009 -41.074593
v 36.732052 -0.000006 -41.000000
v 36.686783 -25.800009 -41.074593
v 36.732052 -25.800009 -40.999992
v 36.732052 -0.000006 -41.000000
v 36.732052 -0.000006 -41.000000
v 36.732052 -25.800009 -40.999992
v 36.774021 -0.000006 -40.923500
v 36.732052 -25.800009 -40.999992
v 36.774021 -25.800009 -40.923492
v 36.774021 -0.000006 -40.923500
v 36.774021 -0.000006 -40.923500
v 36.774021 -25.800009 -40.923492
v 36.812614 -0.000006 -40.845238
v 36.774021 -25.800009 -40.923492
v 36.812614 -25.800009 -40.845230
v 36.812614 -0.000006 -40.845238
v 36.812614 -0.000006 -40.845238
v 36.812614 -25.800009 -40.845230
v 36.847759 -0.000006 -40.765366
v 36.812614 -25.800009 -40.845230
v 36.847759 -25.800009 -40.765358
v 36.847759 -0.000006 -40.765366
v 36.847759 -0.000006 -40.765366
v 36.847759 -25.800009 -40.765358
v 36.879387 -0.000006 -40.684040
v 36.847759 -25.800009 -40.765358
v 36.879387 -25.800009 -40.684032
v 36.879387 -0.000006 -40.684040
v 36.879387 -0.000006 -40.684040
v 36.879387 -25.800009 -40.684032
v 36.907433 -0.000006 -40.601410
v 36.879387 -25.800009 -40.684032
v 36.907433 -25.800009 -40.601402
v 36.907433 -0.000006 -40.601410
v 36.907433 -0.000006 -40.601410
v 36.907433 -25.800009 -40.601402
v 36.931850 -0.000006 -40.517639
v 36.907433 -25.800009 -40.601402
v 36.931850 -25.800009 -40.517632
v 36.931850 -0.000006 -40.517639
v 36.931850 -0.000006 -40.517639
v 36.931850 -25.800009 -40.517632
v 36.952591 -0.000006 -40.432877
v 36.931850 -25.800009 -40.517632
v 36.952591 -25.800009 -40.432869
v 36.952591 -0.000006 -40.432877
v 36.952591 -0.000006 -40.432877
v 36.952591 -25.800009 -40.432869
v 36.969616 -0.000006 -40.347298
v 36.952591 -25.800009 -40.432869
v 36.969616 -25.800009 -40.347290
v 36.969616 -0.000006 -40.347298
v 36.969616 -0.000006 -40.347298
v 36.969616 -25.800009 -40.347290
v 36.982891 -0.000006 -40.261051
v 36.969616 -25.800009 -40.347290
v 36.982891 -25.800009 -40.261044
v 36.982891 -0.000006 -40.261051
v 36.982891 -0.000006 -40.261051
v 36.982891 -25.800009 -40.261044
v 36.992390 -0.000006 -40.174313
v 36.982891 -25.800009 -40.261044
v 36.992390 -25.800009 -40.174305
v 36.992390 -0.000006 -40.174313
v 36.992390 -0.000006 -40.174313
v 36.992390 -25.800009 -40.174305
v 36.998096 -0.000006 -40.087238
v 36.992390 -25.800009 -40.174305
v 36.998096 -25.800009 -40.087231
v 36.998096 -0.000006 -40.087238
v 36.998096 -0.000006 -40.087238
v 36.998096 -25.800009 -40.087231
v 37.000000 -0.000006 -40.000000
v 36.998096 -25.800009 -40.087231
v 37.000000 -25.800009 -39.999992
v 37.000000 -0.000006 -40.000000
v 37.000000 -0.000006 -40.000000
v 37.000000 -25.800009 -39.999992
v 36.998096 -0.000006 -39.912762
v 37.000000 -25.800009 -39.999992
v 36.998096 -25.800009 -39.912754
v 36.998096 -0.000006 -39.912762
v 36.998096 -0.000006 -39.912762
v 36.998096 -25.800009 -39.912754
v 36.992390 -0.000006 -39.825687
v 36.998096 -25.800009 -39.912754
v 36.992390 -25.800009 -39.825680
v 36.992390 -0.000006 -39.825687
v 36.992390 -0.000006 -39.825687
v 36.992390 -25.800009 -39.825680
v 36.982891 -0.000006 -39.738949
v 36.992390 -25.800009 -39.825680
v 36.982891 -25.800009 -39.738941
v 36.982891 -0.000006 -39.738949
v 36.982891 -0.000006 -39.738949
v 36.982891 -25.800009 -39.738941
v 36.969616 -0.000006 -39.652706
v 36.982891 -25.800009 -39.738941
v 36.969616 -25.800009 -39.652699
v 36.969616 -0.000006 -39.652706
v 36.969616 -0.000006 -39.652706
v 36.969616 -25.800009 -39.652699
v 36.952591 -0.000006 -39.567120
v 36.969616 -25.800009 -39.652699
v 36.952591 -25.800009 -39.567112
v 36.952591 -0.000006 -39.567120
v 36.952591 -0.000006 -39.567120
v 36.952591 -25.800009 -39.567112
v 36.931850 -0.000006 -39.482361
v 36.952591 -25.800009 -39.567112
v 36.931850 -25.800009 -39.482353
v 36.931850 -0.000006 -39.482361
v 36.931850 -0.000006 -39.482361
v 36.931850 -25.800009 -39.482353
v 36.907433 -0.000006 -39.398590
v 36.931850 -25.800009 -39.482353
v 36.907433 -25.800009 -39.398582
v 36.907433 -0.000006 -39.398590
v 36.907433 -0.000006 -39.398590
v 36.907433 -25.800009 -39.398582
v 36.879387 -0.000006 -39.315960
v 36.907433 -25.800009 -39.398582
v 36.879387 -25.800009 -39.315952
v 36.879387 -0.000006 -39.315960
v 36.879387 -0.000006 -39.315960
v 36.879387 -25.800009 -39.315952
v 36.847759 -0.000006 -39.234634
v 36.879387 -25.800009 -39.315952
v 36.847759 -25.800009 -39.234627
v 36.847759 -0.000006 -39.234634
v 36.847759 -0.000006 -39.234634
v 36.847759 -25.800009 -39.234627
v 36.812614 -0.000006 -39.154766
v 36.847759 -25.800009 -39.234627
v 36.812614 -25.800009 -39.154758
v 36.812614 -0.000006 -39.154766
v 36.812614 -0.000006 -39.154766
v 36.812614 -25.800009 -39.154758
v 36.774021 -0.000006 -39.076504
v 36.812614 -25.800009 -39.154758
v 36.774021 -25.800009 -39.076496
v 36.774021 -0.000006 -39.076504
v 36.774021 -0.000006 -39.076504
v 36.774021 -25.800009 -39.076496
v 36.732052 -0.000006 -39.000000
v 36.774021 -25.800009 -39.076496
v 36.732052 -25.800009 -38.999992
v 36.732052 -0.000006 -39.000000
v 36.732052 -0.000006 -39.000000
v 36.732052 -25.800009 -38.999992
v 36.686783 -0.000006 -38.925404
v 36.732052 -25.800009 -38.999992
v 36.686783 -25.800009 -38.925396
v 36.686783 -0.000006 -38.925404
v 36.686783 -0.000006 -38.925404
v 36.686783 -25.800009 -38.925396
v 36.638306 -0.000006 -38.852848
v 36.686783 -25.800009 -38.925396
v 36.638306 -25.800009 -38.852840
v 36.638306 -0.000006 -38.852848
v 36.638306 -0.000006 -38.852848
v 36.638306 -25.800009 -38.852840
v 36.586704 -0.000006 -38.782478
v 36.638306 -25.800009 -38.852840
v 36.586704 -25.800009 -38.782471
v 36.586704 -0.000006 -38.782478
v 36.586704 -0.000006 -38.782478
v 36.586704 -25.800009 -38.782471
v 36.532089 -0.000006 -38.714424
v 36.586704 -25.800009 -38.782471
v 36.532089 -25.800009 -38.714417
v 36.532089 -0.000006 -38.714424
v 36.532089 -0.000006 -38.714424
v 36.532089 -25.800009 -38.714417
v 36.474556 -0.000006 -38.648823
v 36.532089 -25.800009 -38.714417
v 36.474556 -25.800009 -38.648815
v 36.474556 -0.000006 -38.648823
v 36.474556 -0.000006 -38.648823
v 36.474556 -25.800009 -38.648815
v 36.414215 -0.000006 -38.585785
v 36.474556 -25.800009 -38.648815
v 36.414215 -25.800009 -38.585777
v 36.414215 -0.000006 -38.585785
v 36.414215 -0.000006 -38.585785
v 36.414215 -25.800009 -38.585777
v 36.351181 -0.000006 -38.525444
v 36.414215 -25.800009 -38.585777
v 36.351181 -25.800009 -38.525436
v 36.351181 -0.000006 -38.525444
v 36.351181 -0.000006 -38.525444
v 36.351181 -25.800009 -38.525436
v 36.285576 -0.000006 -38.467911
v 36.351181 -25.800009 -38.525436
v 36.285576 -25.800009 -38.467903
v 36.285576 -0.000006 -38.467911
v 36.285576 -0.000006 -38.467911
v 36.285576 -25.800009 -38.467903
v 36.217522 -0.000006 -38.413292
v 36.285576 -25.800009 -38.467903
v 36.217522 -25.800009 -38.413284
v 36.217522 -0.000006 -38.413292
v 36.217522 -0.000006 -38.413292
v 36.217522 -25.800009 -38.413284
v 36.147152 -0.000006 -38.361694
v 36.217522 -25.800009 -38.413284
v 36.147152 -25.800009 -38.361687
v 36.147152 -0.000006 -38.361694
v 36.147152 -0.000006 -38.361694
v 36.147152 -25.800009 -38.361687
v 36.074596 -0.000006 -38.313217
v 36.147152 -25.800009 -38.361687
v 36.074596 -25.800009 -38.313210
v 36.074596 -0.000006 -38.313217
v 36.074596 -0.000006 -38.313217
v 36.074596 -25.800009 -38.313210
v 36.000000 -0.000006 -38.267948
v 36.074596 -25.800009 -38.313210
v 36.000000 -25.800009 -38.267941
v 36.000000 -0.000006 -38.267948
v 36.000000 -0.000006 -38.267948
v 36.000000 -25.800009 -38.267941
v 35.923496 -0.000006 -38.225979
v 36.000000 -25.800009 -38.267941
v 35.923496 -25.800009 -38.225971
v 35.923496 -0.000006 -38.225979
v 35.923496 -0.000006 -38.225979
v 35.923496 -25.800009 -38.225971
v 35.845234 -0.000006 -38.187386
v 35.923496 -25.800009 -38.225971
v 35.845234 -25.800009 -38.187378
v 35.845234 -0.000006 -38.187386
v 35.845234 -0.000006 -38.187386
v 35.845234 -25.800009 -38.187378
v 35.765369 -0.000006 -38.152241
v 35.845234 -25.800009 -38.187378
v 35.765369 -25.800009 -38.152233
v 35.765369 -0.000006 -38.152241
v 35.765369 -0.000006 -38.152241
v 35.765369 -25.800009 -38.152233
v 35.684040 -0.000006 -38.120617
v 35.765369 -25.800009 -38.152233
v 35.684040 -25.800009 -38.120609
v 35.684040 -0.000006 -38.120617
v 35.684040 -0.000006 -38.120617
v 35.684040 -25.800009 -38.120609
v 35.601410 -0.000006 -38.092564
v 35.684040 -25.800009 -38.120609
v 35.601410 -25.800009 -38.092556
v 35.601410 -0.000006 -38.092564
v 35.601410 -0.000006 -38.092564
v 35.601410 -25.800009 -38.092556
v 35.517635 -0.000006 -38.068150
v 35.601410 -25.800009 -38.092556
v 35.517635 -25.800009 -38.068142
v 35.517635 -0.000006 -38.068150
v 35.517635 -0.000006 -38.068150
v 35.517635 -25.800009 -38.068142
v 35.432880 -0.000006 -38.047405
v 35.517635 -25.800009 -38.068142
v 35.432880 -25.800009 -38.047398
v 35.432880 -0.000006 -38.047405
v 35.432880 -0.000006 -38.047405
v 35.432880 -25.800009 -38.047398
v 35.347298 -0.000006 -38.030388
v 35.432880 -25.800009 -38.047398
v 35.347298 -25.800009 -38.030380
v 35.347298 -0.000006 -38.030388
v 35.347298 -0.000006 -38.030388
v 35.347298 -25.800009 -38.030380
v 35.261055 -0.000006 -38.017109
v 35.347298 -25.800009 -38.030380
v 35.261055 -25.800009 -38.017101
v 35.261055 -0.000006 -38.017109
v 35.261055 -0.000006 -38.017109
v 35.261055 -25.800009 -38.017101
v 35.174309 -0.000006 -38.007610
v 35.261055 -25.800009 -38.017101
v 35.174309 -25.800009 -38.007603
v 35.174309 -0.000006 -38.007610
v 35.174309 -0.000006 -38.007610
v 35.174309 -25.800009 -38.007603
v 35.087238 -0.000006 -38.001904
v 35.174309 -25.800009 -38.007603
v 35.087238 -25.800009 -38.001896
v 35.087238 -0.000006 -38.001904
v 35.087238 -0.000006 -38.001904
v 35.087238 -25.800009 -38.001896
v 35.000000 -0.000006 -38.000000
v 35.087238 -25.800009 -38.001896
v 35.000000 -25.800009 -37.999992
v 35.000000 -0.000006 -38.000000
v 35.000000 -0.000006 -38.000000
v 35.000000 -25.800009 -37.999992
v 34.912762 -0.000006 -38.001904
v 35.000000 -25.800009 -37.999992
v 34.912762 -25.800009 -38.001896
v 34.912762 -0.000006 -38.001904
v 34.912762 -0.000006 -38.001904
v 34.912762 -25.800009 -38.001896
v 34.825691 -0.000006 -38.007610
v 34.912762 -25.800009 -38.001896
v 34.825691 -25.800009 -38.007603
v 34.825691 -0.000006 -38.007610
v 34.825691 -0.000006 -38.007610
v 34.825691 -25.800009 -38.007603
v 34.738945 -0.000006 -38.017109
v 34.825691 -25.800009 -38.007603
v 34.738945 -25.800009 -38.017101
v 34.738945 -0.000006 -38.017109
v 34.738945 -0.000006 -38.017109
v 34.738945 -25.800009 -38.017101
v 34.652702 -0.000006 -38.030388
v 34.738945 -25.800009 -38.017101
v 34.652702 -25.800009 -38.030380
v 34.652702 -0.000006 -38.030388
v 34.652702 -0.000006 -38.030388
v 34.652702 -25.800009 -38.030380
v 34.567120 -0.000006 -38.047405
v 34.652702 -25.800009 -38.030380
v 34.567120 -25.800009 -38.047398
v 34.567120 -0.000006 -38.047405
v 34.567120 -0.000006 -38.047405
v 34.567120 -25.800009 -38.047398
v 34.482365 -0.000006 -38.068150
v 34.567120 -25.800009 -38.047398
v 34.482365 -25.800009 -38.068142
v 34.482365 -0.000006 -38.068150
v 34.482365 -0.000006 -38.068150
v 34.482365 -25.800009 -38.068142
v 34.398590 -0.000006 -38.092564
v 34.482365 -25.800009 -38.068142
v 34.398590 -25.800009 -38.092556
v 34.398590 -0.000006 -38.092564
v 34.398590 -0.000006 -38.092564
v 34.398590 -25.800009 -38.092556
v 34.315960 -0.000006 -38.120617
v 34.398590 -25.800009 -38.092556
v 34.315960 -25.800009 -38.120609
v 34.315960 -0.000006 -38.120617
v 34.315960 -0.000006 -38.120617
v 34.315960 -25.800009 -38.120609
v 34.234631 -0.000006 -38.152241
v 34.315960 -25.800009 -38.120609
v 34.234631 -25.800009 -38.152233
v 34.234631 -0.000006 -38.152241
v 34.234631 -0.000006 -38.152241
v 34.234631 -25.800009 -38.152233
v 34.154766 -0.000006 -38.187386
v 34.234631 -25.800009 -38.152233
v 34.154766 -25.800009 -38.187378
v 34.154766 -0.000006 -38.187386
v 34.154766 -0.000006 -38.187386
v 34.154766 -25.800009 -38.187378
v 34.076504 -0.000006 -38.225979
v 34.154766 -25.800009 -38.187378
v 34.076504 -25.800009 -38.225971
v 34.076504 -0.000006 -38.225979
v 34.076504 -0.000006 -38.225979
v 34.076504 -25.800009 -38.225971
v 34.000000 -0.000006 -38.267948
v 34.076504 -25.800009 -38.225971
v 34.000000 -25.800009 -38.267941
v 34.000000 -0.000006 -38.267948
v 34.000000 -0.000006 -38.267948
v 34.000000 -25.800009 -38.267941
v 33.925400 -0.000006 -38.313217
v 34.000000 -25.800009 -38.267941
v 33.925400 -25.800009 -38.313210
v 33.925400 -0.000006 -38.313217
v 33.925400 -0.000006 -38.313217
v 33.925400 -25.800009 -38.313210
v 33.852844 -0.000006 -38.361694
v 33.925400 -25.800009 -38.313210
v 33.852844 -25.800009 -38.361687
v 33.852844 -0.000006 -38.361694
v 33.852844 -0.000006 -38.361694
v 33.852844 -25.800009 -38.361687
v 33.782478 -0.000006 -38.413292
v 33.852844 -25.800009 -38.361687
v 33.782478 -25.800009 -38.413284
v 33.782478 -0.000006 -38.413292
v 33.782478 -0.000006 -38.413292
v 33.782478 -25.800009 -38.413284
v 33.714424 -0.000006 -38.467911
v 33.782478 -25.800009 -38.413284
v 33.714424 -25.800009 -38.467903
v 33.714424 -0.000006 -38.467911
v 33.714424 -0.000006 -38.467911
v 33.714424 -25.800009 -38.467903
v 33.648819 -0.000006 -38.525444
v 33.714424 -25.800009 -38.467903
v 33.648819 -25.800009 -38.525436
v 33.648819 -0.000006 -38.525444
v 33.648819 -0.000006 -38.525444
v 33.648819 -25.800009 -38.525436
v 33.585785 -0.000006 -38.585785
v 33.648819 -25.800009 -38.525436
v 33.585785 -25.800009 -38.585777
v 33.585785 -0.000006 -38.585785
v 33.585785 -0.000006 -38.585785
v 33.585785 -25.800009 -38.585777
v 33.525444 -0.000006 -38.648823
v 33.585785 -25.800009 -38.585777
v 33.525444 -25.800009 -38.648815
v 33.525444 -0.000006 -38.648823
v 33.525444 -0.000006 -38.648823
v 33.525444 -25.800009 -38.648815
v 33.467911 -0.000006 -38.714424
v 33.525444 -25.800009 -38.648815
v 33.467911 -25.800009 -38.714417
v 33.467911 -0.000006 -38.714424
v 33.467911 -0.000006 -38.714424
v 33.467911 -25.800009 -38.714417
v 33.413296 -0.000006 -38.782478
v 33.467911 -25.800009 -38.714417
v 33.413296 -25.800009 -38.782471
v 33.413296 -0.000006 -38.782478
v 33.413296 -0.000006 -38.782478
v 33.413296 -25.800009 -38.782471
v 33.361694 -0.000006 -38.852848
v 33.413296 -25.800009 -38.782471
v 33.361694 -25.800009 -38.852840
v 33.361694 -0.000006 -38.852848
v 33.361694 -0.000006 -38.852848
v 33.361694 -25.800009 -38.852840
v 33.313217 -0.000006 -38.925404
v 33.361694 -25.800009 -38.852840
v 33.313217 -25.800009 -38.925396
v 33.313217 -0.000006 -38.925404
v 33.313217 -0.000006 -38.925404
v 33.313217 -25.800009 -38.925396
v 33.267948 -0.000006 -39.000000
v 33.313217 -25.800009 -38.925396
v 33.267948 -25.800009 -38.999992
v 33.267948 -0.000006 -39.000000
v 33.267948 -0.000006 -39.000000
v 33.267948 -25.800009 -38.999992
v 33.225979 -0.000006 -39.076504
v 33.267948 -25.800009 -38.999992
v 33.225979 -25.800009 -39.076496
v 33.225979 -0.000006 -39.076504
v 33.225979 -0.000006 -39.076504
v 33.225979 -25.800009 -39.076496
v 33.187386 -0.000006 -39.154766
v 33.225979 -25.800009 -39.076496
v 33.187386 -25.800009 -39.154758
v 33.187386 -0.000006 -39.154766
v 33.187386 -0.000006 -39.154766
v 33.187386 -25.800009 -39.154758
v 33.152241 -0.000006 -39.234634
v 33.187386 -25.800009 -39.154758
v 33.152241 -25.800009 -39.234627
v 33.152241 -0.000006 -39.234634
v 33.152241 -0.000006 -39.234634
v 33.152241 -25.800009 -39.234627
v 33.120613 -0.000006 -39.315960
v 33.152241 -25.800009 -39.234627
v 33.120613 -25.800009 -39.315952
v 33.120613 -0.000006 -39.315960
v 33.120613 -0.000006 -39.315960
v 33.120613 -25.800009 -39.315952
v 33.092567 -0.000006 -39.398590
v 33.120613 -25.800009 -39.315952
v 33.092567 -25.800009 -39.398582
v 33.092567 -0.000006 -39.398590
v 33.092567 -0.000006 -39.398590
v 33.092567 -25.800009 -39.398582
v 33.068146 -0.000006 -39.482361
v 33.092567 -25.800009 -39.398582
v 33.068146 -25.800009 -39.482353
v 33.068146 -0.000006 -39.482361
v 33.068146 -0.000006 -39.482361
v 33.068146 -25.800009 -39.482353
v 33.047409 -0.000006 -39.567120
v 33.068146 -25.800009 -39.482353
v 33.047409 -25.800009 -39.567112
v 33.047409 -0.000006 -39.567120
v 33.047409 -0.000006 -39.567120
v 33.047409 -25.800009 -39.567112
v 33.030384 -0.000006 -39.652706
v 33.047409 -25.800009 -39.567112
v 33.030384 -25.800009 -39.652699
v 33.030384 -0.000006 -39.652706
v 33.030384 -0.000006 -39.652706
v 33.030384 -25.800009 -39.652699
v 33.017109 -0.000006 -39.738949
v 33.030384 -25.800009 -39.652699
v 33.017109 -25.800009 -39.738941
v 33.017109 -0.000006 -39.738949
v 33.017109 -0.000006 -39.738949
v 33.017109 -25.800009 -39.738941
v 33.007610 -0.000006 -39.825687
v 33.017109 -25.800009 -39.738941
v 33.007610 -25.800009 -39.825680
v 33.007610 -0.000006 -39.825687
v 33.007610 -0.000006 -39.825687
v 33.007610 -25.800009 -39.825680
v 33.001904 -0.000006 -39.912762
v 33.007610 -25.800009 -39.825680
v 33.001904 -25.800009 -39.912754
v 33.001904 -0.000006 -39.912762
v 33.001904 -0.000006 -39.912762
v 33.001904 -25.800009 -39.912754
v 33.000000 -0.000006 -40.000000
v 33.001904 -25.800009 -39.912754
v 33.000000 -25.800009 -39.999992
v 33.000000 -0.000006 -40.000000
v 33.000000 -0.000006 -40.000000
v 33.000000 -25.800009 -39.999992
v 33.001904 -0.000006 -40.087238
v 33.000000 -25.800009 -39.999992
v 33.001904 -25.800009 -40.087231
v 33.001904 -0.000006 -40.087238
v 33.001904 -0.000006 -40.087238
v 33.001904 -25.800009 -40.087231
v 33.007610 -0.000006 -40.174313
v 33.001904 -25.800009 -40.087231
v 33.007610 -25.800009 -40.174305
v 33.007610 -0.000006 -40.174313
v 33.007610 -0.000006 -40.174313
v 33.007610 -25.800009 -40.174305
v 33.017109 -0.000006 -40.261051
v 33.007610 -25.800009 -40.174305
v 33.017109 -25.800009 -40.261044
v 33.017109 -0.000006 -40.261051
v 33.017109 -0.000006 -40.261051
v 33.017109 -25.800009 -40.261044
v 33.030384 -0.000006 -40.347298
v 33.017109 -25.800009 -40.261044
v 33.030384 -25.800009 -40.347290
v 33.030384 -0.000006 -40.347298
v 33.030384 -0.000006 -40.347298
v 33.030384 -25.800009 -40.347290
v 33.047409 -0.000006 -40.432877
v 33.030384 -25.800009 -40.347290
v 33.047409 -25.800009 -40.432869
v 33.047409 -0.000006 -40.432877
v 33.047409 -0.000006 -40.432877
v 33.047409 -25.800009 -40.432869
v 33.068146 -0.000006 -40.517639
v 33.047409 -25.800009 -40.432869
v 33.068146 -25.800009 -40.517632
v 33.068146 -0.000006 -40.517639
v 33.068146 -0.000006 -40.517639
v 33.068146 -25.800009 -40.517632
v 33.092567 -0.000006 -40.601410
v 33.068146 -25.800009 -40.517632
v 33.092567 -25.800009 -40.601402
v 33.092567 -0.000006 -40.601410
v 33.092567 -0.000006 -40.601410
v 33.092567 -25.800009 -40.601402
v 33.120613 -0.000006 -40.684040
v 33.092567 -25.800009 -40.601402
v 33.120613 -25.800009 -40.684032
v 33.120613 -0.000006 -40.684040
v 33.120613 -0.000006 -40.684040
v 33.120613 -25.800009 -40.684032
v 33.152241 -0.000006 -40.765366
v 33.120613 -25.800009 -40.684032
v 33.152241 -25.800009 -40.765358
v 33.152241 -0.000006 -40.765366
v 33.152241 -0.000006 -40.765366
v 33.152241 -25.800009 -40.765358
v 33.187386 -0.000006 -40.845238
v 33.152241 -25.800009 -40.765358
v 33.187386 -25.800009 -40.845230
v 33.187386 -0.000006 -40.845238
v 33.187386 -0.000006 -40.845238
v 33.187386 -25.800009 -40.845230
v 33.225979 -0.000006 -40.923500
v 33.187386 -25.800009 -40.845230
v 33.225979 -25.800009 -40.923492
v 33.225979 -0.000006 -40.923500
v 33.225979 -0.000006 -40.923500
v 33.225979 -25.800009 -40.923492
v 33.267948 -0.000006 -41.000000
v 33.225979 -25.800009 -40.923492
v 33.267948 -25.800009 -40.999992
v 33.267948 -0.000006 -41.000000
v 33.267948 -0.000006 -41.000000
v 33.267948 -25.800009 -40.999992
v 33.313217 -0.000006 -41.074600
v 33.267948 -25.800009 -40.999992
v 33.313217 -25.800009 -41.074593
v 33.313217 -0.000006 -41.074600
v 33.313217 -0.000006 -41.074600
v 33.313217 -25.800009 -41.074593
v 33.361694 -0.000006 -41.147152
v 33.313217 -25.800009 -41.074593
v 33.361694 -25.800009 -41.147144
v 33.361694 -0.000006 -41.147152
v 33.361694 -0.000006 -41.147152
v 33.361694 -25.800009 -41.147144
v 33.413296 -0.000006 -41.217525
v 33.361694 -25.800009 -41.147144
v 33.413296 -25.800009 -41.217518
v 33.413296 -0.000006 -41.217525
v 33.413296 -0.000006 -41.217525
v 33.413296 -25.800009 -41.217518
v 33.467911 -0.000006 -41.285576
v 33.413296 -25.800009 -41.217518
v 33.467911 -25.800009 -41.285568
v 33.467911 -0.000006 -41.285576
v 33.467911 -0.000006 -41.285576
v 33.467911 -25.800009 -41.285568
v 33.525444 -0.000006 -41.351181
v 33.467911 -25.800009 -41.285568
v 33.525444 -25.800009 -41.351173
v 33.525444 -0.000006 -41.351181
v 33.525444 -0.000006 -41.351181
v 33.525444 -25.800009 -41.351173
v 33.585785 -0.000006 -41.414211
v 33.525444 -25.800009 -41.351173
v 33.585785 -25.800009 -41.414204
v 33.585785 -0.000006 -41.414211
v 33.585785 -0.000006 -41.414211
v 33.585785 -25.800009 -41.414204
v 33.648819 -0.000006 -41.474556
v 33.585785 -25.800009 -41.414204
v 33.648819 -25.800009 -41.474548
v 33.648819 -0.000006 -41.474556
v 33.648819 -0.000006 -41.474556
v 33.648819 -25.800009 -41.474548
v 33.714424 -0.000006 -41.532089
v 33.648819 -25.800009 -41.474548
v 33.714424 -25.800009 -41.532082
v 33.714424 -0.000006 -41.532089
v 33.714424 -0.000006 -41.532089
v 33.714424 -25.800009 -41.532082
v 33.782478 -0.000006 -41.586708
v 33.714424 -25.800009 -41.532082
v 33.782478 -25.800009 -41.586700
v 33.782478 -0.000006 -41.586708
v 33.782478 -0.000006 -41.586708
v 33.782478 -25.800009 -41.586700
v 33.852844 -0.000006 -41.638302
v 33.782478 -25.800009 -41.586700
v 33.852844 -25.800009 -41.638294
v 33.852844 -0.000006 -41.638302
v 33.852844 -0.000006 -41.638302
v 33.852844 -25.800009 -41.638294
v 33.925400 -0.000006 -41.686783
v 33.852844 -25.800009 -41.638294
v 33.925400 -25.800009 -41.686775
v 33.925400 -0.000006 -41.686783
v 33.925400 -0.000006 -41.686783
v 33.925400 -25.800009 -41.686775
v 34.000000 -0.000006 -41.732052
v 33.925400 -25.800009 -41.686775
v 34.000000 -25.800009 -41.732044
v 34.000000 -0.000006 -41.732052
v 34.000000 -0.000006 -41.732052
v 34.000000 -25.800009 -41.732044
v 34.076504 -0.000006 -41.774025
v 34.000000 -25.800009 -41.732044
v 34.076504 -25.800009 -41.774017
v 34.076504 -0.000006 -41.774025
v 34.076504 -0.000006 -41.774025
v 34.076504 -25.800009 -41.774017
v 34.154766 -0.000006 -41.812618
v 34.076504 -25.800009 -41.774017
v 34.154766 -25.800009 -41.812611
v 34.154766 -0.000006 -41.812618
v 34.154766 -0.000006 -41.812618
v 34.154766 -25.800009 -41.812611
v 34.234631 -0.000006 -41.847759
v 34.154766 -25.800009 -41.812611
v 34.234631 -25.800009 -41.847752
v 34.234631 -0.000006 -41.847759
v 34.234631 -0.000006 -41.847759
v 34.234631 -25.800009 -41.847752
v 34.315960 -0.000006 -41.879387
v 34.234631 -25.800009 -41.847752
v 34.315960 -25.800009 -41.879379
v 34.315960 -0.000006 -41.879387
v 34.315960 -0.000006 -41.879387
v 34.315960 -25.800009 -41.879379
v 34.398590 -0.000006 -41.907433
v 34.315960 -25.800009 -41.879379
v 34.398590 -25.800009 -41.907425
v 34.398590 -0.000006 -41.907433
v 34.398590 -0.000006 -41.907433
v 34.398590 -25.800009 -41.907425
v 34.482365 -0.000006 -41.931854
v 34.398590 -25.800009 -41.907425
v 34.482365 -25.800009 -41.931847
v 34.482365 -0.000006 -41.931854
v 34.482365 -0.000006 -41.931854
v 34.482365 -25.800009 -41.931847
v 34.567120 -0.000006 -41.952591
v 34.482365 -25.800009 -41.931847
v 34.567120 -25.800009 -41.952583
v 34.567120 -0.000006 -41.952591
v 34.567120 -0.000006 -41.952591
v 34.567120 -25.800009 -41.952583
v 34.652702 -0.000006 -41.969616
v 34.567120 -25.800009 -41.952583
v 34.652702 -25.800009 -41.969608
v 34.652702 -0.000006 -41.969616
v 34.652702 -0.000006 -41.969616
v 34.652702 -25.800009 -41.969608
v 34.738945 -0.000006 -41.982887
v 34.652702 -25.800009 -41.969608
v 34.738945 -25.800009 -41.982880
v 34.738945 -0.000006 -41.982887
v 34.738945 -0.000006 -41.982887
v 34.738945 -25.800009 -41.982880
v 34.825691 -0.000006 -41.992390
v 34.738945 -25.800009 -41.982880
v 34.825691 -25.800009 -41.992382
v 34.825691 -0.000006 -41.992390
v 34.825691 -0.000006 -41.992390
v 34.825691 -25.800009 -41.992382
v 34.912762 -0.000006 -41.998096
v 34.825691 -25.800009 -41.992382
v 34.912762 -25.800009 -41.998089
v 34.912762 -0.000006 -41.998096
v 34.912762 -0.000006 -41.998096
v 34.912762 -25.800009 -41.998089
v 35.000000 -0.000006 -42.000000
v 34.912762 -25.800009 -41.998089
v 35.000000 -25.800009 -41.999992
v 35.000000 -0.000006 -42.000000
v 1.800000 -25.800009 -51.357285
v 1.800000 -25.800009 -55.034260
v 1.800000 -0.000008 -51.357292
v 1.800000 -25.800009 -55.034260
v 1.800000 -0.000008 -55.034267
v 1.800000 -0.000008 -51.357292
v 22.974243 -25.800013 -65.792961
v 22.974243 -0.000010 -65.792961
v 21.504438 -25.800013 -70.747223
v 22.974243 -0.000010 -65.792961
v 21.504438 -0.000010 -70.747223
v 21.504438 -25.800013 -70.747223
v 23.548916 -25.800013 -63.764168
v 23.548916 -0.000010 -63.764175
v 1.800000 -25.800009 -48.936714
v 23.548916 -0.000010 -63.764175
v 1.800000 -0.000008 -48.936722
v 1.800000 -25.800009 -48.936714
v 1.800000 -25.800005 -27.082136
v 1.800000 -0.000004 -27.082140
v 25.644754 -25.800005 -32.524334
v 1.800000 -0.000004 -27.082140
v 25.644754 -0.000004 -32.524342
v 25.644754 -25.800005 -32.524334
v 25.644754 -25.800005 -32.524334
v 25.644754 -0.000004 -32.524342
v 30.292091 -25.800005 -33.585014
v 25.644754 -0.000004 -32.524342
v 30.292091 -0.000006 -33.585022
v 30.292091 -25.800005 -33.585014
v 31.267159 -25.800005 -27.408636
v 31.267159 -0.000004 -27.408640
v 30.618839 -25.800005 -31.608164
v 31.267159 -0.000004 -27.408640
v 30.618839 -0.000004 -31.608168
v 30.618839 -25.800005 -31.608164
v 31.551287 -25.800005 -25.428869
v 31.551287 -0.000004 -25.428873
v 27.182903 -25.800005 -24.770466
v 31.551287 -0.000004 -25.428873
v 27.182903 -0.000004 -24.770470
v 27.182903 -25.800005 -24.770466
v 27.182903 -25.800005 -24.770466
v 27.182903 -0.000004 -24.770470
v 25.644754 -25.800005 -24.538635
v 27.182903 -0.000004 -24.770470
v 25.644754 -0.000004 -24.538639
v 25.644754 -25.800005 -24.538635
v 25.644754 -25.800005 -24.538635
v 25.644754 -0.000004 -24.538639
v 2.852661 -25.800005 -21.103411
v 25.644754 -0.000004 -24.538639
v 2.852661 -0.000004 -21.103415
v 2.852661 -25.800005 -21.103411
v 2.852661 -25.800005 -21.103411
v 2.852661 -0.000004 -21.103415
v 1.800000 -25.800005 -20.944754
v 2.852661 -0.000004 -21.103415
v 1.800000 -0.000004 -20.944757
v 1.800000 -25.800005 -20.944754
v 1.800000 -25.800005 -22.967342
v 1.800000 -0.000004 -22.967346
v 23.616339 -25.800005 -26.255503
v 1.800000 -0.000004 -22.967346
v 23.616339 -0.000004 -26.255507
v 23.616339 -25.800005 -26.255503
v 23.616339 -25.800005 -26.255503
v 23.616339 -0.000004 -26.255507
v 25.644754 -25.800005 -26.561224
v 23.616339 -0.000004 -26.255507
v 25.644754 -0.000004 -26.561228
v 25.644754 -25.800005 -26.561224
v 25.644754 -25.800005 -26.561224
v 25.644754 -0.000004 -26.561228
v 27.182903 -25.800005 -26.793055
v 25.644754 -0.000004 -26.561228
v 27.182903 -0.000004 -26.793058
v 27.182903 -25.800005 -26.793055
v 27.182903 -25.800005 -26.793055
v 27.182903 -0.000004 -26.793058
v 31.267159 -25.800005 -27.408636
v 27.182903 -0.000004 -26.793058
v 31.267159 -0.000004 -27.408640
v 31.267159 -25.800005 -27.408636
v 32.351200 -25.800005 -19.239477
v 32.351200 -0.000002 -19.239481
v 31.688030 -25.800005 -19.189783
v 32.351200 -0.000002 -19.239481
v 31.688030 -0.000002 -19.189787
v 31.688030 -25.800005 -19.189783
v 31.688030 -25.800005 -19.189783
v 31.688030 -0.000002 -19.189787
v 27.182903 -25.800005 -18.852182
v 31.688030 -0.000002 -19.189787
v 27.182903 -0.000002 -18.852186
v 27.182903 -25.800005 -18.852182
v 27.182903 -25.800005 -18.852182
v 27.182903 -0.000002 -18.852186
v 25.644754 -25.800005 -18.736919
v 27.182903 -0.000002 -18.852186
v 25.644754 -0.000002 -18.736923
v 25.644754 -25.800005 -18.736919
v 25.644754 -25.800005 -18.736919
v 25.644754 -0.000002 -18.736923
v 1.800000 -25.800005 -16.950068
v 25.644754 -0.000002 -18.736923
v 1.800000 -0.000002 -16.950071
v 1.800000 -25.800005 -16.950068
v 1.800000 -25.800005 -18.955675
v 1.800000 -0.000002 -18.955679
v 25.644754 -25.800005 -20.742527
v 1.800000 -0.000002 -18.955679
v 25.644754 -0.000004 -20.742531
v 25.644754 -25.800005 -20.742527
v 25.644754 -25.800005 -20.742527
v 25.644754 -0.000004 -20.742531
v 27.182903 -25.800005 -20.857790
v 25.644754 -0.000004 -20.742531
v 27.182903 -0.000004 -20.857794
v 27.182903 -25.800005 -20.857790
v 27.182903 -25.800005 -20.857790
v 27.182903 -0.000004 -20.857794
v 30.460598 -25.800005 -21.103411
v 27.182903 -0.000004 -20.857794
v 30.460598 -0.000004 -21.103415
v 30.460598 -25.800005 -21.103411
v 30.460598 -25.800005 -21.103411
v 30.460598 -0.000004 -21.103415
v 31.688030 -25.800005 -21.195391
v 30.460598 -0.000004 -21.103415
v 31.688030 -0.000004 -21.195395
v 31.688030 -25.800005 -21.195391
v 31.688030 -25.800005 -21.195391
v 31.688030 -0.000004 -21.195395
v 32.108898 -25.800005 -21.226929
v 31.688030 -0.000004 -21.195395
v 32.108898 -0.000004 -21.226933
v 32.108898 -25.800005 -21.226929
v 1.800000 -25.800005 -22.967342
v 1.800000 -25.800005 -25.030706
v 1.800000 -0.000004 -22.967346
v 1.800000 -25.800005 -25.030706
v 1.800000 -0.000004 -25.030710
v 1.800000 -0.000004 -22.967346
v 26.927670 -25.800009 -50.484009
v 26.927670 -0.000008 -50.484016
v 25.644754 -25.800009 -49.866215
v 26.927670 -0.000008 -50.484016
v 25.644754 -0.000008 -49.866222
v 25.644754 -25.800009 -49.866215
v 25.644754 -25.800009 -49.866215
v 25.644754 -0.000008 -49.866222
v 15.369885 -25.800009 -44.918308
v 25.644754 -0.000008 -49.866222
v 15.369885 -0.000006 -44.918316
v 15.369885 -25.800009 -44.918308
v 15.369885 -25.800009 -44.918308
v 15.369885 -0.000006 -44.918316
v 11.485276 -25.800009 -43.047661
v 15.369885 -0.000006 -44.918316
v 11.485276 -0.000006 -43.047668
v 11.485276 -25.800009 -43.047661
v 11.485276 -25.800009 -43.047661
v 11.485276 -0.000006 -43.047668
v 1.800000 -25.800009 -38.383675
v 11.485276 -0.000006 -43.047668
v 1.800000 -0.000006 -38.383682
v 1.800000 -25.800009 -38.383675
v 32.108898 -25.800005 -21.226929
v 32.108898 -0.000004 -21.226933
v 31.551287 -25.800005 -25.428869
v 32.108898 -0.000004 -21.226933
v 31.551287 -0.000004 -25.428873
v 31.551287 -25.800005 -25.428869
v 1.800000 -0.000010 -63.544594
v 1.800000 -25.800013 -63.544586
v 1.800000 -0.000010 -67.255699
v 1.800000 -25.800013 -63.544586
v 1.800000 -25.800013 -67.255699
v 1.800000 -0.000010 -67.255699
v 1.800000 -0.000010 -67.255699
v 1.800000 -25.800013 -67.255699
v 1.800000 -0.000010 -69.379364
v 1.800000 -25.800013 -67.255699
v 1.800000 -25.800013 -69.379364
v 1.800000 -0.000010 -69.379364
v 30.292091 -25.800005 -33.585014
v 27.182903 -25.800005 -30.823965
v 25.644754 -25.800005 -30.472906
v 10.760197 -25.800009 -44.918308
v 15.369885 -25.800009 -44.918308
v 11.485276 -25.800009 -43.047661
v 35.087238 -25.800001 -6.998092
v 35.000000 -25.800001 -6.999996
v 32.911129 -25.800001 -8.499996
v 4.912761 -25.800001 -3.001900
v 5.000000 -25.800001 -2.999996
v 3.000000 -25.800001 0.000004
v 25.644754 -25.800001 -8.499996
v 5.174311 -25.800001 -6.992386
v 0.000000 -25.800001 -8.499996
v 5.174311 -25.800001 -6.992386
v 5.087239 -25.800001 -6.998092
v 0.000000 -25.800001 -8.499996
v 0.000000 -25.800001 -8.499996
v 5.087239 -25.800001 -6.998092
v 5.000000 -25.800001 -6.999996
v 4.315960 -25.800001 -6.879381
v 0.000000 -25.800001 -8.499996
v 4.398589 -25.800001 -6.907430
v 0.000000 -25.800001 -8.499996
v 4.482362 -25.800001 -6.931847
v 4.398589 -25.800001 -6.907430
v 5.000000 -25.800001 -6.999996
v 4.912761 -25.800001 -6.998092
v 0.000000 -25.800001 -8.499996
v 4.912761 -25.800001 -6.998092
v 4.825688 -25.800001 -6.992386
v 0.000000 -25.800001 -8.499996
v 0.000000 -25.800001 -8.499996
v 4.825688 -25.800001 -6.992386
v 4.738948 -25.800001 -6.982886
v 4.738948 -25.800001 -6.982886
v 4.652704 -25.800001 -6.969611
v 0.000000 -25.800001 -8.499996
v 4.652704 -25.800001 -6.969611
v 4.567121 -25.800001 -6.952588
v 0.000000 -25.800001 -8.499996
v 0.000000 -25.800001 -8.499996
v 4.567121 -25.800001 -6.952588
v 4.482362 -25.800001 -6.931847
v 4.315960 -25.800001 -3.120611
v 4.398589 -25.800001 -3.092562
v 3.000000 -25.800001 0.000004
v 6.000000 -25.800001 -6.732047
v 5.923497 -25.800001 -6.774018
v 25.644754 -25.800001 -8.499996
v 4.315960 -25.800001 -6.879381
v 4.234633 -25.800001 -6.847755
v 0.000000 -25.800001 -8.499996
v 4.234633 -25.800001 -6.847755
v 4.154764 -25.800001 -6.812612
v 0.000000 -25.800001 -8.499996
v 0.000000 -25.800001 -8.499996
v 4.154764 -25.800001 -6.812612
v 4.076503 -25.800001 -6.774018
v 4.398589 -25.800001 -3.092562
v 4.482362 -25.800001 -3.068144
v 3.000000 -25.800001 0.000004
v 4.482362 -25.800001 -3.068144
v 4.567121 -25.800001 -3.047404
v 3.000000 -25.800001 0.000004
v 3.000000 -25.800001 0.000004
v 4.567121 -25.800001 -3.047404
v 4.652704 -25.800001 -3.030381
v 4.652704 -25.800001 -3.030381
v 4.738948 -25.800001 -3.017106
v 3.000000 -25.800001 0.000004
v 4.738948 -25.800001 -3.017106
v 4.825688 -25.800001 -3.007607
v 3.000000 -25.800001 0.000004
v 3.000000 -25.800001 0.000004
v 4.825688 -25.800001 -3.007607
v 4.912761 -25.800001 -3.001900
v 3.225978 -25.800001 -5.923493
v 0.000000 -25.800001 -8.499996
v 3.267949 -25.800001 -5.999996
v 0.000000 -25.800001 -8.499996
v 3.313217 -25.800001 -6.074595
v 3.267949 -25.800001 -5.999996
v 1.614754 -25.800001 -0.338964
v 3.782477 -25.800001 -3.413289
v 3.852847 -25.800001 -3.361692
v 5.923497 -25.800001 -6.774018
v 5.845237 -25.800001 -6.812612
v 25.644754 -25.800001 -8.499996
v 5.845237 -25.800001 -6.812612
v 5.765367 -25.800001 -6.847755
v 25.644754 -25.800001 -8.499996
v 25.644754 -25.800001 -8.499996
v 5.765367 -25.800001 -6.847755
v 5.684041 -25.800001 -6.879381
v 5.684041 -25.800001 -6.879381
v 5.601412 -25.800001 -6.907430
v 25.644754 -25.800001 -8.499996
v 5.601412 -25.800001 -6.907430
v 5.517638 -25.800001 -6.931847
v 25.644754 -25.800001 -8.499996
v 25.644754 -25.800001 -8.499996
v 5.517638 -25.800001 -6.931847
v 5.432879 -25.800001 -6.952588
v 4.076503 -25.800001 -6.774018
v 4.000000 -25.800001 -6.732047
v 0.000000 -25.800001 -8.499996
v 4.000000 -25.800001 -6.732047
v 3.925401 -25.800001 -6.686779
v 0.000000 -25.800001 -8.499996
v 0.000000 -25.800001 -8.499996
v 3.925401 -25.800001 -6.686779
v 3.852847 -25.800001 -6.638300
v 3.852847 -25.800001 -6.638300
v 3.782477 -25.800001 -6.586703
v 0.000000 -25.800001 -8.499996
v 3.782477 -25.800001 -6.586703
v 3.714425 -25.800001 -6.532085
v 0.000000 -25.800001 -8.499996
v 0.000000 -25.800001 -8.499996
v 3.714425 -25.800001 -6.532085
v 3.648820 -25.800001 -6.474551
v 5.000000 -25.800001 -2.999996
v 5.087239 -25.800001 -3.001900
v 3.000000 -25.800001 0.000004
v 5.087239 -25.800001 -3.001900
v 5.174311 -25.800001 -3.007607
v 3.000000 -25.800001 0.000004
v 3.000000 -25.800001 0.000004
v 5.174311 -25.800001 -3.007607
v 5.261053 -25.800001 -3.017106
v 25.644754 -25.800001 0.000004
v 6.414214 -25.800001 -3.585782
v 6.474555 -25.800001 -3.648816
v 6.474555 -25.800001 -3.648816
v 6.532089 -25.800001 -3.714421
v 25.644754 -25.800001 0.000004
v 6.532089 -25.800001 -3.714421
v 6.586707 -25.800001 -3.782473
v 25.644754 -25.800001 0.000004
v 25.644754 -25.800001 0.000004
v 6.586707 -25.800001 -3.782473
v 6.638304 -25.800001 -3.852843
v 6.638304 -25.800001 -3.852843
v 6.686783 -25.800001 -3.925397
v 25.644754 -25.800001 0.000004
v 6.686783 -25.800001 -3.925397
v 6.732051 -25.800001 -3.999996
v 25.644754 -25.800001 0.000004
v 25.644754 -25.800001 0.000004
v 6.732051 -25.800001 -3.999996
v 6.774022 -25.800001 -4.076499
v 25.644754 -25.800001 -8.499996
v 6.774022 -25.800001 -5.923493
v 6.732051 -25.800001 -5.999996
v 6.732051 -25.800001 -5.999996
v 6.686783 -25.800001 -6.074595
v 25.644754 -25.800001 -8.499996
v 6.686783 -25.800001 -6.074595
v 6.638304 -25.800001 -6.147149
v 25.644754 -25.800001 -8.499996
v 25.644754 -25.800001 -8.499996
v 6.638304 -25.800001 -6.147149
v 6.586707 -25.800001 -6.217519
v 6.414214 -25.800001 -6.414210
v 6.351181 -25.800001 -6.474551
v 25.644754 -25.800001 -8.499996
v 6.351181 -25.800001 -6.474551
v 6.285575 -25.800001 -6.532085
v 25.644754 -25.800001 -8.499996
v 25.644754 -25.800001 -8.499996
v 6.285575 -25.800001 -6.532085
v 6.217523 -25.800001 -6.586703
v 6.217523 -25.800001 -6.586703
v 6.147153 -25.800001 -6.638300
v 25.644754 -25.800001 -8.499996
v 6.147153 -25.800001 -6.638300
v 6.074599 -25.800001 -6.686779
v 25.644754 -25.800001 -8.499996
v 25.644754 -25.800001 -8.499996
v 6.074599 -25.800001 -6.686779
v 6.000000 -25.800001 -6.732047
v 5.432879 -25.800001 -6.952588
v 5.347296 -25.800001 -6.969611
v 25.644754 -25.800001 -8.499996
v 5.347296 -25.800001 -6.969611
v 5.261053 -25.800001 -6.982886
v 25.644754 -25.800001 -8.499996
v 25.644754 -25.800001 -8.499996
v 5.261053 -25.800001 -6.982886
v 5.174311 -25.800001 -6.992386
v 3.648820 -25.800001 -6.474551
v 3.585786 -25.800001 -6.414210
v 0.000000 -25.800001 -8.499996
v 3.585786 -25.800001 -6.414210
v 3.525445 -25.800001 -6.351177
v 0.000000 -25.800001 -8.499996
v 0.000000 -25.800001 -8.499996
v 3.525445 -25.800001 -6.351177
v 3.467911 -25.800001 -6.285571
v 3.467911 -25.800001 -6.285571
v 3.413293 -25.800001 -6.217519
v 0.000000 -25.800001 -8.499996
v 3.413293 -25.800001 -6.217519
v 3.361696 -25.800001 -6.147149
v 0.000000 -25.800001 -8.499996
v 0.000000 -25.800001 -8.499996
v 3.361696 -25.800001 -6.147149
v 3.313217 -25.800001 -6.074595
v 3.225978 -25.800001 -5.923493
v 3.187384 -25.800001 -5.845233
v 0.000000 -25.800001 -8.499996
v 3.187384 -25.800001 -5.845233
v 3.152241 -25.800001 -5.765363
v 0.000000 -25.800001 -8.499996
v 0.000000 -25.800001 -8.499996
v 3.152241 -25.800001 -5.765363
v 3.120615 -25.800001 -5.684037
v 0.973229 -25.800001 -0.788164
v 3.585786 -25.800001 -3.585782
v 3.648820 -25.800001 -3.525441
v 3.925401 -25.800001 -3.313213
v 1.851950 -25.800001 -0.228357
v 3.852847 -25.800001 -3.361692
v 1.851950 -25.800001 -0.228357
v 1.732145 -25.800001 -0.281073
v 3.852847 -25.800001 -3.361692
v 3.852847 -25.800001 -3.361692
v 1.732145 -25.800001 -0.281073
v 1.614754 -25.800001 -0.338964
v 4.000000 -25.800001 -3.267945
v 2.097883 -25.800001 -0.138845
v 3.925401 -25.800001 -3.313213
v 2.097883 -25.800001 -0.138845
v 1.973940 -25.800001 -0.180918
v 3.925401 -25.800001 -3.313213
v 3.925401 -25.800001 -3.313213
v 1.973940 -25.800001 -0.180918
v 1.851950 -25.800001 -0.228357
v 4.076503 -25.800001 -3.225974
v 2.350681 -25.800001 -0.071108
v 4.000000 -25.800001 -3.267945
v 2.350681 -25.800001 -0.071108
v 2.223543 -25.800001 -0.102219
v 4.000000 -25.800001 -3.267945
v 4.000000 -25.800001 -3.267945
v 2.223543 -25.800001 -0.102219
v 2.097883 -25.800001 -0.138845
v 5.261053 -25.800001 -3.017106
v 5.347296 -25.800001 -3.030381
v 3.000000 -25.800001 0.000004
v 5.347296 -25.800001 -3.030381
v 5.432879 -25.800001 -3.047404
v 3.000000 -25.800001 0.000004
v 3.000000 -25.800001 0.000004
v 5.432879 -25.800001 -3.047404
v 5.517638 -25.800001 -3.068144
v 5.923497 -25.800001 -3.225974
v 6.000000 -25.800001 -3.267945
v 25.644754 -25.800001 0.000004
v 5.923497 -25.800001 -3.225974
v 25.644754 -25.800001 0.000004
v 5.845237 -25.800001 -3.187380
v 6.586707 -25.800001 -6.217519
v 6.532089 -25.800001 -6.285571
v 25.644754 -25.800001 -8.499996
v 6.532089 -25.800001 -6.285571
v 6.474555 -25.800001 -6.351177
v 25.644754 -25.800001 -8.499996
v 25.644754 -25.800001 -8.499996
v 6.474555 -25.800001 -6.351177
v 6.414214 -25.800001 -6.414210
v 0.973229 -25.800001 -0.788164
v 0.878680 -25.800001 -0.878676
v 3.585786 -25.800001 -3.585782
v 0.878680 -25.800001 -0.878676
v 0.788168 -25.800001 -0.973225
v 3.585786 -25.800001 -3.585782
v 3.585786 -25.800001 -3.585782
v 0.788168 -25.800001 -0.973225
v 3.525445 -25.800001 -3.648816
v 3.714425 -25.800001 -3.467907
v 1.173716 -25.800001 -0.619936
v 3.648820 -25.800001 -3.525441
v 1.173716 -25.800001 -0.619936
v 1.071637 -25.800001 -0.701863
v 3.648820 -25.800001 -3.525441
v 3.648820 -25.800001 -3.525441
v 1.071637 -25.800001 -0.701863
v 0.973229 -25.800001 -0.788164
v 1.614754 -25.800001 -0.338964
v 1.500000 -25.800001 -0.401920
v 3.782477 -25.800001 -3.413289
v 1.500000 -25.800001 -0.401920
v 1.388101 -25.800001 -0.469822
v 3.782477 -25.800001 -3.413289
v 3.782477 -25.800001 -3.413289
v 1.388101 -25.800001 -0.469822
v 3.714425 -25.800001 -3.467907
v 1.388101 -25.800001 -0.469822
v 1.279271 -25.800001 -0.542540
v 3.714425 -25.800001 -3.467907
v 3.714425 -25.800001 -3.467907
v 1.279271 -25.800001 -0.542540
v 1.173716 -25.800001 -0.619936
v 4.154764 -25.800001 -3.187380
v 2.608422 -25.800001 -0.025661
v 4.076503 -25.800001 -3.225974
v 2.608422 -25.800001 -0.025661
v 2.479055 -25.800001 -0.045573
v 4.076503 -25.800001 -3.225974
v 4.076503 -25.800001 -3.225974
v 2.479055 -25.800001 -0.045573
v 2.350681 -25.800001 -0.071108
v 4.315960 -25.800001 -3.120611
v 3.000000 -25.800001 0.000004
v 4.234633 -25.800001 -3.152237
v 3.000000 -25.800001 0.000004
v 2.869142 -25.800001 -0.002851
v 4.234633 -25.800001 -3.152237
v 4.234633 -25.800001 -3.152237
v 2.869142 -25.800001 -0.002851
v 4.154764 -25.800001 -3.187380
v 2.869142 -25.800001 -0.002851
v 2.738533 -25.800001 -0.011412
v 4.154764 -25.800001 -3.187380
v 4.154764 -25.800001 -3.187380
v 2.738533 -25.800001 -0.011412
v 2.608422 -25.800001 -0.025661
v 5.517638 -25.800001 -3.068144
v 5.601412 -25.800001 -3.092562
v 3.000000 -25.800001 0.000004
v 5.601412 -25.800001 -3.092562
v 5.684041 -25.800001 -3.120611
v 3.000000 -25.800001 0.000004
v 3.000000 -25.800001 0.000004
v 5.684041 -25.800001 -3.120611
v 25.644754 -25.800001 0.000004
v 5.684041 -25.800001 -3.120611
v 5.765367 -25.800001 -3.152237
v 25.644754 -25.800001 0.000004
v 25.644754 -25.800001 0.000004
v 5.765367 -25.800001 -3.152237
v 5.845237 -25.800001 -3.187380
v 6.774022 -25.800001 -4.076499
v 6.812616 -25.800001 -4.154760
v 25.644754 -25.800001 0.000004
v 6.812616 -25.800001 -4.154760
v 6.847759 -25.800001 -4.234629
v 25.644754 -25.800001 0.000004
v 25.644754 -25.800001 0.000004
v 6.847759 -25.800001 -4.234629
v 6.879385 -25.800001 -4.315956
v 6.879385 -25.800001 -5.684037
v 25.644754 -25.800001 -8.499996
v 6.907434 -25.800001 -5.601408
v 25.644754 -25.800001 -8.499996
v 6.931851 -25.800001 -5.517634
v 6.907434 -25.800001 -5.601408
v 3.120615 -25.800001 -5.684037
v 3.092566 -25.800001 -5.601408
v 0.000000 -25.800001 -8.499996
v 3.092566 -25.800001 -5.601408
v 3.068148 -25.800001 -5.517634
v 0.000000 -25.800001 -8.499996
v 0.000000 -25.800001 -8.499996
v 3.068148 -25.800001 -5.517634
v 3.047408 -25.800001 -5.432875
v 0.788168 -25.800001 -0.973225
v 0.701867 -25.800001 -1.071633
v 3.525445 -25.800001 -3.648816
v 0.701867 -25.800001 -1.071633
v 0.619940 -25.800001 -1.173712
v 3.525445 -25.800001 -3.648816
v 3.525445 -25.800001 -3.648816
v 0.619940 -25.800001 -1.173712
v 3.467911 -25.800001 -3.714421
v 6.000000 -25.800001 -3.267945
v 6.074599 -25.800001 -3.313213
v 25.644754 -25.800001 0.000004
v 6.074599 -25.800001 -3.313213
v 6.147153 -25.800001 -3.361692
v 25.644754 -25.800001 0.000004
v 25.644754 -25.800001 0.000004
v 6.147153 -25.800001 -3.361692
v 6.217523 -25.800001 -3.413289
v 6.217523 -25.800001 -3.413289
v 6.285575 -25.800001 -3.467907
v 25.644754 -25.800001 0.000004
v 6.285575 -25.800001 -3.467907
v 6.351181 -25.800001 -3.525441
v 25.644754 -25.800001 0.000004
v 25.644754 -25.800001 0.000004
v 6.351181 -25.800001 -3.525441
v 6.414214 -25.800001 -3.585782
v 6.982890 -25.800001 -5.261049
v 6.969615 -25.800001 -5.347292
v 25.644754 -25.800001 -8.499996
v 6.969615 -25.800001 -5.347292
v 6.952592 -25.800001 -5.432875
v 25.644754 -25.800001 -8.499996
v 25.644754 -25.800001 -8.499996
v 6.952592 -25.800001 -5.432875
v 6.931851 -25.800001 -5.517634
v 6.879385 -25.800001 -5.684037
v 6.847759 -25.800001 -5.765363
v 25.644754 -25.800001 -8.499996
v 6.847759 -25.800001 -5.765363
v 6.812616 -25.800001 -5.845233
v 25.644754 -25.800001 -8.499996
v 25.644754 -25.800001 -8.499996
v 6.812616 -25.800001 -5.845233
v 6.774022 -25.800001 -5.923493
v 3.001904 -25.800001 -5.087235
v 3.000000 -25.800001 -4.999996
v 0.000000 -25.800001 -2.999996
v 6.879385 -25.800001 -4.315956
v 6.907434 -25.800001 -4.398585
v 25.644754 -25.800001 0.000004
v 6.907434 -25.800001 -4.398585
v 6.931851 -25.800001 -4.482358
v 25.644754 -25.800001 0.000004
v 25.644754 -25.800001 0.000004
v 6.931851 -25.800001 -4.482358
v 6.952592 -25.800001 -4.567117
v 6.952592 -25.800001 -4.567117
v 6.969615 -25.800001 -4.652700
v 25.644754 -25.800001 0.000004
v 6.969615 -25.800001 -4.652700
v 6.982890 -25.800001 -4.738944
v 25.644754 -25.800001 0.000004
v 25.644754 -25.800001 0.000004
v 6.982890 -25.800001 -4.738944
v 6.992390 -25.800001 -4.825684
v 6.998096 -25.800001 -4.912757
v 7.000000 -25.800001 -4.999996
v 25.644754 -25.800001 -8.499996
v 3.000000 -25.800001 -4.999996
v 3.001904 -25.800001 -4.912757
v 0.000000 -25.800001 -2.999996
v 3.001904 -25.800001 -4.912757
v 3.007611 -25.800001 -4.825684
v 0.000000 -25.800001 -2.999996
v 0.000000 -25.800001 -2.999996
v 3.007611 -25.800001 -4.825684
v 3.017110 -25.800001 -4.738944
v 3.017110 -25.800001 -4.738944
v 3.030385 -25.800001 -4.652700
v 0.000000 -25.800001 -2.999996
v 3.030385 -25.800001 -4.652700
v 3.047408 -25.800001 -4.567117
v 0.000000 -25.800001 -2.999996
v 0.000000 -25.800001 -2.999996
v 3.047408 -25.800001 -4.567117
v 3.068148 -25.800001 -4.482358
v 3.225978 -25.800001 -4.076499
v 3.267949 -25.800001 -3.999996
v 0.071112 -25.800001 -2.350677
v 3.313217 -25.800001 -3.925397
v 0.138849 -25.800001 -2.097879
v 3.267949 -25.800001 -3.999996
v 0.138849 -25.800001 -2.097879
v 0.102223 -25.800001 -2.223539
v 3.267949 -25.800001 -3.999996
v 3.267949 -25.800001 -3.999996
v 0.102223 -25.800001 -2.223539
v 0.071112 -25.800001 -2.350677
v 3.361696 -25.800001 -3.852843
v 0.228361 -25.800001 -1.851946
v 3.313217 -25.800001 -3.925397
v 0.228361 -25.800001 -1.851946
v 0.180922 -25.800001 -1.973936
v 3.313217 -25.800001 -3.925397
v 3.313217 -25.800001 -3.925397
v 0.180922 -25.800001 -1.973936
v 0.138849 -25.800001 -2.097879
v 3.413293 -25.800001 -3.782473
v 0.338968 -25.800001 -1.614750
v 3.361696 -25.800001 -3.852843
v 0.338968 -25.800001 -1.614750
v 0.281077 -25.800001 -1.732141
v 3.361696 -25.800001 -3.852843
v 3.361696 -25.800001 -3.852843
v 0.281077 -25.800001 -1.732141
v 0.228361 -25.800001 -1.851946
v 0.619940 -25.800001 -1.173712
v 0.542544 -25.800001 -1.279267
v 3.467911 -25.800001 -3.714421
v 0.542544 -25.800001 -1.279267
v 0.469826 -25.800001 -1.388097
v 3.467911 -25.800001 -3.714421
v 3.467911 -25.800001 -3.714421
v 0.469826 -25.800001 -1.388097
v 3.413293 -25.800001 -3.782473
v 0.469826 -25.800001 -1.388097
v 0.401924 -25.800001 -1.499996
v 3.413293 -25.800001 -3.782473
v 3.413293 -25.800001 -3.782473
v 0.401924 -25.800001 -1.499996
v 0.338968 -25.800001 -1.614750
v 6.998096 -25.800001 -4.912757
v 25.644754 -25.800001 -8.499996
v 6.992390 -25.800001 -4.825684
v 7.000000 -25.800001 -4.999996
v 6.998096 -25.800001 -5.087235
v 25.644754 -25.800001 -8.499996
v 6.998096 -25.800001 -5.087235
v 6.992390 -25.800001 -5.174307
v 25.644754 -25.800001 -8.499996
v 25.644754 -25.800001 -8.499996
v 6.992390 -25.800001 -5.174307
v 6.982890 -25.800001 -5.261049
v 3.047408 -25.800001 -5.432875
v 3.030385 -25.800001 -5.347292
v 0.000000 -25.800001 -8.499996
v 3.030385 -25.800001 -5.347292
v 3.017110 -25.800001 -5.261049
v 0.000000 -25.800001 -8.499996
v 0.000000 -25.800001 -8.499996
v 3.017110 -25.800001 -5.261049
v 0.000000 -25.800001 -2.999996
v 3.017110 -25.800001 -5.261049
v 3.007611 -25.800001 -5.174307
v 0.000000 -25.800001 -2.999996
v 0.000000 -25.800001 -2.999996
v 3.007611 -25.800001 -5.174307
v 3.001904 -25.800001 -5.087235
v 3.068148 -25.800001 -4.482358
v 3.092566 -25.800001 -4.398585
v 0.000000 -25.800001 -2.999996
v 3.092566 -25.800001 -4.398585
v 3.120615 -25.800001 -4.315956
v 0.000000 -25.800001 -2.999996
v 0.000000 -25.800001 -2.999996
v 3.120615 -25.800001 -4.315956
v 0.002855 -25.800001 -2.869138
v 3.120615 -25.800001 -4.315956
v 3.152241 -25.800001 -4.234629
v 0.002855 -25.800001 -2.869138
v 0.002855 -25.800001 -2.869138
v 3.152241 -25.800001 -4.234629
v 0.011416 -25.800001 -2.738529
v 3.152241 -25.800001 -4.234629
v 3.187384 -25.800001 -4.154760
v 0.011416 -25.800001 -2.738529
v 0.011416 -25.800001 -2.738529
v 3.187384 -25.800001 -4.154760
v 0.025665 -25.800001 -2.608418
v 3.187384 -25.800001 -4.154760
v 3.225978 -25.800001 -4.076499
v 0.025665 -25.800001 -2.608418
v 0.025665 -25.800001 -2.608418
v 3.225978 -25.800001 -4.076499
v 0.045577 -25.800001 -2.479051
v 3.225978 -25.800001 -4.076499
v 0.071112 -25.800001 -2.350677
v 0.045577 -25.800001 -2.479051
v 35.087238 -25.800001 -3.001900
v 35.174309 -25.800001 -3.007607
v 36.724026 -25.800001 0.000004
v 35.000000 -25.800001 -6.999996
v 34.912762 -25.800001 -6.998092
v 32.911129 -25.800001 -8.499996
v 34.912762 -25.800001 -6.998092
v 34.825691 -25.800001 -6.992386
v 32.911129 -25.800001 -8.499996
v 32.911129 -25.800001 -8.499996
v 34.825691 -25.800001 -6.992386
v 34.738945 -25.800001 -6.982886
v 32.911129 -25.800001 0.000004
v 34.912762 -25.800001 -3.001900
v 36.724026 -25.800001 0.000004
v 34.912762 -25.800001 -3.001900
v 35.000000 -25.800001 -2.999996
v 36.724026 -25.800001 0.000004
v 36.724026 -25.800001 0.000004
v 35.000000 -25.800001 -2.999996
v 35.087238 -25.800001 -3.001900
v 35.923496 -25.800001 -6.774018
v 39.395535 -25.800001 -8.503468
v 36.000000 -25.800001 -6.732047
v 39.395535 -25.800001 -8.503468
v 36.074596 -25.800001 -6.686779
v 36.000000 -25.800001 -6.732047
v 34.315960 -25.800001 -6.879381
v 32.911129 -25.800001 -8.499996
v 34.398590 -25.800001 -6.907430
v 32.911129 -25.800001 -8.499996
v 34.482365 -25.800001 -6.931847
v 34.398590 -25.800001 -6.907430
v 36.812614 -25.800001 -5.845233
v 36.774021 -25.800001 -5.923493
v 39.395535 -25.800001 -8.503468
v 34.738945 -25.800001 -6.982886
v 34.652702 -25.800001 -6.969611
v 32.911129 -25.800001 -8.499996
v 34.652702 -25.800001 -6.969611
v 34.567120 -25.800001 -6.952588
v 32.911129 -25.800001 -8.499996
v 32.911129 -25.800001 -8.499996
v 34.567120 -25.800001 -6.952588
v 34.482365 -25.800001 -6.931847
v 33.313217 -25.800001 -6.074595
v 33.267948 -25.800001 -5.999996
v 32.911129 -25.800001 -8.499996
v 33.267948 -25.800001 -5.999996
v 33.225979 -25.800001 -5.923493
v 32.911129 -25.800001 -8.499996
v 32.911129 -25.800001 -8.499996
v 33.225979 -25.800001 -5.923493
v 33.187386 -25.800001 -5.845233
v 35.684040 -25.800001 -6.879381
v 35.601410 -25.800001 -6.907430
v 39.395535 -25.800001 -8.503468
v 35.601410 -25.800001 -6.907430
v 35.517635 -25.800001 -6.931847
v 39.395535 -25.800001 -8.503468
v 39.395535 -25.800001 -8.503468
v 35.517635 -25.800001 -6.931847
v 35.432880 -25.800001 -6.952588
v 34.315960 -25.800001 -6.879381
v 34.234631 -25.800001 -6.847755
v 32.911129 -25.800001 -8.499996
v 34.234631 -25.800001 -6.847755
v 34.154766 -25.800001 -6.812612
v 32.911129 -25.800001 -8.499996
v 32.911129 -25.800001 -8.499996
v 34.154766 -25.800001 -6.812612
v 34.076504 -25.800001 -6.774018
v 34.076504 -25.800001 -6.774018
v 34.000000 -25.800001 -6.732047
v 32.911129 -25.800001 -8.499996
v 34.000000 -25.800001 -6.732047
v 33.925400 -25.800001 -6.686779
v 32.911129 -25.800001 -8.499996
v 32.911129 -25.800001 -8.499996
v 33.925400 -25.800001 -6.686779
v 33.852844 -25.800001 -6.638300
v 33.852844 -25.800001 -6.638300
v 33.782478 -25.800001 -6.586703
v 32.911129 -25.800001 -8.499996
v 33.782478 -25.800001 -6.586703
v 33.714424 -25.800001 -6.532085
v 32.911129 -25.800001 -8.499996
v 32.911129 -25.800001 -8.499996
v 33.714424 -25.800001 -6.532085
v 33.648819 -25.800001 -6.474551
v 33.648819 -25.800001 -6.474551
v 33.585785 -25.800001 -6.414210
v 32.911129 -25.800001 -8.499996
v 33.585785 -25.800001 -6.414210
v 33.525444 -25.800001 -6.351177
v 32.911129 -25.800001 -8.499996
v 32.911129 -25.800001 -8.499996
v 33.525444 -25.800001 -6.351177
v 33.467911 -25.800001 -6.285571
v 33.092567 -25.800001 -4.398585
v 32.911129 -25.800001 0.000004
v 33.068146 -25.800001 -4.482358
v 32.911129 -25.800001 0.000004
v 33.047409 -25.800001 -4.567117
v 33.068146 -25.800001 -4.482358
v 33.313217 -25.800001 -3.925397
v 33.361694 -25.800001 -3.852843
v 32.911129 -25.800001 0.000004
v 36.907433 -25.800001 -5.601408
v 39.395535 -25.800001 -8.503468
v 36.931850 -25.800001 -5.517634
v 39.395535 -25.800001 -8.503468
v 36.952591 -25.800001 -5.432875
v 36.931850 -25.800001 -5.517634
v 36.907433 -25.800001 -5.601408
v 36.879387 -25.800001 -5.684037
v 39.395535 -25.800001 -8.503468
v 36.879387 -25.800001 -5.684037
v 36.847759 -25.800001 -5.765363
v 39.395535 -25.800001 -8.503468
v 39.395535 -25.800001 -8.503468
v 36.847759 -25.800001 -5.765363
v 36.812614 -25.800001 -5.845233
v 36.774021 -25.800001 -5.923493
v 36.732052 -25.800001 -5.999996
v 39.395535 -25.800001 -8.503468
v 36.732052 -25.800001 -5.999996
v 36.686783 -25.800001 -6.074595
v 39.395535 -25.800001 -8.503468
v 39.395535 -25.800001 -8.503468
v 36.686783 -25.800001 -6.074595
v 36.638306 -25.800001 -6.147149
v 36.638306 -25.800001 -6.147149
v 36.586704 -25.800001 -6.217519
v 39.395535 -25.800001 -8.503468
v 36.586704 -25.800001 -6.217519
v 36.532089 -25.800001 -6.285571
v 39.395535 -25.800001 -8.503468
v 39.395535 -25.800001 -8.503468
v 36.532089 -25.800001 -6.285571
v 36.474556 -25.800001 -6.351177
v 35.923496 -25.800001 -6.774018
v 35.845234 -25.800001 -6.812612
v 39.395535 -25.800001 -8.503468
v 35.845234 -25.800001 -6.812612
v 35.765369 -25.800001 -6.847755
v 39.395535 -25.800001 -8.503468
v 39.395535 -25.800001 -8.503468
v 35.765369 -25.800001 -6.847755
v 35.684040 -25.800001 -6.879381
v 35.432880 -25.800001 -6.952588
v 35.347298 -25.800001 -6.969611
v 39.395535 -25.800001 -8.503468
v 35.347298 -25.800001 -6.969611
v 35.261055 -25.800001 -6.982886
v 39.395535 -25.800001 -8.503468
v 39.395535 -25.800001 -8.503468
v 35.261055 -25.800001 -6.982886
v 32.911129 -25.800001 -8.499996
v 35.261055 -25.800001 -6.982886
v 35.174309 -25.800001 -6.992386
v 32.911129 -25.800001 -8.499996
v 32.911129 -25.800001 -8.499996
v 35.174309 -25.800001 -6.992386
v 35.087238 -25.800001 -6.998092
v 33.187386 -25.800001 -5.845233
v 33.152241 -25.800001 -5.765363
v 32.911129 -25.800001 -8.499996
v 33.152241 -25.800001 -5.765363
v 33.120613 -25.800001 -5.684037
v 32.911129 -25.800001 -8.499996
v 32.911129 -25.800001 -8.499996
v 33.120613 -25.800001 -5.684037
v 33.092567 -25.800001 -5.601408
v 33.092567 -25.800001 -5.601408
v 33.068146 -25.800001 -5.517634
v 32.911129 -25.800001 -8.499996
v 33.068146 -25.800001 -5.517634
v 33.047409 -25.800001 -5.432875
v 32.911129 -25.800001 -8.499996
v 32.911129 -25.800001 -8.499996
v 33.047409 -25.800001 -5.432875
v 33.030384 -25.800001 -5.347292
v 32.911129 -25.800001 0.000004
v 33.001904 -25.800001 -4.912757
v 33.007610 -25.800001 -4.825684
v 33.092567 -25.800001 -4.398585
v 33.120613 -25.800001 -4.315956
v 32.911129 -25.800001 0.000004
v 33.120613 -25.800001 -4.315956
v 33.152241 -25.800001 -4.234629
v 32.911129 -25.800001 0.000004
v 32.911129 -25.800001 0.000004
v 33.152241 -25.800001 -4.234629
v 33.187386 -25.800001 -4.154760
v 33.361694 -25.800001 -3.852843
v 33.413296 -25.800001 -3.782473
v 32.911129 -25.800001 0.000004
v 33.413296 -25.800001 -3.782473
v 33.467911 -25.800001 -3.714421
v 32.911129 -25.800001 0.000004
v 32.911129 -25.800001 0.000004
v 33.467911 -25.800001 -3.714421
v 33.525444 -25.800001 -3.648816
v 34.652702 -25.800001 -3.030381
v 34.738945 -25.800001 -3.017106
v 32.911129 -25.800001 0.000004
v 34.738945 -25.800001 -3.017106
v 34.825691 -25.800001 -3.007607
v 32.911129 -25.800001 0.000004
v 32.911129 -25.800001 0.000004
v 34.825691 -25.800001 -3.007607
v 34.912762 -25.800001 -3.001900
v 39.065708 -25.800001 -1.124756
v 36.414215 -25.800001 -3.585782
v 36.474556 -25.800001 -3.648816
v 36.998096 -25.800001 -5.087235
v 39.720314 -25.800001 -3.149170
v 37.000000 -25.800001 -4.999996
v 39.720314 -25.800001 -3.149170
v 36.998096 -25.800001 -4.912757
v 37.000000 -25.800001 -4.999996
v 36.474556 -25.800001 -6.351177
v 36.414215 -25.800001 -6.414210
v 39.395535 -25.800001 -8.503468
v 36.414215 -25.800001 -6.414210
v 36.351181 -25.800001 -6.474551
v 39.395535 -25.800001 -8.503468
v 39.395535 -25.800001 -8.503468
v 36.351181 -25.800001 -6.474551
v 36.285576 -25.800001 -6.532085
v 33.467911 -25.800001 -6.285571
v 33.413296 -25.800001 -6.217519
v 32.911129 -25.800001 -8.499996
v 33.413296 -25.800001 -6.217519
v 33.361694 -25.800001 -6.147149
v 32.911129 -25.800001 -8.499996
v 32.911129 -25.800001 -8.499996
v 33.361694 -25.800001 -6.147149
v 33.313217 -25.800001 -6.074595
v 32.911129 -25.800001 -8.499996
v 33.001904 -25.800001 -5.087235
v 33.000000 -25.800001 -4.999996
v 33.007610 -25.800001 -4.825684
v 33.017109 -25.800001 -4.738944
v 32.911129 -25.800001 0.000004
v 33.017109 -25.800001 -4.738944
v 33.030384 -25.800001 -4.652700
v 32.911129 -25.800001 0.000004
v 32.911129 -25.800001 0.000004
v 33.030384 -25.800001 -4.652700
v 33.047409 -25.800001 -4.567117
v 33.187386 -25.800001 -4.154760
v 33.225979 -25.800001 -4.076499
v 32.911129 -25.800001 0.000004
v 33.225979 -25.800001 -4.076499
v 33.267948 -25.800001 -3.999996
v 32.911129 -25.800001 0.000004
v 32.911129 -25.800001 0.000004
v 33.267948 -25.800001 -3.999996
v 33.313217 -25.800001 -3.925397
v 33.525444 -25.800001 -3.648816
v 33.585785 -25.800001 -3.585782
v 32.911129 -25.800001 0.000004
v 33.585785 -25.800001 -3.585782
v 33.648819 -25.800001 -3.525441
v 32.911129 -25.800001 0.000004
v 32.911129 -25.800001 0.000004
v 33.648819 -25.800001 -3.525441
v 33.714424 -25.800001 -3.467907
v 33.714424 -25.800001 -3.467907
v 33.782478 -25.800001 -3.413289
v 32.911129 -25.800001 0.000004
v 33.782478 -25.800001 -3.413289
v 33.852844 -25.800001 -3.361692
v 32.911129 -25.800001 0.000004
v 32.911129 -25.800001 0.000004
v 33.852844 -25.800001 -3.361692
v 33.925400 -25.800001 -3.313213
v 33.925400 -25.800001 -3.313213
v 34.000000 -25.800001 -3.267945
v 32.911129 -25.800001 0.000004
v 34.000000 -25.800001 -3.267945
v 34.076504 -25.800001 -3.225974
v 32.911129 -25.800001 0.000004
v 32.911129 -25.800001 0.000004
v 34.076504 -25.800001 -3.225974
v 34.154766 -25.800001 -3.187380
v 34.154766 -25.800001 -3.187380
v 34.234631 -25.800001 -3.152237
v 32.911129 -25.800001 0.000004
v 34.234631 -25.800001 -3.152237
v 34.315960 -25.800001 -3.120611
v 32.911129 -25.800001 0.000004
v 32.911129 -25.800001 0.000004
v 34.315960 -25.800001 -3.120611
v 34.398590 -25.800001 -3.092562
v 34.398590 -25.800001 -3.092562
v 34.482365 -25.800001 -3.068144
v 32.911129 -25.800001 0.000004
v 34.482365 -25.800001 -3.068144
v 34.567120 -25.800001 -3.047404
v 32.911129 -25.800001 0.000004
v 32.911129 -25.800001 0.000004
v 34.567120 -25.800001 -3.047404
v 34.652702 -25.800001 -3.030381
v 35.174309 -25.800001 -3.007607
v 35.261055 -25.800001 -3.017106
v 36.724026 -25.800001 0.000004
v 35.261055 -25.800001 -3.017106
v 35.347298 -25.800001 -3.030381
v 36.724026 -25.800001 0.000004
v 36.724026 -25.800001 0.000004
v 35.347298 -25.800001 -3.030381
v 35.432880 -25.800001 -3.047404
v 36.074596 -25.800001 -3.313213
v 36.147152 -25.800001 -3.361692
v 38.080292 -25.800001 -0.324075
v 36.217522 -25.800001 -3.413289
v 38.303314 -25.800001 -0.449340
v 36.147152 -25.800001 -3.361692
v 38.303314 -25.800001 -0.449340
v 38.193142 -25.800001 -0.384329
v 36.147152 -25.800001 -3.361692
v 36.147152 -25.800001 -3.361692
v 38.193142 -25.800001 -0.384329
v 38.080292 -25.800001 -0.324075
v 39.065708 -25.800001 -1.124756
v 38.983631 -25.800001 -1.026628
v 36.414215 -25.800001 -3.585782
v 38.983631 -25.800001 -1.026628
v 38.897446 -25.800001 -0.932089
v 36.414215 -25.800001 -3.585782
v 36.414215 -25.800001 -3.585782
v 38.897446 -25.800001 -0.932089
v 36.351181 -25.800001 -3.525441
v 36.907433 -25.800001 -4.398585
v 36.931850 -25.800001 -4.482358
v 39.720314 -25.800001 -3.149170
v 36.931850 -25.800001 -4.482358
v 36.952591 -25.800001 -4.567117
v 39.720314 -25.800001 -3.149170
v 39.720314 -25.800001 -3.149170
v 36.952591 -25.800001 -4.567117
v 36.969616 -25.800001 -4.652700
v 36.969616 -25.800001 -4.652700
v 36.982891 -25.800001 -4.738944
v 39.720314 -25.800001 -3.149170
v 36.982891 -25.800001 -4.738944
v 36.992390 -25.800001 -4.825684
v 39.720314 -25.800001 -3.149170
v 39.720314 -25.800001 -3.149170
v 36.992390 -25.800001 -4.825684
v 36.998096 -25.800001 -4.912757
v 33.030384 -25.800001 -5.347292
v 33.017109 -25.800001 -5.261049
v 32.911129 -25.800001 -8.499996
v 33.017109 -25.800001 -5.261049
v 33.007610 -25.800001 -5.174307
v 32.911129 -25.800001 -8.499996
v 32.911129 -25.800001 -8.499996
v 33.007610 -25.800001 -5.174307
v 33.001904 -25.800001 -5.087235
v 38.897446 -25.800001 -0.932089
v 38.807312 -25.800001 -0.841310
v 36.351181 -25.800001 -3.525441
v 38.807312 -25.800001 -0.841310
v 38.713387 -25.800001 -0.754456
v 36.351181 -25.800001 -3.525441
v 36.351181 -25.800001 -3.525441
v 38.713387 -25.800001 -0.754456
v 36.285576 -25.800001 -3.467907
v 39.714863 -25.800001 -2.765658
v 39.702152 -25.800001 -2.638363
v 36.812614 -25.800001 -4.154760
v 39.702152 -25.800001 -2.638363
v 36.774021 -25.800001 -4.076499
v 36.812614 -25.800001 -4.154760
v 39.714863 -25.800001 -2.765658
v 36.812614 -25.800001 -4.154760
v 39.722134 -25.800001 -2.893379
v 36.812614 -25.800001 -4.154760
v 36.847759 -25.800001 -4.234629
v 39.722134 -25.800001 -2.893379
v 39.722134 -25.800001 -2.893379
v 36.847759 -25.800001 -4.234629
v 39.723953 -25.800001 -3.021293
v 39.723953 -25.800001 -3.021293
v 36.847759 -25.800001 -4.234629
v 39.720314 -25.800001 -3.149170
v 36.847759 -25.800001 -4.234629
v 36.879387 -25.800001 -4.315956
v 39.720314 -25.800001 -3.149170
v 39.720314 -25.800001 -3.149170
v 36.879387 -25.800001 -4.315956
v 36.907433 -25.800001 -4.398585
v 36.285576 -25.800001 -6.532085
v 36.217522 -25.800001 -6.586703
v 39.395535 -25.800001 -8.503468
v 36.217522 -25.800001 -6.586703
v 36.147152 -25.800001 -6.638300
v 39.395535 -25.800001 -8.503468
v 39.395535 -25.800001 -8.503468
v 36.147152 -25.800001 -6.638300
v 36.074596 -25.800001 -6.686779
v 38.713387 -25.800001 -0.754456
v 38.615845 -25.800001 -0.671686
v 36.285576 -25.800001 -3.467907
v 38.615845 -25.800001 -0.671686
v 38.514858 -25.800001 -0.593149
v 36.285576 -25.800001 -3.467907
v 36.285576 -25.800001 -3.467907
v 38.514858 -25.800001 -0.593149
v 36.217522 -25.800001 -3.413289
v 38.514858 -25.800001 -0.593149
v 38.410622 -25.800001 -0.518989
v 36.217522 -25.800001 -3.413289
v 36.217522 -25.800001 -3.413289
v 38.410622 -25.800001 -0.518989
v 38.303314 -25.800001 -0.449340
v 39.464077 -25.800001 -1.778471
v 36.586704 -25.800001 -3.782473
v 36.638306 -25.800001 -3.852843
v 36.998096 -25.800001 -5.087235
v 36.992390 -25.800001 -5.174307
v 39.720314 -25.800001 -3.149170
v 36.992390 -25.800001 -5.174307
v 36.982891 -25.800001 -5.261049
v 39.720314 -25.800001 -3.149170
v 39.720314 -25.800001 -3.149170
v 36.982891 -25.800001 -5.261049
v 39.395535 -25.800001 -8.503468
v 36.982891 -25.800001 -5.261049
v 36.969616 -25.800001 -5.347292
v 39.395535 -25.800001 -8.503468
v 39.395535 -25.800001 -8.503468
v 36.969616 -25.800001 -5.347292
v 36.952591 -25.800001 -5.432875
v 35.432880 -25.800001 -3.047404
v 35.517635 -25.800001 -3.068144
v 36.724026 -25.800001 0.000004
v 35.517635 -25.800001 -3.068144
v 35.601410 -25.800001 -3.092562
v 36.724026 -25.800001 0.000004
v 36.724026 -25.800001 0.000004
v 35.601410 -25.800001 -3.092562
v 36.851929 -25.800001 -0.002724
v 35.601410 -25.800001 -3.092562
v 35.684040 -25.800001 -3.120611
v 36.851929 -25.800001 -0.002724
v 36.851929 -25.800001 -0.002724
v 35.684040 -25.800001 -3.120611
v 36.979595 -25.800001 -0.010901
v 35.684040 -25.800001 -3.120611
v 35.765369 -25.800001 -3.152237
v 36.979595 -25.800001 -0.010901
v 35.845234 -25.800001 -3.187380
v 37.233299 -25.800001 -0.043538
v 35.765369 -25.800001 -3.152237
v 37.233299 -25.800001 -0.043538
v 37.106792 -25.800001 -0.024515
v 35.765369 -25.800001 -3.152237
v 35.765369 -25.800001 -3.152237
v 37.106792 -25.800001 -0.024515
v 36.979595 -25.800001 -0.010901
v 36.000000 -25.800001 -3.267945
v 37.606346 -25.800001 -0.132678
v 35.923496 -25.800001 -3.225974
v 37.606346 -25.800001 -0.132678
v 37.483303 -25.800001 -0.097669
v 35.923496 -25.800001 -3.225974
v 35.923496 -25.800001 -3.225974
v 37.483303 -25.800001 -0.097669
v 35.845234 -25.800001 -3.187380
v 37.483303 -25.800001 -0.097669
v 37.358875 -25.800001 -0.067938
v 35.845234 -25.800001 -3.187380
v 35.845234 -25.800001 -3.187380
v 37.358875 -25.800001 -0.067938
v 37.233299 -25.800001 -0.043538
v 38.080292 -25.800001 -0.324075
v 37.964973 -25.800001 -0.268687
v 36.074596 -25.800001 -3.313213
v 37.964973 -25.800001 -0.268687
v 37.847404 -25.800001 -0.218265
v 36.074596 -25.800001 -3.313213
v 36.074596 -25.800001 -3.313213
v 37.847404 -25.800001 -0.218265
v 36.000000 -25.800001 -3.267945
v 37.847404 -25.800001 -0.218265
v 37.727787 -25.800001 -0.172901
v 36.000000 -25.800001 -3.267945
v 36.000000 -25.800001 -3.267945
v 37.727787 -25.800001 -0.172901
v 37.606346 -25.800001 -0.132678
v 36.532089 -25.800001 -3.714421
v 39.216946 -25.800001 -1.331057
v 36.474556 -25.800001 -3.648816
v 39.216946 -25.800001 -1.331057
v 39.143528 -25.800001 -1.226294
v 36.474556 -25.800001 -3.648816
v 36.474556 -25.800001 -3.648816
v 39.143528 -25.800001 -1.226294
v 39.065708 -25.800001 -1.124756
v 39.464077 -25.800001 -1.778471
v 39.409512 -25.800001 -1.662765
v 36.586704 -25.800001 -3.782473
v 39.409512 -25.800001 -1.662765
v 39.350060 -25.800001 -1.549491
v 36.586704 -25.800001 -3.782473
v 36.586704 -25.800001 -3.782473
v 39.350060 -25.800001 -1.549491
v 36.532089 -25.800001 -3.714421
v 39.350060 -25.800001 -1.549491
v 39.285831 -25.800001 -1.438855
v 36.532089 -25.800001 -3.714421
v 36.532089 -25.800001 -3.714421
v 39.285831 -25.800001 -1.438855
v 39.216946 -25.800001 -1.331057
v 36.686783 -25.800001 -3.925397
v 39.558174 -25.800001 -2.016331
v 36.638306 -25.800001 -3.852843
v 39.558174 -25.800001 -2.016331
v 39.513664 -25.800001 -1.896398
v 36.638306 -25.800001 -3.852843
v 36.638306 -25.800001 -3.852843
v 39.513664 -25.800001 -1.896398
v 39.464077 -25.800001 -1.778471
v 39.702152 -25.800001 -2.638363
v 39.684029 -25.800001 -2.511726
v 36.774021 -25.800001 -4.076499
v 39.684029 -25.800001 -2.511726
v 39.660519 -25.800001 -2.385976
v 36.774021 -25.800001 -4.076499
v 36.774021 -25.800001 -4.076499
v 39.660519 -25.800001 -2.385976
v 36.732052 -25.800001 -3.999996
v 39.660519 -25.800001 -2.385976
v 39.631672 -25.800001 -2.261343
v 36.732052 -25.800001 -3.999996
v 36.732052 -25.800001 -3.999996
v 39.631672 -25.800001 -2.261343
v 36.686783 -25.800001 -3.925397
v 39.631672 -25.800001 -2.261343
v 39.597538 -25.800001 -2.138054
v 36.686783 -25.800001 -3.925397
v 36.686783 -25.800001 -3.925397
v 39.597538 -25.800001 -2.138054
v 39.558174 -25.800001 -2.016331
v 36.410130 -25.800005 -33.578976
v 36.401676 -25.800005 -33.450485
v 32.911129 -25.800005 -33.721874
v 36.401676 -25.800005 -33.450485
v 36.398746 -25.800005 -33.321747
v 32.911129 -25.800005 -33.721874
v 36.398746 -25.800005 -33.321747
v 36.401344 -25.800005 -33.193001
v 32.911129 -25.800005 -33.721874
v 32.911129 -25.800005 -33.721874
v 36.401344 -25.800005 -33.193001
v 36.409458 -25.800005 -33.064484
v 39.025665 -25.800005 -13.077107
v 32.911129 -25.800005 -21.103411
v 37.932365 -25.800005 -22.969084
v 32.911129 -25.800005 -21.103411
v 32.911129 -25.800005 -26.255503
v 37.932365 -25.800005 -22.969084
v 37.932365 -25.800005 -22.969084
v 32.911129 -25.800005 -26.255503
v 36.442200 -25.800005 -32.809093
v 32.911129 -25.800005 -26.255503
v 32.911129 -25.800005 -33.721874
v 36.442200 -25.800005 -32.809093
v 36.442200 -25.800005 -32.809093
v 32.911129 -25.800005 -33.721874
v 36.423088 -25.800005 -32.936440
v 32.911129 -25.800005 -33.721874
v 36.409458 -25.800005 -33.064484
v 36.423088 -25.800005 -32.936440
v 37.643200 -25.800005 -35.750557
v 37.540421 -25.800005 -35.672977
v 32.911129 -25.800009 -37.908497
v 36.728802 -25.800005 -34.685848
v 36.672558 -25.800005 -34.570011
v 32.911129 -25.800009 -37.908497
v 37.643200 -25.800005 -35.750557
v 32.911129 -25.800009 -37.908497
v 37.749214 -25.800005 -35.823650
v 32.911129 -25.800009 -37.908497
v 37.001812 -25.800005 -35.121933
v 36.926601 -25.800005 -35.017406
v 36.498695 -25.800005 -34.085789
v 36.468414 -25.800005 -33.960629
v 32.911129 -25.800005 -33.721874
v 37.540421 -25.800005 -35.672977
v 37.441063 -25.800005 -35.591061
v 32.911129 -25.800009 -37.908497
v 37.441063 -25.800005 -35.591061
v 37.345318 -25.800005 -35.504955
v 32.911129 -25.800009 -37.908497
v 32.911129 -25.800009 -37.908497
v 37.345318 -25.800005 -35.504955
v 37.253349 -25.800005 -35.414818
v 36.926601 -25.800005 -35.017406
v 36.855942 -25.800005 -34.909756
v 32.911129 -25.800009 -37.908497
v 36.855942 -25.800005 -34.909756
v 36.789974 -25.800005 -34.799168
v 32.911129 -25.800009 -37.908497
v 32.911129 -25.800009 -37.908497
v 36.789974 -25.800005 -34.799168
v 36.728802 -25.800005 -34.685848
v 36.672558 -25.800005 -34.570011
v 36.621334 -25.800005 -34.451870
v 32.911129 -25.800009 -37.908497
v 36.621334 -25.800005 -34.451870
v 36.575230 -25.800005 -34.331635
v 32.911129 -25.800009 -37.908497
v 32.911129 -25.800009 -37.908497
v 36.575230 -25.800005 -34.331635
v 32.911129 -25.800005 -33.721874
v 36.575230 -25.800005 -34.331635
v 36.534325 -25.800005 -34.209530
v 32.911129 -25.800005 -33.721874
v 32.911129 -25.800005 -33.721874
v 36.534325 -25.800005 -34.209530
v 36.498695 -25.800005 -34.085789
v 36.468414 -25.800005 -33.960629
v 36.443527 -25.800005 -33.834286
v 32.911129 -25.800005 -33.721874
v 36.443527 -25.800005 -33.834286
v 36.424088 -25.800005 -33.706989
v 32.911129 -25.800005 -33.721874
v 32.911129 -25.800005 -33.721874
v 36.424088 -25.800005 -33.706989
v 36.410130 -25.800005 -33.578976
v 37.253349 -25.800005 -35.414818
v 37.165340 -25.800005 -35.320824
v 32.911129 -25.800009 -37.908497
v 37.165340 -25.800005 -35.320824
v 37.081440 -25.800005 -35.223133
v 32.911129 -25.800009 -37.908497
v 32.911129 -25.800009 -37.908497
v 37.081440 -25.800005 -35.223133
v 37.001812 -25.800005 -35.121933
v 38.266174 -25.800005 -36.214218
v 38.099537 -25.800005 -36.076618
v 32.911129 -25.800009 -37.908497
v 38.099537 -25.800005 -36.076618
v 37.927109 -25.800005 -35.946350
v 32.911129 -25.800009 -37.908497
v 32.911129 -25.800009 -37.908497
v 37.927109 -25.800005 -35.946350
v 37.749214 -25.800005 -35.823650
v 39.458008 -25.800005 -37.735886
v 39.356007 -25.800005 -37.545364
v 32.911129 -25.800009 -37.908497
v 39.356007 -25.800005 -37.545364
v 39.245872 -25.800005 -37.359432
v 32.911129 -25.800009 -37.908497
v 32.911129 -25.800009 -37.908497
v 39.245872 -25.800005 -37.359432
v 39.127804 -25.800005 -37.178429
v 39.127804 -25.800005 -37.178429
v 39.002026 -25.800005 -37.002697
v 32.911129 -25.800009 -37.908497
v 39.002026 -25.800005 -37.002697
v 38.868774 -25.800005 -36.832565
v 32.911129 -25.800009 -37.908497
v 32.911129 -25.800009 -37.908497
v 38.868774 -25.800005 -36.832565
v 38.728294 -25.800005 -36.668354
v 38.728294 -25.800005 -36.668354
v 38.580845 -25.800005 -36.510361
v 32.911129 -25.800009 -37.908497
v 38.580845 -25.800005 -36.510361
v 38.426712 -25.800005 -36.358891
v 32.911129 -25.800009 -37.908497
v 32.911129 -25.800009 -37.908497
v 38.426712 -25.800005 -36.358891
v 38.266174 -25.800005 -36.214218
v 32.911129 -25.800009 -43.047661
v 34.567120 -25.800009 -41.952583
v 34.482365 -25.800009 -41.931847
v 34.482365 -25.800009 -41.931847
v 34.398590 -25.800009 -41.907425
v 32.911129 -25.800009 -43.047661
v 34.398590 -25.800009 -41.907425
v 34.315960 -25.800009 -41.879379
v 32.911129 -25.800009 -43.047661
v 32.911129 -25.800009 -43.047661
v 34.315960 -25.800009 -41.879379
v 34.234631 -25.800009 -41.847752
v 32.911129 -25.800009 -37.908497
v 33.467911 -25.800009 -38.714417
v 33.525444 -25.800009 -38.648815
v 35.000000 -25.800009 -41.999992
v 34.912762 -25.800009 -41.998089
v 32.911129 -25.800009 -43.047661
v 34.912762 -25.800009 -41.998089
v 34.825691 -25.800009 -41.992382
v 32.911129 -25.800009 -43.047661
v 33.092567 -25.800009 -39.398582
v 32.911129 -25.800009 -37.908497
v 33.068146 -25.800009 -39.482353
v 32.911129 -25.800009 -37.908497
v 33.047409 -25.800009 -39.567112
v 33.068146 -25.800009 -39.482353
v 33.525444 -25.800009 -38.648815
v 33.585785 -25.800009 -38.585777
v 32.911129 -25.800009 -37.908497
v 33.585785 -25.800009 -38.585777
v 33.648819 -25.800009 -38.525436
v 32.911129 -25.800009 -37.908497
v 32.911129 -25.800009 -37.908497
v 33.648819 -25.800009 -38.525436
v 33.714424 -25.800009 -38.467903
v 35.517635 -25.800009 -41.931847
v 35.432880 -25.800009 -41.952583
v 38.833435 -25.800009 -43.210098
v 35.432880 -25.800009 -41.952583
v 35.347298 -25.800009 -41.969608
v 38.833435 -25.800009 -43.210098
v 34.825691 -25.800009 -41.992382
v 34.738945 -25.800009 -41.982880
v 32.911129 -25.800009 -43.047661
v 34.738945 -25.800009 -41.982880
v 34.652702 -25.800009 -41.969608
v 32.911129 -25.800009 -43.047661
v 32.911129 -25.800009 -43.047661
v 34.652702 -25.800009 -41.969608
v 34.567120 -25.800009 -41.952583
v 34.234631 -25.800009 -41.847752
v 34.154766 -25.800009 -41.812611
v 32.911129 -25.800009 -43.047661
v 34.154766 -25.800009 -41.812611
v 34.076504 -25.800009 -41.774017
v 32.911129 -25.800009 -43.047661
v 32.911129 -25.800009 -43.047661
v 34.076504 -25.800009 -41.774017
v 34.000000 -25.800009 -41.732044
v 33.092567 -25.800009 -39.398582
v 33.120613 -25.800009 -39.315952
v 32.911129 -25.800009 -37.908497
v 33.120613 -25.800009 -39.315952
v 33.152241 -25.800009 -39.234627
v 32.911129 -25.800009 -37.908497
v 32.911129 -25.800009 -37.908497
v 33.152241 -25.800009 -39.234627
v 33.187386 -25.800009 -39.154758
v 33.187386 -25.800009 -39.154758
v 33.225979 -25.800009 -39.076496
v 32.911129 -25.800009 -37.908497
v 33.225979 -25.800009 -39.076496
v 33.267948 -25.800009 -38.999992
v 32.911129 -25.800009 -37.908497
v 32.911129 -25.800009 -37.908497
v 33.267948 -25.800009 -38.999992
v 33.313217 -25.800009 -38.925396
v 33.313217 -25.800009 -38.925396
v 33.361694 -25.800009 -38.852840
v 32.911129 -25.800009 -37.908497
v 33.361694 -25.800009 -38.852840
v 33.413296 -25.800009 -38.782471
v 32.911129 -25.800009 -37.908497
v 32.911129 -25.800009 -37.908497
v 33.413296 -25.800009 -38.782471
v 33.467911 -25.800009 -38.714417
v 33.714424 -25.800009 -38.467903
v 33.782478 -25.800009 -38.413284
v 32.911129 -25.800009 -37.908497
v 33.782478 -25.800009 -38.413284
v 33.852844 -25.800009 -38.361687
v 32.911129 -25.800009 -37.908497
v 32.911129 -25.800009 -37.908497
v 33.852844 -25.800009 -38.361687
v 33.925400 -25.800009 -38.313210
v 34.000000 -25.800009 -41.732044
v 33.925400 -25.800009 -41.686775
v 32.911129 -25.800009 -43.047661
v 33.925400 -25.800009 -41.686775
v 33.852844 -25.800009 -41.638294
v 32.911129 -25.800009 -43.047661
v 32.911129 -25.800009 -43.047661
v 33.852844 -25.800009 -41.638294
v 33.782478 -25.800009 -41.586700
v 33.120613 -25.800009 -40.684032
v 33.092567 -25.800009 -40.601402
v 32.911129 -25.800009 -43.047661
v 33.092567 -25.800009 -40.601402
v 33.068146 -25.800009 -40.517632
v 32.911129 -25.800009 -43.047661
v 32.911129 -25.800009 -43.047661
v 33.068146 -25.800009 -40.517632
v 33.047409 -25.800009 -40.432869
v 33.047409 -25.800009 -40.432869
v 33.030384 -25.800009 -40.347290
v 32.911129 -25.800009 -43.047661
v 33.030384 -25.800009 -40.347290
v 33.017109 -25.800009 -40.261044
v 32.911129 -25.800009 -43.047661
v 32.911129 -25.800009 -43.047661
v 33.017109 -25.800009 -40.261044
v 33.007610 -25.800009 -40.174305
v 33.007610 -25.800009 -40.174305
v 33.001904 -25.800009 -40.087231
v 32.911129 -25.800009 -43.047661
v 33.001904 -25.800009 -40.087231
v 33.000000 -25.800009 -39.999992
v 32.911129 -25.800009 -43.047661
v 32.911129 -25.800009 -43.047661
v 33.000000 -25.800009 -39.999992
v 32.911129 -25.800009 -37.908497
v 33.000000 -25.800009 -39.999992
v 33.001904 -25.800009 -39.912754
v 32.911129 -25.800009 -37.908497
v 32.911129 -25.800009 -37.908497
v 33.001904 -25.800009 -39.912754
v 33.007610 -25.800009 -39.825680
v 39.458008 -25.800005 -37.735886
v 36.217522 -25.800009 -38.413284
v 36.285576 -25.800009 -38.467903
v 39.458008 -25.800005 -37.735886
v 36.638306 -25.800009 -38.852840
v 36.686783 -25.800009 -38.925396
v 35.347298 -25.800009 -41.969608
v 35.261055 -25.800009 -41.982880
v 38.833435 -25.800009 -43.210098
v 35.261055 -25.800009 -41.982880
v 35.174309 -25.800009 -41.992382
v 38.833435 -25.800009 -43.210098
v 38.833435 -25.800009 -43.210098
v 35.174309 -25.800009 -41.992382
v 32.911129 -25.800009 -43.047661
v 35.174309 -25.800009 -41.992382
v 35.087238 -25.800009 -41.998089
v 32.911129 -25.800009 -43.047661
v 32.911129 -25.800009 -43.047661
v 35.087238 -25.800009 -41.998089
v 35.000000 -25.800009 -41.999992
v 33.782478 -25.800009 -41.586700
v 33.714424 -25.800009 -41.532082
v 32.911129 -25.800009 -43.047661
v 33.714424 -25.800009 -41.532082
v 33.648819 -25.800009 -41.474548
v 32.911129 -25.800009 -43.047661
v 32.911129 -25.800009 -43.047661
v 33.648819 -25.800009 -41.474548
v 33.585785 -25.800009 -41.414204
v 33.007610 -25.800009 -39.825680
v 33.017109 -25.800009 -39.738941
v 32.911129 -25.800009 -37.908497
v 33.017109 -25.800009 -39.738941
v 33.030384 -25.800009 -39.652699
v 32.911129 -25.800009 -37.908497
v 32.911129 -25.800009 -37.908497
v 33.030384 -25.800009 -39.652699
v 33.047409 -25.800009 -39.567112
v 34.154766 -25.800009 -38.187378
v 34.234631 -25.800009 -38.152233
v 32.911129 -25.800009 -37.908497
v 34.234631 -25.800009 -38.152233
v 34.315960 -25.800009 -38.120609
v 32.911129 -25.800009 -37.908497
v 34.315960 -25.800009 -38.120609
v 34.398590 -25.800009 -38.092556
v 32.911129 -25.800009 -37.908497
v 34.398590 -25.800009 -38.092556
v 34.482365 -25.800009 -38.068142
v 32.911129 -25.800009 -37.908497
v 32.911129 -25.800009 -37.908497
v 34.482365 -25.800009 -38.068142
v 34.567120 -25.800009 -38.047398
v 36.285576 -25.800009 -38.467903
v 36.351181 -25.800009 -38.525436
v 39.458008 -25.800005 -37.735886
v 36.351181 -25.800009 -38.525436
v 36.414215 -25.800009 -38.585777
v 39.458008 -25.800005 -37.735886
v 39.458008 -25.800005 -37.735886
v 36.414215 -25.800009 -38.585777
v 36.474556 -25.800009 -38.648815
v 36.474556 -25.800009 -38.648815
v 36.532089 -25.800009 -38.714417
v 39.458008 -25.800005 -37.735886
v 36.532089 -25.800009 -38.714417
v 36.586704 -25.800009 -38.782471
v 39.458008 -25.800005 -37.735886
v 39.458008 -25.800005 -37.735886
v 36.586704 -25.800009 -38.782471
v 36.638306 -25.800009 -38.852840
v 38.833435 -25.800009 -43.210098
v 36.474556 -25.800009 -41.351173
v 36.414215 -25.800009 -41.414204
v 35.765369 -25.800009 -41.847752
v 35.684040 -25.800009 -41.879379
v 38.833435 -25.800009 -43.210098
v 35.684040 -25.800009 -41.879379
v 35.601410 -25.800009 -41.907425
v 38.833435 -25.800009 -43.210098
v 38.833435 -25.800009 -43.210098
v 35.601410 -25.800009 -41.907425
v 35.517635 -25.800009 -41.931847
v 32.911129 -25.800009 -43.047661
v 33.267948 -25.800009 -40.999992
v 33.225979 -25.800009 -40.923492
v 33.925400 -25.800009 -38.313210
v 34.000000 -25.800009 -38.267941
v 32.911129 -25.800009 -37.908497
v 34.000000 -25.800009 -38.267941
v 34.076504 -25.800009 -38.225971
v 32.911129 -25.800009 -37.908497
v 32.911129 -25.800009 -37.908497
v 34.076504 -25.800009 -38.225971
v 34.154766 -25.800009 -38.187378
v 39.458008 -25.800005 -37.735886
v 35.432880 -25.800009 -38.047398
v 35.517635 -25.800009 -38.068142
v 35.517635 -25.800009 -38.068142
v 35.601410 -25.800009 -38.092556
v 39.458008 -25.800005 -37.735886
v 35.601410 -25.800009 -38.092556
v 35.684040 -25.800009 -38.120609
v 39.458008 -25.800005 -37.735886
v 39.458008 -25.800005 -37.735886
v 35.684040 -25.800009 -38.120609
v 35.765369 -25.800009 -38.152233
v 36.414215 -25.800009 -41.414204
v 36.351181 -25.800009 -41.474548
v 38.833435 -25.800009 -43.210098
v 36.351181 -25.800009 -41.474548
v 36.285576 -25.800009 -41.532082
v 38.833435 -25.800009 -43.210098
v 38.833435 -25.800009 -43.210098
v 36.285576 -25.800009 -41.532082
v 36.217522 -25.800009 -41.586700
v 36.217522 -25.800009 -41.586700
v 36.147152 -25.800009 -41.638294
v 38.833435 -25.800009 -43.210098
v 36.147152 -25.800009 -41.638294
v 36.074596 -25.800009 -41.686775
v 38.833435 -25.800009 -43.210098
v 38.833435 -25.800009 -43.210098
v 36.074596 -25.800009 -41.686775
v 36.000000 -25.800009 -41.732044
v 33.585785 -25.800009 -41.414204
v 33.525444 -25.800009 -41.351173
v 32.911129 -25.800009 -43.047661
v 33.525444 -25.800009 -41.351173
v 33.467911 -25.800009 -41.285568
v 32.911129 -25.800009 -43.047661
v 32.911129 -25.800009 -43.047661
v 33.467911 -25.800009 -41.285568
v 33.413296 -25.800009 -41.217518
v 33.413296 -25.800009 -41.217518
v 33.361694 -25.800009 -41.147144
v 32.911129 -25.800009 -43.047661
v 33.361694 -25.800009 -41.147144
v 33.313217 -25.800009 -41.074593
v 32.911129 -25.800009 -43.047661
v 32.911129 -25.800009 -43.047661
v 33.313217 -25.800009 -41.074593
v 33.267948 -25.800009 -40.999992
v 33.225979 -25.800009 -40.923492
v 33.187386 -25.800009 -40.845230
v 32.911129 -25.800009 -43.047661
v 33.187386 -25.800009 -40.845230
v 33.152241 -25.800009 -40.765358
v 32.911129 -25.800009 -43.047661
v 32.911129 -25.800009 -43.047661
v 33.152241 -25.800009 -40.765358
v 33.120613 -25.800009 -40.684032
v 34.567120 -25.800009 -38.047398
v 34.652702 -25.800009 -38.030380
v 32.911129 -25.800009 -37.908497
v 34.652702 -25.800009 -38.030380
v 34.738945 -25.800009 -38.017101
v 32.911129 -25.800009 -37.908497
v 32.911129 -25.800009 -37.908497
v 34.738945 -25.800009 -38.017101
v 34.825691 -25.800009 -38.007603
v 35.174309 -25.800009 -38.007603
v 35.261055 -25.800009 -38.017101
v 39.458008 -25.800005 -37.735886
v 35.261055 -25.800009 -38.017101
v 35.347298 -25.800009 -38.030380
v 39.458008 -25.800005 -37.735886
v 39.458008 -25.800005 -37.735886
v 35.347298 -25.800009 -38.030380
v 35.432880 -25.800009 -38.047398
v 35.765369 -25.800009 -38.152233
v 35.845234 -25.800009 -38.187378
v 39.458008 -25.800005 -37.735886
v 35.845234 -25.800009 -38.187378
v 35.923496 -25.800009 -38.225971
v 39.458008 -25.800005 -37.735886
v 39.458008 -25.800005 -37.735886
v 35.923496 -25.800009 -38.225971
v 36.000000 -25.800009 -38.267941
v 36.686783 -25.800009 -38.925396
v 36.732052 -25.800009 -38.999992
v 39.458008 -25.800005 -37.735886
v 36.732052 -25.800009 -38.999992
v 36.774021 -25.800009 -39.076496
v 39.458008 -25.800005 -37.735886
v 39.458008 -25.800005 -37.735886
v 36.774021 -25.800009 -39.076496
v 39.551674 -25.800009 -37.930634
v 36.774021 -25.800009 -39.076496
v 36.812614 -25.800009 -39.154758
v 39.551674 -25.800009 -37.930634
v 39.551674 -25.800009 -37.930634
v 36.812614 -25.800009 -39.154758
v 39.636845 -25.800009 -38.129246
v 36.812614 -25.800009 -39.154758
v 36.847759 -25.800009 -39.234627
v 39.636845 -25.800009 -38.129246
v 39.636845 -25.800009 -38.129246
v 36.847759 -25.800009 -39.234627
v 39.713348 -25.800009 -38.331360
v 36.847759 -25.800009 -39.234627
v 36.879387 -25.800009 -39.315952
v 39.713348 -25.800009 -38.331360
v 39.713348 -25.800009 -38.331360
v 36.879387 -25.800009 -39.315952
v 39.781048 -25.800009 -38.536587
v 36.879387 -25.800009 -39.315952
v 36.907433 -25.800009 -39.398582
v 39.781048 -25.800009 -38.536587
v 39.781048 -25.800009 -38.536587
v 36.907433 -25.800009 -39.398582
v 39.839821 -25.800009 -38.744545
v 36.907433 -25.800009 -39.398582
v 36.931850 -25.800009 -39.482353
v 39.839821 -25.800009 -38.744545
v 39.839821 -25.800009 -38.744545
v 36.931850 -25.800009 -39.482353
v 39.889549 -25.800009 -38.954853
v 36.931850 -25.800009 -39.482353
v 36.952591 -25.800009 -39.567112
v 39.889549 -25.800009 -38.954853
v 39.889549 -25.800009 -38.954853
v 36.952591 -25.800009 -39.567112
v 39.930141 -25.800009 -39.167110
v 36.952591 -25.800009 -39.567112
v 36.969616 -25.800009 -39.652699
v 39.930141 -25.800009 -39.167110
v 39.930141 -25.800009 -39.167110
v 36.969616 -25.800009 -39.652699
v 39.961529 -25.800009 -39.380928
v 36.969616 -25.800009 -39.652699
v 36.982891 -25.800009 -39.738941
v 39.961529 -25.800009 -39.380928
v 39.961529 -25.800009 -39.380928
v 36.982891 -25.800009 -39.738941
v 39.983646 -25.800009 -39.595894
v 36.982891 -25.800009 -39.738941
v 36.992390 -25.800009 -39.825680
v 39.983646 -25.800009 -39.595894
v 39.983646 -25.800009 -39.595894
v 36.992390 -25.800009 -39.825680
v 39.996449 -25.800009 -39.811623
v 36.992390 -25.800009 -39.825680
v 36.998096 -25.800009 -39.912754
v 39.996449 -25.800009 -39.811623
v 39.996449 -25.800009 -39.811623
v 36.998096 -25.800009 -39.912754
v 39.999924 -25.800009 -40.027695
v 36.998096 -25.800009 -39.912754
v 37.000000 -25.800009 -39.999992
v 39.999924 -25.800009 -40.027695
v 39.999924 -25.800009 -40.027695
v 37.000000 -25.800009 -39.999992
v 39.994057 -25.800009 -40.243721
v 37.000000 -25.800009 -39.999992
v 36.998096 -25.800009 -40.087231
v 39.994057 -25.800009 -40.243721
v 39.994057 -25.800009 -40.243721
v 36.998096 -25.800009 -40.087231
v 39.978859 -25.800009 -40.459293
v 36.998096 -25.800009 -40.087231
v 36.992390 -25.800009 -40.174305
v 39.978859 -25.800009 -40.459293
v 39.978859 -25.800009 -40.459293
v 36.992390 -25.800009 -40.174305
v 39.954361 -25.800009 -40.674004
v 36.992390 -25.800009 -40.174305
v 36.982891 -25.800009 -40.261044
v 39.954361 -25.800009 -40.674004
v 39.954361 -25.800009 -40.674004
v 36.982891 -25.800009 -40.261044
v 39.920609 -25.800009 -40.887459
v 36.982891 -25.800009 -40.261044
v 36.969616 -25.800009 -40.347290
v 39.920609 -25.800009 -40.887459
v 39.920609 -25.800009 -40.887459
v 36.969616 -25.800009 -40.347290
v 39.877663 -25.800009 -41.099255
v 36.969616 -25.800009 -40.347290
v 36.952591 -25.800009 -40.432869
v 39.877663 -25.800009 -41.099255
v 39.877663 -25.800009 -41.099255
v 36.952591 -25.800009 -40.432869
v 39.825611 -25.800009 -41.308994
v 36.952591 -25.800009 -40.432869
v 36.931850 -25.800009 -40.517632
v 39.825611 -25.800009 -41.308994
v 39.825611 -25.800009 -41.308994
v 36.931850 -25.800009 -40.517632
v 39.764538 -25.800009 -41.516293
v 36.931850 -25.800009 -40.517632
v 36.907433 -25.800009 -40.601402
v 39.764538 -25.800009 -41.516293
v 39.764538 -25.800009 -41.516293
v 36.907433 -25.800009 -40.601402
v 39.694569 -25.800009 -41.720757
v 36.907433 -25.800009 -40.601402
v 36.879387 -25.800009 -40.684032
v 39.694569 -25.800009 -41.720757
v 39.694569 -25.800009 -41.720757
v 36.879387 -25.800009 -40.684032
v 39.615829 -25.800009 -41.922005
v 36.879387 -25.800009 -40.684032
v 36.847759 -25.800009 -40.765358
v 39.615829 -25.800009 -41.922005
v 39.615829 -25.800009 -41.922005
v 36.847759 -25.800009 -40.765358
v 39.528461 -25.800009 -42.119667
v 36.847759 -25.800009 -40.765358
v 36.812614 -25.800009 -40.845230
v 39.528461 -25.800009 -42.119667
v 39.528461 -25.800009 -42.119667
v 36.812614 -25.800009 -40.845230
v 39.432640 -25.800009 -42.313362
v 36.812614 -25.800009 -40.845230
v 36.774021 -25.800009 -40.923492
v 39.432640 -25.800009 -42.313362
v 39.432640 -25.800009 -42.313362
v 36.774021 -25.800009 -40.923492
v 39.328537 -25.800009 -42.502743
v 36.774021 -25.800009 -40.923492
v 36.732052 -25.800009 -40.999992
v 39.328537 -25.800009 -42.502743
v 39.328537 -25.800009 -42.502743
v 36.732052 -25.800009 -40.999992
v 39.216347 -25.800009 -42.687447
v 36.732052 -25.800009 -40.999992
v 36.686783 -25.800009 -41.074593
v 39.216347 -25.800009 -42.687447
v 39.216347 -25.800009 -42.687447
v 36.686783 -25.800009 -41.074593
v 39.096283 -25.800009 -42.867126
v 36.686783 -25.800009 -41.074593
v 36.638306 -25.800009 -41.147144
v 39.096283 -25.800009 -42.867126
v 39.096283 -25.800009 -42.867126
v 36.638306 -25.800009 -41.147144
v 38.968567 -25.800009 -43.041454
v 36.638306 -25.800009 -41.147144
v 36.586704 -25.800009 -41.217518
v 38.968567 -25.800009 -43.041454
v 38.968567 -25.800009 -43.041454
v 36.586704 -25.800009 -41.217518
v 38.833435 -25.800009 -43.210098
v 36.586704 -25.800009 -41.217518
v 36.532089 -25.800009 -41.285568
v 38.833435 -25.800009 -43.210098
v 38.833435 -25.800009 -43.210098
v 36.532089 -25.800009 -41.285568
v 36.474556 -25.800009 -41.351173
v 36.000000 -25.800009 -41.732044
v 35.923496 -25.800009 -41.774017
v 38.833435 -25.800009 -43.210098
v 35.923496 -25.800009 -41.774017
v 35.845234 -25.800009 -41.812611
v 38.833435 -25.800009 -43.210098
v 38.833435 -25.800009 -43.210098
v 35.845234 -25.800009 -41.812611
v 35.765369 -25.800009 -41.847752
v 34.825691 -25.800009 -38.007603
v 34.912762 -25.800009 -38.001896
v 32.911129 -25.800009 -37.908497
v 34.912762 -25.800009 -38.001896
v 35.000000 -25.800009 -37.999992
v 32.911129 -25.800009 -37.908497
v 32.911129 -25.800009 -37.908497
v 35.000000 -25.800009 -37.999992
v 39.458008 -25.800005 -37.735886
v 35.000000 -25.800009 -37.999992
v 35.087238 -25.800009 -38.001896
v 39.458008 -25.800005 -37.735886
v 39.458008 -25.800005 -37.735886
v 35.087238 -25.800009 -38.001896
v 35.174309 -25.800009 -38.007603
v 36.000000 -25.800009 -38.267941
v 36.074596 -25.800009 -38.313210
v 39.458008 -25.800005 -37.735886
v 36.074596 -25.800009 -38.313210
v 36.147152 -25.800009 -38.361687
v 39.458008 -25.800005 -37.735886
v 39.458008 -25.800005 -37.735886
v 36.147152 -25.800009 -38.361687
v 36.217522 -25.800009 -38.413284
v 38.224018 -25.800009 -43.821728
v 38.386150 -25.800009 -43.678848
v 32.911129 -25.800009 -43.047661
v 32.911129 -25.800009 -43.047661
v 36.938782 -25.800009 -44.608803
v 37.136124 -25.800009 -44.520721
v 38.386150 -25.800009 -43.678848
v 38.541954 -25.800009 -43.529095
v 32.911129 -25.800009 -43.047661
v 38.541954 -25.800009 -43.529095
v 38.691139 -25.800009 -43.372746
v 32.911129 -25.800009 -43.047661
v 32.911129 -25.800009 -43.047661
v 38.691139 -25.800009 -43.372746
v 38.833435 -25.800009 -43.210098
v 37.136124 -25.800009 -44.520721
v 37.329472 -25.800009 -44.424194
v 32.911129 -25.800009 -43.047661
v 37.329472 -25.800009 -44.424194
v 37.518471 -25.800009 -44.319401
v 32.911129 -25.800009 -43.047661
v 32.911129 -25.800009 -43.047661
v 37.518471 -25.800009 -44.319401
v 37.702763 -25.800009 -44.206543
v 37.702763 -25.800009 -44.206543
v 37.882008 -25.800009 -44.085827
v 32.911129 -25.800009 -43.047661
v 37.882008 -25.800009 -44.085827
v 38.055866 -25.800009 -43.957474
v 32.911129 -25.800009 -43.047661
v 32.911129 -25.800009 -43.047661
v 38.055866 -25.800009 -43.957474
v 38.224018 -25.800009 -43.821728
v 36.326538 -25.800009 -44.820812
v 36.533611 -25.800009 -44.758987
v 32.911129 -25.800009 -43.047661
v 36.533611 -25.800009 -44.758987
v 36.737820 -25.800009 -44.688274
v 32.911129 -25.800009 -43.047661
v 32.911129 -25.800009 -43.047661
v 36.737820 -25.800009 -44.688274
v 36.938782 -25.800009 -44.608803
v 33.860416 -25.800009 -46.350685
v 32.911129 -25.800009 -44.918308
v 33.797695 -25.800009 -46.463146
v 32.911129 -25.800009 -44.918308
v 33.739861 -25.800009 -46.578197
v 33.797695 -25.800009 -46.463146
v 35.530941 -25.800009 -45.011539
v 35.654354 -25.800009 -44.974789
v 32.911129 -25.800009 -44.918308
v 35.654354 -25.800009 -44.974789
v 35.779236 -25.800009 -44.943375
v 32.911129 -25.800009 -44.918308
v 35.779236 -25.800009 -44.943375
v 35.905350 -25.800009 -44.917343
v 32.911129 -25.800009 -44.918308
v 32.911129 -25.800009 -44.918308
v 35.905350 -25.800009 -44.917343
v 32.911129 -25.800009 -43.047661
v 35.905350 -25.800009 -44.917343
v 36.116989 -25.800009 -44.873627
v 32.911129 -25.800009 -43.047661
v 32.911129 -25.800009 -43.047661
v 36.116989 -25.800009 -44.873627
v 36.326538 -25.800009 -44.820812
v 32.949188 -25.800009 -49.602551
v 33.527351 -25.800009 -47.184715
v 32.911129 -25.800009 -44.918308
v 33.527351 -25.800009 -47.184715
v 33.559353 -25.800009 -47.059986
v 32.911129 -25.800009 -44.918308
v 32.911129 -25.800009 -44.918308
v 33.559353 -25.800009 -47.059986
v 33.596680 -25.800009 -46.936745
v 33.860416 -25.800009 -46.350685
v 33.927902 -25.800009 -46.241013
v 32.911129 -25.800009 -44.918308
v 33.927902 -25.800009 -46.241013
v 34.000034 -25.800009 -46.134342
v 32.911129 -25.800009 -44.918308
v 32.911129 -25.800009 -44.918308
v 34.000034 -25.800009 -46.134342
v 34.076675 -25.800009 -46.030861
v 33.596680 -25.800009 -46.936745
v 33.639259 -25.800009 -46.815216
v 32.911129 -25.800009 -44.918308
v 33.639259 -25.800009 -46.815216
v 33.687016 -25.800009 -46.695625
v 32.911129 -25.800009 -44.918308
v 32.911129 -25.800009 -44.918308
v 33.687016 -25.800009 -46.695625
v 33.739861 -25.800009 -46.578197
v 34.076675 -25.800009 -46.030861
v 34.157688 -25.800009 -45.930767
v 32.911129 -25.800009 -44.918308
v 34.157688 -25.800009 -45.930767
v 34.242924 -25.800009 -45.834244
v 32.911129 -25.800009 -44.918308
v 32.911129 -25.800009 -44.918308
v 34.242924 -25.800009 -45.834244
v 34.332218 -25.800009 -45.741463
v 34.943649 -25.800009 -45.272522
v 35.056404 -25.800009 -45.210327
v 32.911129 -25.800009 -44.918308
v 35.056404 -25.800009 -45.210327
v 35.171730 -25.800009 -45.153034
v 32.911129 -25.800009 -44.918308
v 35.171730 -25.800009 -45.153034
v 35.289402 -25.800009 -45.100742
v 32.911129 -25.800009 -44.918308
v 35.289402 -25.800009 -45.100742
v 35.409214 -25.800009 -45.053547
v 32.911129 -25.800009 -44.918308
v 32.911129 -25.800009 -44.918308
v 35.409214 -25.800009 -45.053547
v 35.530941 -25.800009 -45.011539
v 34.332218 -25.800009 -45.741463
v 34.425419 -25.800009 -45.652603
v 32.911129 -25.800009 -44.918308
v 34.425419 -25.800009 -45.652603
v 34.522343 -25.800009 -45.567822
v 32.911129 -25.800009 -44.918308
v 32.911129 -25.800009 -44.918308
v 34.522343 -25.800009 -45.567822
v 34.622814 -25.800009 -45.487282
v 34.622814 -25.800009 -45.487282
v 34.726654 -25.800009 -45.411121
v 32.911129 -25.800009 -44.918308
v 34.726654 -25.800009 -45.411121
v 34.833664 -25.800009 -45.339493
v 32.911129 -25.800009 -44.918308
v 32.911129 -25.800009 -44.918308
v 34.833664 -25.800009 -45.339493
v 34.943649 -25.800009 -45.272522
v 27.182903 -25.800013 -67.255699
v 28.003836 -25.800013 -67.038681
v 27.182903 -25.800009 -50.920647
v 28.003836 -25.800013 -67.038681
v 30.972363 -25.800009 -57.169220
v 27.182903 -25.800009 -50.920647
v 25.644754 -25.800013 -70.937248
v 26.700487 -25.800013 -70.954140
v 25.644754 -25.800013 -67.255699
v 26.700487 -25.800013 -70.954140
v 27.220219 -25.800013 -69.418762
v 25.644754 -25.800013 -67.255699
v 25.644754 -25.800013 -67.255699
v 27.220219 -25.800013 -69.418762
v 27.182903 -25.800013 -67.255699
v 27.220219 -25.800013 -69.418762
v 27.932993 -25.800013 -67.257233
v 27.182903 -25.800013 -67.255699
v 27.182903 -25.800013 -67.255699
v 27.932993 -25.800013 -67.257233
v 28.003836 -25.800013 -67.038681
v 19.171513 -25.800013 -78.025391
v 23.807467 -25.800013 -78.957275
v 20.868191 -25.800013 -72.797913
v 23.807467 -25.800013 -78.957275
v 24.626919 -25.800013 -76.775970
v 20.868191 -25.800013 -72.797913
v 20.868191 -25.800013 -72.797913
v 24.626919 -25.800013 -76.775970
v 25.644754 -25.800013 -70.937248
v 24.626919 -25.800013 -76.775970
v 25.687456 -25.800013 -73.855865
v 25.644754 -25.800013 -70.937248
v 25.644754 -25.800013 -70.937248
v 25.687456 -25.800013 -73.855865
v 26.700487 -25.800013 -70.954140
v 0.000000 -25.800016 -101.423584
v 1.800000 -25.800016 -100.212257
v 0.000000 -25.800013 -87.635147
v 1.800000 -25.800016 -100.212257
v 1.800000 -25.800016 -90.126244
v 0.000000 -25.800013 -87.635147
v 10.108701 -25.800016 -101.654388
v 10.662220 -25.800016 -100.370033
v 1.800000 -25.800016 -90.126244
v 10.662220 -25.800016 -100.370033
v 1.800000 -25.800013 -88.073891
v 1.800000 -25.800016 -90.126244
v 1.800000 -25.800016 -90.126244
v 1.800000 -25.800013 -88.073891
v 0.000000 -25.800013 -87.635147
v 20.847471 -25.800013 -86.364189
v 16.223970 -25.800013 -86.403404
v 16.672047 -25.800016 -95.786720
v 16.223970 -25.800013 -86.403404
v 13.866414 -25.800016 -92.579681
v 16.672047 -25.800016 -95.786720
v 13.360944 -25.800016 -93.851807
v 10.662220 -25.800016 -100.370033
v 12.107889 -25.800016 -105.027214
v 10.662220 -25.800016 -100.370033
v 10.108701 -25.800016 -101.654388
v 12.107889 -25.800016 -105.027214
v 12.107889 -25.800016 -105.027214
v 10.108701 -25.800016 -101.654388
v 7.162917 -25.800020 -114.069641
v 10.108701 -25.800016 -101.654388
v 7.010340 -25.800016 -108.552490
v 7.162917 -25.800020 -114.069641
v 1.800000 -25.800016 -102.477142
v 6.404593 -25.800016 -109.847748
v 7.010340 -25.800016 -108.552490
v 0.000000 -25.800020 -113.875107
v 0.000000 -25.800020 -122.364670
v 0.848070 -25.800020 -123.353065
v 7.010340 -25.800016 -108.552490
v 6.404593 -25.800016 -109.847748
v 7.162917 -25.800020 -114.069641
v 6.404593 -25.800016 -109.847748
v 1.800000 -25.800020 -119.197716
v 7.162917 -25.800020 -114.069641
v 7.162917 -25.800020 -114.069641
v 1.800000 -25.800020 -119.197716
v 1.845706 -25.800020 -122.898315
v 7.010340 -25.800016 -108.552490
v 1.800000 -25.800016 -100.212257
v 1.800000 -25.800016 -102.477142
v 1.800000 -25.800016 -100.212257
v 0.000000 -25.800016 -101.423584
v 1.800000 -25.800016 -102.477142
v 1.800000 -25.800016 -102.477142
v 0.000000 -25.800016 -101.423584
v 1.800000 -25.800020 -113.875107
v 0.000000 -25.800016 -101.423584
v 0.000000 -25.800020 -113.875107
v 1.800000 -25.800020 -113.875107
v 1.800000 -25.800020 -113.875107
v 0.000000 -25.800020 -113.875107
v 1.800000 -25.800020 -119.197716
v 0.000000 -25.800020 -113.875107
v 0.848070 -25.800020 -123.353065
v 1.800000 -25.800020 -119.197716
v 1.800000 -25.800020 -119.197716
v 0.848070 -25.800020 -123.353065
v 1.845706 -25.800020 -122.898315
v 0.848070 -25.800020 -123.353065
v 0.890676 -25.800020 -123.358673
v 1.845706 -25.800020 -122.898315
v 0.284603 -25.800020 -123.063385
v 0.315284 -25.800020 -123.093475
v 0.000000 -25.800020 -122.364670
v 0.722246 -25.800020 -123.325325
v 0.000000 -25.800020 -122.364670
v 0.681229 -25.800020 -123.312500
v 0.000000 -25.800020 -122.364670
v 0.640800 -25.800020 -123.297928
v 0.681229 -25.800020 -123.312500
v 0.722246 -25.800020 -123.325325
v 0.763777 -25.800020 -123.336365
v 0.000000 -25.800020 -122.364670
v 0.763777 -25.800020 -123.336365
v 0.805744 -25.800020 -123.345619
v 0.000000 -25.800020 -122.364670
v 0.000000 -25.800020 -122.364670
v 0.805744 -25.800020 -123.345619
v 0.848070 -25.800020 -123.353065
v 0.109684 -25.800020 -122.820015
v 0.130070 -25.800020 -122.857849
v 0.003692 -25.800020 -122.450523
v 0.890676 -25.800020 -123.358673
v 0.933484 -25.800020 -123.362457
v 1.845706 -25.800020 -122.898315
v 0.933484 -25.800020 -123.362457
v 0.976415 -25.800020 -123.364388
v 1.845706 -25.800020 -122.898315
v 1.845706 -25.800020 -122.898315
v 0.976415 -25.800020 -123.364388
v 1.019390 -25.800020 -123.364487
v 1.019390 -25.800020 -123.364487
v 1.062329 -25.800020 -123.362724
v 1.845706 -25.800020 -122.898315
v 1.062329 -25.800020 -123.362724
v 1.105153 -25.800020 -123.359131
v 1.845706 -25.800020 -122.898315
v 1.845706 -25.800020 -122.898315
v 1.105153 -25.800020 -123.359131
v 1.147782 -25.800020 -123.353691
v 1.147782 -25.800020 -123.353691
v 1.190139 -25.800020 -123.346428
v 1.845706 -25.800020 -122.898315
v 1.190139 -25.800020 -123.346428
v 1.232144 -25.800020 -123.337349
v 1.845706 -25.800020 -122.898315
v 1.845706 -25.800020 -122.898315
v 1.232144 -25.800020 -123.337349
v 1.273721 -25.800020 -123.326477
v 1.273721 -25.800020 -123.326477
v 1.314792 -25.800020 -123.313828
v 1.845706 -25.800020 -122.898315
v 1.314792 -25.800020 -123.313828
v 1.355282 -25.800020 -123.299431
v 1.845706 -25.800020 -122.898315
v 1.845706 -25.800020 -122.898315
v 1.355282 -25.800020 -123.299431
v 1.395116 -25.800020 -123.283302
v 1.509951 -25.800020 -123.224876
v 1.546439 -25.800020 -123.202164
v 1.845706 -25.800020 -122.898315
v 1.546439 -25.800020 -123.202164
v 1.581917 -25.800020 -123.177917
v 1.845706 -25.800020 -122.898315
v 1.845706 -25.800020 -122.898315
v 1.581917 -25.800020 -123.177917
v 1.821997 -25.800020 -122.934166
v 1.581917 -25.800020 -123.177917
v 1.796770 -25.800020 -122.968956
v 1.821997 -25.800020 -122.934166
v 0.003692 -25.800020 -122.450523
v 0.130070 -25.800020 -122.857849
v 0.000923 -25.800020 -122.407639
v 0.175621 -25.800020 -122.930702
v 0.200702 -25.800020 -122.965607
v 0.000000 -25.800020 -122.364670
v 1.395116 -25.800020 -123.283302
v 1.434220 -25.800020 -123.265472
v 1.845706 -25.800020 -122.898315
v 1.434220 -25.800020 -123.265472
v 1.472522 -25.800020 -123.245995
v 1.845706 -25.800020 -122.898315
v 1.845706 -25.800020 -122.898315
v 1.472522 -25.800020 -123.245995
v 1.509951 -25.800020 -123.224876
v 0.414676 -25.800020 -123.175468
v 0.450053 -25.800020 -123.199875
v 0.000000 -25.800020 -122.364670
v 0.450053 -25.800020 -123.199875
v 0.486445 -25.800020 -123.222725
v 0.000000 -25.800020 -122.364670
v 0.000000 -25.800020 -122.364670
v 0.486445 -25.800020 -123.222725
v 0.523785 -25.800020 -123.244003
v 0.023000 -25.800020 -122.577911
v 0.033064 -25.800020 -122.619690
v 0.090943 -25.800020 -122.781342
v 0.000923 -25.800020 -122.407639
v 0.130070 -25.800020 -122.857849
v 0.000000 -25.800020 -122.364670
v 0.130070 -25.800020 -122.857849
v 0.152063 -25.800020 -122.894760
v 0.000000 -25.800020 -122.364670
v 0.000000 -25.800020 -122.364670
v 0.152063 -25.800020 -122.894760
v 0.175621 -25.800020 -122.930702
v 0.315284 -25.800020 -123.093475
v 0.347230 -25.800020 -123.122223
v 0.000000 -25.800020 -122.364670
v 0.347230 -25.800020 -123.122223
v 0.380381 -25.800020 -123.149574
v 0.000000 -25.800020 -122.364670
v 0.000000 -25.800020 -122.364670
v 0.380381 -25.800020 -123.149574
v 0.414676 -25.800020 -123.175468
v 0.523785 -25.800020 -123.244003
v 0.562005 -25.800020 -123.263649
v 0.000000 -25.800020 -122.364670
v 0.562005 -25.800020 -123.263649
v 0.601034 -25.800020 -123.281639
v 0.000000 -25.800020 -122.364670
v 0.000000 -25.800020 -122.364670
v 0.601034 -25.800020 -123.281639
v 0.640800 -25.800020 -123.297928
v 0.200702 -25.800020 -122.965607
v 0.227259 -25.800020 -122.999390
v 0.000000 -25.800020 -122.364670
v 0.227259 -25.800020 -122.999390
v 0.255244 -25.800020 -123.032005
v 0.000000 -25.800020 -122.364670
v 0.000000 -25.800020 -122.364670
v 0.255244 -25.800020 -123.032005
v 0.284603 -25.800020 -123.063385
v 0.023000 -25.800020 -122.577911
v 0.090943 -25.800020 -122.781342
v 0.014741 -25.800020 -122.535736
v 0.044914 -25.800020 -122.661003
v 0.058528 -25.800020 -122.701767
v 0.033064 -25.800020 -122.619690
v 0.058528 -25.800020 -122.701767
v 0.073880 -25.800020 -122.741898
v 0.033064 -25.800020 -122.619690
v 0.033064 -25.800020 -122.619690
v 0.073880 -25.800020 -122.741898
v 0.090943 -25.800020 -122.781342
v 1.712459 -25.800020 -123.066383
v 1.741950 -25.800020 -123.035126
v 1.681652 -25.800020 -123.096344
v 1.741950 -25.800020 -123.035126
v 1.649586 -25.800020 -123.124954
v 1.681652 -25.800020 -123.096344
v 1.581917 -25.800020 -123.177917
v 1.616321 -25.800020 -123.152168
v 1.796770 -25.800020 -122.968956
v 1.616321 -25.800020 -123.152168
v 1.649586 -25.800020 -123.124954
v 1.796770 -25.800020 -122.968956
v 1.796770 -25.800020 -122.968956
v 1.649586 -25.800020 -123.124954
v 1.770071 -25.800020 -123.002625
v 1.649586 -25.800020 -123.124954
v 1.741950 -25.800020 -123.035126
v 1.770071 -25.800020 -123.002625
v 0.109684 -25.800020 -122.820015
v 0.003692 -25.800020 -122.450523
v 0.090943 -25.800020 -122.781342
v 0.003692 -25.800020 -122.450523
v 0.008300 -25.800020 -122.493248
v 0.090943 -25.800020 -122.781342
v 0.090943 -25.800020 -122.781342
v 0.008300 -25.800020 -122.493248
v 0.014741 -25.800020 -122.535736
v 1.800000 -25.800013 -88.073891
v 1.800000 -25.800013 -87.635147
v 0.000000 -25.800013 -87.635147
v 1.800000 -25.800013 -87.635147
v 1.800000 -25.800013 -79.861618
v 0.000000 -25.800013 -87.635147
v 0.000000 -25.800013 -87.635147
v 1.800000 -25.800013 -79.861618
v 0.000000 -25.800013 -78.943504
v 16.685268 -25.800013 -85.144051
v 1.800000 -25.800013 -69.379364
v 1.800000 -25.800013 -71.127274
v 0.000000 -25.800013 -70.937248
v 1.800000 -25.800013 -67.255699
v 0.000000 -25.800013 -67.255699
v 1.800000 -25.800013 -67.255699
v 1.800000 -25.800013 -63.544586
v 0.000000 -25.800013 -67.255699
v 0.000000 -25.800013 -67.255699
v 1.800000 -25.800013 -63.544586
v 0.000000 -25.800009 -50.920647
v 21.504438 -25.800013 -70.747223
v 1.800000 -25.800009 -55.034260
v 1.800000 -25.800009 -57.592304
v 1.800000 -25.800009 -55.034260
v 0.000000 -25.800009 -50.920647
v 1.800000 -25.800009 -57.592304
v 1.800000 -25.800009 -57.592304
v 0.000000 -25.800009 -50.920647
v 1.800000 -25.800009 -61.907623
v 0.000000 -25.800009 -50.920647
v 1.800000 -25.800013 -63.544586
v 1.800000 -25.800009 -61.907623
v 1.800000 -25.800009 -61.907623
v 1.800000 -25.800013 -63.544586
v 7.564079 -25.800013 -67.255699
v 1.800000 -25.800009 -48.936714
v 1.800000 -25.800009 -51.357285
v 23.548916 -25.800013 -63.764168
v 1.800000 -25.800009 -51.357285
v 22.974243 -25.800013 -65.792961
v 23.548916 -25.800013 -63.764168
v 12.107889 -25.800016 -105.027214
v 16.672047 -25.800016 -95.786720
v 13.360944 -25.800016 -93.851807
v 16.672047 -25.800016 -95.786720
v 13.866414 -25.800016 -92.579681
v 13.360944 -25.800016 -93.851807
v 13.360944 -25.800016 -93.851807
v 13.866414 -25.800016 -92.579681
v 1.800000 -25.800013 -79.861618
v 13.866414 -25.800016 -92.579681
v 1.800000 -25.800013 -77.977806
v 1.800000 -25.800013 -79.861618
v 1.800000 -25.800013 -79.861618
v 1.800000 -25.800013 -77.977806
v 0.000000 -25.800013 -78.943504
v 1.800000 -25.800013 -77.977806
v 1.800000 -25.800013 -71.127274
v 0.000000 -25.800013 -78.943504
v 0.000000 -25.800013 -78.943504
v 1.800000 -25.800013 -71.127274
v 0.000000 -25.800013 -70.937248
v 1.800000 -25.800013 -71.127274
v 1.800000 -25.800013 -69.379364
v 0.000000 -25.800013 -70.937248
v 0.000000 -25.800013 -70.937248
v 1.800000 -25.800013 -69.379364
v 1.800000 -25.800013 -67.255699
v 1.800000 -25.800013 -63.544586
v 5.799783 -25.800013 -67.255699
v 7.564079 -25.800013 -67.255699
v 5.799783 -25.800013 -67.255699
v 9.767707 -25.800013 -70.937248
v 7.564079 -25.800013 -67.255699
v 7.564079 -25.800013 -67.255699
v 9.767707 -25.800013 -70.937248
v 19.171513 -25.800013 -78.025391
v 9.767707 -25.800013 -70.937248
v 18.396744 -25.800013 -78.943504
v 19.171513 -25.800013 -78.025391
v 19.171513 -25.800013 -78.025391
v 18.396744 -25.800013 -78.943504
v 23.807467 -25.800013 -78.957275
v 18.396744 -25.800013 -78.943504
v 18.750858 -25.800013 -79.272064
v 23.807467 -25.800013 -78.957275
v 23.807467 -25.800013 -78.957275
v 18.750858 -25.800013 -79.272064
v 20.847471 -25.800013 -86.364189
v 18.750858 -25.800013 -79.272064
v 16.685268 -25.800013 -85.144051
v 20.847471 -25.800013 -86.364189
v 20.847471 -25.800013 -86.364189
v 16.685268 -25.800013 -85.144051
v 16.223970 -25.800013 -86.403404
v 16.685268 -25.800013 -85.144051
v 1.800000 -25.800013 -71.127274
v 16.223970 -25.800013 -86.403404
v 1.800000 -25.800009 -57.592304
v 20.868191 -25.800013 -72.797913
v 21.504438 -25.800013 -70.747223
v 20.868191 -25.800013 -72.797913
v 25.644754 -25.800013 -70.937248
v 21.504438 -25.800013 -70.747223
v 21.504438 -25.800013 -70.747223
v 25.644754 -25.800013 -70.937248
v 22.974243 -25.800013 -65.792961
v 25.644754 -25.800013 -70.937248
v 25.644754 -25.800013 -67.255699
v 22.974243 -25.800013 -65.792961
v 22.974243 -25.800013 -65.792961
v 25.644754 -25.800013 -67.255699
v 23.548916 -25.800013 -63.764168
v 1.800000 -25.800009 -55.034260
v 1.800000 -25.800009 -51.357285
v 0.000000 -25.800009 -50.920647
v 1.800000 -25.800009 -51.357285
v 1.800000 -25.800009 -48.936714
v 0.000000 -25.800009 -50.920647
v 0.000000 -25.800009 -50.920647
v 1.800000 -25.800009 -48.936714
v 0.000000 -25.800009 -44.918308
v 1.800000 -25.800009 -48.936714
v 1.800000 -25.800009 -45.741295
v 0.000000 -25.800009 -44.918308
v 1.800000 -25.800009 -43.047661
v 1.800000 -25.800009 -40.603489
v 0.000000 -25.800009 -37.908497
v 24.827629 -25.800009 -59.035702
v 25.345755 -25.800009 -57.025455
v 1.800000 -25.800009 -45.741295
v 25.345755 -25.800009 -57.025455
v 1.800000 -25.800009 -43.431915
v 1.800000 -25.800009 -45.741295
v 1.800000 -25.800009 -45.741295
v 1.800000 -25.800009 -43.431915
v 0.000000 -25.800009 -44.918308
v 1.800000 -25.800009 -43.431915
v 1.800000 -25.800009 -43.047661
v 0.000000 -25.800009 -44.918308
v 0.000000 -25.800009 -44.918308
v 1.800000 -25.800009 -43.047661
v 0.000000 -25.800009 -43.047661
v 1.800000 -25.800009 -43.047661
v 0.000000 -25.800009 -37.908497
v 0.000000 -25.800009 -43.047661
v 25.644754 -25.800009 -52.086029
v 26.461880 -25.800009 -52.479519
v 27.182903 -25.800009 -50.920647
v 27.182903 -25.800009 -50.920647
v 26.461880 -25.800009 -52.479519
v 27.182903 -25.800013 -67.255699
v 26.461880 -25.800009 -52.479519
v 25.345755 -25.800009 -57.025455
v 27.182903 -25.800013 -67.255699
v 27.182903 -25.800013 -67.255699
v 25.345755 -25.800009 -57.025455
v 25.644754 -25.800013 -67.255699
v 25.345755 -25.800009 -57.025455
v 24.827629 -25.800009 -59.035702
v 25.644754 -25.800013 -67.255699
v 25.644754 -25.800013 -67.255699
v 24.827629 -25.800009 -59.035702
v 23.548916 -25.800013 -63.764168
v 15.369885 -25.800009 -44.918308
v 10.760197 -25.800009 -44.918308
v 25.644754 -25.800009 -49.866215
v 10.760197 -25.800009 -44.918308
v 23.224710 -25.800009 -50.920647
v 25.644754 -25.800009 -49.866215
v 25.644754 -25.800009 -49.866215
v 23.224710 -25.800009 -50.920647
v 25.644754 -25.800009 -50.920647
v 1.800000 -25.800005 -35.835594
v 0.000000 -25.800005 -33.721874
v 1.800000 -25.800009 -37.908497
v 0.000000 -25.800005 -33.721874
v 0.000000 -25.800009 -37.908497
v 1.800000 -25.800009 -37.908497
v 1.800000 -25.800009 -37.908497
v 0.000000 -25.800009 -37.908497
v 1.800000 -25.800009 -38.383675
v 0.000000 -25.800009 -37.908497
v 1.800000 -25.800009 -40.603489
v 1.800000 -25.800009 -38.383675
v 1.800000 -25.800009 -38.383675
v 1.800000 -25.800009 -40.603489
v 11.485276 -25.800009 -43.047661
v 1.800000 -25.800009 -40.603489
v 6.875587 -25.800009 -43.047661
v 11.485276 -25.800009 -43.047661
v 11.485276 -25.800009 -43.047661
v 6.875587 -25.800009 -43.047661
v 10.760197 -25.800009 -44.918308
v 1.800000 -25.800005 -35.835594
v 7.081889 -25.800009 -37.908497
v 1.888651 -25.800005 -33.721874
v 23.224710 -25.800009 -50.920647
v 25.644754 -25.800009 -52.086029
v 25.644754 -25.800009 -50.920647
v 25.644754 -25.800009 -52.086029
v 27.182903 -25.800009 -50.920647
v 25.644754 -25.800009 -50.920647
v 25.644754 -25.800009 -50.920647
v 27.182903 -25.800009 -50.920647
v 25.644754 -25.800009 -49.866215
v 27.182903 -25.800009 -50.920647
v 26.927670 -25.800009 -50.484009
v 25.644754 -25.800009 -49.866215
v 30.972363 -25.800009 -57.169220
v 31.729963 -25.800009 -54.383232
v 27.182903 -25.800009 -50.920647
v 31.729963 -25.800009 -54.383232
v 31.688030 -25.800009 -50.920647
v 27.182903 -25.800009 -50.920647
v 27.182903 -25.800009 -50.920647
v 31.688030 -25.800009 -50.920647
v 26.927670 -25.800009 -50.484009
v 31.688030 -25.800009 -50.920647
v 31.688030 -25.800009 -44.918308
v 26.927670 -25.800009 -50.484009
v 26.927670 -25.800009 -50.484009
v 31.688030 -25.800009 -44.918308
v 27.903925 -25.800009 -46.080212
v 31.688030 -25.800009 -44.918308
v 27.182903 -25.800009 -45.797245
v 27.903925 -25.800009 -46.080212
v 25.644754 -25.800009 -44.918308
v 25.644754 -25.800009 -43.047661
v 24.943325 -25.800009 -44.918308
v 25.644754 -25.800009 -43.047661
v 20.176794 -25.800009 -43.047661
v 24.943325 -25.800009 -44.918308
v 1.800000 -25.800005 -29.258854
v 1.800000 -25.800005 -27.082136
v 0.000000 -25.800005 -26.255503
v 27.182903 -25.800009 -44.918308
v 27.182903 -25.800009 -43.648735
v 25.651325 -25.800009 -43.047661
v 1.888651 -25.800005 -33.721874
v 7.081889 -25.800009 -37.908497
v 12.556418 -25.800009 -37.908497
v 7.081889 -25.800009 -37.908497
v 20.176794 -25.800009 -43.047661
v 12.556418 -25.800009 -37.908497
v 12.556418 -25.800009 -37.908497
v 20.176794 -25.800009 -43.047661
v 25.644754 -25.800009 -43.045082
v 20.176794 -25.800009 -43.047661
v 25.644754 -25.800009 -43.047661
v 25.644754 -25.800009 -43.045082
v 25.644754 -25.800009 -43.045082
v 25.644754 -25.800009 -43.047661
v 25.651325 -25.800009 -43.047661
v 25.644754 -25.800009 -43.047661
v 25.644754 -25.800009 -44.918308
v 25.651325 -25.800009 -43.047661
v 25.651325 -25.800009 -43.047661
v 25.644754 -25.800009 -44.918308
v 27.182903 -25.800009 -44.918308
v 24.943325 -25.800009 -44.918308
v 25.644754 -25.800009 -45.193584
v 25.644754 -25.800009 -44.918308
v 25.644754 -25.800009 -45.193584
v 27.182903 -25.800009 -45.797245
v 25.644754 -25.800009 -44.918308
v 25.644754 -25.800009 -44.918308
v 27.182903 -25.800009 -45.797245
v 27.182903 -25.800009 -44.918308
v 27.182903 -25.800009 -45.797245
v 31.688030 -25.800009 -44.918308
v 27.182903 -25.800009 -44.918308
v 27.182903 -25.800009 -44.918308
v 31.688030 -25.800009 -44.918308
v 31.688030 -25.800009 -43.047661
v 27.182903 -25.800009 -43.648735
v 27.182903 -25.800009 -44.918308
v 28.320845 -25.800009 -44.095325
v 27.182903 -25.800009 -44.918308
v 31.688030 -25.800009 -43.047661
v 28.320845 -25.800009 -44.095325
v 28.320845 -25.800009 -44.095325
v 31.688030 -25.800009 -43.047661
v 29.175138 -25.800009 -39.795612
v 31.688030 -25.800009 -43.047661
v 31.688030 -25.800009 -37.908497
v 29.175138 -25.800009 -39.795612
v 29.175138 -25.800009 -39.795612
v 31.688030 -25.800009 -37.908497
v 27.182903 -25.800009 -39.181110
v 1.800000 -25.800005 -35.835594
v 1.888651 -25.800005 -33.721874
v 0.000000 -25.800005 -33.721874
v 1.888651 -25.800005 -33.721874
v 1.800000 -25.800005 -33.687084
v 0.000000 -25.800005 -33.721874
v 0.000000 -25.800005 -33.721874
v 1.800000 -25.800005 -33.687084
v 0.000000 -25.800005 -26.255503
v 1.800000 -25.800005 -33.687084
v 1.800000 -25.800005 -31.351835
v 0.000000 -25.800005 -26.255503
v 0.000000 -25.800005 -26.255503
v 1.800000 -25.800005 -31.351835
v 1.800000 -25.800005 -29.258854
v 1.800000 -25.800005 -31.351835
v 9.483807 -25.800005 -33.721874
v 1.800000 -25.800005 -29.258854
v 1.800000 -25.800005 -29.258854
v 9.483807 -25.800005 -33.721874
v 16.269342 -25.800005 -33.721874
v 9.483807 -25.800005 -33.721874
v 23.057028 -25.800009 -37.908497
v 16.269342 -25.800005 -33.721874
v 16.269342 -25.800005 -33.721874
v 23.057028 -25.800009 -37.908497
v 25.644754 -25.800005 -36.613693
v 29.545931 -25.800005 -37.817001
v 27.182903 -25.800005 -37.088135
v 27.182903 -25.800009 -37.908497
v 27.182903 -25.800005 -37.088135
v 25.644754 -25.800005 -36.613693
v 27.182903 -25.800009 -37.908497
v 27.182903 -25.800009 -37.908497
v 25.644754 -25.800005 -36.613693
v 25.644754 -25.800009 -37.908497
v 25.644754 -25.800005 -36.613693
v 23.057028 -25.800009 -37.908497
v 25.644754 -25.800009 -37.908497
v 31.688030 -25.800009 -37.908497
v 31.688030 -25.800005 -33.721874
v 30.292091 -25.800005 -33.585014
v 30.292091 -25.800005 -33.585014
v 29.545931 -25.800005 -37.817001
v 31.688030 -25.800009 -37.908497
v 29.545931 -25.800005 -37.817001
v 27.182903 -25.800009 -37.908497
v 31.688030 -25.800009 -37.908497
v 31.688030 -25.800009 -37.908497
v 27.182903 -25.800009 -37.908497
v 27.182903 -25.800009 -39.181110
v 27.182903 -25.800009 -37.908497
v 25.644754 -25.800009 -37.908497
v 27.182903 -25.800009 -39.181110
v 27.182903 -25.800009 -39.181110
v 25.644754 -25.800009 -37.908497
v 25.644754 -25.800009 -38.706673
v 25.644754 -25.800009 -37.908497
v 23.057028 -25.800009 -37.908497
v 25.644754 -25.800009 -38.706673
v 27.182903 -25.800005 -30.823965
v 30.292091 -25.800005 -33.585014
v 30.618839 -25.800005 -31.608164
v 30.292091 -25.800005 -33.585014
v 31.688030 -25.800005 -33.721874
v 30.618839 -25.800005 -31.608164
v 30.618839 -25.800005 -31.608164
v 31.688030 -25.800005 -33.721874
v 31.267159 -25.800005 -27.408636
v 31.688030 -25.800005 -33.721874
v 31.688030 -25.800005 -26.255503
v 31.267159 -25.800005 -27.408636
v 31.267159 -25.800005 -27.408636
v 31.688030 -25.800005 -26.255503
v 27.182903 -25.800005 -26.793055
v 1.800000 -25.800005 -22.967342
v 0.000000 -25.800005 -21.103411
v 1.800000 -25.800005 -25.030706
v 0.000000 -25.800005 -21.103411
v 0.000000 -25.800005 -26.255503
v 1.800000 -25.800005 -25.030706
v 1.800000 -25.800005 -25.030706
v 0.000000 -25.800005 -26.255503
v 7.166392 -25.800005 -26.255503
v 0.000000 -25.800005 -26.255503
v 1.800000 -25.800005 -27.082136
v 7.166392 -25.800005 -26.255503
v 7.166392 -25.800005 -26.255503
v 1.800000 -25.800005 -27.082136
v 25.644754 -25.800005 -30.472906
v 1.800000 -25.800005 -27.082136
v 25.644754 -25.800005 -32.524334
v 25.644754 -25.800005 -30.472906
v 25.644754 -25.800005 -30.472906
v 25.644754 -25.800005 -32.524334
v 30.292091 -25.800005 -33.585014
v 25.644754 -25.800005 -18.736919
v 1.800000 -25.800005 -16.950068
v 1.800000 -25.800005 -18.955675
v 1.800000 -25.800005 -16.950068
v 0.000000 -25.800005 -13.999996
v 1.800000 -25.800005 -18.955675
v 1.800000 -25.800005 -18.955675
v 0.000000 -25.800005 -13.999996
v 1.800000 -25.800005 -20.944754
v 0.000000 -25.800005 -13.999996
v 0.000000 -25.800005 -21.103411
v 1.800000 -25.800005 -20.944754
v 1.800000 -25.800005 -20.944754
v 0.000000 -25.800005 -21.103411
v 2.852661 -25.800005 -21.103411
v 0.000000 -25.800005 -21.103411
v 1.800000 -25.800005 -22.967342
v 2.852661 -25.800005 -21.103411
v 2.852661 -25.800005 -21.103411
v 1.800000 -25.800005 -22.967342
v 25.644754 -25.800005 -24.538635
v 1.800000 -25.800005 -22.967342
v 23.616339 -25.800005 -26.255503
v 25.644754 -25.800005 -24.538635
v 23.616339 -25.800005 -26.255503
v 25.644754 -25.800005 -26.255503
v 25.644754 -25.800005 -24.538635
v 25.644754 -25.800005 -26.255503
v 27.182903 -25.800005 -26.255503
v 25.644754 -25.800005 -24.538635
v 25.644754 -25.800005 -24.538635
v 27.182903 -25.800005 -26.255503
v 27.182903 -25.800005 -24.770466
v 23.616339 -25.800005 -26.255503
v 25.644754 -25.800005 -26.561224
v 25.644754 -25.800005 -26.255503
v 25.644754 -25.800005 -26.561224
v 27.182903 -25.800005 -26.793055
v 25.644754 -25.800005 -26.255503
v 25.644754 -25.800005 -26.255503
v 27.182903 -25.800005 -26.793055
v 27.182903 -25.800005 -26.255503
v 27.182903 -25.800005 -26.793055
v 31.688030 -25.800005 -26.255503
v 27.182903 -25.800005 -26.255503
v 27.182903 -25.800005 -26.255503
v 31.688030 -25.800005 -26.255503
v 27.182903 -25.800005 -24.770466
v 31.688030 -25.800005 -26.255503
v 31.551287 -25.800005 -25.428869
v 27.182903 -25.800005 -24.770466
v 31.688030 -25.800005 -21.195391
v 32.108898 -25.800005 -21.226929
v 32.465580 -25.800005 -21.103411
v 32.465580 -25.800005 -21.103411
v 32.108898 -25.800005 -21.226929
v 32.465580 -25.800005 -26.255503
v 1.800000 -25.800005 -18.955675
v 25.644754 -25.800005 -20.742527
v 25.644754 -25.800005 -18.736919
v 25.644754 -25.800005 -20.742527
v 27.182903 -25.800005 -20.857790
v 25.644754 -25.800005 -18.736919
v 25.644754 -25.800005 -18.736919
v 27.182903 -25.800005 -20.857790
v 27.182903 -25.800005 -18.852182
v 27.182903 -25.800005 -20.857790
v 30.460598 -25.800005 -21.103411
v 27.182903 -25.800005 -18.852182
v 27.182903 -25.800005 -18.852182
v 30.460598 -25.800005 -21.103411
v 31.688030 -25.800005 -19.189783
v 30.460598 -25.800005 -21.103411
v 31.688030 -25.800005 -21.103411
v 31.688030 -25.800005 -19.189783
v 30.460598 -25.800005 -21.103411
v 31.688030 -25.800005 -21.195391
v 31.688030 -25.800005 -21.103411
v 31.688030 -25.800005 -21.195391
v 32.465580 -25.800005 -21.103411
v 31.688030 -25.800005 -21.103411
v 31.688030 -25.800005 -21.103411
v 32.465580 -25.800005 -21.103411
v 31.688030 -25.800005 -19.189783
v 32.465580 -25.800005 -21.103411
v 32.351200 -25.800005 -19.239477
v 31.688030 -25.800005 -19.189783
v 32.465580 -25.800005 -14.999996
v 32.822262 -25.800005 -14.999996
v 32.911129 -25.800005 -13.999996
v 33.298000 -25.800001 -9.999996
v 33.022903 -25.800005 -12.999996
v 39.025665 -25.800005 -13.077107
v 33.022903 -25.800005 -12.999996
v 32.911129 -25.800005 -13.999996
v 39.025665 -25.800005 -13.077107
v 39.025665 -25.800005 -13.077107
v 32.911129 -25.800005 -13.999996
v 32.911129 -25.800005 -21.103411
v 32.911129 -25.800005 -13.999996
v 32.822262 -25.800005 -14.999996
v 32.911129 -25.800005 -21.103411
v 1.800000 -25.800005 -14.999996
v 25.644754 -25.800005 -14.999996
v 25.644754 -25.800005 -13.999996
v 25.644754 -25.800005 -14.999996
v 27.182903 -25.800005 -14.999996
v 25.644754 -25.800005 -13.999996
v 25.644754 -25.800005 -13.999996
v 27.182903 -25.800005 -14.999996
v 27.182903 -25.800005 -13.999996
v 27.182903 -25.800005 -14.999996
v 31.688030 -25.800005 -14.999996
v 27.182903 -25.800005 -13.999996
v 27.182903 -25.800005 -13.999996
v 31.688030 -25.800005 -14.999996
v 31.688030 -25.800005 -13.999996
v 31.688030 -25.800005 -14.999996
v 32.465580 -25.800005 -14.999996
v 31.688030 -25.800005 -13.999996
v 31.688030 -25.800005 -13.999996
v 32.465580 -25.800005 -14.999996
v 32.465580 -25.800005 -13.999996
v 32.465580 -25.800005 -14.999996
v 32.911129 -25.800005 -13.999996
v 32.465580 -25.800005 -13.999996
v 39.025665 -25.800005 -13.077107
v 39.395535 -25.800001 -8.503468
v 33.298000 -25.800001 -9.999996
v 39.395535 -25.800001 -8.503468
v 32.911129 -25.800001 -8.499996
v 33.298000 -25.800001 -9.999996
v 33.298000 -25.800001 -9.999996
v 32.911129 -25.800001 -8.499996
v 32.911129 -25.800001 -9.999996
v 32.911129 -25.800001 -8.499996
v 32.465580 -25.800001 -8.499996
v 32.911129 -25.800001 -9.999996
v 32.911129 -25.800001 -9.999996
v 32.465580 -25.800001 -8.499996
v 32.465580 -25.800001 -9.999996
v 32.465580 -25.800001 -8.499996
v 31.688030 -25.800001 -8.499996
v 32.465580 -25.800001 -9.999996
v 32.465580 -25.800001 -9.999996
v 31.688030 -25.800001 -8.499996
v 31.688030 -25.800001 -9.999996
v 31.688030 -25.800001 -8.499996
v 27.182903 -25.800001 -8.499996
v 31.688030 -25.800001 -9.999996
v 31.688030 -25.800001 -9.999996
v 27.182903 -25.800001 -8.499996
v 27.182903 -25.800001 -9.999996
v 27.182903 -25.800001 -8.499996
v 25.644754 -25.800001 -8.499996
v 27.182903 -25.800001 -9.999996
v 27.182903 -25.800001 -9.999996
v 25.644754 -25.800001 -8.499996
v 25.644754 -25.800001 -9.999996
v 25.644754 -25.800001 -9.999996
v 25.644754 -25.800001 -8.499996
v 1.800000 -25.800001 -9.999996
v 25.644754 -25.800001 -8.499996
v 0.000000 -25.800001 -8.499996
v 1.800000 -25.800001 -9.999996
v 1.800000 -25.800001 -9.999996
v 0.000000 -25.800001 -8.499996
v 1.800000 -25.800005 -12.999996
v 0.000000 -25.800001 -8.499996
v 0.000000 -25.800005 -13.999996
v 1.800000 -25.800005 -12.999996
v 1.800000 -25.800005 -12.999996
v 0.000000 -25.800005 -13.999996
v 25.644754 -25.800005 -12.999996
v 1.800000 -25.800005 -16.950068
v 1.800000 -25.800005 -14.999996
v 0.000000 -25.800005 -13.999996
v 1.800000 -25.800005 -14.999996
v 25.644754 -25.800005 -13.999996
v 0.000000 -25.800005 -13.999996
v 0.000000 -25.800005 -13.999996
v 25.644754 -25.800005 -13.999996
v 25.644754 -25.800005 -12.999996
v 25.644754 -25.800005 -13.999996
v 27.182903 -25.800005 -13.999996
v 25.644754 -25.800005 -12.999996
v 25.644754 -25.800005 -12.999996
v 27.182903 -25.800005 -13.999996
v 27.182903 -25.800005 -12.999996
v 27.182903 -25.800005 -13.999996
v 31.688030 -25.800005 -13.999996
v 27.182903 -25.800005 -12.999996
v 27.182903 -25.800005 -12.999996
v 31.688030 -25.800005 -13.999996
v 31.688030 -25.800005 -12.999996
v 31.688030 -25.800005 -13.999996
v 32.465580 -25.800005 -13.999996
v 31.688030 -25.800005 -12.999996
v 31.688030 -25.800005 -12.999996
v 32.465580 -25.800005 -13.999996
v 32.465580 -25.800005 -12.999996
v 32.465580 -25.800005 -13.999996
v 32.911129 -25.800005 -13.999996
v 32.465580 -25.800005 -12.999996
v 32.465580 -25.800005 -12.999996
v 32.911129 -25.800005 -13.999996
v 32.911129 -25.800005 -12.999996
v 32.911129 -25.800005 -13.999996
v 33.022903 -25.800005 -12.999996
v 32.911129 -25.800005 -12.999996
v 6.992390 -25.800001 -4.825684
v 25.644754 -25.800001 -8.499996
v 25.644754 -25.800001 0.000004
v 25.644754 -25.800001 -8.499996
v 27.182903 -25.800001 -8.499996
v 25.644754 -25.800001 0.000004
v 25.644754 -25.800001 0.000004
v 27.182903 -25.800001 -8.499996
v 27.182903 -25.800001 0.000004
v 27.182903 -25.800001 -8.499996
v 31.688030 -25.800001 -8.499996
v 27.182903 -25.800001 0.000004
v 27.182903 -25.800001 0.000004
v 31.688030 -25.800001 -8.499996
v 31.688030 -25.800001 0.000004
v 31.688030 -25.800001 -8.499996
v 32.465580 -25.800001 -8.499996
v 31.688030 -25.800001 0.000004
v 31.688030 -25.800001 0.000004
v 32.465580 -25.800001 -8.499996
v 32.465580 -25.800001 0.000004
v 32.465580 -25.800001 -8.499996
v 32.911129 -25.800001 -8.499996
v 32.465580 -25.800001 0.000004
v 32.465580 -25.800001 0.000004
v 32.911129 -25.800001 -8.499996
v 32.911129 -25.800001 0.000004
v 32.911129 -25.800001 -8.499996
v 33.000000 -25.800001 -4.999996
v 32.911129 -25.800001 0.000004
v 32.911129 -25.800001 0.000004
v 33.000000 -25.800001 -4.999996
v 33.001904 -25.800001 -4.912757
v 32.822262 -25.800005 -14.999996
v 32.351200 -25.800005 -19.239477
v 32.911129 -25.800005 -21.103411
v 32.351200 -25.800005 -19.239477
v 32.465580 -25.800005 -21.103411
v 32.911129 -25.800005 -21.103411
v 32.911129 -25.800005 -21.103411
v 32.465580 -25.800005 -21.103411
v 32.911129 -25.800005 -26.255503
v 32.465580 -25.800005 -21.103411
v 32.465580 -25.800005 -26.255503
v 32.911129 -25.800005 -26.255503
v 32.911129 -25.800005 -26.255503
v 32.465580 -25.800005 -26.255503
v 32.911129 -25.800005 -33.721874
v 32.465580 -25.800005 -26.255503
v 32.465580 -25.800005 -33.721874
v 32.911129 -25.800005 -33.721874
v 32.911129 -25.800005 -33.721874
v 32.465580 -25.800005 -33.721874
v 32.911129 -25.800009 -37.908497
v 32.465580 -25.800005 -33.721874
v 32.465580 -25.800009 -37.908497
v 32.911129 -25.800009 -37.908497
v 32.911129 -25.800009 -37.908497
v 32.465580 -25.800009 -37.908497
v 32.911129 -25.800009 -43.047661
v 32.465580 -25.800009 -37.908497
v 32.465580 -25.800009 -43.047661
v 32.911129 -25.800009 -43.047661
v 32.911129 -25.800009 -43.047661
v 32.465580 -25.800009 -43.047661
v 32.911129 -25.800009 -44.918308
v 32.465580 -25.800009 -43.047661
v 32.465580 -25.800009 -44.918308
v 32.911129 -25.800009 -44.918308
v 32.911129 -25.800009 -44.918308
v 32.465580 -25.800009 -44.918308
v 32.949188 -25.800009 -49.602551
v 32.465580 -25.800009 -44.918308
v 32.465580 -25.800009 -50.920647
v 32.949188 -25.800009 -49.602551
v 32.949188 -25.800009 -49.602551
v 32.465580 -25.800009 -50.920647
v 32.620037 -25.800009 -50.933109
v 32.465580 -25.800009 -50.920647
v 32.516083 -25.800009 -51.346878
v 32.620037 -25.800009 -50.933109
v 32.108898 -25.800005 -21.226929
v 31.551287 -25.800005 -25.428869
v 32.465580 -25.800005 -26.255503
v 31.551287 -25.800005 -25.428869
v 31.688030 -25.800005 -26.255503
v 32.465580 -25.800005 -26.255503
v 32.465580 -25.800005 -26.255503
v 31.688030 -25.800005 -26.255503
v 32.465580 -25.800005 -33.721874
v 31.688030 -25.800005 -26.255503
v 31.688030 -25.800005 -33.721874
v 32.465580 -25.800005 -33.721874
v 32.465580 -25.800005 -33.721874
v 31.688030 -25.800005 -33.721874
v 32.465580 -25.800009 -37.908497
v 31.688030 -25.800005 -33.721874
v 31.688030 -25.800009 -37.908497
v 32.465580 -25.800009 -37.908497
v 32.465580 -25.800009 -37.908497
v 31.688030 -25.800009 -37.908497
v 32.465580 -25.800009 -43.047661
v 31.688030 -25.800009 -37.908497
v 31.688030 -25.800009 -43.047661
v 32.465580 -25.800009 -43.047661
v 32.465580 -25.800009 -43.047661
v 31.688030 -25.800009 -43.047661
v 32.465580 -25.800009 -44.918308
v 31.688030 -25.800009 -43.047661
v 31.688030 -25.800009 -44.918308
v 32.465580 -25.800009 -44.918308
v 32.465580 -25.800009 -44.918308
v 31.688030 -25.800009 -44.918308
v 32.465580 -25.800009 -50.920647
v 31.688030 -25.800009 -44.918308
v 31.688030 -25.800009 -50.920647
v 32.465580 -25.800009 -50.920647
v 32.465580 -25.800009 -50.920647
v 31.688030 -25.800009 -50.920647
v 32.516083 -25.800009 -51.346878
v 31.688030 -25.800009 -50.920647
v 31.729963 -25.800009 -54.383232
v 32.516083 -25.800009 -51.346878
v 1.800000 -25.800005 -14.999996
v 1.800000 -0.000002 -15.000000
v 25.644754 -25.800005 -14.999996
v 1.800000 -0.000002 -15.000000
v 25.644754 -0.000002 -15.000000
v 25.644754 -25.800005 -14.999996
v 25.644754 -25.800005 -14.999996
v 25.644754 -0.000002 -15.000000
v 27.182903 -25.800005 -14.999996
v 25.644754 -0.000002 -15.000000
v 27.182903 -0.000002 -15.000000
v 27.182903 -25.800005 -14.999996
v 27.182903 -25.800005 -14.999996
v 27.182903 -0.000002 -15.000000
v 31.688030 -25.800005 -14.999996
v 27.182903 -0.000002 -15.000000
v 31.688030 -0.000002 -15.000000
v 31.688030 -25.800005 -14.999996
v 31.688030 -25.800005 -14.999996
v 31.688030 -0.000002 -15.000000
v 32.465580 -25.800005 -14.999996
v 31.688030 -0.000002 -15.000000
v 32.465580 -0.000002 -15.000000
v 32.465580 -25.800005 -14.999996
v 32.465580 -25.800005 -14.999996
v 32.465580 -0.000002 -15.000000
v 32.822262 -25.800005 -14.999996
v 32.465580 -0.000002 -15.000000
v 32.822262 -0.000002 -15.000000
v 32.822262 -25.800005 -14.999996
v 24.827629 -25.800009 -59.035702
v 24.827629 -0.000008 -59.035709
v 23.548916 -25.800013 -63.764168
v 24.827629 -0.000008 -59.035709
v 23.548916 -0.000010 -63.764175
v 23.548916 -25.800013 -63.764168
v 1.800000 -25.800005 -18.955675
v 1.800000 -25.800005 -20.944754
v 1.800000 -0.000002 -18.955679
v 1.800000 -25.800005 -20.944754
v 1.800000 -0.000004 -20.944757
v 1.800000 -0.000002 -18.955679
v 1.800000 -25.800005 -35.835594
v 1.800000 -0.000006 -35.835602
v 7.081889 -25.800009 -37.908497
v 1.800000 -0.000006 -35.835602
v 7.081889 -0.000006 -37.908504
v 7.081889 -25.800009 -37.908497
v 7.081889 -25.800009 -37.908497
v 7.081889 -0.000006 -37.908504
v 20.176794 -25.800009 -43.047661
v 7.081889 -0.000006 -37.908504
v 20.176794 -0.000006 -43.047668
v 20.176794 -25.800009 -43.047661
v 20.176794 -25.800009 -43.047661
v 20.176794 -0.000006 -43.047668
v 24.943325 -25.800009 -44.918308
v 20.176794 -0.000006 -43.047668
v 24.943325 -0.000006 -44.918316
v 24.943325 -25.800009 -44.918308
v 24.943325 -25.800009 -44.918308
v 24.943325 -0.000006 -44.918316
v 25.644754 -25.800009 -45.193584
v 24.943325 -0.000006 -44.918316
v 25.644754 -0.000006 -45.193592
v 25.644754 -25.800009 -45.193584
v 25.644754 -25.800009 -45.193584
v 25.644754 -0.000006 -45.193592
v 27.182903 -25.800009 -45.797245
v 25.644754 -0.000006 -45.193592
v 27.182903 -0.000006 -45.797253
v 27.182903 -25.800009 -45.797245
v 27.182903 -25.800009 -45.797245
v 27.182903 -0.000006 -45.797253
v 27.903925 -25.800009 -46.080212
v 27.182903 -0.000006 -45.797253
v 27.903925 -0.000006 -46.080219
v 27.903925 -25.800009 -46.080212
v 1.800000 -25.800009 -57.592304
v 1.800000 -25.800009 -61.907623
v 1.800000 -0.000008 -57.592312
v 1.800000 -25.800009 -61.907623
v 1.800000 -0.000010 -61.907631
v 1.800000 -0.000008 -57.592312
v 30.460598 -0.000004 -21.103415
v 31.688030 -0.000004 -21.103415
v 31.688030 -0.000004 -21.195395
v 29.545931 -0.000006 -37.817009
v 30.292091 -0.000006 -33.585022
v 31.688030 -0.000006 -33.721882
v 25.651325 -0.000006 -43.047668
v 25.644754 -0.000006 -43.047668
v 25.644754 -0.000006 -43.045090
v 23.224710 -0.000008 -50.920654
v 25.644754 -0.000008 -50.920654
v 25.644754 -0.000008 -52.086037
v 1.800000 -0.000006 -45.741302
v 1.800000 -0.000008 -48.936722
v 0.000000 -0.000008 -50.920654
v 21.504438 -0.000010 -70.747223
v 22.974243 -0.000010 -65.792961
v 25.644754 -0.000010 -67.255699
v 28.003836 -0.000010 -67.038681
v 27.932993 -0.000010 -67.257233
v 27.182903 -0.000010 -67.255699
v 0.890676 -0.000018 -123.358673
v 0.848070 -0.000018 -123.353065
v 1.845706 -0.000018 -122.898315
v 5.087239 -0.000000 -3.001904
v 5.000000 -0.000000 -3.000000
v 3.000000 0.000000 0.000000
v 35.087238 -0.000006 -38.001904
v 35.000000 -0.000006 -38.000000
v 39.458008 -0.000006 -37.735893
v 35.779236 -0.000006 -44.943382
v 35.654354 -0.000006 -44.974796
v 32.911129 -0.000006 -44.918316
v 33.797695 -0.000008 -46.463154
v 33.739861 -0.000008 -46.578205
v 32.911129 -0.000006 -44.918316
v 33.739861 -0.000008 -46.578205
v 33.687016 -0.000008 -46.695633
v 32.911129 -0.000006 -44.918316
v 34.076675 -0.000006 -46.030869
v 34.000034 -0.000006 -46.134350
v 32.911129 -0.000006 -44.918316
v 34.000034 -0.000006 -46.134350
v 33.927902 -0.000006 -46.241020
v 32.911129 -0.000006 -44.918316
v 33.927902 -0.000006 -46.241020
v 33.860416 -0.000006 -46.350693
v 32.911129 -0.000006 -44.918316
v 32.911129 -0.000006 -44.918316
v 33.860416 -0.000006 -46.350693
v 33.797695 -0.000008 -46.463154
v 34.332218 -0.000006 -45.741470
v 34.242924 -0.000006 -45.834251
v 32.911129 -0.000006 -44.918316
v 34.242924 -0.000006 -45.834251
v 34.157688 -0.000006 -45.930775
v 32.911129 -0.000006 -44.918316
v 32.911129 -0.000006 -44.918316
v 34.157688 -0.000006 -45.930775
v 34.076675 -0.000006 -46.030869
v 33.687016 -0.000008 -46.695633
v 33.639259 -0.000008 -46.815224
v 32.911129 -0.000006 -44.918316
v 33.639259 -0.000008 -46.815224
v 33.596680 -0.000008 -46.936752
v 32.911129 -0.000006 -44.918316
v 32.911129 -0.000006 -44.918316
v 33.596680 -0.000008 -46.936752
v 33.559353 -0.000008 -47.059994
v 35.654354 -0.000006 -44.974796
v 35.530941 -0.000006 -45.011547
v 32.911129 -0.000006 -44.918316
v 35.530941 -0.000006 -45.011547
v 35.409214 -0.000006 -45.053555
v 32.911129 -0.000006 -44.918316
v 32.911129 -0.000006 -44.918316
v 35.409214 -0.000006 -45.053555
v 35.289402 -0.000006 -45.100750
v 35.289402 -0.000006 -45.100750
v 35.171730 -0.000006 -45.153042
v 32.911129 -0.000006 -44.918316
v 35.171730 -0.000006 -45.153042
v 35.056404 -0.000006 -45.210335
v 32.911129 -0.000006 -44.918316
v 32.911129 -0.000006 -44.918316
v 35.056404 -0.000006 -45.210335
v 34.943649 -0.000006 -45.272530
v 34.943649 -0.000006 -45.272530
v 34.833664 -0.000006 -45.339500
v 32.911129 -0.000006 -44.918316
v 34.833664 -0.000006 -45.339500
v 34.726654 -0.000006 -45.411129
v 32.911129 -0.000006 -44.918316
v 32.911129 -0.000006 -44.918316
v 34.726654 -0.000006 -45.411129
v 34.622814 -0.000006 -45.487289
v 34.622814 -0.000006 -45.487289
v 34.522343 -0.000006 -45.567829
v 32.911129 -0.000006 -44.918316
v 34.522343 -0.000006 -45.567829
v 34.425419 -0.000006 -45.652611
v 32.911129 -0.000006 -44.918316
v 32.911129 -0.000006 -44.918316
v 34.425419 -0.000006 -45.652611
v 34.332218 -0.000006 -45.741470
v 32.911129 -0.000006 -43.047668
v 38.833435 -0.000006 -43.210106
v 38.691139 -0.000006 -43.372753
v 35.779236 -0.000006 -44.943382
v 32.911129 -0.000006 -44.918316
v 35.905350 -0.000006 -44.917351
v 32.911129 -0.000006 -44.918316
v 32.911129 -0.000006 -43.047668
v 35.905350 -0.000006 -44.917351
v 35.905350 -0.000006 -44.917351
v 32.911129 -0.000006 -43.047668
v 36.116989 -0.000006 -44.873634
v 38.691139 -0.000006 -43.372753
v 38.541954 -0.000006 -43.529102
v 32.911129 -0.000006 -43.047668
v 38.541954 -0.000006 -43.529102
v 38.386150 -0.000006 -43.678856
v 32.911129 -0.000006 -43.047668
v 32.911129 -0.000006 -43.047668
v 38.386150 -0.000006 -43.678856
v 38.224018 -0.000006 -43.821735
v 37.136124 -0.000006 -44.520729
v 36.938782 -0.000006 -44.608810
v 32.911129 -0.000006 -43.047668
v 36.938782 -0.000006 -44.608810
v 36.737820 -0.000006 -44.688282
v 32.911129 -0.000006 -43.047668
v 38.224018 -0.000006 -43.821735
v 38.055866 -0.000006 -43.957481
v 32.911129 -0.000006 -43.047668
v 38.055866 -0.000006 -43.957481
v 37.882008 -0.000006 -44.085835
v 32.911129 -0.000006 -43.047668
v 32.911129 -0.000006 -43.047668
v 37.882008 -0.000006 -44.085835
v 37.702763 -0.000006 -44.206551
v 37.702763 -0.000006 -44.206551
v 37.518471 -0.000006 -44.319408
v 32.911129 -0.000006 -43.047668
v 37.518471 -0.000006 -44.319408
v 37.329472 -0.000006 -44.424202
v 32.911129 -0.000006 -43.047668
v 32.911129 -0.000006 -43.047668
v 37.329472 -0.000006 -44.424202
v 37.136124 -0.000006 -44.520729
v 36.737820 -0.000006 -44.688282
v 36.533611 -0.000006 -44.758995
v 32.911129 -0.000006 -43.047668
v 36.533611 -0.000006 -44.758995
v 36.326538 -0.000006 -44.820820
v 32.911129 -0.000006 -43.047668
v 32.911129 -0.000006 -43.047668
v 36.326538 -0.000006 -44.820820
v 36.116989 -0.000006 -44.873634
v 33.525444 -0.000006 -38.648823
v 33.467911 -0.000006 -38.714424
v 32.911129 -0.000006 -37.908504
v 33.782478 -0.000006 -38.413292
v 33.714424 -0.000006 -38.467911
v 32.911129 -0.000006 -37.908504
v 33.782478 -0.000006 -38.413292
v 32.911129 -0.000006 -37.908504
v 33.852844 -0.000006 -38.361694
v 33.714424 -0.000006 -38.467911
v 33.648819 -0.000006 -38.525444
v 32.911129 -0.000006 -37.908504
v 33.648819 -0.000006 -38.525444
v 33.585785 -0.000006 -38.585785
v 32.911129 -0.000006 -37.908504
v 32.911129 -0.000006 -37.908504
v 33.585785 -0.000006 -38.585785
v 33.525444 -0.000006 -38.648823
v 33.467911 -0.000006 -38.714424
v 33.413296 -0.000006 -38.782478
v 32.911129 -0.000006 -37.908504
v 33.413296 -0.000006 -38.782478
v 33.361694 -0.000006 -38.852848
v 32.911129 -0.000006 -37.908504
v 32.911129 -0.000006 -37.908504
v 33.361694 -0.000006 -38.852848
v 33.313217 -0.000006 -38.925404
v 33.313217 -0.000006 -38.925404
v 33.267948 -0.000006 -39.000000
v 32.911129 -0.000006 -37.908504
v 33.267948 -0.000006 -39.000000
v 33.225979 -0.000006 -39.076504
v 32.911129 -0.000006 -37.908504
v 32.911129 -0.000006 -37.908504
v 33.225979 -0.000006 -39.076504
v 33.187386 -0.000006 -39.154766
v 34.000000 -0.000006 -41.732052
v 34.076504 -0.000006 -41.774025
v 32.911129 -0.000006 -43.047668
v 34.076504 -0.000006 -41.774025
v 34.154766 -0.000006 -41.812618
v 32.911129 -0.000006 -43.047668
v 36.732052 -0.000006 -39.000000
v 36.686783 -0.000006 -38.925404
v 39.458008 -0.000006 -37.735893
v 39.458008 -0.000006 -37.735893
v 35.000000 -0.000006 -38.000000
v 32.911129 -0.000006 -37.908504
v 35.000000 -0.000006 -38.000000
v 34.912762 -0.000006 -38.001904
v 32.911129 -0.000006 -37.908504
v 32.911129 -0.000006 -37.908504
v 34.912762 -0.000006 -38.001904
v 34.825691 -0.000006 -38.007610
v 34.567120 -0.000006 -38.047405
v 34.482365 -0.000006 -38.068150
v 32.911129 -0.000006 -37.908504
v 34.482365 -0.000006 -38.068150
v 34.398590 -0.000006 -38.092564
v 32.911129 -0.000006 -37.908504
v 32.911129 -0.000006 -37.908504
v 34.398590 -0.000006 -38.092564
v 34.315960 -0.000006 -38.120617
v 34.315960 -0.000006 -38.120617
v 34.234631 -0.000006 -38.152241
v 32.911129 -0.000006 -37.908504
v 34.234631 -0.000006 -38.152241
v 34.154766 -0.000006 -38.187386
v 32.911129 -0.000006 -37.908504
v 32.911129 -0.000006 -37.908504
v 34.154766 -0.000006 -38.187386
v 34.076504 -0.000006 -38.225979
v 33.187386 -0.000006 -39.154766
v 33.152241 -0.000006 -39.234634
v 32.911129 -0.000006 -37.908504
v 33.152241 -0.000006 -39.234634
v 33.120613 -0.000006 -39.315960
v 32.911129 -0.000006 -37.908504
v 32.911129 -0.000006 -37.908504
v 33.120613 -0.000006 -39.315960
v 33.092567 -0.000006 -39.398590
v 34.154766 -0.000006 -41.812618
v 34.234631 -0.000006 -41.847759
v 32.911129 -0.000006 -43.047668
v 34.234631 -0.000006 -41.847759
v 34.315960 -0.000006 -41.879387
v 32.911129 -0.000006 -43.047668
v 32.911129 -0.000006 -43.047668
v 34.315960 -0.000006 -41.879387
v 34.398590 -0.000006 -41.907433
v 35.261055 -0.000006 -41.982887
v 35.347298 -0.000006 -41.969616
v 38.833435 -0.000006 -43.210106
v 35.347298 -0.000006 -41.969616
v 35.432880 -0.000006 -41.952591
v 38.833435 -0.000006 -43.210106
v 35.432880 -0.000006 -41.952591
v 35.517635 -0.000006 -41.931854
v 38.833435 -0.000006 -43.210106
v 38.833435 -0.000006 -43.210106
v 35.517635 -0.000006 -41.931854
v 35.601410 -0.000006 -41.907433
v 36.686783 -0.000006 -38.925404
v 36.638306 -0.000006 -38.852848
v 39.458008 -0.000006 -37.735893
v 36.638306 -0.000006 -38.852848
v 36.586704 -0.000006 -38.782478
v 39.458008 -0.000006 -37.735893
v 39.458008 -0.000006 -37.735893
v 36.586704 -0.000006 -38.782478
v 36.532089 -0.000006 -38.714424
v 34.825691 -0.000006 -38.007610
v 34.738945 -0.000006 -38.017109
v 32.911129 -0.000006 -37.908504
v 34.738945 -0.000006 -38.017109
v 34.652702 -0.000006 -38.030388
v 32.911129 -0.000006 -37.908504
v 32.911129 -0.000006 -37.908504
v 34.652702 -0.000006 -38.030388
v 34.567120 -0.000006 -38.047405
v 34.076504 -0.000006 -38.225979
v 34.000000 -0.000006 -38.267948
v 32.911129 -0.000006 -37.908504
v 34.000000 -0.000006 -38.267948
v 33.925400 -0.000006 -38.313217
v 32.911129 -0.000006 -37.908504
v 32.911129 -0.000006 -37.908504
v 33.925400 -0.000006 -38.313217
v 33.852844 -0.000006 -38.361694
v 33.092567 -0.000006 -39.398590
v 33.068146 -0.000006 -39.482361
v 32.911129 -0.000006 -37.908504
v 33.068146 -0.000006 -39.482361
v 33.047409 -0.000006 -39.567120
v 32.911129 -0.000006 -37.908504
v 32.911129 -0.000006 -37.908504
v 33.047409 -0.000006 -39.567120
v 33.030384 -0.000006 -39.652706
v 33.007610 -0.000006 -40.174313
v 33.017109 -0.000006 -40.261051
v 32.911129 -0.000006 -43.047668
v 34.398590 -0.000006 -41.907433
v 34.482365 -0.000006 -41.931854
v 32.911129 -0.000006 -43.047668
v 34.482365 -0.000006 -41.931854
v 34.567120 -0.000006 -41.952591
v 32.911129 -0.000006 -43.047668
v 32.911129 -0.000006 -43.047668
v 34.567120 -0.000006 -41.952591
v 34.652702 -0.000006 -41.969616
v 36.532089 -0.000006 -38.714424
v 36.474556 -0.000006 -38.648823
v 39.458008 -0.000006 -37.735893
v 36.474556 -0.000006 -38.648823
v 36.414215 -0.000006 -38.585785
v 39.458008 -0.000006 -37.735893
v 39.458008 -0.000006 -37.735893
v 36.414215 -0.000006 -38.585785
v 36.351181 -0.000006 -38.525444
v 32.911129 -0.000006 -37.908504
v 33.001904 -0.000006 -39.912762
v 33.000000 -0.000006 -40.000000
v 32.911129 -0.000006 -37.908504
v 33.000000 -0.000006 -40.000000
v 32.911129 -0.000006 -43.047668
v 33.000000 -0.000006 -40.000000
v 33.001904 -0.000006 -40.087238
v 32.911129 -0.000006 -43.047668
v 32.911129 -0.000006 -43.047668
v 33.001904 -0.000006 -40.087238
v 33.007610 -0.000006 -40.174313
v 33.017109 -0.000006 -40.261051
v 33.030384 -0.000006 -40.347298
v 32.911129 -0.000006 -43.047668
v 33.030384 -0.000006 -40.347298
v 33.047409 -0.000006 -40.432877
v 32.911129 -0.000006 -43.047668
v 32.911129 -0.000006 -43.047668
v 33.047409 -0.000006 -40.432877
v 33.068146 -0.000006 -40.517639
v 33.782478 -0.000006 -41.586708
v 33.852844 -0.000006 -41.638302
v 32.911129 -0.000006 -43.047668
v 33.852844 -0.000006 -41.638302
v 33.925400 -0.000006 -41.686783
v 32.911129 -0.000006 -43.047668
v 32.911129 -0.000006 -43.047668
v 33.925400 -0.000006 -41.686783
v 34.000000 -0.000006 -41.732052
v 34.912762 -0.000006 -41.998096
v 35.000000 -0.000006 -42.000000
v 32.911129 -0.000006 -43.047668
v 35.000000 -0.000006 -42.000000
v 35.087238 -0.000006 -41.998096
v 32.911129 -0.000006 -43.047668
v 32.911129 -0.000006 -43.047668
v 35.087238 -0.000006 -41.998096
v 38.833435 -0.000006 -43.210106
v 35.087238 -0.000006 -41.998096
v 35.174309 -0.000006 -41.992390
v 38.833435 -0.000006 -43.210106
v 38.833435 -0.000006 -43.210106
v 35.174309 -0.000006 -41.992390
v 35.261055 -0.000006 -41.982887
v 35.601410 -0.000006 -41.907433
v 35.684040 -0.000006 -41.879387
v 38.833435 -0.000006 -43.210106
v 35.684040 -0.000006 -41.879387
v 35.765369 -0.000006 -41.847759
v 38.833435 -0.000006 -43.210106
v 38.833435 -0.000006 -43.210106
v 35.765369 -0.000006 -41.847759
v 35.845234 -0.000006 -41.812618
v 36.074596 -0.000006 -41.686783
v 36.147152 -0.000006 -41.638302
v 38.833435 -0.000006 -43.210106
v 36.147152 -0.000006 -41.638302
v 36.217522 -0.000006 -41.586708
v 38.833435 -0.000006 -43.210106
v 36.217522 -0.000006 -41.586708
v 36.285576 -0.000006 -41.532089
v 38.833435 -0.000006 -43.210106
v 36.285576 -0.000006 -41.532089
v 36.351181 -0.000006 -41.474556
v 38.833435 -0.000006 -43.210106
v 38.833435 -0.000006 -43.210106
v 36.351181 -0.000006 -41.474556
v 36.414215 -0.000006 -41.414211
v 36.351181 -0.000006 -38.525444
v 36.285576 -0.000006 -38.467911
v 39.458008 -0.000006 -37.735893
v 36.285576 -0.000006 -38.467911
v 36.217522 -0.000006 -38.413292
v 39.458008 -0.000006 -37.735893
v 39.458008 -0.000006 -37.735893
v 36.217522 -0.000006 -38.413292
v 36.147152 -0.000006 -38.361694
v 39.458008 -0.000006 -37.735893
v 35.923496 -0.000006 -38.225979
v 35.845234 -0.000006 -38.187386
v 35.845234 -0.000006 -38.187386
v 35.765369 -0.000006 -38.152241
v 39.458008 -0.000006 -37.735893
v 35.765369 -0.000006 -38.152241
v 35.684040 -0.000006 -38.120617
v 39.458008 -0.000006 -37.735893
v 39.458008 -0.000006 -37.735893
v 35.684040 -0.000006 -38.120617
v 35.601410 -0.000006 -38.092564
v 35.601410 -0.000006 -38.092564
v 35.517635 -0.000006 -38.068150
v 39.458008 -0.000006 -37.735893
v 35.517635 -0.000006 -38.068150
v 35.432880 -0.000006 -38.047405
v 39.458008 -0.000006 -37.735893
v 39.458008 -0.000006 -37.735893
v 35.432880 -0.000006 -38.047405
v 35.347298 -0.000006 -38.030388
v 33.030384 -0.000006 -39.652706
v 33.017109 -0.000006 -39.738949
v 32.911129 -0.000006 -37.908504
v 33.017109 -0.000006 -39.738949
v 33.007610 -0.000006 -39.825687
v 32.911129 -0.000006 -37.908504
v 32.911129 -0.000006 -37.908504
v 33.007610 -0.000006 -39.825687
v 33.001904 -0.000006 -39.912762
v 33.068146 -0.000006 -40.517639
v 33.092567 -0.000006 -40.601410
v 32.911129 -0.000006 -43.047668
v 33.092567 -0.000006 -40.601410
v 33.120613 -0.000006 -40.684040
v 32.911129 -0.000006 -43.047668
v 32.911129 -0.000006 -43.047668
v 33.120613 -0.000006 -40.684040
v 33.152241 -0.000006 -40.765366
v 33.585785 -0.000006 -41.414211
v 33.648819 -0.000006 -41.474556
v 32.911129 -0.000006 -43.047668
v 33.648819 -0.000006 -41.474556
v 33.714424 -0.000006 -41.532089
v 32.911129 -0.000006 -43.047668
v 32.911129 -0.000006 -43.047668
v 33.714424 -0.000006 -41.532089
v 33.782478 -0.000006 -41.586708
v 34.652702 -0.000006 -41.969616
v 34.738945 -0.000006 -41.982887
v 32.911129 -0.000006 -43.047668
v 34.738945 -0.000006 -41.982887
v 34.825691 -0.000006 -41.992390
v 32.911129 -0.000006 -43.047668
v 32.911129 -0.000006 -43.047668
v 34.825691 -0.000006 -41.992390
v 34.912762 -0.000006 -41.998096
v 35.845234 -0.000006 -41.812618
v 35.923496 -0.000006 -41.774025
v 38.833435 -0.000006 -43.210106
v 35.923496 -0.000006 -41.774025
v 36.000000 -0.000006 -41.732052
v 38.833435 -0.000006 -43.210106
v 38.833435 -0.000006 -43.210106
v 36.000000 -0.000006 -41.732052
v 36.074596 -0.000006 -41.686783
v 35.347298 -0.000006 -38.030388
v 35.261055 -0.000006 -38.017109
v 39.458008 -0.000006 -37.735893
v 35.261055 -0.000006 -38.017109
v 35.174309 -0.000006 -38.007610
v 39.458008 -0.000006 -37.735893
v 39.458008 -0.000006 -37.735893
v 35.174309 -0.000006 -38.007610
v 35.087238 -0.000006 -38.001904
v 36.414215 -0.000006 -41.414211
v 36.474556 -0.000006 -41.351181
v 38.833435 -0.000006 -43.210106
v 36.474556 -0.000006 -41.351181
v 36.532089 -0.000006 -41.285576
v 38.833435 -0.000006 -43.210106
v 38.833435 -0.000006 -43.210106
v 36.532089 -0.000006 -41.285576
v 38.968567 -0.000006 -43.041462
v 36.532089 -0.000006 -41.285576
v 36.586704 -0.000006 -41.217525
v 38.968567 -0.000006 -43.041462
v 38.968567 -0.000006 -43.041462
v 36.586704 -0.000006 -41.217525
v 39.096283 -0.000006 -42.867134
v 36.586704 -0.000006 -41.217525
v 36.638306 -0.000006 -41.147152
v 39.096283 -0.000006 -42.867134
v 39.096283 -0.000006 -42.867134
v 36.638306 -0.000006 -41.147152
v 39.216347 -0.000006 -42.687454
v 36.638306 -0.000006 -41.147152
v 36.686783 -0.000006 -41.074600
v 39.216347 -0.000006 -42.687454
v 39.216347 -0.000006 -42.687454
v 36.686783 -0.000006 -41.074600
v 39.328537 -0.000006 -42.502750
v 36.686783 -0.000006 -41.074600
v 36.732052 -0.000006 -41.000000
v 39.328537 -0.000006 -42.502750
v 39.328537 -0.000006 -42.502750
v 36.732052 -0.000006 -41.000000
v 39.432640 -0.000006 -42.313370
v 36.732052 -0.000006 -41.000000
v 36.774021 -0.000006 -40.923500
v 39.432640 -0.000006 -42.313370
v 39.432640 -0.000006 -42.313370
v 36.774021 -0.000006 -40.923500
v 39.528461 -0.000006 -42.119675
v 36.774021 -0.000006 -40.923500
v 36.812614 -0.000006 -40.845238
v 39.528461 -0.000006 -42.119675
v 39.528461 -0.000006 -42.119675
v 36.812614 -0.000006 -40.845238
v 39.615829 -0.000006 -41.922012
v 36.812614 -0.000006 -40.845238
v 36.847759 -0.000006 -40.765366
v 39.615829 -0.000006 -41.922012
v 39.615829 -0.000006 -41.922012
v 36.847759 -0.000006 -40.765366
v 39.694569 -0.000006 -41.720764
v 36.847759 -0.000006 -40.765366
v 36.879387 -0.000006 -40.684040
v 39.694569 -0.000006 -41.720764
v 39.694569 -0.000006 -41.720764
v 36.879387 -0.000006 -40.684040
v 39.764538 -0.000006 -41.516300
v 36.879387 -0.000006 -40.684040
v 36.907433 -0.000006 -40.601410
v 39.764538 -0.000006 -41.516300
v 39.764538 -0.000006 -41.516300
v 36.907433 -0.000006 -40.601410
v 39.825611 -0.000006 -41.309002
v 36.907433 -0.000006 -40.601410
v 36.931850 -0.000006 -40.517639
v 39.825611 -0.000006 -41.309002
v 39.825611 -0.000006 -41.309002
v 36.931850 -0.000006 -40.517639
v 39.877663 -0.000006 -41.099262
v 36.931850 -0.000006 -40.517639
v 36.952591 -0.000006 -40.432877
v 39.877663 -0.000006 -41.099262
v 39.877663 -0.000006 -41.099262
v 36.952591 -0.000006 -40.432877
v 39.920609 -0.000006 -40.887466
v 36.952591 -0.000006 -40.432877
v 36.969616 -0.000006 -40.347298
v 39.920609 -0.000006 -40.887466
v 39.920609 -0.000006 -40.887466
v 36.969616 -0.000006 -40.347298
v 39.954361 -0.000006 -40.674011
v 36.969616 -0.000006 -40.347298
v 36.982891 -0.000006 -40.261051
v 39.954361 -0.000006 -40.674011
v 39.954361 -0.000006 -40.674011
v 36.982891 -0.000006 -40.261051
v 39.978859 -0.000006 -40.459301
v 36.982891 -0.000006 -40.261051
v 36.992390 -0.000006 -40.174313
v 39.978859 -0.000006 -40.459301
v 39.978859 -0.000006 -40.459301
v 36.992390 -0.000006 -40.174313
v 39.994057 -0.000006 -40.243729
v 36.992390 -0.000006 -40.174313
v 36.998096 -0.000006 -40.087238
v 39.994057 -0.000006 -40.243729
v 39.994057 -0.000006 -40.243729
v 36.998096 -0.000006 -40.087238
v 39.999924 -0.000006 -40.027702
v 36.998096 -0.000006 -40.087238
v 37.000000 -0.000006 -40.000000
v 39.999924 -0.000006 -40.027702
v 39.999924 -0.000006 -40.027702
v 37.000000 -0.000006 -40.000000
v 39.996449 -0.000006 -39.811630
v 37.000000 -0.000006 -40.000000
v 36.998096 -0.000006 -39.912762
v 39.996449 -0.000006 -39.811630
v 39.996449 -0.000006 -39.811630
v 36.998096 -0.000006 -39.912762
v 39.983646 -0.000006 -39.595901
v 36.998096 -0.000006 -39.912762
v 36.992390 -0.000006 -39.825687
v 39.983646 -0.000006 -39.595901
v 39.983646 -0.000006 -39.595901
v 36.992390 -0.000006 -39.825687
v 39.961529 -0.000006 -39.380936
v 36.992390 -0.000006 -39.825687
v 36.982891 -0.000006 -39.738949
v 39.961529 -0.000006 -39.380936
v 39.961529 -0.000006 -39.380936
v 36.982891 -0.000006 -39.738949
v 39.930141 -0.000006 -39.167118
v 36.982891 -0.000006 -39.738949
v 36.969616 -0.000006 -39.652706
v 39.930141 -0.000006 -39.167118
v 39.930141 -0.000006 -39.167118
v 36.969616 -0.000006 -39.652706
v 39.889549 -0.000006 -38.954861
v 36.969616 -0.000006 -39.652706
v 36.952591 -0.000006 -39.567120
v 39.889549 -0.000006 -38.954861
v 39.889549 -0.000006 -38.954861
v 36.952591 -0.000006 -39.567120
v 39.839821 -0.000006 -38.744553
v 36.952591 -0.000006 -39.567120
v 36.931850 -0.000006 -39.482361
v 39.839821 -0.000006 -38.744553
v 39.839821 -0.000006 -38.744553
v 36.931850 -0.000006 -39.482361
v 39.781048 -0.000006 -38.536594
v 36.931850 -0.000006 -39.482361
v 36.907433 -0.000006 -39.398590
v 39.781048 -0.000006 -38.536594
v 39.781048 -0.000006 -38.536594
v 36.907433 -0.000006 -39.398590
v 39.713348 -0.000006 -38.331367
v 36.907433 -0.000006 -39.398590
v 36.879387 -0.000006 -39.315960
v 39.713348 -0.000006 -38.331367
v 39.713348 -0.000006 -38.331367
v 36.879387 -0.000006 -39.315960
v 39.636845 -0.000006 -38.129253
v 36.879387 -0.000006 -39.315960
v 36.847759 -0.000006 -39.234634
v 39.636845 -0.000006 -38.129253
v 39.636845 -0.000006 -38.129253
v 36.847759 -0.000006 -39.234634
v 39.551674 -0.000006 -37.930641
v 36.847759 -0.000006 -39.234634
v 36.812614 -0.000006 -39.154766
v 39.551674 -0.000006 -37.930641
v 39.551674 -0.000006 -37.930641
v 36.812614 -0.000006 -39.154766
v 39.458008 -0.000006 -37.735893
v 36.812614 -0.000006 -39.154766
v 36.774021 -0.000006 -39.076504
v 39.458008 -0.000006 -37.735893
v 39.458008 -0.000006 -37.735893
v 36.774021 -0.000006 -39.076504
v 36.732052 -0.000006 -39.000000
v 36.147152 -0.000006 -38.361694
v 36.074596 -0.000006 -38.313217
v 39.458008 -0.000006 -37.735893
v 36.074596 -0.000006 -38.313217
v 36.000000 -0.000006 -38.267948
v 39.458008 -0.000006 -37.735893
v 39.458008 -0.000006 -37.735893
v 36.000000 -0.000006 -38.267948
v 35.923496 -0.000006 -38.225979
v 33.152241 -0.000006 -40.765366
v 33.187386 -0.000006 -40.845238
v 32.911129 -0.000006 -43.047668
v 33.187386 -0.000006 -40.845238
v 33.225979 -0.000006 -40.923500
v 32.911129 -0.000006 -43.047668
v 32.911129 -0.000006 -43.047668
v 33.225979 -0.000006 -40.923500
v 33.267948 -0.000006 -41.000000
v 33.267948 -0.000006 -41.000000
v 33.313217 -0.000006 -41.074600
v 32.911129 -0.000006 -43.047668
v 33.313217 -0.000006 -41.074600
v 33.361694 -0.000006 -41.147152
v 32.911129 -0.000006 -43.047668
v 32.911129 -0.000006 -43.047668
v 33.361694 -0.000006 -41.147152
v 33.413296 -0.000006 -41.217525
v 33.413296 -0.000006 -41.217525
v 33.467911 -0.000006 -41.285576
v 32.911129 -0.000006 -43.047668
v 33.467911 -0.000006 -41.285576
v 33.525444 -0.000006 -41.351181
v 32.911129 -0.000006 -43.047668
v 32.911129 -0.000006 -43.047668
v 33.525444 -0.000006 -41.351181
v 33.585785 -0.000006 -41.414211
v 36.621334 -0.000006 -34.451878
v 36.672558 -0.000006 -34.570019
v 32.911129 -0.000006 -37.908504
v 36.443527 -0.000006 -33.834293
v 36.468414 -0.000006 -33.960636
v 32.911129 -0.000006 -33.721882
v 32.911129 -0.000006 -37.908504
v 37.643200 -0.000006 -35.750565
v 37.749214 -0.000006 -35.823658
v 36.468414 -0.000006 -33.960636
v 36.498695 -0.000006 -34.085796
v 32.911129 -0.000006 -33.721882
v 36.498695 -0.000006 -34.085796
v 36.534325 -0.000006 -34.209538
v 32.911129 -0.000006 -33.721882
v 32.911129 -0.000006 -33.721882
v 36.534325 -0.000006 -34.209538
v 32.911129 -0.000006 -37.908504
v 36.534325 -0.000006 -34.209538
v 36.575230 -0.000006 -34.331642
v 32.911129 -0.000006 -37.908504
v 32.911129 -0.000006 -37.908504
v 36.575230 -0.000006 -34.331642
v 36.621334 -0.000006 -34.451878
v 36.672558 -0.000006 -34.570019
v 36.728802 -0.000006 -34.685856
v 32.911129 -0.000006 -37.908504
v 36.728802 -0.000006 -34.685856
v 36.789974 -0.000006 -34.799175
v 32.911129 -0.000006 -37.908504
v 32.911129 -0.000006 -37.908504
v 36.789974 -0.000006 -34.799175
v 36.855942 -0.000006 -34.909763
v 37.345318 -0.000006 -35.504963
v 37.441063 -0.000006 -35.591068
v 32.911129 -0.000006 -37.908504
v 37.441063 -0.000006 -35.591068
v 37.540421 -0.000006 -35.672985
v 32.911129 -0.000006 -37.908504
v 32.911129 -0.000006 -37.908504
v 37.540421 -0.000006 -35.672985
v 37.643200 -0.000006 -35.750565
v 36.855942 -0.000006 -34.909763
v 36.926601 -0.000006 -35.017414
v 32.911129 -0.000006 -37.908504
v 36.926601 -0.000006 -35.017414
v 37.001812 -0.000006 -35.121941
v 32.911129 -0.000006 -37.908504
v 32.911129 -0.000006 -37.908504
v 37.001812 -0.000006 -35.121941
v 37.081440 -0.000006 -35.223141
v 37.081440 -0.000006 -35.223141
v 37.165340 -0.000006 -35.320831
v 32.911129 -0.000006 -37.908504
v 37.165340 -0.000006 -35.320831
v 37.253349 -0.000006 -35.414825
v 32.911129 -0.000006 -37.908504
v 32.911129 -0.000006 -37.908504
v 37.253349 -0.000006 -35.414825
v 37.345318 -0.000006 -35.504963
v 37.749214 -0.000006 -35.823658
v 37.927109 -0.000006 -35.946358
v 32.911129 -0.000006 -37.908504
v 37.927109 -0.000006 -35.946358
v 38.099537 -0.000006 -36.076626
v 32.911129 -0.000006 -37.908504
v 32.911129 -0.000006 -37.908504
v 38.099537 -0.000006 -36.076626
v 38.266174 -0.000006 -36.214226
v 38.266174 -0.000006 -36.214226
v 38.426712 -0.000006 -36.358898
v 32.911129 -0.000006 -37.908504
v 38.426712 -0.000006 -36.358898
v 38.580845 -0.000006 -36.510368
v 32.911129 -0.000006 -37.908504
v 32.911129 -0.000006 -37.908504
v 38.580845 -0.000006 -36.510368
v 38.728294 -0.000006 -36.668362
v 38.728294 -0.000006 -36.668362
v 38.868774 -0.000006 -36.832573
v 32.911129 -0.000006 -37.908504
v 38.868774 -0.000006 -36.832573
v 39.002026 -0.000006 -37.002705
v 32.911129 -0.000006 -37.908504
v 32.911129 -0.000006 -37.908504
v 39.002026 -0.000006 -37.002705
v 39.127804 -0.000006 -37.178436
v 39.127804 -0.000006 -37.178436
v 39.245872 -0.000006 -37.359440
v 32.911129 -0.000006 -37.908504
v 39.245872 -0.000006 -37.359440
v 39.356007 -0.000006 -37.545372
v 32.911129 -0.000006 -37.908504
v 32.911129 -0.000006 -37.908504
v 39.356007 -0.000006 -37.545372
v 39.458008 -0.000006 -37.735893
v 32.911129 -0.000006 -33.721882
v 36.423088 -0.000004 -32.936447
v 36.409458 -0.000004 -33.064491
v 36.409458 -0.000004 -33.064491
v 36.401344 -0.000006 -33.193008
v 32.911129 -0.000006 -33.721882
v 36.401344 -0.000006 -33.193008
v 36.398746 -0.000006 -33.321754
v 32.911129 -0.000006 -33.721882
v 32.911129 -0.000006 -33.721882
v 36.398746 -0.000006 -33.321754
v 36.401676 -0.000006 -33.450493
v 36.401676 -0.000006 -33.450493
v 36.410130 -0.000006 -33.578983
v 32.911129 -0.000006 -33.721882
v 36.410130 -0.000006 -33.578983
v 36.424088 -0.000006 -33.706997
v 32.911129 -0.000006 -33.721882
v 32.911129 -0.000006 -33.721882
v 36.424088 -0.000006 -33.706997
v 36.443527 -0.000006 -33.834293
v 32.911129 -0.000004 -26.255507
v 37.932365 -0.000004 -22.969088
v 32.911129 -0.000006 -33.721882
v 37.932365 -0.000004 -22.969088
v 36.442200 -0.000004 -32.809101
v 32.911129 -0.000006 -33.721882
v 32.911129 -0.000006 -33.721882
v 36.442200 -0.000004 -32.809101
v 36.423088 -0.000004 -32.936447
v 33.068146 -0.000000 -4.482362
v 33.047409 -0.000000 -4.567121
v 32.911129 0.000000 0.000000
v 34.912762 -0.000000 -3.001904
v 32.911129 0.000000 0.000000
v 35.000000 -0.000000 -3.000000
v 32.911129 0.000000 0.000000
v 36.724026 0.000000 0.000000
v 35.000000 -0.000000 -3.000000
v 35.000000 -0.000000 -3.000000
v 36.724026 0.000000 0.000000
v 35.087238 -0.000000 -3.001904
v 33.925400 -0.000000 -3.313217
v 33.852844 -0.000000 -3.361696
v 32.911129 0.000000 0.000000
v 32.911129 -0.000002 -8.500000
v 33.187386 -0.000000 -5.845237
v 33.225979 -0.000000 -5.923497
v 33.007610 -0.000000 -4.825688
v 33.001904 -0.000000 -4.912761
v 32.911129 0.000000 0.000000
v 39.395535 -0.000002 -8.503471
v 35.601410 -0.000002 -6.907434
v 35.684040 -0.000002 -6.879385
v 33.000000 -0.000000 -5.000000
v 33.001904 -0.000000 -5.087239
v 32.911129 -0.000002 -8.500000
v 34.398590 -0.000002 -6.907434
v 34.482365 -0.000002 -6.931851
v 32.911129 -0.000002 -8.500000
v 34.482365 -0.000002 -6.931851
v 34.567120 -0.000002 -6.952592
v 32.911129 -0.000002 -8.500000
v 34.825691 -0.000002 -6.992390
v 34.912762 -0.000002 -6.998096
v 32.911129 -0.000002 -8.500000
v 34.912762 -0.000002 -6.998096
v 35.000000 -0.000002 -7.000000
v 32.911129 -0.000002 -8.500000
v 35.347298 -0.000002 -6.969615
v 35.432880 -0.000002 -6.952592
v 39.395535 -0.000002 -8.503471
v 35.432880 -0.000002 -6.952592
v 35.517635 -0.000002 -6.931851
v 39.395535 -0.000002 -8.503471
v 39.395535 -0.000002 -8.503471
v 35.517635 -0.000002 -6.931851
v 35.601410 -0.000002 -6.907434
v 36.847759 -0.000000 -5.765367
v 39.395535 -0.000002 -8.503471
v 36.812614 -0.000000 -5.845237
v 39.395535 -0.000002 -8.503471
v 36.774021 -0.000000 -5.923497
v 36.812614 -0.000000 -5.845237
v 34.912762 -0.000000 -3.001904
v 34.825691 -0.000000 -3.007611
v 32.911129 0.000000 0.000000
v 34.825691 -0.000000 -3.007611
v 34.738945 -0.000000 -3.017110
v 32.911129 0.000000 0.000000
v 32.911129 0.000000 0.000000
v 34.738945 -0.000000 -3.017110
v 34.652702 -0.000000 -3.030385
v 32.911129 0.000000 0.000000
v 33.467911 -0.000000 -3.714425
v 33.413296 -0.000000 -3.782477
v 33.413296 -0.000000 -3.782477
v 33.361694 -0.000000 -3.852847
v 32.911129 0.000000 0.000000
v 33.361694 -0.000000 -3.852847
v 33.313217 -0.000000 -3.925401
v 32.911129 0.000000 0.000000
v 32.911129 0.000000 0.000000
v 33.313217 -0.000000 -3.925401
v 33.267948 -0.000000 -4.000000
v 33.152241 -0.000000 -4.234633
v 33.120613 -0.000000 -4.315960
v 32.911129 0.000000 0.000000
v 33.120613 -0.000000 -4.315960
v 33.092567 -0.000000 -4.398589
v 32.911129 0.000000 0.000000
v 32.911129 0.000000 0.000000
v 33.092567 -0.000000 -4.398589
v 33.068146 -0.000000 -4.482362
v 33.030384 -0.000000 -5.347296
v 33.047409 -0.000000 -5.432879
v 32.911129 -0.000002 -8.500000
v 33.047409 -0.000000 -5.432879
v 33.068146 -0.000000 -5.517638
v 32.911129 -0.000002 -8.500000
v 32.911129 -0.000002 -8.500000
v 33.068146 -0.000000 -5.517638
v 33.092567 -0.000000 -5.601412
v 33.092567 -0.000000 -5.601412
v 33.120613 -0.000000 -5.684041
v 32.911129 -0.000002 -8.500000
v 33.120613 -0.000000 -5.684041
v 33.152241 -0.000000 -5.765367
v 32.911129 -0.000002 -8.500000
v 32.911129 -0.000002 -8.500000
v 33.152241 -0.000000 -5.765367
v 33.187386 -0.000000 -5.845237
v 34.000000 -0.000002 -6.732051
v 34.076504 -0.000002 -6.774022
v 32.911129 -0.000002 -8.500000
v 34.076504 -0.000002 -6.774022
v 34.154766 -0.000002 -6.812616
v 32.911129 -0.000002 -8.500000
v 34.567120 -0.000002 -6.952592
v 34.652702 -0.000002 -6.969615
v 32.911129 -0.000002 -8.500000
v 34.652702 -0.000002 -6.969615
v 34.738945 -0.000002 -6.982890
v 32.911129 -0.000002 -8.500000
v 32.911129 -0.000002 -8.500000
v 34.738945 -0.000002 -6.982890
v 34.825691 -0.000002 -6.992390
v 35.000000 -0.000002 -7.000000
v 35.087238 -0.000002 -6.998096
v 32.911129 -0.000002 -8.500000
v 35.087238 -0.000002 -6.998096
v 35.174309 -0.000002 -6.992390
v 32.911129 -0.000002 -8.500000
v 32.911129 -0.000002 -8.500000
v 35.174309 -0.000002 -6.992390
v 39.395535 -0.000002 -8.503471
v 35.174309 -0.000002 -6.992390
v 35.261055 -0.000002 -6.982890
v 39.395535 -0.000002 -8.503471
v 39.395535 -0.000002 -8.503471
v 35.261055 -0.000002 -6.982890
v 35.347298 -0.000002 -6.969615
v 35.684040 -0.000002 -6.879385
v 35.765369 -0.000002 -6.847759
v 39.395535 -0.000002 -8.503471
v 35.765369 -0.000002 -6.847759
v 35.845234 -0.000002 -6.812616
v 39.395535 -0.000002 -8.503471
v 39.395535 -0.000002 -8.503471
v 35.845234 -0.000002 -6.812616
v 35.923496 -0.000002 -6.774022
v 36.638306 -0.000000 -6.147153
v 36.686783 -0.000000 -6.074599
v 39.395535 -0.000002 -8.503471
v 36.686783 -0.000000 -6.074599
v 36.732052 -0.000000 -6.000000
v 39.395535 -0.000002 -8.503471
v 39.395535 -0.000002 -8.503471
v 36.732052 -0.000000 -6.000000
v 36.774021 -0.000000 -5.923497
v 36.847759 -0.000000 -5.765367
v 36.879387 -0.000000 -5.684041
v 39.395535 -0.000002 -8.503471
v 36.879387 -0.000000 -5.684041
v 36.907433 -0.000000 -5.601412
v 39.395535 -0.000002 -8.503471
v 39.395535 -0.000002 -8.503471
v 36.907433 -0.000000 -5.601412
v 36.931850 -0.000000 -5.517638
v 34.652702 -0.000000 -3.030385
v 34.567120 -0.000000 -3.047408
v 32.911129 0.000000 0.000000
v 34.567120 -0.000000 -3.047408
v 34.482365 -0.000000 -3.068148
v 32.911129 0.000000 0.000000
v 32.911129 0.000000 0.000000
v 34.482365 -0.000000 -3.068148
v 34.398590 -0.000000 -3.092566
v 34.398590 -0.000000 -3.092566
v 34.315960 -0.000000 -3.120615
v 32.911129 0.000000 0.000000
v 34.315960 -0.000000 -3.120615
v 34.234631 -0.000000 -3.152241
v 32.911129 0.000000 0.000000
v 32.911129 0.000000 0.000000
v 34.234631 -0.000000 -3.152241
v 34.154766 -0.000000 -3.187384
v 34.154766 -0.000000 -3.187384
v 34.076504 -0.000000 -3.225978
v 32.911129 0.000000 0.000000
v 34.076504 -0.000000 -3.225978
v 34.000000 -0.000000 -3.267949
v 32.911129 0.000000 0.000000
v 32.911129 0.000000 0.000000
v 34.000000 -0.000000 -3.267949
v 33.925400 -0.000000 -3.313217
v 33.852844 -0.000000 -3.361696
v 33.782478 -0.000000 -3.413293
v 32.911129 0.000000 0.000000
v 33.782478 -0.000000 -3.413293
v 33.714424 -0.000000 -3.467911
v 32.911129 0.000000 0.000000
v 32.911129 0.000000 0.000000
v 33.714424 -0.000000 -3.467911
v 33.648819 -0.000000 -3.525445
v 33.648819 -0.000000 -3.525445
v 33.585785 -0.000000 -3.585786
v 32.911129 0.000000 0.000000
v 33.585785 -0.000000 -3.585786
v 33.525444 -0.000000 -3.648820
v 32.911129 0.000000 0.000000
v 32.911129 0.000000 0.000000
v 33.525444 -0.000000 -3.648820
v 33.467911 -0.000000 -3.714425
v 33.267948 -0.000000 -4.000000
v 33.225979 -0.000000 -4.076503
v 32.911129 0.000000 0.000000
v 33.225979 -0.000000 -4.076503
v 33.187386 -0.000000 -4.154764
v 32.911129 0.000000 0.000000
v 32.911129 0.000000 0.000000
v 33.187386 -0.000000 -4.154764
v 33.152241 -0.000000 -4.234633
v 33.047409 -0.000000 -4.567121
v 33.030384 -0.000000 -4.652704
v 32.911129 0.000000 0.000000
v 33.030384 -0.000000 -4.652704
v 33.017109 -0.000000 -4.738948
v 32.911129 0.000000 0.000000
v 32.911129 0.000000 0.000000
v 33.017109 -0.000000 -4.738948
v 33.007610 -0.000000 -4.825688
v 33.225979 -0.000000 -5.923497
v 33.267948 -0.000000 -6.000000
v 32.911129 -0.000002 -8.500000
v 33.267948 -0.000000 -6.000000
v 33.313217 -0.000000 -6.074599
v 32.911129 -0.000002 -8.500000
v 32.911129 -0.000002 -8.500000
v 33.313217 -0.000000 -6.074599
v 33.361694 -0.000000 -6.147153
v 32.911129 -0.000002 -8.500000
v 33.525444 -0.000000 -6.351181
v 33.585785 -0.000000 -6.414214
v 34.154766 -0.000002 -6.812616
v 34.234631 -0.000002 -6.847759
v 32.911129 -0.000002 -8.500000
v 34.234631 -0.000002 -6.847759
v 34.315960 -0.000002 -6.879385
v 32.911129 -0.000002 -8.500000
v 32.911129 -0.000002 -8.500000
v 34.315960 -0.000002 -6.879385
v 34.398590 -0.000002 -6.907434
v 35.923496 -0.000002 -6.774022
v 36.000000 -0.000002 -6.732051
v 39.395535 -0.000002 -8.503471
v 36.000000 -0.000002 -6.732051
v 36.074596 -0.000002 -6.686783
v 39.395535 -0.000002 -8.503471
v 39.395535 -0.000002 -8.503471
v 36.074596 -0.000002 -6.686783
v 36.147152 -0.000002 -6.638304
v 36.474556 -0.000000 -6.351181
v 39.395535 -0.000002 -8.503471
v 36.414215 -0.000000 -6.414214
v 39.395535 -0.000002 -8.503471
v 36.351181 -0.000000 -6.474555
v 36.414215 -0.000000 -6.414214
v 36.474556 -0.000000 -6.351181
v 36.532089 -0.000000 -6.285575
v 39.395535 -0.000002 -8.503471
v 36.532089 -0.000000 -6.285575
v 36.586704 -0.000000 -6.217523
v 39.395535 -0.000002 -8.503471
v 39.395535 -0.000002 -8.503471
v 36.586704 -0.000000 -6.217523
v 36.638306 -0.000000 -6.147153
v 36.992390 -0.000000 -5.174311
v 36.998096 -0.000000 -5.087239
v 39.720314 -0.000000 -3.149174
v 36.998096 -0.000000 -5.087239
v 37.000000 -0.000000 -5.000000
v 39.720314 -0.000000 -3.149174
v 38.303314 -0.000000 -0.449344
v 36.217522 -0.000000 -3.413293
v 36.147152 -0.000000 -3.361696
v 36.074596 -0.000000 -3.313217
v 38.080292 -0.000000 -0.324079
v 36.147152 -0.000000 -3.361696
v 38.080292 -0.000000 -0.324079
v 38.193142 -0.000000 -0.384333
v 36.147152 -0.000000 -3.361696
v 36.147152 -0.000000 -3.361696
v 38.193142 -0.000000 -0.384333
v 38.303314 -0.000000 -0.449344
v 33.001904 -0.000000 -5.087239
v 33.007610 -0.000000 -5.174311
v 32.911129 -0.000002 -8.500000
v 33.007610 -0.000000 -5.174311
v 33.017109 -0.000000 -5.261053
v 32.911129 -0.000002 -8.500000
v 32.911129 -0.000002 -8.500000
v 33.017109 -0.000000 -5.261053
v 33.030384 -0.000000 -5.347296
v 33.361694 -0.000000 -6.147153
v 33.413296 -0.000000 -6.217523
v 32.911129 -0.000002 -8.500000
v 33.413296 -0.000000 -6.217523
v 33.467911 -0.000000 -6.285575
v 32.911129 -0.000002 -8.500000
v 32.911129 -0.000002 -8.500000
v 33.467911 -0.000000 -6.285575
v 33.525444 -0.000000 -6.351181
v 33.585785 -0.000000 -6.414214
v 33.648819 -0.000000 -6.474555
v 32.911129 -0.000002 -8.500000
v 33.648819 -0.000000 -6.474555
v 33.714424 -0.000000 -6.532089
v 32.911129 -0.000002 -8.500000
v 32.911129 -0.000002 -8.500000
v 33.714424 -0.000000 -6.532089
v 33.782478 -0.000000 -6.586707
v 33.782478 -0.000000 -6.586707
v 33.852844 -0.000002 -6.638304
v 32.911129 -0.000002 -8.500000
v 33.852844 -0.000002 -6.638304
v 33.925400 -0.000002 -6.686783
v 32.911129 -0.000002 -8.500000
v 32.911129 -0.000002 -8.500000
v 33.925400 -0.000002 -6.686783
v 34.000000 -0.000002 -6.732051
v 36.147152 -0.000002 -6.638304
v 36.217522 -0.000000 -6.586707
v 39.395535 -0.000002 -8.503471
v 36.217522 -0.000000 -6.586707
v 36.285576 -0.000000 -6.532089
v 39.395535 -0.000002 -8.503471
v 39.395535 -0.000002 -8.503471
v 36.285576 -0.000000 -6.532089
v 36.351181 -0.000000 -6.474555
v 37.000000 -0.000000 -5.000000
v 36.998096 -0.000000 -4.912761
v 39.720314 -0.000000 -3.149174
v 36.998096 -0.000000 -4.912761
v 36.992390 -0.000000 -4.825688
v 39.720314 -0.000000 -3.149174
v 39.720314 -0.000000 -3.149174
v 36.992390 -0.000000 -4.825688
v 36.982891 -0.000000 -4.738948
v 36.982891 -0.000000 -4.738948
v 36.969616 -0.000000 -4.652704
v 39.720314 -0.000000 -3.149174
v 36.969616 -0.000000 -4.652704
v 36.952591 -0.000000 -4.567121
v 39.720314 -0.000000 -3.149174
v 39.720314 -0.000000 -3.149174
v 36.952591 -0.000000 -4.567121
v 36.931850 -0.000000 -4.482362
v 36.474556 -0.000000 -3.648820
v 36.414215 -0.000000 -3.585786
v 39.065708 -0.000000 -1.124760
v 35.684040 -0.000000 -3.120615
v 35.601410 -0.000000 -3.092566
v 36.724026 0.000000 0.000000
v 35.347298 -0.000000 -3.030385
v 35.261055 -0.000000 -3.017110
v 36.724026 0.000000 0.000000
v 35.261055 -0.000000 -3.017110
v 35.174309 -0.000000 -3.007611
v 36.724026 0.000000 0.000000
v 36.724026 0.000000 0.000000
v 35.174309 -0.000000 -3.007611
v 35.087238 -0.000000 -3.001904
v 36.351181 -0.000000 -3.525445
v 38.897446 -0.000000 -0.932093
v 36.414215 -0.000000 -3.585786
v 38.897446 -0.000000 -0.932093
v 38.983631 -0.000000 -1.026632
v 36.414215 -0.000000 -3.585786
v 36.414215 -0.000000 -3.585786
v 38.983631 -0.000000 -1.026632
v 39.065708 -0.000000 -1.124760
v 38.303314 -0.000000 -0.449344
v 38.410622 -0.000000 -0.518993
v 36.217522 -0.000000 -3.413293
v 38.410622 -0.000000 -0.518993
v 38.514858 -0.000000 -0.593153
v 36.217522 -0.000000 -3.413293
v 36.217522 -0.000000 -3.413293
v 38.514858 -0.000000 -0.593153
v 36.285576 -0.000000 -3.467911
v 35.601410 -0.000000 -3.092566
v 35.517635 -0.000000 -3.068148
v 36.724026 0.000000 0.000000
v 35.517635 -0.000000 -3.068148
v 35.432880 -0.000000 -3.047408
v 36.724026 0.000000 0.000000
v 36.724026 0.000000 0.000000
v 35.432880 -0.000000 -3.047408
v 35.347298 -0.000000 -3.030385
v 36.931850 -0.000000 -5.517638
v 36.952591 -0.000000 -5.432879
v 39.395535 -0.000002 -8.503471
v 36.952591 -0.000000 -5.432879
v 36.969616 -0.000000 -5.347296
v 39.395535 -0.000002 -8.503471
v 39.395535 -0.000002 -8.503471
v 36.969616 -0.000000 -5.347296
v 39.720314 -0.000000 -3.149174
v 36.969616 -0.000000 -5.347296
v 36.982891 -0.000000 -5.261053
v 39.720314 -0.000000 -3.149174
v 39.720314 -0.000000 -3.149174
v 36.982891 -0.000000 -5.261053
v 36.992390 -0.000000 -5.174311
v 36.931850 -0.000000 -4.482362
v 36.907433 -0.000000 -4.398589
v 39.720314 -0.000000 -3.149174
v 36.907433 -0.000000 -4.398589
v 36.879387 -0.000000 -4.315960
v 39.720314 -0.000000 -3.149174
v 39.720314 -0.000000 -3.149174
v 36.879387 -0.000000 -4.315960
v 39.723953 -0.000000 -3.021297
v 36.879387 -0.000000 -4.315960
v 36.847759 -0.000000 -4.234633
v 39.723953 -0.000000 -3.021297
v 39.723953 -0.000000 -3.021297
v 36.847759 -0.000000 -4.234633
v 39.722134 -0.000000 -2.893383
v 36.847759 -0.000000 -4.234633
v 36.812614 -0.000000 -4.154764
v 39.722134 -0.000000 -2.893383
v 36.774021 -0.000000 -4.076503
v 39.702152 -0.000000 -2.638367
v 36.812614 -0.000000 -4.154764
v 39.702152 -0.000000 -2.638367
v 39.714863 -0.000000 -2.765662
v 36.812614 -0.000000 -4.154764
v 36.812614 -0.000000 -4.154764
v 39.714863 -0.000000 -2.765662
v 39.722134 -0.000000 -2.893383
v 38.514858 -0.000000 -0.593153
v 38.615845 -0.000000 -0.671690
v 36.285576 -0.000000 -3.467911
v 38.615845 -0.000000 -0.671690
v 38.713387 -0.000000 -0.754460
v 36.285576 -0.000000 -3.467911
v 36.285576 -0.000000 -3.467911
v 38.713387 -0.000000 -0.754460
v 36.351181 -0.000000 -3.525445
v 38.713387 -0.000000 -0.754460
v 38.807312 -0.000000 -0.841314
v 36.351181 -0.000000 -3.525445
v 36.351181 -0.000000 -3.525445
v 38.807312 -0.000000 -0.841314
v 38.897446 -0.000000 -0.932093
v 36.000000 -0.000000 -3.267949
v 37.847404 -0.000000 -0.218269
v 36.074596 -0.000000 -3.313217
v 37.847404 -0.000000 -0.218269
v 37.964973 -0.000000 -0.268691
v 36.074596 -0.000000 -3.313217
v 36.074596 -0.000000 -3.313217
v 37.964973 -0.000000 -0.268691
v 38.080292 -0.000000 -0.324079
v 35.923496 -0.000000 -3.225978
v 37.606346 -0.000000 -0.132682
v 36.000000 -0.000000 -3.267949
v 37.606346 -0.000000 -0.132682
v 37.727787 -0.000000 -0.172905
v 36.000000 -0.000000 -3.267949
v 36.000000 -0.000000 -3.267949
v 37.727787 -0.000000 -0.172905
v 37.847404 -0.000000 -0.218269
v 35.765369 -0.000000 -3.152241
v 37.233299 -0.000000 -0.043542
v 35.845234 -0.000000 -3.187384
v 37.233299 -0.000000 -0.043542
v 37.358875 -0.000000 -0.067942
v 35.845234 -0.000000 -3.187384
v 35.845234 -0.000000 -3.187384
v 37.358875 -0.000000 -0.067942
v 35.923496 -0.000000 -3.225978
v 37.358875 -0.000000 -0.067942
v 37.483303 -0.000000 -0.097673
v 35.923496 -0.000000 -3.225978
v 35.923496 -0.000000 -3.225978
v 37.483303 -0.000000 -0.097673
v 37.606346 -0.000000 -0.132682
v 36.724026 0.000000 0.000000
v 36.851929 -0.000000 -0.002728
v 35.684040 -0.000000 -3.120615
v 36.851929 -0.000000 -0.002728
v 36.979595 -0.000000 -0.010905
v 35.684040 -0.000000 -3.120615
v 35.684040 -0.000000 -3.120615
v 36.979595 -0.000000 -0.010905
v 35.765369 -0.000000 -3.152241
v 36.979595 -0.000000 -0.010905
v 37.106792 -0.000000 -0.024519
v 35.765369 -0.000000 -3.152241
v 35.765369 -0.000000 -3.152241
v 37.106792 -0.000000 -0.024519
v 37.233299 -0.000000 -0.043542
v 36.732052 -0.000000 -4.000000
v 39.660519 -0.000000 -2.385980
v 36.774021 -0.000000 -4.076503
v 39.660519 -0.000000 -2.385980
v 39.684029 -0.000000 -2.511730
v 36.774021 -0.000000 -4.076503
v 36.774021 -0.000000 -4.076503
v 39.684029 -0.000000 -2.511730
v 39.702152 -0.000000 -2.638367
v 36.638306 -0.000000 -3.852847
v 36.586704 -0.000000 -3.782477
v 39.464077 -0.000000 -1.778475
v 39.464077 -0.000000 -1.778475
v 39.513664 -0.000000 -1.896402
v 36.638306 -0.000000 -3.852847
v 39.513664 -0.000000 -1.896402
v 39.558174 -0.000000 -2.016335
v 36.638306 -0.000000 -3.852847
v 36.638306 -0.000000 -3.852847
v 39.558174 -0.000000 -2.016335
v 36.686783 -0.000000 -3.925401
v 39.558174 -0.000000 -2.016335
v 39.597538 -0.000000 -2.138058
v 36.686783 -0.000000 -3.925401
v 36.686783 -0.000000 -3.925401
v 39.597538 -0.000000 -2.138058
v 36.732052 -0.000000 -4.000000
v 39.597538 -0.000000 -2.138058
v 39.631672 -0.000000 -2.261347
v 36.732052 -0.000000 -4.000000
v 36.732052 -0.000000 -4.000000
v 39.631672 -0.000000 -2.261347
v 39.660519 -0.000000 -2.385980
v 36.532089 -0.000000 -3.714425
v 39.350060 -0.000000 -1.549495
v 36.586704 -0.000000 -3.782477
v 39.350060 -0.000000 -1.549495
v 39.409512 -0.000000 -1.662769
v 36.586704 -0.000000 -3.782477
v 36.586704 -0.000000 -3.782477
v 39.409512 -0.000000 -1.662769
v 39.464077 -0.000000 -1.778475
v 39.065708 -0.000000 -1.124760
v 39.143528 -0.000000 -1.226298
v 36.474556 -0.000000 -3.648820
v 39.143528 -0.000000 -1.226298
v 39.216946 -0.000000 -1.331061
v 36.474556 -0.000000 -3.648820
v 36.474556 -0.000000 -3.648820
v 39.216946 -0.000000 -1.331061
v 36.532089 -0.000000 -3.714425
v 39.216946 -0.000000 -1.331061
v 39.285831 -0.000000 -1.438859
v 36.532089 -0.000000 -3.714425
v 36.532089 -0.000000 -3.714425
v 39.285831 -0.000000 -1.438859
v 39.350060 -0.000000 -1.549495
v 4.398589 -0.000002 -6.907434
v 4.482362 -0.000002 -6.931851
v 0.000000 -0.000002 -8.500000
v 4.000000 -0.000002 -6.732051
v 4.076503 -0.000002 -6.774022
v 0.000000 -0.000002 -8.500000
v 4.076503 -0.000002 -6.774022
v 4.154764 -0.000002 -6.812616
v 0.000000 -0.000002 -8.500000
v 4.482362 -0.000002 -6.931851
v 4.567121 -0.000002 -6.952592
v 0.000000 -0.000002 -8.500000
v 4.567121 -0.000002 -6.952592
v 4.652704 -0.000002 -6.969615
v 0.000000 -0.000002 -8.500000
v 0.000000 -0.000002 -8.500000
v 4.652704 -0.000002 -6.969615
v 4.738948 -0.000002 -6.982890
v 5.000000 -0.000000 -3.000000
v 4.912761 -0.000000 -3.001904
v 3.000000 0.000000 0.000000
v 4.912761 -0.000000 -3.001904
v 4.825688 -0.000000 -3.007611
v 3.000000 0.000000 0.000000
v 3.000000 0.000000 0.000000
v 4.825688 -0.000000 -3.007611
v 4.738948 -0.000000 -3.017110
v 4.738948 -0.000000 -3.017110
v 4.652704 -0.000000 -3.030385
v 3.000000 0.000000 0.000000
v 4.652704 -0.000000 -3.030385
v 4.567121 -0.000000 -3.047408
v 3.000000 0.000000 0.000000
v 3.000000 0.000000 0.000000
v 4.567121 -0.000000 -3.047408
v 4.482362 -0.000000 -3.068148
v 4.154764 -0.000002 -6.812616
v 4.234633 -0.000002 -6.847759
v 0.000000 -0.000002 -8.500000
v 4.234633 -0.000002 -6.847759
v 4.315960 -0.000002 -6.879385
v 0.000000 -0.000002 -8.500000
v 0.000000 -0.000002 -8.500000
v 4.315960 -0.000002 -6.879385
v 4.398589 -0.000002 -6.907434
v 3.313217 -0.000000 -6.074599
v 0.000000 -0.000002 -8.500000
v 3.267949 -0.000000 -6.000000
v 0.000000 -0.000002 -8.500000
v 3.225978 -0.000000 -5.923497
v 3.267949 -0.000000 -6.000000
v 4.738948 -0.000002 -6.982890
v 4.825688 -0.000002 -6.992390
v 0.000000 -0.000002 -8.500000
v 4.825688 -0.000002 -6.992390
v 4.912761 -0.000002 -6.998096
v 0.000000 -0.000002 -8.500000
v 0.000000 -0.000002 -8.500000
v 4.912761 -0.000002 -6.998096
v 5.000000 -0.000002 -7.000000
v 5.765367 -0.000002 -6.847759
v 5.845237 -0.000002 -6.812616
v 25.644754 -0.000002 -8.500000
v 3.852847 -0.000000 -3.361696
v 3.782477 -0.000000 -3.413293
v 1.614754 -0.000000 -0.338968
v 3.092566 -0.000000 -5.601412
v 3.120615 -0.000000 -5.684041
v 0.000000 -0.000002 -8.500000
v 3.782477 -0.000000 -6.586707
v 0.000000 -0.000002 -8.500000
v 3.714425 -0.000000 -6.532089
v 0.000000 -0.000002 -8.500000
v 3.648820 -0.000000 -6.474555
v 3.714425 -0.000000 -6.532089
v 3.782477 -0.000000 -6.586707
v 3.852847 -0.000002 -6.638304
v 0.000000 -0.000002 -8.500000
v 3.852847 -0.000002 -6.638304
v 3.925401 -0.000002 -6.686783
v 0.000000 -0.000002 -8.500000
v 0.000000 -0.000002 -8.500000
v 3.925401 -0.000002 -6.686783
v 4.000000 -0.000002 -6.732051
v 0.788168 -0.000000 -0.973229
v 3.585786 -0.000000 -3.585786
v 3.525445 -0.000000 -3.648820
v 3.120615 -0.000000 -5.684041
v 3.152241 -0.000000 -5.765367
v 0.000000 -0.000002 -8.500000
v 3.152241 -0.000000 -5.765367
v 3.187384 -0.000000 -5.845237
v 0.000000 -0.000002 -8.500000
v 0.000000 -0.000002 -8.500000
v 3.187384 -0.000000 -5.845237
v 3.225978 -0.000000 -5.923497
v 3.313217 -0.000000 -6.074599
v 3.361696 -0.000000 -6.147153
v 0.000000 -0.000002 -8.500000
v 3.361696 -0.000000 -6.147153
v 3.413293 -0.000000 -6.217523
v 0.000000 -0.000002 -8.500000
v 0.000000 -0.000002 -8.500000
v 3.413293 -0.000000 -6.217523
v 3.467911 -0.000000 -6.285575
v 3.467911 -0.000000 -6.285575
v 3.525445 -0.000000 -6.351181
v 0.000000 -0.000002 -8.500000
v 3.525445 -0.000000 -6.351181
v 3.585786 -0.000000 -6.414214
v 0.000000 -0.000002 -8.500000
v 0.000000 -0.000002 -8.500000
v 3.585786 -0.000000 -6.414214
v 3.648820 -0.000000 -6.474555
v 5.845237 -0.000002 -6.812616
v 5.923497 -0.000002 -6.774022
v 25.644754 -0.000002 -8.500000
v 5.923497 -0.000002 -6.774022
v 6.000000 -0.000002 -6.732051
v 25.644754 -0.000002 -8.500000
v 25.644754 -0.000002 -8.500000
v 6.000000 -0.000002 -6.732051
v 6.074599 -0.000002 -6.686783
v 4.076503 -0.000000 -3.225978
v 4.000000 -0.000000 -3.267949
v 2.350681 -0.000000 -0.071112
v 3.925401 -0.000000 -3.313217
v 2.097883 -0.000000 -0.138849
v 4.000000 -0.000000 -3.267949
v 2.097883 -0.000000 -0.138849
v 2.223543 -0.000000 -0.102223
v 4.000000 -0.000000 -3.267949
v 4.000000 -0.000000 -3.267949
v 2.223543 -0.000000 -0.102223
v 2.350681 -0.000000 -0.071112
v 1.614754 -0.000000 -0.338968
v 1.732145 -0.000000 -0.281077
v 3.852847 -0.000000 -3.361696
v 1.732145 -0.000000 -0.281077
v 1.851950 -0.000000 -0.228361
v 3.852847 -0.000000 -3.361696
v 3.852847 -0.000000 -3.361696
v 1.851950 -0.000000 -0.228361
v 3.925401 -0.000000 -3.313217
v 1.851950 -0.000000 -0.228361
v 1.973940 -0.000000 -0.180922
v 3.925401 -0.000000 -3.313217
v 3.925401 -0.000000 -3.313217
v 1.973940 -0.000000 -0.180922
v 2.097883 -0.000000 -0.138849
v 0.788168 -0.000000 -0.973229
v 0.878680 -0.000000 -0.878680
v 3.585786 -0.000000 -3.585786
v 0.878680 -0.000000 -0.878680
v 0.973229 -0.000000 -0.788168
v 3.585786 -0.000000 -3.585786
v 3.585786 -0.000000 -3.585786
v 0.973229 -0.000000 -0.788168
v 3.648820 -0.000000 -3.525445
v 3.467911 -0.000000 -3.714425
v 0.619940 -0.000000 -1.173716
v 3.525445 -0.000000 -3.648820
v 0.619940 -0.000000 -1.173716
v 0.701867 -0.000000 -1.071637
v 3.525445 -0.000000 -3.648820
v 3.525445 -0.000000 -3.648820
v 0.701867 -0.000000 -1.071637
v 0.788168 -0.000000 -0.973229
v 3.120615 -0.000000 -4.315960
v 3.092566 -0.000000 -4.398589
v 0.000000 -0.000000 -3.000000
v 3.092566 -0.000000 -4.398589
v 3.068148 -0.000000 -4.482362
v 0.000000 -0.000000 -3.000000
v 5.432879 -0.000002 -6.952592
v 5.517638 -0.000002 -6.931851
v 25.644754 -0.000002 -8.500000
v 5.432879 -0.000002 -6.952592
v 25.644754 -0.000002 -8.500000
v 5.347296 -0.000002 -6.969615
v 5.517638 -0.000002 -6.931851
v 5.601412 -0.000002 -6.907434
v 25.644754 -0.000002 -8.500000
v 5.601412 -0.000002 -6.907434
v 5.684041 -0.000002 -6.879385
v 25.644754 -0.000002 -8.500000
v 25.644754 -0.000002 -8.500000
v 5.684041 -0.000002 -6.879385
v 5.765367 -0.000002 -6.847759
v 4.482362 -0.000000 -3.068148
v 4.398589 -0.000000 -3.092566
v 3.000000 0.000000 0.000000
v 4.398589 -0.000000 -3.092566
v 4.315960 -0.000000 -3.120615
v 3.000000 0.000000 0.000000
v 3.000000 0.000000 0.000000
v 4.315960 -0.000000 -3.120615
v 2.869142 -0.000000 -0.002855
v 4.315960 -0.000000 -3.120615
v 4.234633 -0.000000 -3.152241
v 2.869142 -0.000000 -0.002855
v 2.869142 -0.000000 -0.002855
v 4.234633 -0.000000 -3.152241
v 2.738533 -0.000000 -0.011416
v 4.234633 -0.000000 -3.152241
v 4.154764 -0.000000 -3.187384
v 2.738533 -0.000000 -0.011416
v 2.738533 -0.000000 -0.011416
v 4.154764 -0.000000 -3.187384
v 2.608422 -0.000000 -0.025665
v 4.154764 -0.000000 -3.187384
v 4.076503 -0.000000 -3.225978
v 2.608422 -0.000000 -0.025665
v 2.608422 -0.000000 -0.025665
v 4.076503 -0.000000 -3.225978
v 2.479055 -0.000000 -0.045577
v 4.076503 -0.000000 -3.225978
v 2.350681 -0.000000 -0.071112
v 2.479055 -0.000000 -0.045577
v 3.714425 -0.000000 -3.467911
v 1.388101 -0.000000 -0.469826
v 3.782477 -0.000000 -3.413293
v 1.388101 -0.000000 -0.469826
v 1.500000 -0.000000 -0.401924
v 3.782477 -0.000000 -3.413293
v 3.782477 -0.000000 -3.413293
v 1.500000 -0.000000 -0.401924
v 1.614754 -0.000000 -0.338968
v 0.973229 -0.000000 -0.788168
v 1.071637 -0.000000 -0.701867
v 3.648820 -0.000000 -3.525445
v 1.071637 -0.000000 -0.701867
v 1.173716 -0.000000 -0.619940
v 3.648820 -0.000000 -3.525445
v 3.648820 -0.000000 -3.525445
v 1.173716 -0.000000 -0.619940
v 3.714425 -0.000000 -3.467911
v 1.173716 -0.000000 -0.619940
v 1.279271 -0.000000 -0.542544
v 3.714425 -0.000000 -3.467911
v 3.714425 -0.000000 -3.467911
v 1.279271 -0.000000 -0.542544
v 1.388101 -0.000000 -0.469826
v 3.030385 -0.000000 -5.347296
v 3.047408 -0.000000 -5.432879
v 0.000000 -0.000002 -8.500000
v 3.047408 -0.000000 -5.432879
v 3.068148 -0.000000 -5.517638
v 0.000000 -0.000002 -8.500000
v 0.000000 -0.000002 -8.500000
v 3.068148 -0.000000 -5.517638
v 3.092566 -0.000000 -5.601412
v 5.000000 -0.000002 -7.000000
v 5.087239 -0.000002 -6.998096
v 0.000000 -0.000002 -8.500000
v 5.087239 -0.000002 -6.998096
v 5.174311 -0.000002 -6.992390
v 0.000000 -0.000002 -8.500000
v 0.000000 -0.000002 -8.500000
v 5.174311 -0.000002 -6.992390
v 25.644754 -0.000002 -8.500000
v 5.174311 -0.000002 -6.992390
v 5.261053 -0.000002 -6.982890
v 25.644754 -0.000002 -8.500000
v 25.644754 -0.000002 -8.500000
v 5.261053 -0.000002 -6.982890
v 5.347296 -0.000002 -6.969615
v 6.074599 -0.000002 -6.686783
v 6.147153 -0.000002 -6.638304
v 25.644754 -0.000002 -8.500000
v 6.147153 -0.000002 -6.638304
v 6.217523 -0.000000 -6.586707
v 25.644754 -0.000002 -8.500000
v 25.644754 -0.000002 -8.500000
v 6.217523 -0.000000 -6.586707
v 6.285575 -0.000000 -6.532089
v 6.285575 -0.000000 -6.532089
v 6.351181 -0.000000 -6.474555
v 25.644754 -0.000002 -8.500000
v 6.351181 -0.000000 -6.474555
v 6.414214 -0.000000 -6.414214
v 25.644754 -0.000002 -8.500000
v 25.644754 -0.000002 -8.500000
v 6.414214 -0.000000 -6.414214
v 6.474555 -0.000000 -6.351181
v 6.474555 -0.000000 -6.351181
v 6.532089 -0.000000 -6.285575
v 25.644754 -0.000002 -8.500000
v 6.532089 -0.000000 -6.285575
v 6.586707 -0.000000 -6.217523
v 25.644754 -0.000002 -8.500000
v 25.644754 -0.000002 -8.500000
v 6.586707 -0.000000 -6.217523
v 6.638304 -0.000000 -6.147153
v 6.638304 -0.000000 -6.147153
v 6.686783 -0.000000 -6.074599
v 25.644754 -0.000002 -8.500000
v 6.686783 -0.000000 -6.074599
v 6.732051 -0.000000 -6.000000
v 25.644754 -0.000002 -8.500000
v 25.644754 -0.000002 -8.500000
v 6.732051 -0.000000 -6.000000
v 6.774022 -0.000000 -5.923497
v 6.952592 -0.000000 -4.567121
v 6.931851 -0.000000 -4.482362
v 25.644754 0.000000 0.000000
v 6.732051 -0.000000 -4.000000
v 6.686783 -0.000000 -3.925401
v 25.644754 0.000000 0.000000
v 6.686783 -0.000000 -3.925401
v 6.638304 -0.000000 -3.852847
v 25.644754 0.000000 0.000000
v 25.644754 0.000000 0.000000
v 6.638304 -0.000000 -3.852847
v 6.586707 -0.000000 -3.782477
v 6.586707 -0.000000 -3.782477
v 6.532089 -0.000000 -3.714425
v 25.644754 0.000000 0.000000
v 6.532089 -0.000000 -3.714425
v 6.474555 -0.000000 -3.648820
v 25.644754 0.000000 0.000000
v 25.644754 0.000000 0.000000
v 6.474555 -0.000000 -3.648820
v 6.414214 -0.000000 -3.585786
v 3.413293 -0.000000 -3.782477
v 0.469826 -0.000000 -1.388101
v 3.467911 -0.000000 -3.714425
v 0.469826 -0.000000 -1.388101
v 0.542544 -0.000000 -1.279271
v 3.467911 -0.000000 -3.714425
v 3.467911 -0.000000 -3.714425
v 0.542544 -0.000000 -1.279271
v 0.619940 -0.000000 -1.173716
v 3.361696 -0.000000 -3.852847
v 0.338968 -0.000000 -1.614754
v 3.413293 -0.000000 -3.782477
v 0.338968 -0.000000 -1.614754
v 0.401924 -0.000000 -1.500000
v 3.413293 -0.000000 -3.782477
v 3.413293 -0.000000 -3.782477
v 0.401924 -0.000000 -1.500000
v 0.469826 -0.000000 -1.388101
v 3.313217 -0.000000 -3.925401
v 0.228361 -0.000000 -1.851950
v 3.361696 -0.000000 -3.852847
v 0.228361 -0.000000 -1.851950
v 0.281077 -0.000000 -1.732145
v 3.361696 -0.000000 -3.852847
v 3.361696 -0.000000 -3.852847
v 0.281077 -0.000000 -1.732145
v 0.338968 -0.000000 -1.614754
v 3.267949 -0.000000 -4.000000
v 0.138849 -0.000000 -2.097883
v 3.313217 -0.000000 -3.925401
v 0.138849 -0.000000 -2.097883
v 0.180922 -0.000000 -1.973940
v 3.313217 -0.000000 -3.925401
v 3.313217 -0.000000 -3.925401
v 0.180922 -0.000000 -1.973940
v 0.228361 -0.000000 -1.851950
v 3.225978 -0.000000 -4.076503
v 0.071112 -0.000000 -2.350681
v 3.267949 -0.000000 -4.000000
v 0.071112 -0.000000 -2.350681
v 0.102223 -0.000000 -2.223543
v 3.267949 -0.000000 -4.000000
v 3.267949 -0.000000 -4.000000
v 0.102223 -0.000000 -2.223543
v 0.138849 -0.000000 -2.097883
v 25.644754 -0.000002 -8.500000
v 6.879385 -0.000000 -5.684041
v 6.907434 -0.000000 -5.601412
v 25.644754 0.000000 0.000000
v 6.000000 -0.000000 -3.267949
v 5.923497 -0.000000 -3.225978
v 5.601412 -0.000000 -3.092566
v 5.517638 -0.000000 -3.068148
v 3.000000 0.000000 0.000000
v 5.517638 -0.000000 -3.068148
v 5.432879 -0.000000 -3.047408
v 3.000000 0.000000 0.000000
v 3.000000 0.000000 0.000000
v 5.432879 -0.000000 -3.047408
v 5.347296 -0.000000 -3.030385
v 5.347296 -0.000000 -3.030385
v 5.261053 -0.000000 -3.017110
v 3.000000 0.000000 0.000000
v 5.261053 -0.000000 -3.017110
v 5.174311 -0.000000 -3.007611
v 3.000000 0.000000 0.000000
v 3.000000 0.000000 0.000000
v 5.174311 -0.000000 -3.007611
v 5.087239 -0.000000 -3.001904
v 3.187384 -0.000000 -4.154764
v 0.025665 -0.000000 -2.608422
v 3.225978 -0.000000 -4.076503
v 0.025665 -0.000000 -2.608422
v 0.045577 -0.000000 -2.479055
v 3.225978 -0.000000 -4.076503
v 3.225978 -0.000000 -4.076503
v 0.045577 -0.000000 -2.479055
v 0.071112 -0.000000 -2.350681
v 3.120615 -0.000000 -4.315960
v 0.000000 -0.000000 -3.000000
v 3.152241 -0.000000 -4.234633
v 0.000000 -0.000000 -3.000000
v 0.002855 -0.000000 -2.869142
v 3.152241 -0.000000 -4.234633
v 3.152241 -0.000000 -4.234633
v 0.002855 -0.000000 -2.869142
v 3.187384 -0.000000 -4.154764
v 0.002855 -0.000000 -2.869142
v 0.011416 -0.000000 -2.738533
v 3.187384 -0.000000 -4.154764
v 3.187384 -0.000000 -4.154764
v 0.011416 -0.000000 -2.738533
v 0.025665 -0.000000 -2.608422
v 3.068148 -0.000000 -4.482362
v 3.047408 -0.000000 -4.567121
v 0.000000 -0.000000 -3.000000
v 3.047408 -0.000000 -4.567121
v 3.030385 -0.000000 -4.652704
v 0.000000 -0.000000 -3.000000
v 0.000000 -0.000000 -3.000000
v 3.030385 -0.000000 -4.652704
v 3.017110 -0.000000 -4.738948
v 3.017110 -0.000000 -4.738948
v 3.007611 -0.000000 -4.825688
v 0.000000 -0.000000 -3.000000
v 3.007611 -0.000000 -4.825688
v 3.001904 -0.000000 -4.912761
v 0.000000 -0.000000 -3.000000
v 0.000000 -0.000000 -3.000000
v 3.001904 -0.000000 -4.912761
v 3.000000 -0.000000 -5.000000
v 6.774022 -0.000000 -5.923497
v 6.812616 -0.000000 -5.845237
v 25.644754 -0.000002 -8.500000
v 6.812616 -0.000000 -5.845237
v 6.847759 -0.000000 -5.765367
v 25.644754 -0.000002 -8.500000
v 25.644754 -0.000002 -8.500000
v 6.847759 -0.000000 -5.765367
v 6.879385 -0.000000 -5.684041
v 6.998096 -0.000000 -4.912761
v 6.992390 -0.000000 -4.825688
v 25.644754 0.000000 0.000000
v 6.847759 -0.000000 -4.234633
v 6.812616 -0.000000 -4.154764
v 25.644754 0.000000 0.000000
v 6.812616 -0.000000 -4.154764
v 6.774022 -0.000000 -4.076503
v 25.644754 0.000000 0.000000
v 25.644754 0.000000 0.000000
v 6.774022 -0.000000 -4.076503
v 6.732051 -0.000000 -4.000000
v 6.414214 -0.000000 -3.585786
v 6.351181 -0.000000 -3.525445
v 25.644754 0.000000 0.000000
v 6.351181 -0.000000 -3.525445
v 6.285575 -0.000000 -3.467911
v 25.644754 0.000000 0.000000
v 25.644754 0.000000 0.000000
v 6.285575 -0.000000 -3.467911
v 6.217523 -0.000000 -3.413293
v 6.217523 -0.000000 -3.413293
v 6.147153 -0.000000 -3.361696
v 25.644754 0.000000 0.000000
v 6.147153 -0.000000 -3.361696
v 6.074599 -0.000000 -3.313217
v 25.644754 0.000000 0.000000
v 25.644754 0.000000 0.000000
v 6.074599 -0.000000 -3.313217
v 6.000000 -0.000000 -3.267949
v 5.923497 -0.000000 -3.225978
v 5.845237 -0.000000 -3.187384
v 25.644754 0.000000 0.000000
v 5.845237 -0.000000 -3.187384
v 5.765367 -0.000000 -3.152241
v 25.644754 0.000000 0.000000
v 25.644754 0.000000 0.000000
v 5.765367 -0.000000 -3.152241
v 3.000000 0.000000 0.000000
v 5.765367 -0.000000 -3.152241
v 5.684041 -0.000000 -3.120615
v 3.000000 0.000000 0.000000
v 3.000000 0.000000 0.000000
v 5.684041 -0.000000 -3.120615
v 5.601412 -0.000000 -3.092566
v 3.000000 -0.000000 -5.000000
v 3.001904 -0.000000 -5.087239
v 0.000000 -0.000000 -3.000000
v 3.001904 -0.000000 -5.087239
v 3.007611 -0.000000 -5.174311
v 0.000000 -0.000000 -3.000000
v 0.000000 -0.000000 -3.000000
v 3.007611 -0.000000 -5.174311
v 0.000000 -0.000002 -8.500000
v 3.007611 -0.000000 -5.174311
v 3.017110 -0.000000 -5.261053
v 0.000000 -0.000002 -8.500000
v 0.000000 -0.000002 -8.500000
v 3.017110 -0.000000 -5.261053
v 3.030385 -0.000000 -5.347296
v 6.907434 -0.000000 -5.601412
v 6.931851 -0.000000 -5.517638
v 25.644754 -0.000002 -8.500000
v 6.931851 -0.000000 -5.517638
v 6.952592 -0.000000 -5.432879
v 25.644754 -0.000002 -8.500000
v 25.644754 -0.000002 -8.500000
v 6.952592 -0.000000 -5.432879
v 6.969615 -0.000000 -5.347296
v 6.931851 -0.000000 -4.482362
v 6.907434 -0.000000 -4.398589
v 25.644754 0.000000 0.000000
v 6.907434 -0.000000 -4.398589
v 6.879385 -0.000000 -4.315960
v 25.644754 0.000000 0.000000
v 25.644754 0.000000 0.000000
v 6.879385 -0.000000 -4.315960
v 6.847759 -0.000000 -4.234633
v 6.969615 -0.000000 -5.347296
v 6.982890 -0.000000 -5.261053
v 25.644754 -0.000002 -8.500000
v 6.982890 -0.000000 -5.261053
v 6.992390 -0.000000 -5.174311
v 25.644754 -0.000002 -8.500000
v 25.644754 -0.000002 -8.500000
v 6.992390 -0.000000 -5.174311
v 6.998096 -0.000000 -5.087239
v 6.998096 -0.000000 -4.912761
v 25.644754 0.000000 0.000000
v 7.000000 -0.000000 -5.000000
v 6.992390 -0.000000 -4.825688
v 6.982890 -0.000000 -4.738948
v 25.644754 0.000000 0.000000
v 6.982890 -0.000000 -4.738948
v 6.969615 -0.000000 -4.652704
v 25.644754 0.000000 0.000000
v 25.644754 0.000000 0.000000
v 6.969615 -0.000000 -4.652704
v 6.952592 -0.000000 -4.567121
v 0.763777 -0.000018 -123.336365
v 0.722246 -0.000018 -123.325325
v 0.000000 -0.000018 -122.364670
v 1.845706 -0.000018 -122.898315
v 0.848070 -0.000018 -123.353065
v 7.162917 -0.000018 -114.069641
v 0.000000 -0.000018 -122.364670
v 0.000000 -0.000018 -113.875107
v 1.800000 -0.000018 -119.197716
v 1.355282 -0.000018 -123.299431
v 1.314792 -0.000018 -123.313828
v 1.845706 -0.000018 -122.898315
v 1.845706 -0.000018 -122.898315
v 1.190139 -0.000018 -123.346428
v 1.147782 -0.000018 -123.353691
v 0.722246 -0.000018 -123.325325
v 0.681229 -0.000018 -123.312500
v 0.000000 -0.000018 -122.364670
v 0.681229 -0.000018 -123.312500
v 0.640800 -0.000018 -123.297928
v 0.000000 -0.000018 -122.364670
v 0.000000 -0.000018 -122.364670
v 0.640800 -0.000018 -123.297928
v 0.601034 -0.000018 -123.281639
v 1.581917 -0.000018 -123.177917
v 1.546439 -0.000018 -123.202164
v 1.845706 -0.000018 -122.898315
v 1.546439 -0.000018 -123.202164
v 1.509951 -0.000018 -123.224876
v 1.845706 -0.000018 -122.898315
v 1.845706 -0.000018 -122.898315
v 1.509951 -0.000018 -123.224876
v 1.472522 -0.000018 -123.245995
v 1.314792 -0.000018 -123.313828
v 1.273721 -0.000018 -123.326477
v 1.845706 -0.000018 -122.898315
v 1.273721 -0.000018 -123.326477
v 1.232144 -0.000018 -123.337349
v 1.845706 -0.000018 -122.898315
v 1.845706 -0.000018 -122.898315
v 1.232144 -0.000018 -123.337349
v 1.190139 -0.000018 -123.346428
v 1.147782 -0.000018 -123.353691
v 1.105153 -0.000018 -123.359131
v 1.845706 -0.000018 -122.898315
v 1.105153 -0.000018 -123.359131
v 1.062329 -0.000018 -123.362724
v 1.845706 -0.000018 -122.898315
v 1.845706 -0.000018 -122.898315
v 1.062329 -0.000018 -123.362724
v 1.019390 -0.000018 -123.364487
v 1.019390 -0.000018 -123.364487
v 0.976415 -0.000018 -123.364388
v 1.845706 -0.000018 -122.898315
v 0.976415 -0.000018 -123.364388
v 0.933484 -0.000018 -123.362457
v 1.845706 -0.000018 -122.898315
v 1.845706 -0.000018 -122.898315
v 0.933484 -0.000018 -123.362457
v 0.890676 -0.000018 -123.358673
v 0.000000 -0.000018 -122.364670
v 0.486445 -0.000018 -123.222725
v 0.450053 -0.000018 -123.199875
v 1.845706 -0.000018 -122.898315
v 1.821997 -0.000018 -122.934166
v 1.581917 -0.000018 -123.177917
v 1.821997 -0.000018 -122.934166
v 1.796770 -0.000018 -122.968956
v 1.581917 -0.000018 -123.177917
v 1.581917 -0.000018 -123.177917
v 1.796770 -0.000018 -122.968956
v 1.616321 -0.000018 -123.152168
v 1.796770 -0.000018 -122.968956
v 1.649586 -0.000018 -123.124954
v 1.616321 -0.000018 -123.152168
v 1.472522 -0.000018 -123.245995
v 1.434220 -0.000018 -123.265472
v 1.845706 -0.000018 -122.898315
v 1.434220 -0.000018 -123.265472
v 1.395116 -0.000018 -123.283302
v 1.845706 -0.000018 -122.898315
v 1.845706 -0.000018 -122.898315
v 1.395116 -0.000018 -123.283302
v 1.355282 -0.000018 -123.299431
v 0.601034 -0.000018 -123.281639
v 0.562005 -0.000018 -123.263649
v 0.000000 -0.000018 -122.364670
v 0.562005 -0.000018 -123.263649
v 0.523785 -0.000018 -123.244003
v 0.000000 -0.000018 -122.364670
v 0.000000 -0.000018 -122.364670
v 0.523785 -0.000018 -123.244003
v 0.486445 -0.000018 -123.222725
v 0.450053 -0.000018 -123.199875
v 0.414676 -0.000018 -123.175468
v 0.000000 -0.000018 -122.364670
v 0.414676 -0.000018 -123.175468
v 0.380381 -0.000018 -123.149574
v 0.000000 -0.000018 -122.364670
v 0.000000 -0.000018 -122.364670
v 0.380381 -0.000018 -123.149574
v 0.347230 -0.000018 -123.122223
v 0.347230 -0.000018 -123.122223
v 0.315284 -0.000018 -123.093475
v 0.000000 -0.000018 -122.364670
v 0.315284 -0.000018 -123.093475
v 0.284603 -0.000018 -123.063385
v 0.000000 -0.000018 -122.364670
v 0.000000 -0.000018 -122.364670
v 0.284603 -0.000018 -123.063385
v 0.255244 -0.000018 -123.032005
v 0.003692 -0.000018 -122.450523
v 0.000923 -0.000018 -122.407639
v 0.130070 -0.000018 -122.857849
v 0.000923 -0.000018 -122.407639
v 0.000000 -0.000018 -122.364670
v 0.130070 -0.000018 -122.857849
v 0.130070 -0.000018 -122.857849
v 0.000000 -0.000018 -122.364670
v 0.152063 -0.000018 -122.894760
v 0.000000 -0.000018 -122.364670
v 0.175621 -0.000018 -122.930702
v 0.152063 -0.000018 -122.894760
v 0.255244 -0.000018 -123.032005
v 0.227259 -0.000018 -122.999390
v 0.000000 -0.000018 -122.364670
v 0.227259 -0.000018 -122.999390
v 0.200702 -0.000018 -122.965607
v 0.000000 -0.000018 -122.364670
v 0.000000 -0.000018 -122.364670
v 0.200702 -0.000018 -122.965607
v 0.175621 -0.000018 -122.930702
v 0.130070 -0.000018 -122.857849
v 0.109684 -0.000018 -122.820015
v 0.003692 -0.000018 -122.450523
v 0.109684 -0.000018 -122.820015
v 0.090943 -0.000018 -122.781342
v 0.003692 -0.000018 -122.450523
v 0.003692 -0.000018 -122.450523
v 0.090943 -0.000018 -122.781342
v 0.008300 -0.000018 -122.493248
v 0.090943 -0.000018 -122.781342
v 0.014741 -0.000018 -122.535736
v 0.008300 -0.000018 -122.493248
v 0.044914 -0.000018 -122.661003
v 0.033064 -0.000018 -122.619690
v 0.058528 -0.000018 -122.701767
v 0.033064 -0.000018 -122.619690
v 0.073880 -0.000018 -122.741898
v 0.058528 -0.000018 -122.701767
v 1.796770 -0.000018 -122.968956
v 1.770071 -0.000018 -123.002625
v 1.649586 -0.000018 -123.124954
v 1.770071 -0.000018 -123.002625
v 1.741950 -0.000018 -123.035126
v 1.649586 -0.000018 -123.124954
v 1.649586 -0.000018 -123.124954
v 1.741950 -0.000018 -123.035126
v 1.681652 -0.000018 -123.096344
v 1.741950 -0.000018 -123.035126
v 1.712459 -0.000018 -123.066383
v 1.681652 -0.000018 -123.096344
v 0.073880 -0.000018 -122.741898
v 0.033064 -0.000018 -122.619690
v 0.090943 -0.000018 -122.781342
v 0.033064 -0.000018 -122.619690
v 0.023000 -0.000018 -122.577911
v 0.090943 -0.000018 -122.781342
v 0.090943 -0.000018 -122.781342
v 0.023000 -0.000018 -122.577911
v 0.014741 -0.000018 -122.535736
v 6.404593 -0.000016 -109.847748
v 1.800000 -0.000016 -102.477142
v 1.800000 -0.000016 -100.212257
v 12.107889 -0.000016 -105.027214
v 7.162917 -0.000018 -114.069641
v 7.010340 -0.000016 -108.552490
v 1.800000 -0.000014 -90.126244
v 1.800000 -0.000016 -100.212257
v 0.000000 -0.000016 -101.423584
v 1.800000 -0.000016 -100.212257
v 1.800000 -0.000016 -102.477142
v 0.000000 -0.000016 -101.423584
v 0.000000 -0.000016 -101.423584
v 1.800000 -0.000016 -102.477142
v 0.000000 -0.000018 -113.875107
v 1.800000 -0.000016 -102.477142
v 1.800000 -0.000018 -113.875107
v 0.000000 -0.000018 -113.875107
v 0.000000 -0.000018 -113.875107
v 1.800000 -0.000018 -113.875107
v 1.800000 -0.000018 -119.197716
v 1.800000 -0.000016 -100.212257
v 7.010340 -0.000016 -108.552490
v 6.404593 -0.000016 -109.847748
v 7.010340 -0.000016 -108.552490
v 7.162917 -0.000018 -114.069641
v 6.404593 -0.000016 -109.847748
v 6.404593 -0.000016 -109.847748
v 7.162917 -0.000018 -114.069641
v 1.800000 -0.000018 -119.197716
v 7.162917 -0.000018 -114.069641
v 0.848070 -0.000018 -123.353065
v 1.800000 -0.000018 -119.197716
v 1.800000 -0.000018 -119.197716
v 0.848070 -0.000018 -123.353065
v 0.000000 -0.000018 -122.364670
v 0.848070 -0.000018 -123.353065
v 0.805744 -0.000018 -123.345619
v 0.000000 -0.000018 -122.364670
v 0.000000 -0.000018 -122.364670
v 0.805744 -0.000018 -123.345619
v 0.763777 -0.000018 -123.336365
v 0.000000 -0.000016 -101.423584
v 0.000000 -0.000014 -87.635147
v 1.800000 -0.000014 -90.126244
v 0.000000 -0.000014 -87.635147
v 1.800000 -0.000014 -88.073891
v 1.800000 -0.000014 -90.126244
v 1.800000 -0.000014 -90.126244
v 1.800000 -0.000014 -88.073891
v 10.108701 -0.000016 -101.654388
v 1.800000 -0.000014 -88.073891
v 10.662220 -0.000016 -100.370033
v 10.108701 -0.000016 -101.654388
v 16.223970 -0.000014 -86.403404
v 20.847471 -0.000014 -86.364189
v 13.866414 -0.000014 -92.579681
v 20.847471 -0.000014 -86.364189
v 16.672047 -0.000014 -95.786720
v 13.866414 -0.000014 -92.579681
v 23.807467 -0.000012 -78.957275
v 19.171513 -0.000012 -78.025391
v 24.626919 -0.000012 -76.775970
v 19.171513 -0.000012 -78.025391
v 20.868191 -0.000010 -72.797913
v 24.626919 -0.000012 -76.775970
v 24.626919 -0.000012 -76.775970
v 20.868191 -0.000010 -72.797913
v 25.687456 -0.000012 -73.855865
v 20.868191 -0.000010 -72.797913
v 25.644754 -0.000010 -70.937248
v 25.687456 -0.000012 -73.855865
v 25.687456 -0.000012 -73.855865
v 25.644754 -0.000010 -70.937248
v 26.700487 -0.000010 -70.954140
v 25.644754 -0.000010 -70.937248
v 27.220219 -0.000010 -69.418762
v 26.700487 -0.000010 -70.954140
v 32.465580 -0.000008 -50.920654
v 32.516083 -0.000008 -51.346886
v 31.729963 -0.000008 -54.383240
v 33.559353 -0.000008 -47.059994
v 33.527351 -0.000008 -47.184723
v 32.911129 -0.000006 -44.918316
v 33.527351 -0.000008 -47.184723
v 32.949188 -0.000008 -49.602558
v 32.911129 -0.000006 -44.918316
v 32.911129 -0.000006 -44.918316
v 32.949188 -0.000008 -49.602558
v 32.465580 -0.000008 -50.920654
v 32.949188 -0.000008 -49.602558
v 32.620037 -0.000008 -50.933117
v 32.465580 -0.000008 -50.920654
v 32.465580 -0.000008 -50.920654
v 32.620037 -0.000008 -50.933117
v 32.516083 -0.000008 -51.346886
v 7.010340 -0.000016 -108.552490
v 10.108701 -0.000016 -101.654388
v 12.107889 -0.000016 -105.027214
v 10.108701 -0.000016 -101.654388
v 10.662220 -0.000016 -100.370033
v 12.107889 -0.000016 -105.027214
v 12.107889 -0.000016 -105.027214
v 10.662220 -0.000016 -100.370033
v 16.672047 -0.000014 -95.786720
v 10.662220 -0.000016 -100.370033
v 13.360944 -0.000014 -93.851807
v 16.672047 -0.000014 -95.786720
v 16.672047 -0.000014 -95.786720
v 13.360944 -0.000014 -93.851807
v 13.866414 -0.000014 -92.579681
v 13.360944 -0.000014 -93.851807
v 1.800000 -0.000012 -77.977806
v 13.866414 -0.000014 -92.579681
v 0.000000 -0.000012 -78.943504
v 1.800000 -0.000012 -79.861618
v 0.000000 -0.000014 -87.635147
v 1.800000 -0.000012 -79.861618
v 1.800000 -0.000014 -87.635147
v 0.000000 -0.000014 -87.635147
v 0.000000 -0.000014 -87.635147
v 1.800000 -0.000014 -87.635147
v 1.800000 -0.000014 -88.073891
v 23.807467 -0.000012 -78.957275
v 20.847471 -0.000014 -86.364189
v 16.685268 -0.000012 -85.144051
v 20.847471 -0.000014 -86.364189
v 16.223970 -0.000014 -86.403404
v 16.685268 -0.000012 -85.144051
v 16.685268 -0.000012 -85.144051
v 16.223970 -0.000014 -86.403404
v 1.800000 -0.000010 -69.379364
v 16.223970 -0.000014 -86.403404
v 1.800000 -0.000010 -71.127274
v 1.800000 -0.000010 -69.379364
v 13.360944 -0.000014 -93.851807
v 1.800000 -0.000012 -79.861618
v 1.800000 -0.000012 -77.977806
v 1.800000 -0.000012 -79.861618
v 0.000000 -0.000012 -78.943504
v 1.800000 -0.000012 -77.977806
v 1.800000 -0.000012 -77.977806
v 0.000000 -0.000012 -78.943504
v 1.800000 -0.000010 -71.127274
v 0.000000 -0.000012 -78.943504
v 0.000000 -0.000010 -70.937248
v 1.800000 -0.000010 -71.127274
v 1.800000 -0.000010 -71.127274
v 0.000000 -0.000010 -70.937248
v 1.800000 -0.000010 -69.379364
v 0.000000 -0.000010 -70.937248
v 0.000000 -0.000010 -67.255699
v 1.800000 -0.000010 -69.379364
v 0.000000 -0.000008 -50.920654
v 1.800000 -0.000010 -63.544594
v 0.000000 -0.000010 -67.255699
v 1.800000 -0.000010 -63.544594
v 1.800000 -0.000010 -67.255699
v 0.000000 -0.000010 -67.255699
v 0.000000 -0.000010 -67.255699
v 1.800000 -0.000010 -67.255699
v 1.800000 -0.000010 -69.379364
v 24.827629 -0.000008 -59.035709
v 25.644754 -0.000010 -67.255699
v 23.548916 -0.000010 -63.764175
v 25.644754 -0.000010 -67.255699
v 22.974243 -0.000010 -65.792961
v 23.548916 -0.000010 -63.764175
v 23.548916 -0.000010 -63.764175
v 22.974243 -0.000010 -65.792961
v 1.800000 -0.000008 -48.936722
v 22.974243 -0.000010 -65.792961
v 1.800000 -0.000008 -51.357292
v 1.800000 -0.000008 -48.936722
v 1.800000 -0.000008 -48.936722
v 1.800000 -0.000008 -51.357292
v 0.000000 -0.000008 -50.920654
v 1.800000 -0.000008 -51.357292
v 1.800000 -0.000008 -55.034267
v 0.000000 -0.000008 -50.920654
v 16.685268 -0.000012 -85.144051
v 18.750858 -0.000012 -79.272064
v 23.807467 -0.000012 -78.957275
v 18.750858 -0.000012 -79.272064
v 18.396744 -0.000012 -78.943504
v 23.807467 -0.000012 -78.957275
v 23.807467 -0.000012 -78.957275
v 18.396744 -0.000012 -78.943504
v 19.171513 -0.000012 -78.025391
v 18.396744 -0.000012 -78.943504
v 9.767707 -0.000010 -70.937248
v 19.171513 -0.000012 -78.025391
v 19.171513 -0.000012 -78.025391
v 9.767707 -0.000010 -70.937248
v 7.564079 -0.000010 -67.255699
v 9.767707 -0.000010 -70.937248
v 5.799783 -0.000010 -67.255699
v 7.564079 -0.000010 -67.255699
v 7.564079 -0.000010 -67.255699
v 5.799783 -0.000010 -67.255699
v 1.800000 -0.000010 -61.907631
v 5.799783 -0.000010 -67.255699
v 1.800000 -0.000010 -63.544594
v 1.800000 -0.000010 -61.907631
v 1.800000 -0.000010 -63.544594
v 0.000000 -0.000008 -50.920654
v 1.800000 -0.000010 -61.907631
v 1.800000 -0.000010 -61.907631
v 0.000000 -0.000008 -50.920654
v 1.800000 -0.000008 -57.592312
v 0.000000 -0.000008 -50.920654
v 1.800000 -0.000008 -55.034267
v 1.800000 -0.000008 -57.592312
v 1.800000 -0.000008 -57.592312
v 1.800000 -0.000008 -55.034267
v 20.868191 -0.000010 -72.797913
v 1.800000 -0.000008 -55.034267
v 21.504438 -0.000010 -70.747223
v 20.868191 -0.000010 -72.797913
v 20.868191 -0.000010 -72.797913
v 21.504438 -0.000010 -70.747223
v 25.644754 -0.000010 -70.937248
v 21.504438 -0.000010 -70.747223
v 25.644754 -0.000010 -67.255699
v 25.644754 -0.000010 -70.937248
v 25.644754 -0.000010 -70.937248
v 25.644754 -0.000010 -67.255699
v 27.220219 -0.000010 -69.418762
v 1.800000 -0.000006 -40.603497
v 1.800000 -0.000006 -43.047668
v 0.000000 -0.000006 -43.047668
v 1.800000 -0.000006 -43.047668
v 1.800000 -0.000006 -43.431923
v 0.000000 -0.000006 -43.047668
v 0.000000 -0.000006 -43.047668
v 1.800000 -0.000006 -43.431923
v 0.000000 -0.000006 -44.918316
v 0.000000 -0.000006 -43.047668
v 0.000000 -0.000006 -37.908504
v 1.800000 -0.000006 -40.603497
v 0.000000 -0.000006 -37.908504
v 1.800000 -0.000006 -38.383682
v 1.800000 -0.000006 -40.603497
v 1.800000 -0.000006 -40.603497
v 1.800000 -0.000006 -38.383682
v 6.875587 -0.000006 -43.047668
v 1.800000 -0.000006 -38.383682
v 11.485276 -0.000006 -43.047668
v 6.875587 -0.000006 -43.047668
v 11.485276 -0.000006 -43.047668
v 15.369885 -0.000006 -44.918316
v 6.875587 -0.000006 -43.047668
v 6.875587 -0.000006 -43.047668
v 15.369885 -0.000006 -44.918316
v 10.760197 -0.000006 -44.918316
v 15.369885 -0.000006 -44.918316
v 23.224710 -0.000008 -50.920654
v 10.760197 -0.000006 -44.918316
v 26.461880 -0.000008 -52.479527
v 27.182903 -0.000008 -50.920654
v 27.182903 -0.000010 -67.255699
v 26.461880 -0.000008 -52.479527
v 27.182903 -0.000010 -67.255699
v 25.345755 -0.000008 -57.025463
v 0.000000 -0.000008 -50.920654
v 0.000000 -0.000006 -44.918316
v 1.800000 -0.000006 -45.741302
v 0.000000 -0.000006 -44.918316
v 1.800000 -0.000006 -43.431923
v 1.800000 -0.000006 -45.741302
v 1.800000 -0.000006 -45.741302
v 1.800000 -0.000006 -43.431923
v 24.827629 -0.000008 -59.035709
v 1.800000 -0.000006 -43.431923
v 25.345755 -0.000008 -57.025463
v 24.827629 -0.000008 -59.035709
v 24.827629 -0.000008 -59.035709
v 25.345755 -0.000008 -57.025463
v 25.644754 -0.000010 -67.255699
v 25.345755 -0.000008 -57.025463
v 27.182903 -0.000010 -67.255699
v 25.644754 -0.000010 -67.255699
v 25.644754 -0.000010 -67.255699
v 27.182903 -0.000010 -67.255699
v 27.220219 -0.000010 -69.418762
v 27.182903 -0.000010 -67.255699
v 27.932993 -0.000010 -67.257233
v 27.220219 -0.000010 -69.418762
v 23.224710 -0.000008 -50.920654
v 15.369885 -0.000006 -44.918316
v 25.644754 -0.000008 -50.920654
v 15.369885 -0.000006 -44.918316
v 25.644754 -0.000008 -49.866222
v 25.644754 -0.000008 -50.920654
v 25.644754 -0.000008 -50.920654
v 25.644754 -0.000008 -49.866222
v 26.927670 -0.000008 -50.484016
v 0.000000 -0.000006 -33.721882
v 1.800000 -0.000006 -35.835602
v 0.000000 -0.000006 -37.908504
v 1.800000 -0.000006 -35.835602
v 1.800000 -0.000006 -37.908504
v 0.000000 -0.000006 -37.908504
v 0.000000 -0.000006 -37.908504
v 1.800000 -0.000006 -37.908504
v 1.800000 -0.000006 -38.383682
v 25.644754 -0.000006 -43.045090
v 25.644754 -0.000006 -43.047668
v 12.556418 -0.000006 -37.908504
v 27.903925 -0.000006 -46.080219
v 27.182903 -0.000006 -45.797253
v 27.182903 -0.000006 -44.918316
v 27.182903 -0.000006 -45.797253
v 25.644754 -0.000006 -45.193592
v 27.182903 -0.000006 -44.918316
v 27.182903 -0.000006 -44.918316
v 25.644754 -0.000006 -45.193592
v 25.644754 -0.000006 -44.918316
v 25.644754 -0.000006 -45.193592
v 24.943325 -0.000006 -44.918316
v 25.644754 -0.000006 -44.918316
v 25.644754 -0.000006 -44.918316
v 24.943325 -0.000006 -44.918316
v 20.176794 -0.000006 -43.047668
v 31.688030 -0.000006 -44.918316
v 31.688030 -0.000008 -50.920654
v 26.927670 -0.000008 -50.484016
v 31.688030 -0.000008 -50.920654
v 27.182903 -0.000008 -50.920654
v 26.927670 -0.000008 -50.484016
v 26.927670 -0.000008 -50.484016
v 27.182903 -0.000008 -50.920654
v 25.644754 -0.000008 -50.920654
v 27.182903 -0.000008 -50.920654
v 26.461880 -0.000008 -52.479527
v 25.644754 -0.000008 -50.920654
v 25.644754 -0.000008 -50.920654
v 26.461880 -0.000008 -52.479527
v 25.644754 -0.000008 -52.086037
v 27.182903 -0.000006 -43.648743
v 28.320845 -0.000006 -44.095333
v 27.182903 -0.000006 -44.918316
v 28.320845 -0.000006 -44.095333
v 31.688030 -0.000006 -44.918316
v 27.182903 -0.000006 -44.918316
v 27.182903 -0.000006 -44.918316
v 31.688030 -0.000006 -44.918316
v 27.903925 -0.000006 -46.080219
v 31.688030 -0.000006 -44.918316
v 26.927670 -0.000008 -50.484016
v 27.903925 -0.000006 -46.080219
v 27.182903 -0.000006 -43.648743
v 27.182903 -0.000006 -44.918316
v 25.651325 -0.000006 -43.047668
v 27.182903 -0.000006 -44.918316
v 25.644754 -0.000006 -44.918316
v 25.651325 -0.000006 -43.047668
v 25.651325 -0.000006 -43.047668
v 25.644754 -0.000006 -44.918316
v 25.644754 -0.000006 -43.047668
v 25.644754 -0.000006 -44.918316
v 20.176794 -0.000006 -43.047668
v 25.644754 -0.000006 -43.047668
v 25.644754 -0.000006 -43.047668
v 20.176794 -0.000006 -43.047668
v 12.556418 -0.000006 -37.908504
v 20.176794 -0.000006 -43.047668
v 7.081889 -0.000006 -37.908504
v 12.556418 -0.000006 -37.908504
v 12.556418 -0.000006 -37.908504
v 7.081889 -0.000006 -37.908504
v 1.888651 -0.000006 -33.721882
v 7.081889 -0.000006 -37.908504
v 1.800000 -0.000006 -35.835602
v 1.888651 -0.000006 -33.721882
v 1.800000 -0.000006 -35.835602
v 0.000000 -0.000006 -33.721882
v 1.888651 -0.000006 -33.721882
v 1.888651 -0.000006 -33.721882
v 0.000000 -0.000006 -33.721882
v 1.800000 -0.000006 -33.687092
v 0.000000 -0.000006 -33.721882
v 1.800000 -0.000004 -31.351839
v 1.800000 -0.000006 -33.687092
v 0.000000 -0.000004 -26.255507
v 1.800000 -0.000004 -27.082140
v 1.800000 -0.000004 -29.258858
v 0.000000 -0.000006 -33.721882
v 0.000000 -0.000004 -26.255507
v 1.800000 -0.000004 -31.351839
v 0.000000 -0.000004 -26.255507
v 1.800000 -0.000004 -29.258858
v 1.800000 -0.000004 -31.351839
v 1.800000 -0.000004 -31.351839
v 1.800000 -0.000004 -29.258858
v 9.483807 -0.000006 -33.721882
v 1.800000 -0.000004 -29.258858
v 16.269342 -0.000006 -33.721882
v 9.483807 -0.000006 -33.721882
v 9.483807 -0.000006 -33.721882
v 16.269342 -0.000006 -33.721882
v 23.057028 -0.000006 -37.908504
v 16.269342 -0.000006 -33.721882
v 25.644754 -0.000006 -37.908504
v 23.057028 -0.000006 -37.908504
v 23.057028 -0.000006 -37.908504
v 25.644754 -0.000006 -37.908504
v 25.644754 -0.000006 -38.706680
v 25.644754 -0.000006 -37.908504
v 27.182903 -0.000006 -37.908504
v 25.644754 -0.000006 -38.706680
v 25.644754 -0.000006 -38.706680
v 27.182903 -0.000006 -37.908504
v 27.182903 -0.000006 -39.181118
v 27.182903 -0.000006 -39.181118
v 27.182903 -0.000006 -37.908504
v 29.175138 -0.000006 -39.795620
v 27.182903 -0.000006 -37.908504
v 31.688030 -0.000006 -37.908504
v 29.175138 -0.000006 -39.795620
v 29.175138 -0.000006 -39.795620
v 31.688030 -0.000006 -37.908504
v 28.320845 -0.000006 -44.095333
v 31.688030 -0.000006 -37.908504
v 31.688030 -0.000006 -43.047668
v 28.320845 -0.000006 -44.095333
v 28.320845 -0.000006 -44.095333
v 31.688030 -0.000006 -43.047668
v 31.688030 -0.000006 -44.918316
v 16.269342 -0.000006 -33.721882
v 25.644754 -0.000006 -36.613701
v 25.644754 -0.000006 -37.908504
v 25.644754 -0.000006 -36.613701
v 27.182903 -0.000006 -37.088142
v 25.644754 -0.000006 -37.908504
v 25.644754 -0.000006 -37.908504
v 27.182903 -0.000006 -37.088142
v 27.182903 -0.000006 -37.908504
v 27.182903 -0.000006 -37.088142
v 29.545931 -0.000006 -37.817009
v 27.182903 -0.000006 -37.908504
v 27.182903 -0.000006 -37.908504
v 29.545931 -0.000006 -37.817009
v 31.688030 -0.000006 -37.908504
v 29.545931 -0.000006 -37.817009
v 31.688030 -0.000006 -33.721882
v 31.688030 -0.000006 -37.908504
v 7.166392 -0.000004 -26.255507
v 25.644754 -0.000004 -30.472910
v 25.644754 -0.000004 -32.524342
v 25.644754 -0.000004 -30.472910
v 27.182903 -0.000004 -30.823969
v 25.644754 -0.000004 -32.524342
v 25.644754 -0.000004 -32.524342
v 27.182903 -0.000004 -30.823969
v 30.292091 -0.000006 -33.585022
v 31.267159 -0.000004 -27.408640
v 31.688030 -0.000004 -26.255507
v 31.688030 -0.000006 -33.721882
v 30.292091 -0.000006 -33.585022
v 27.182903 -0.000004 -30.823969
v 31.688030 -0.000006 -33.721882
v 27.182903 -0.000004 -30.823969
v 30.618839 -0.000004 -31.608168
v 31.688030 -0.000006 -33.721882
v 31.688030 -0.000006 -33.721882
v 30.618839 -0.000004 -31.608168
v 31.267159 -0.000004 -27.408640
v 0.000000 -0.000004 -26.255507
v 0.000000 -0.000004 -21.103415
v 1.800000 -0.000004 -22.967346
v 25.644754 -0.000004 -32.524342
v 1.800000 -0.000004 -27.082140
v 7.166392 -0.000004 -26.255507
v 1.800000 -0.000004 -27.082140
v 0.000000 -0.000004 -26.255507
v 7.166392 -0.000004 -26.255507
v 7.166392 -0.000004 -26.255507
v 0.000000 -0.000004 -26.255507
v 1.800000 -0.000004 -25.030710
v 0.000000 -0.000004 -26.255507
v 1.800000 -0.000004 -22.967346
v 1.800000 -0.000004 -25.030710
v 31.267159 -0.000004 -27.408640
v 27.182903 -0.000004 -26.793058
v 27.182903 -0.000004 -26.255507
v 27.182903 -0.000004 -26.793058
v 25.644754 -0.000004 -26.561228
v 27.182903 -0.000004 -26.255507
v 27.182903 -0.000004 -26.255507
v 25.644754 -0.000004 -26.561228
v 25.644754 -0.000004 -26.255507
v 25.644754 -0.000004 -26.561228
v 23.616339 -0.000004 -26.255507
v 25.644754 -0.000004 -26.255507
v 31.551287 -0.000004 -25.428873
v 27.182903 -0.000004 -26.255507
v 27.182903 -0.000004 -24.770470
v 27.182903 -0.000004 -26.255507
v 25.644754 -0.000004 -26.255507
v 27.182903 -0.000004 -24.770470
v 27.182903 -0.000004 -24.770470
v 25.644754 -0.000004 -26.255507
v 25.644754 -0.000004 -24.538639
v 25.644754 -0.000004 -26.255507
v 23.616339 -0.000004 -26.255507
v 25.644754 -0.000004 -24.538639
v 25.644754 -0.000004 -24.538639
v 23.616339 -0.000004 -26.255507
v 2.852661 -0.000004 -21.103415
v 23.616339 -0.000004 -26.255507
v 1.800000 -0.000004 -22.967346
v 2.852661 -0.000004 -21.103415
v 1.800000 -0.000004 -22.967346
v 0.000000 -0.000004 -21.103415
v 2.852661 -0.000004 -21.103415
v 2.852661 -0.000004 -21.103415
v 0.000000 -0.000004 -21.103415
v 1.800000 -0.000004 -20.944757
v 0.000000 -0.000004 -21.103415
v 1.800000 -0.000002 -18.955679
v 1.800000 -0.000004 -20.944757
v 0.000000 -0.000002 -14.000000
v 1.800000 -0.000002 -15.000000
v 1.800000 -0.000002 -16.950071
v 0.000000 -0.000004 -21.103415
v 0.000000 -0.000002 -14.000000
v 1.800000 -0.000002 -18.955679
v 0.000000 -0.000002 -14.000000
v 1.800000 -0.000002 -16.950071
v 1.800000 -0.000002 -18.955679
v 1.800000 -0.000002 -18.955679
v 1.800000 -0.000002 -16.950071
v 25.644754 -0.000004 -20.742531
v 1.800000 -0.000002 -16.950071
v 25.644754 -0.000002 -18.736923
v 25.644754 -0.000004 -20.742531
v 25.644754 -0.000004 -20.742531
v 25.644754 -0.000002 -18.736923
v 27.182903 -0.000002 -18.852186
v 31.551287 -0.000004 -25.428873
v 32.108898 -0.000004 -21.226933
v 32.465580 -0.000004 -21.103415
v 32.351200 -0.000002 -19.239481
v 31.688030 -0.000004 -21.103415
v 31.688030 -0.000002 -19.189787
v 31.688030 -0.000004 -21.103415
v 30.460598 -0.000004 -21.103415
v 31.688030 -0.000002 -19.189787
v 31.688030 -0.000002 -19.189787
v 30.460598 -0.000004 -21.103415
v 27.182903 -0.000002 -18.852186
v 30.460598 -0.000004 -21.103415
v 27.182903 -0.000004 -20.857794
v 27.182903 -0.000002 -18.852186
v 27.182903 -0.000002 -18.852186
v 27.182903 -0.000004 -20.857794
v 25.644754 -0.000004 -20.742531
v 1.800000 -0.000002 -15.000000
v 0.000000 -0.000002 -14.000000
v 25.644754 -0.000002 -15.000000
v 0.000000 -0.000002 -14.000000
v 25.644754 -0.000002 -14.000000
v 25.644754 -0.000002 -15.000000
v 25.644754 -0.000002 -15.000000
v 25.644754 -0.000002 -14.000000
v 27.182903 -0.000002 -15.000000
v 25.644754 -0.000002 -14.000000
v 27.182903 -0.000002 -14.000000
v 27.182903 -0.000002 -15.000000
v 27.182903 -0.000002 -15.000000
v 27.182903 -0.000002 -14.000000
v 31.688030 -0.000002 -15.000000
v 27.182903 -0.000002 -14.000000
v 31.688030 -0.000002 -14.000000
v 31.688030 -0.000002 -15.000000
v 31.688030 -0.000002 -15.000000
v 31.688030 -0.000002 -14.000000
v 32.465580 -0.000002 -15.000000
v 31.688030 -0.000002 -14.000000
v 32.465580 -0.000002 -14.000000
v 32.465580 -0.000002 -15.000000
v 32.465580 -0.000002 -15.000000
v 32.465580 -0.000002 -14.000000
v 32.822262 -0.000002 -15.000000
v 32.465580 -0.000002 -14.000000
v 32.911129 -0.000002 -14.000000
v 32.822262 -0.000002 -15.000000
v 32.911129 -0.000002 -14.000000
v 32.911129 -0.000004 -21.103415
v 32.822262 -0.000002 -15.000000
v 32.822262 -0.000002 -15.000000
v 32.911129 -0.000004 -21.103415
v 32.351200 -0.000002 -19.239481
v 32.911129 -0.000004 -21.103415
v 32.465580 -0.000004 -21.103415
v 32.351200 -0.000002 -19.239481
v 32.351200 -0.000002 -19.239481
v 32.465580 -0.000004 -21.103415
v 31.688030 -0.000004 -21.103415
v 32.465580 -0.000004 -21.103415
v 32.108898 -0.000004 -21.226933
v 31.688030 -0.000004 -21.103415
v 31.688030 -0.000004 -21.103415
v 32.108898 -0.000004 -21.226933
v 31.688030 -0.000004 -21.195395
v 32.465580 -0.000008 -50.920654
v 32.465580 -0.000006 -44.918316
v 32.911129 -0.000006 -44.918316
v 32.465580 -0.000006 -44.918316
v 32.465580 -0.000006 -43.047668
v 32.911129 -0.000006 -44.918316
v 32.911129 -0.000006 -44.918316
v 32.465580 -0.000006 -43.047668
v 32.911129 -0.000006 -43.047668
v 32.465580 -0.000006 -43.047668
v 32.465580 -0.000006 -37.908504
v 32.911129 -0.000006 -43.047668
v 32.911129 -0.000006 -43.047668
v 32.465580 -0.000006 -37.908504
v 32.911129 -0.000006 -37.908504
v 32.465580 -0.000006 -37.908504
v 32.465580 -0.000006 -33.721882
v 32.911129 -0.000006 -37.908504
v 32.911129 -0.000006 -37.908504
v 32.465580 -0.000006 -33.721882
v 32.911129 -0.000006 -33.721882
v 32.465580 -0.000006 -33.721882
v 32.465580 -0.000004 -26.255507
v 32.911129 -0.000006 -33.721882
v 32.911129 -0.000006 -33.721882
v 32.465580 -0.000004 -26.255507
v 32.911129 -0.000004 -26.255507
v 28.003836 -0.000010 -67.038681
v 27.182903 -0.000010 -67.255699
v 30.972363 -0.000008 -57.169228
v 27.182903 -0.000010 -67.255699
v 27.182903 -0.000008 -50.920654
v 30.972363 -0.000008 -57.169228
v 30.972363 -0.000008 -57.169228
v 27.182903 -0.000008 -50.920654
v 31.729963 -0.000008 -54.383240
v 27.182903 -0.000008 -50.920654
v 31.688030 -0.000008 -50.920654
v 31.729963 -0.000008 -54.383240
v 31.729963 -0.000008 -54.383240
v 31.688030 -0.000008 -50.920654
v 32.465580 -0.000008 -50.920654
v 31.688030 -0.000008 -50.920654
v 31.688030 -0.000006 -44.918316
v 32.465580 -0.000008 -50.920654
v 32.465580 -0.000008 -50.920654
v 31.688030 -0.000006 -44.918316
v 32.465580 -0.000006 -44.918316
v 31.688030 -0.000006 -44.918316
v 31.688030 -0.000006 -43.047668
v 32.465580 -0.000006 -44.918316
v 32.465580 -0.000006 -44.918316
v 31.688030 -0.000006 -43.047668
v 32.465580 -0.000006 -43.047668
v 31.688030 -0.000006 -43.047668
v 31.688030 -0.000006 -37.908504
v 32.465580 -0.000006 -43.047668
v 32.465580 -0.000006 -43.047668
v 31.688030 -0.000006 -37.908504
v 32.465580 -0.000006 -37.908504
v 31.688030 -0.000006 -37.908504
v 31.688030 -0.000006 -33.721882
v 32.465580 -0.000006 -37.908504
v 32.465580 -0.000006 -37.908504
v 31.688030 -0.000006 -33.721882
v 32.465580 -0.000006 -33.721882
v 31.688030 -0.000006 -33.721882
v 31.688030 -0.000004 -26.255507
v 32.465580 -0.000006 -33.721882
v 32.465580 -0.000006 -33.721882
v 31.688030 -0.000004 -26.255507
v 32.465580 -0.000004 -26.255507
v 31.267159 -0.000004 -27.408640
v 27.182903 -0.000004 -26.255507
v 31.688030 -0.000004 -26.255507
v 27.182903 -0.000004 -26.255507
v 31.551287 -0.000004 -25.428873
v 31.688030 -0.000004 -26.255507
v 31.688030 -0.000004 -26.255507
v 31.551287 -0.000004 -25.428873
v 32.465580 -0.000004 -26.255507
v 31.551287 -0.000004 -25.428873
v 32.465580 -0.000004 -21.103415
v 32.465580 -0.000004 -26.255507
v 32.465580 -0.000004 -26.255507
v 32.465580 -0.000004 -21.103415
v 32.911129 -0.000004 -26.255507
v 32.465580 -0.000004 -21.103415
v 32.911129 -0.000004 -21.103415
v 32.911129 -0.000004 -26.255507
v 32.911129 -0.000004 -26.255507
v 32.911129 -0.000004 -21.103415
v 37.932365 -0.000004 -22.969088
v 32.911129 -0.000004 -21.103415
v 32.911129 -0.000002 -14.000000
v 37.932365 -0.000004 -22.969088
v 37.932365 -0.000004 -22.969088
v 32.911129 -0.000002 -14.000000
v 39.025665 -0.000002 -13.077111
v 32.911129 -0.000002 -14.000000
v 33.022903 -0.000002 -13.000000
v 39.025665 -0.000002 -13.077111
v 39.025665 -0.000002 -13.077111
v 33.022903 -0.000002 -13.000000
v 39.395535 -0.000002 -8.503471
v 33.022903 -0.000002 -13.000000
v 33.298000 -0.000002 -10.000000
v 39.395535 -0.000002 -8.503471
v 39.395535 -0.000002 -8.503471
v 33.298000 -0.000002 -10.000000
v 32.911129 -0.000002 -8.500000
v 33.298000 -0.000002 -10.000000
v 32.911129 -0.000002 -10.000000
v 32.911129 -0.000002 -8.500000
v 32.911129 -0.000002 -8.500000
v 32.911129 -0.000002 -10.000000
v 32.465580 -0.000002 -8.500000
v 32.911129 -0.000002 -10.000000
v 32.465580 -0.000002 -10.000000
v 32.465580 -0.000002 -8.500000
v 32.465580 -0.000002 -8.500000
v 32.465580 -0.000002 -10.000000
v 31.688030 -0.000002 -8.500000
v 32.465580 -0.000002 -10.000000
v 31.688030 -0.000002 -10.000000
v 31.688030 -0.000002 -8.500000
v 31.688030 -0.000002 -8.500000
v 31.688030 -0.000002 -10.000000
v 27.182903 -0.000002 -8.500000
v 31.688030 -0.000002 -10.000000
v 27.182903 -0.000002 -10.000000
v 27.182903 -0.000002 -8.500000
v 27.182903 -0.000002 -8.500000
v 27.182903 -0.000002 -10.000000
v 25.644754 -0.000002 -8.500000
v 27.182903 -0.000002 -10.000000
v 25.644754 -0.000002 -10.000000
v 25.644754 -0.000002 -8.500000
v 25.644754 -0.000002 -8.500000
v 25.644754 -0.000002 -10.000000
v 0.000000 -0.000002 -8.500000
v 25.644754 -0.000002 -10.000000
v 1.800000 -0.000002 -10.000000
v 0.000000 -0.000002 -8.500000
v 0.000000 -0.000002 -8.500000
v 1.800000 -0.000002 -10.000000
v 0.000000 -0.000002 -14.000000
v 1.800000 -0.000002 -10.000000
v 1.800000 -0.000002 -13.000000
v 0.000000 -0.000002 -14.000000
v 0.000000 -0.000002 -14.000000
v 1.800000 -0.000002 -13.000000
v 25.644754 -0.000002 -14.000000
v 1.800000 -0.000002 -13.000000
v 25.644754 -0.000002 -13.000000
v 25.644754 -0.000002 -14.000000
v 25.644754 -0.000002 -14.000000
v 25.644754 -0.000002 -13.000000
v 27.182903 -0.000002 -14.000000
v 25.644754 -0.000002 -13.000000
v 27.182903 -0.000002 -13.000000
v 27.182903 -0.000002 -14.000000
v 27.182903 -0.000002 -14.000000
v 27.182903 -0.000002 -13.000000
v 31.688030 -0.000002 -14.000000
v 27.182903 -0.000002 -13.000000
v 31.688030 -0.000002 -13.000000
v 31.688030 -0.000002 -14.000000
v 31.688030 -0.000002 -14.000000
v 31.688030 -0.000002 -13.000000
v 32.465580 -0.000002 -14.000000
v 31.688030 -0.000002 -13.000000
v 32.465580 -0.000002 -13.000000
v 32.465580 -0.000002 -14.000000
v 32.465580 -0.000002 -14.000000
v 32.465580 -0.000002 -13.000000
v 32.911129 -0.000002 -14.000000
v 32.465580 -0.000002 -13.000000
v 32.911129 -0.000002 -13.000000
v 32.911129 -0.000002 -14.000000
v 32.911129 -0.000002 -14.000000
v 32.911129 -0.000002 -13.000000
v 33.022903 -0.000002 -13.000000
v 6.998096 -0.000000 -5.087239
v 7.000000 -0.000000 -5.000000
v 25.644754 -0.000002 -8.500000
v 7.000000 -0.000000 -5.000000
v 25.644754 0.000000 0.000000
v 25.644754 -0.000002 -8.500000
v 25.644754 -0.000002 -8.500000
v 25.644754 0.000000 0.000000
v 27.182903 -0.000002 -8.500000
v 25.644754 0.000000 0.000000
v 27.182903 0.000000 0.000000
v 27.182903 -0.000002 -8.500000
v 27.182903 -0.000002 -8.500000
v 27.182903 0.000000 0.000000
v 31.688030 -0.000002 -8.500000
v 27.182903 0.000000 0.000000
v 31.688030 0.000000 0.000000
v 31.688030 -0.000002 -8.500000
v 31.688030 -0.000002 -8.500000
v 31.688030 0.000000 0.000000
v 32.465580 -0.000002 -8.500000
v 31.688030 0.000000 0.000000
v 32.465580 0.000000 0.000000
v 32.465580 -0.000002 -8.500000
v 32.465580 -0.000002 -8.500000
v 32.465580 0.000000 0.000000
v 32.911129 -0.000002 -8.500000
v 32.465580 0.000000 0.000000
v 32.911129 0.000000 0.000000
v 32.911129 -0.000002 -8.500000
v 32.911129 -0.000002 -8.500000
v 32.911129 0.000000 0.000000
v 33.000000 -0.000000 -5.000000
v 32.911129 0.000000 0.000000
v 33.001904 -0.000000 -4.912761
v 33.000000 -0.000000 -5.000000
v 32.822262 -25.800005 -14.999996
v 32.822262 -0.000002 -15.000000
v 32.351200 -25.800005 -19.239477
v 32.822262 -0.000002 -15.000000
v 32.351200 -0.000002 -19.239481
v 32.351200 -25.800005 -19.239477
v 39.025665 -0.000002 -13.077111
v 37.932365 -25.800005 -22.969084
v 37.932365 -0.000004 -22.969088
v 37.932365 -25.800005 -22.969084
v 36.442200 -25.800005 -32.809093
v 37.932365 -0.000004 -22.969088
v 37.932365 -0.000004 -22.969088
v 36.442200 -25.800005 -32.809093
v 36.442200 -0.000004 -32.809101
v 39.720314 -0.000000 -3.149174
v 39.720314 -25.800001 -3.149170
v 39.395535 -0.000002 -8.503471
v 39.720314 -25.800001 -3.149170
v 39.395535 -25.800001 -8.503468
v 39.395535 -0.000002 -8.503471
v 39.395535 -0.000002 -8.503471
v 39.395535 -25.800001 -8.503468
v 39.025665 -0.000002 -13.077111
v 39.395535 -25.800001 -8.503468
v 39.025665 -25.800005 -13.077107
v 39.025665 -0.000002 -13.077111
v 39.025665 -0.000002 -13.077111
v 39.025665 -25.800005 -13.077107
v 37.932365 -25.800005 -22.969084
v 33.022903 -25.800005 -12.999996
v 33.022903 -0.000002 -13.000000
v 32.911129 -25.800005 -12.999996
v 33.022903 -0.000002 -13.000000
v 32.911129 -0.000002 -13.000000
v 32.911129 -25.800005 -12.999996
v 32.911129 -25.800005 -12.999996
v 32.911129 -0.000002 -13.000000
v 32.465580 -25.800005 -12.999996
v 32.911129 -0.000002 -13.000000
v 32.465580 -0.000002 -13.000000
v 32.465580 -25.800005 -12.999996
v 32.465580 -25.800005 -12.999996
v 32.465580 -0.000002 -13.000000
v 31.688030 -25.800005 -12.999996
v 32.465580 -0.000002 -13.000000
v 31.688030 -0.000002 -13.000000
v 31.688030 -25.800005 -12.999996
v 31.688030 -25.800005 -12.999996
v 31.688030 -0.000002 -13.000000
v 27.182903 -25.800005 -12.999996
v 31.688030 -0.000002 -13.000000
v 27.182903 -0.000002 -13.000000
v 27.182903 -25.800005 -12.999996
v 27.182903 -25.800005 -12.999996
v 27.182903 -0.000002 -13.000000
v 25.644754 -25.800005 -12.999996
v 27.182903 -0.000002 -13.000000
v 25.644754 -0.000002 -13.000000
v 25.644754 -25.800005 -12.999996
v 25.644754 -25.800005 -12.999996
v 25.644754 -0.000002 -13.000000
v 1.800000 -25.800005 -12.999996
v 25.644754 -0.000002 -13.000000
v 1.800000 -0.000002 -13.000000
v 1.800000 -25.800005 -12.999996
v 26.461880 -25.800009 -52.479519
v 26.461880 -0.000008 -52.479527
v 25.345755 -25.800009 -57.025455
v 26.461880 -0.000008 -52.479527
v 25.345755 -0.000008 -57.025463
v 25.345755 -25.800009 -57.025455
v 1.800000 -25.800005 -14.999996
v 1.800000 -25.800005 -16.950068
v 1.800000 -0.000002 -15.000000
v 1.800000 -25.800005 -16.950068
v 1.800000 -0.000002 -16.950071
v 1.800000 -0.000002 -15.000000
v 28.320845 -25.800009 -44.095325
v 28.320845 -0.000006 -44.095333
v 27.182903 -25.800009 -43.648735
v 28.320845 -0.000006 -44.095333
v 27.182903 -0.000006 -43.648743
v 27.182903 -25.800009 -43.648735
v 27.182903 -25.800009 -43.648735
v 27.182903 -0.000006 -43.648743
v 25.651325 -25.800009 -43.047661
v 27.182903 -0.000006 -43.648743
v 25.651325 -0.000006 -43.047668
v 25.651325 -25.800009 -43.047661
v 25.651325 -25.800009 -43.047661
v 25.651325 -0.000006 -43.047668
v 25.644754 -25.800009 -43.045082
v 25.651325 -0.000006 -43.047668
v 25.644754 -0.000006 -43.045090
v 25.644754 -25.800009 -43.045082
v 25.644754 -25.800009 -43.045082
v 25.644754 -0.000006 -43.045090
v 12.556418 -25.800009 -37.908497
v 25.644754 -0.000006 -43.045090
v 12.556418 -0.000006 -37.908504
v 12.556418 -25.800009 -37.908497
v 12.556418 -25.800009 -37.908497
v 12.556418 -0.000006 -37.908504
v 1.888651 -25.800005 -33.721874
v 12.556418 -0.000006 -37.908504
v 1.888651 -0.000006 -33.721882
v 1.888651 -25.800005 -33.721874
v 1.888651 -25.800005 -33.721874
v 1.888651 -0.000006 -33.721882
v 1.800000 -25.800005 -33.687084
v 1.888651 -0.000006 -33.721882
v 1.800000 -0.000006 -33.687092
v 1.800000 -25.800005 -33.687084
v 33.298000 -25.800001 -9.999996
v 33.298000 -0.000002 -10.000000
v 33.022903 -25.800005 -12.999996
v 33.298000 -0.000002 -10.000000
v 33.022903 -0.000002 -13.000000
v 33.022903 -25.800005 -12.999996
v 30.618839 -25.800005 -31.608164
v 30.618839 -0.000004 -31.608168
v 27.182903 -25.800005 -30.823965
v 30.618839 -0.000004 -31.608168
v 27.182903 -0.000004 -30.823969
v 27.182903 -25.800005 -30.823965
v 27.182903 -25.800005 -30.823965
v 27.182903 -0.000004 -30.823969
v 25.644754 -25.800005 -30.472906
v 27.182903 -0.000004 -30.823969
v 25.644754 -0.000004 -30.472910
v 25.644754 -25.800005 -30.472906
v 25.644754 -25.800005 -30.472906
v 25.644754 -0.000004 -30.472910
v 7.166392 -25.800005 -26.255503
v 25.644754 -0.000004 -30.472910
v 7.166392 -0.000004 -26.255507
v 7.166392 -25.800005 -26.255503
v 7.166392 -25.800005 -26.255503
v 7.166392 -0.000004 -26.255507
v 1.800000 -25.800005 -25.030706
v 7.166392 -0.000004 -26.255507
v 1.800000 -0.000004 -25.030710
v 1.800000 -25.800005 -25.030706
v 30.292091 -25.800005 -33.585014
v 30.292091 -0.000006 -33.585022
v 29.545931 -25.800005 -37.817001
v 30.292091 -0.000006 -33.585022
v 29.545931 -0.000006 -37.817009
v 29.545931 -25.800005 -37.817001
v 1.800000 -25.800005 -27.082136
v 1.800000 -25.800005 -29.258854
v 1.800000 -0.000004 -27.082140
v 1.800000 -25.800005 -29.258854
v 1.800000 -0.000004 -29.258858
v 1.800000 -0.000004 -27.082140
v 1.800000 -25.800009 -40.603489
v 1.800000 -0.000006 -40.603497
v 6.875587 -25.800009 -43.047661
v 1.800000 -0.000006 -40.603497
v 6.875587 -0.000006 -43.047668
v 6.875587 -25.800009 -43.047661
v 6.875587 -25.800009 -43.047661
v 6.875587 -0.000006 -43.047668
v 10.760197 -25.800009 -44.918308
v 6.875587 -0.000006 -43.047668
v 10.760197 -0.000006 -44.918316
v 10.760197 -25.800009 -44.918308
v 10.760197 -25.800009 -44.918308
v 10.760197 -0.000006 -44.918316
v 23.224710 -25.800009 -50.920647
v 10.760197 -0.000006 -44.918316
v 23.224710 -0.000008 -50.920654
v 23.224710 -25.800009 -50.920647
v 23.224710 -25.800009 -50.920647
v 23.224710 -0.000008 -50.920654
v 25.644754 -25.800009 -52.086029
v 23.224710 -0.000008 -50.920654
v 25.644754 -0.000008 -52.086037
v 25.644754 -25.800009 -52.086029
v 25.644754 -25.800009 -52.086029
v 25.644754 -0.000008 -52.086037
v 26.461880 -25.800009 -52.479519
v 25.644754 -0.000008 -52.086037
v 26.461880 -0.000008 -52.479527
v 26.461880 -25.800009 -52.479519
v 1.800000 -25.800001 -9.999996
v 1.800000 -0.000002 -10.000000
v 25.644754 -25.800001 -9.999996
v 1.800000 -0.000002 -10.000000
v 25.644754 -0.000002 -10.000000
v 25.644754 -25.800001 -9.999996
v 25.644754 -25.800001 -9.999996
v 25.644754 -0.000002 -10.000000
v 27.182903 -25.800001 -9.999996
v 25.644754 -0.000002 -10.000000
v 27.182903 -0.000002 -10.000000
v 27.182903 -25.800001 -9.999996
v 27.182903 -25.800001 -9.999996
v 27.182903 -0.000002 -10.000000
v 31.688030 -25.800001 -9.999996
v 27.182903 -0.000002 -10.000000
v 31.688030 -0.000002 -10.000000
v 31.688030 -25.800001 -9.999996
v 31.688030 -25.800001 -9.999996
v 31.688030 -0.000002 -10.000000
v 32.465580 -25.800001 -9.999996
v 31.688030 -0.000002 -10.000000
v 32.465580 -0.000002 -10.000000
v 32.465580 -25.800001 -9.999996
v 32.465580 -25.800001 -9.999996
v 32.465580 -0.000002 -10.000000
v 32.911129 -25.800001 -9.999996
v 32.465580 -0.000002 -10.000000
v 32.911129 -0.000002 -10.000000
v 32.911129 -25.800001 -9.999996
v 32.911129 -25.800001 -9.999996
v 32.911129 -0.000002 -10.000000
v 33.298000 -25.800001 -9.999996
v 32.911129 -0.000002 -10.000000
v 33.298000 -0.000002 -10.000000
v 33.298000 -25.800001 -9.999996
v 1.800000 -25.800005 -31.351835
v 1.800000 -0.000004 -31.351839
v 9.483807 -25.800005 -33.721874
v 1.800000 -0.000004 -31.351839
v 9.483807 -0.000006 -33.721882
v 9.483807 -25.800005 -33.721874
v 9.483807 -25.800005 -33.721874
v 9.483807 -0.000006 -33.721882
v 23.057028 -25.800009 -37.908497
v 9.483807 -0.000006 -33.721882
v 23.057028 -0.000006 -37.908504
v 23.057028 -25.800009 -37.908497
v 23.057028 -25.800009 -37.908497
v 23.057028 -0.000006 -37.908504
v 25.644754 -25.800009 -38.706673
v 23.057028 -0.000006 -37.908504
v 25.644754 -0.000006 -38.706680
v 25.644754 -25.800009 -38.706673
v 25.644754 -25.800009 -38.706673
v 25.644754 -0.000006 -38.706680
v 27.182903 -25.800009 -39.181110
v 25.644754 -0.000006 -38.706680
v 27.182903 -0.000006 -39.181118
v 27.182903 -25.800009 -39.181110
v 27.182903 -25.800009 -39.181110
v 27.182903 -0.000006 -39.181118
v 29.175138 -25.800009 -39.795612
v 27.182903 -0.000006 -39.181118
v 29.175138 -0.000006 -39.795620
v 29.175138 -25.800009 -39.795612
v 29.545931 -25.800005 -37.817001
v 29.545931 -0.000006 -37.817009
v 27.182903 -25.800005 -37.088135
v 29.545931 -0.000006 -37.817009
v 27.182903 -0.000006 -37.088142
v 27.182903 -25.800005 -37.088135
v 27.182903 -25.800005 -37.088135
v 27.182903 -0.000006 -37.088142
v 25.644754 -25.800005 -36.613693
v 27.182903 -0.000006 -37.088142
v 25.644754 -0.000006 -36.613701
v 25.644754 -25.800005 -36.613693
v 25.644754 -25.800005 -36.613693
v 25.644754 -0.000006 -36.613701
v 16.269342 -25.800005 -33.721874
v 25.644754 -0.000006 -36.613701
v 16.269342 -0.000006 -33.721882
v 16.269342 -25.800005 -33.721874
v 16.269342 -25.800005 -33.721874
v 16.269342 -0.000006 -33.721882
v 1.800000 -25.800005 -29.258854
v 16.269342 -0.000006 -33.721882
v 1.800000 -0.000004 -29.258858
v 1.800000 -25.800005 -29.258854
v 29.175138 -25.800009 -39.795612
v 29.175138 -0.000006 -39.795620
v 28.320845 -25.800009 -44.095325
v 29.175138 -0.000006 -39.795620
v 28.320845 -0.000006 -44.095333
v 28.320845 -25.800009 -44.095325
v 1.800000 -25.800005 -31.351835
v 1.800000 -25.800005 -33.687084
v 1.800000 -0.000004 -31.351839
v 1.800000 -25.800005 -33.687084
v 1.800000 -0.000006 -33.687092
v 1.800000 -0.000004 -31.351839
v 25.345755 -25.800009 -57.025455
v 25.345755 -0.000008 -57.025463
v 1.800000 -25.800009 -43.431915
v 25.345755 -0.000008 -57.025463
v 1.800000 -0.000006 -43.431923
v 1.800000 -25.800009 -43.431915
v 27.903925 -25.800009 -46.080212
v 27.903925 -0.000006 -46.080219
v 26.927670 -25.800009 -50.484009
v 27.903925 -0.000006 -46.080219
v 26.927670 -0.000008 -50.484016
v 26.927670 -25.800009 -50.484009
v 1.800000 -0.000006 -35.835602
v 1.800000 -25.800005 -35.835594
v 1.800000 -0.000006 -37.908504
v 1.800000 -25.800005 -35.835594
v 1.800000 -25.800009 -37.908497
v 1.800000 -0.000006 -37.908504
v 1.800000 -0.000006 -37.908504
v 1.800000 -25.800009 -37.908497
v 1.800000 -0.000006 -38.383682
v 1.800000 -25.800009 -37.908497
v 1.800000 -25.800009 -38.383675
v 1.800000 -0.000006 -38.383682
v 24.827629 -0.000008 -59.035709
v 24.827629 -25.800009 -59.035702
v 1.800000 -0.000006 -45.741302
v 24.827629 -25.800009 -59.035702
v 1.800000 -25.800009 -45.741295
v 1.800000 -0.000006 -45.741302
v 35.000000 -0.000002 -7.000000
v 35.000000 -25.800001 -6.999996
v 35.087238 -0.000002 -6.998096
v 35.000000 -25.800001 -6.999996
v 35.087238 -25.800001 -6.998092
v 35.087238 -0.000002 -6.998096
v 35.087238 -0.000002 -6.998096
v 35.087238 -25.800001 -6.998092
v 35.174309 -0.000002 -6.992390
v 35.087238 -25.800001 -6.998092
v 35.174309 -25.800001 -6.992386
v 35.174309 -0.000002 -6.992390
v 35.174309 -0.000002 -6.992390
v 35.174309 -25.800001 -6.992386
v 35.261055 -0.000002 -6.982890
v 35.174309 -25.800001 -6.992386
v 35.261055 -25.800001 -6.982886
v 35.261055 -0.000002 -6.982890
v 35.261055 -0.000002 -6.982890
v 35.261055 -25.800001 -6.982886
v 35.347298 -0.000002 -6.969615
v 35.261055 -25.800001 -6.982886
v 35.347298 -25.800001 -6.969611
v 35.347298 -0.000002 -6.969615
v 35.347298 -0.000002 -6.969615
v 35.347298 -25.800001 -6.969611
v 35.432880 -0.000002 -6.952592
v 35.347298 -25.800001 -6.969611
v 35.432880 -25.800001 -6.952588
v 35.432880 -0.000002 -6.952592
v 35.432880 -0.000002 -6.952592
v 35.432880 -25.800001 -6.952588
v 35.517635 -0.000002 -6.931851
v 35.432880 -25.800001 -6.952588
v 35.517635 -25.800001 -6.931847
v 35.517635 -0.000002 -6.931851
v 35.517635 -0.000002 -6.931851
v 35.517635 -25.800001 -6.931847
v 35.601410 -0.000002 -6.907434
v 35.517635 -25.800001 -6.931847
v 35.601410 -25.800001 -6.907430
v 35.601410 -0.000002 -6.907434
v 35.601410 -0.000002 -6.907434
v 35.601410 -25.800001 -6.907430
v 35.684040 -0.000002 -6.879385
v 35.601410 -25.800001 -6.907430
v 35.684040 -25.800001 -6.879381
v 35.684040 -0.000002 -6.879385
v 35.684040 -0.000002 -6.879385
v 35.684040 -25.800001 -6.879381
v 35.765369 -0.000002 -6.847759
v 35.684040 -25.800001 -6.879381
v 35.765369 -25.800001 -6.847755
v 35.765369 -0.000002 -6.847759
v 35.765369 -0.000002 -6.847759
v 35.765369 -25.800001 -6.847755
v 35.845234 -0.000002 -6.812616
v 35.765369 -25.800001 -6.847755
v 35.845234 -25.800001 -6.812612
v 35.845234 -0.000002 -6.812616
v 35.845234 -0.000002 -6.812616
v 35.845234 -25.800001 -6.812612
v 35.923496 -0.000002 -6.774022
v 35.845234 -25.800001 -6.812612
v 35.923496 -25.800001 -6.774018
v 35.923496 -0.000002 -6.774022
v 35.923496 -0.000002 -6.774022
v 35.923496 -25.800001 -6.774018
v 36.000000 -0.000002 -6.732051
v 35.923496 -25.800001 -6.774018
v 36.000000 -25.800001 -6.732047
v 36.000000 -0.000002 -6.732051
v 36.000000 -0.000002 -6.732051
v 36.000000 -25.800001 -6.732047
v 36.074596 -0.000002 -6.686783
v 36.000000 -25.800001 -6.732047
v 36.074596 -25.800001 -6.686779
v 36.074596 -0.000002 -6.686783
v 36.074596 -0.000002 -6.686783
v 36.074596 -25.800001 -6.686779
v 36.147152 -0.000002 -6.638304
v 36.074596 -25.800001 -6.686779
v 36.147152 -25.800001 -6.638300
v 36.147152 -0.000002 -6.638304
v 36.147152 -0.000002 -6.638304
v 36.147152 -25.800001 -6.638300
v 36.217522 -0.000000 -6.586707
v 36.147152 -25.800001 -6.638300
v 36.217522 -25.800001 -6.586703
v 36.217522 -0.000000 -6.586707
v 36.217522 -0.000000 -6.586707
v 36.217522 -25.800001 -6.586703
v 36.285576 -0.000000 -6.532089
v 36.217522 -25.800001 -6.586703
v 36.285576 -25.800001 -6.532085
v 36.285576 -0.000000 -6.532089
v 36.285576 -0.000000 -6.532089
v 36.285576 -25.800001 -6.532085
v 36.351181 -0.000000 -6.474555
v 36.285576 -25.800001 -6.532085
v 36.351181 -25.800001 -6.474551
v 36.351181 -0.000000 -6.474555
v 36.351181 -0.000000 -6.474555
v 36.351181 -25.800001 -6.474551
v 36.414215 -0.000000 -6.414214
v 36.351181 -25.800001 -6.474551
v 36.414215 -25.800001 -6.414210
v 36.414215 -0.000000 -6.414214
v 36.414215 -0.000000 -6.414214
v 36.414215 -25.800001 -6.414210
v 36.474556 -0.000000 -6.351181
v 36.414215 -25.800001 -6.414210
v 36.474556 -25.800001 -6.351177
v 36.474556 -0.000000 -6.351181
v 36.474556 -0.000000 -6.351181
v 36.474556 -25.800001 -6.351177
v 36.532089 -0.000000 -6.285575
v 36.474556 -25.800001 -6.351177
v 36.532089 -25.800001 -6.285571
v 36.532089 -0.000000 -6.285575
v 36.532089 -0.000000 -6.285575
v 36.532089 -25.800001 -6.285571
v 36.586704 -0.000000 -6.217523
v 36.532089 -25.800001 -6.285571
v 36.586704 -25.800001 -6.217519
v 36.586704 -0.000000 -6.217523
v 36.586704 -0.000000 -6.217523
v 36.586704 -25.800001 -6.217519
v 36.638306 -0.000000 -6.147153
v 36.586704 -25.800001 -6.217519
v 36.638306 -25.800001 -6.147149
v 36.638306 -0.000000 -6.147153
v 36.638306 -0.000000 -6.147153
v 36.638306 -25.800001 -6.147149
v 36.686783 -0.000000 -6.074599
v 36.638306 -25.800001 -6.147149
v 36.686783 -25.800001 -6.074595
v 36.686783 -0.000000 -6.074599
v 36.686783 -0.000000 -6.074599
v 36.686783 -25.800001 -6.074595
v 36.732052 -0.000000 -6.000000
v 36.686783 -25.800001 -6.074595
v 36.732052 -25.800001 -5.999996
v 36.732052 -0.000000 -6.000000
v 36.732052 -0.000000 -6.000000
v 36.732052 -25.800001 -5.999996
v 36.774021 -0.000000 -5.923497
v 36.732052 -25.800001 -5.999996
v 36.774021 -25.800001 -5.923493
v 36.774021 -0.000000 -5.923497
v 36.774021 -0.000000 -5.923497
v 36.774021 -25.800001 -5.923493
v 36.812614 -0.000000 -5.845237
v 36.774021 -25.800001 -5.923493
v 36.812614 -25.800001 -5.845233
v 36.812614 -0.000000 -5.845237
v 36.812614 -0.000000 -5.845237
v 36.812614 -25.800001 -5.845233
v 36.847759 -0.000000 -5.765367
v 36.812614 -25.800001 -5.845233
v 36.847759 -25.800001 -5.765363
v 36.847759 -0.000000 -5.765367
v 36.847759 -0.000000 -5.765367
v 36.847759 -25.800001 -5.765363
v 36.879387 -0.000000 -5.684041
v 36.847759 -25.800001 -5.765363
v 36.879387 -25.800001 -5.684037
v 36.879387 -0.000000 -5.684041
v 36.879387 -0.000000 -5.684041
v 36.879387 -25.800001 -5.684037
v 36.907433 -0.000000 -5.601412
v 36.879387 -25.800001 -5.684037
v 36.907433 -25.800001 -5.601408
v 36.907433 -0.000000 -5.601412
v 36.907433 -0.000000 -5.601412
v 36.907433 -25.800001 -5.601408
v 36.931850 -0.000000 -5.517638
v 36.907433 -25.800001 -5.601408
v 36.931850 -25.800001 -5.517634
v 36.931850 -0.000000 -5.517638
v 36.931850 -0.000000 -5.517638
v 36.931850 -25.800001 -5.517634
v 36.952591 -0.000000 -5.432879
v 36.931850 -25.800001 -5.517634
v 36.952591 -25.800001 -5.432875
v 36.952591 -0.000000 -5.432879
v 36.952591 -0.000000 -5.432879
v 36.952591 -25.800001 -5.432875
v 36.969616 -0.000000 -5.347296
v 36.952591 -25.800001 -5.432875
v 36.969616 -25.800001 -5.347292
v 36.969616 -0.000000 -5.347296
v 36.969616 -0.000000 -5.347296
v 36.969616 -25.800001 -5.347292
v 36.982891 -0.000000 -5.261053
v 36.969616 -25.800001 -5.347292
v 36.982891 -25.800001 -5.261049
v 36.982891 -0.000000 -5.261053
v 36.982891 -0.000000 -5.261053
v 36.982891 -25.800001 -5.261049
v 36.992390 -0.000000 -5.174311
v 36.982891 -25.800001 -5.261049
v 36.992390 -25.800001 -5.174307
v 36.992390 -0.000000 -5.174311
v 36.992390 -0.000000 -5.174311
v 36.992390 -25.800001 -5.174307
v 36.998096 -0.000000 -5.087239
v 36.992390 -25.800001 -5.174307
v 36.998096 -25.800001 -5.087235
v 36.998096 -0.000000 -5.087239
v 36.998096 -0.000000 -5.087239
v 36.998096 -25.800001 -5.087235
v 37.000000 -0.000000 -5.000000
v 36.998096 -25.800001 -5.087235
v 37.000000 -25.800001 -4.999996
v 37.000000 -0.000000 -5.000000
v 37.000000 -0.000000 -5.000000
v 37.000000 -25.800001 -4.999996
v 36.998096 -0.000000 -4.912761
v 37.000000 -25.800001 -4.999996
v 36.998096 -25.800001 -4.912757
v 36.998096 -0.000000 -4.912761
v 36.998096 -0.000000 -4.912761
v 36.998096 -25.800001 -4.912757
v 36.992390 -0.000000 -4.825688
v 36.998096 -25.800001 -4.912757
v 36.992390 -25.800001 -4.825684
v 36.992390 -0.000000 -4.825688
v 36.992390 -0.000000 -4.825688
v 36.992390 -25.800001 -4.825684
v 36.982891 -0.000000 -4.738948
v 36.992390 -25.800001 -4.825684
v 36.982891 -25.800001 -4.738944
v 36.982891 -0.000000 -4.738948
v 36.982891 -0.000000 -4.738948
v 36.982891 -25.800001 -4.738944
v 36.969616 -0.000000 -4.652704
v 36.982891 -25.800001 -4.738944
v 36.969616 -25.800001 -4.652700
v 36.969616 -0.000000 -4.652704
v 36.969616 -0.000000 -4.652704
v 36.969616 -25.800001 -4.652700
v 36.952591 -0.000000 -4.567121
v 36.969616 -25.800001 -4.652700
v 36.952591 -25.800001 -4.567117
v 36.952591 -0.000000 -4.567121
v 36.952591 -0.000000 -4.567121
v 36.952591 -25.800001 -4.567117
v 36.931850 -0.000000 -4.482362
v 36.952591 -25.800001 -4.567117
v 36.931850 -25.800001 -4.482358
v 36.931850 -0.000000 -4.482362
v 36.931850 -0.000000 -4.482362
v 36.931850 -25.800001 -4.482358
v 36.907433 -0.000000 -4.398589
v 36.931850 -25.800001 -4.482358
v 36.907433 -25.800001 -4.398585
v 36.907433 -0.000000 -4.398589
v 36.907433 -0.000000 -4.398589
v 36.907433 -25.800001 -4.398585
v 36.879387 -0.000000 -4.315960
v 36.907433 -25.800001 -4.398585
v 36.879387 -25.800001 -4.315956
v 36.879387 -0.000000 -4.315960
v 36.879387 -0.000000 -4.315960
v 36.879387 -25.800001 -4.315956
v 36.847759 -0.000000 -4.234633
v 36.879387 -25.800001 -4.315956
v 36.847759 -25.800001 -4.234629
v 36.847759 -0.000000 -4.234633
v 36.847759 -0.000000 -4.234633
v 36.847759 -25.800001 -4.234629
v 36.812614 -0.000000 -4.154764
v 36.847759 -25.800001 -4.234629
v 36.812614 -25.800001 -4.154760
v 36.812614 -0.000000 -4.154764
v 36.812614 -0.000000 -4.154764
v 36.812614 -25.800001 -4.154760
v 36.774021 -0.000000 -4.076503
v 36.812614 -25.800001 -4.154760
v 36.774021 -25.800001 -4.076499
v 36.774021 -0.000000 -4.076503
v 36.774021 -0.000000 -4.076503
v 36.774021 -25.800001 -4.076499
v 36.732052 -0.000000 -4.000000
v 36.774021 -25.800001 -4.076499
v 36.732052 -25.800001 -3.999996
v 36.732052 -0.000000 -4.000000
v 36.732052 -0.000000 -4.000000
v 36.732052 -25.800001 -3.999996
v 36.686783 -0.000000 -3.925401
v 36.732052 -25.800001 -3.999996
v 36.686783 -25.800001 -3.925397
v 36.686783 -0.000000 -3.925401
v 36.686783 -0.000000 -3.925401
v 36.686783 -25.800001 -3.925397
v 36.638306 -0.000000 -3.852847
v 36.686783 -25.800001 -3.925397
v 36.638306 -25.800001 -3.852843
v 36.638306 -0.000000 -3.852847
v 36.638306 -0.000000 -3.852847
v 36.638306 -25.800001 -3.852843
v 36.586704 -0.000000 -3.782477
v 36.638306 -25.800001 -3.852843
v 36.586704 -25.800001 -3.782473
v 36.586704 -0.000000 -3.782477
v 36.586704 -0.000000 -3.782477
v 36.586704 -25.800001 -3.782473
v 36.532089 -0.000000 -3.714425
v 36.586704 -25.800001 -3.782473
v 36.532089 -25.800001 -3.714421
v 36.532089 -0.000000 -3.714425
v 36.532089 -0.000000 -3.714425
v 36.532089 -25.800001 -3.714421
v 36.474556 -0.000000 -3.648820
v 36.532089 -25.800001 -3.714421
v 36.474556 -25.800001 -3.648816
v 36.474556 -0.000000 -3.648820
v 36.474556 -0.000000 -3.648820
v 36.474556 -25.800001 -3.648816
v 36.414215 -0.000000 -3.585786
v 36.474556 -25.800001 -3.648816
v 36.414215 -25.800001 -3.585782
v 36.414215 -0.000000 -3.585786
v 36.414215 -0.000000 -3.585786
v 36.414215 -25.800001 -3.585782
v 36.351181 -0.000000 -3.525445
v 36.414215 -25.800001 -3.585782
v 36.351181 -25.800001 -3.525441
v 36.351181 -0.000000 -3.525445
v 36.351181 -0.000000 -3.525445
v 36.351181 -25.800001 -3.525441
v 36.285576 -0.000000 -3.467911
v 36.351181 -25.800001 -3.525441
v 36.285576 -25.800001 -3.467907
v 36.285576 -0.000000 -3.467911
v 36.285576 -0.000000 -3.467911
v 36.285576 -25.800001 -3.467907
v 36.217522 -0.000000 -3.413293
v 36.285576 -25.800001 -3.467907
v 36.217522 -25.800001 -3.413289
v 36.217522 -0.000000 -3.413293
v 36.217522 -0.000000 -3.413293
v 36.217522 -25.800001 -3.413289
v 36.147152 -0.000000 -3.361696
v 36.217522 -25.800001 -3.413289
v 36.147152 -25.800001 -3.361692
v 36.147152 -0.000000 -3.361696
v 36.147152 -0.000000 -3.361696
v 36.147152 -25.800001 -3.361692
v 36.074596 -0.000000 -3.313217
v 36.147152 -25.800001 -3.361692
v 36.074596 -25.800001 -3.313213
v 36.074596 -0.000000 -3.313217
v 36.074596 -0.000000 -3.313217
v 36.074596 -25.800001 -3.313213
v 36.000000 -0.000000 -3.267949
v 36.074596 -25.800001 -3.313213
v 36.000000 -25.800001 -3.267945
v 36.000000 -0.000000 -3.267949
v 36.000000 -0.000000 -3.267949
v 36.000000 -25.800001 -3.267945
v 35.923496 -0.000000 -3.225978
v 36.000000 -25.800001 -3.267945
v 35.923496 -25.800001 -3.225974
v 35.923496 -0.000000 -3.225978
v 35.923496 -0.000000 -3.225978
v 35.923496 -25.800001 -3.225974
v 35.845234 -0.000000 -3.187384
v 35.923496 -25.800001 -3.225974
v 35.845234 -25.800001 -3.187380
v 35.845234 -0.000000 -3.187384
v 35.845234 -0.000000 -3.187384
v 35.845234 -25.800001 -3.187380
v 35.765369 -0.000000 -3.152241
v 35.845234 -25.800001 -3.187380
v 35.765369 -25.800001 -3.152237
v 35.765369 -0.000000 -3.152241
v 35.765369 -0.000000 -3.152241
v 35.765369 -25.800001 -3.152237
v 35.684040 -0.000000 -3.120615
v 35.765369 -25.800001 -3.152237
v 35.684040 -25.800001 -3.120611
v 35.684040 -0.000000 -3.120615
v 35.684040 -0.000000 -3.120615
v 35.684040 -25.800001 -3.120611
v 35.601410 -0.000000 -3.092566
v 35.684040 -25.800001 -3.120611
v 35.601410 -25.800001 -3.092562
v 35.601410 -0.000000 -3.092566
v 35.601410 -0.000000 -3.092566
v 35.601410 -25.800001 -3.092562
v 35.517635 -0.000000 -3.068148
v 35.601410 -25.800001 -3.092562
v 35.517635 -25.800001 -3.068144
v 35.517635 -0.000000 -3.068148
v 35.517635 -0.000000 -3.068148
v 35.517635 -25.800001 -3.068144
v 35.432880 -0.000000 -3.047408
v 35.517635 -25.800001 -3.068144
v 35.432880 -25.800001 -3.047404
v 35.432880 -0.000000 -3.047408
v 35.432880 -0.000000 -3.047408
v 35.432880 -25.800001 -3.047404
v 35.347298 -0.000000 -3.030385
v 35.432880 -25.800001 -3.047404
v 35.347298 -25.800001 -3.030381
v 35.347298 -0.000000 -3.030385
v 35.347298 -0.000000 -3.030385
v 35.347298 -25.800001 -3.030381
v 35.261055 -0.000000 -3.017110
v 35.347298 -25.800001 -3.030381
v 35.261055 -25.800001 -3.017106
v 35.261055 -0.000000 -3.017110
v 35.261055 -0.000000 -3.017110
v 35.261055 -25.800001 -3.017106
v 35.174309 -0.000000 -3.007611
v 35.261055 -25.800001 -3.017106
v 35.174309 -25.800001 -3.007607
v 35.174309 -0.000000 -3.007611
v 35.174309 -0.000000 -3.007611
v 35.174309 -25.800001 -3.007607
v 35.087238 -0.000000 -3.001904
v 35.174309 -25.800001 -3.007607
v 35.087238 -25.800001 -3.001900
v 35.087238 -0.000000 -3.001904
v 35.087238 -0.000000 -3.001904
v 35.087238 -25.800001 -3.001900
v 35.000000 -0.000000 -3.000000
v 35.087238 -25.800001 -3.001900
v 35.000000 -25.800001 -2.999996
v 35.000000 -0.000000 -3.000000
v 35.000000 -0.000000 -3.000000
v 35.000000 -25.800001 -2.999996
v 34.912762 -0.000000 -3.001904
v 35.000000 -25.800001 -2.999996
v 34.912762 -25.800001 -3.001900
v 34.912762 -0.000000 -3.001904
v 34.912762 -0.000000 -3.001904
v 34.912762 -25.800001 -3.001900
v 34.825691 -0.000000 -3.007611
v 34.912762 -25.800001 -3.001900
v 34.825691 -25.800001 -3.007607
v 34.825691 -0.000000 -3.007611
v 34.825691 -0.000000 -3.007611
v 34.825691 -25.800001 -3.007607
v 34.738945 -0.000000 -3.017110
v 34.825691 -25.800001 -3.007607
v 34.738945 -25.800001 -3.017106
v 34.738945 -0.000000 -3.017110
v 34.738945 -0.000000 -3.017110
v 34.738945 -25.800001 -3.017106
v 34.652702 -0.000000 -3.030385
v 34.738945 -25.800001 -3.017106
v 34.652702 -25.800001 -3.030381
v 34.652702 -0.000000 -3.030385
v 34.652702 -0.000000 -3.030385
v 34.652702 -25.800001 -3.030381
v 34.567120 -0.000000 -3.047408
v 34.652702 -25.800001 -3.030381
v 34.567120 -25.800001 -3.047404
v 34.567120 -0.000000 -3.047408
v 34.567120 -0.000000 -3.047408
v 34.567120 -25.800001 -3.047404
v 34.482365 -0.000000 -3.068148
v 34.567120 -25.800001 -3.047404
v 34.482365 -25.800001 -3.068144
v 34.482365 -0.000000 -3.068148
v 34.482365 -0.000000 -3.068148
v 34.482365 -25.800001 -3.068144
v 34.398590 -0.000000 -3.092566
v 34.482365 -25.800001 -3.068144
v 34.398590 -25.800001 -3.092562
v 34.398590 -0.000000 -3.092566
v 34.398590 -0.000000 -3.092566
v 34.398590 -25.800001 -3.092562
v 34.315960 -0.000000 -3.120615
v 34.398590 -25.800001 -3.092562
v 34.315960 -25.800001 -3.120611
v 34.315960 -0.000000 -3.120615
v 34.315960 -0.000000 -3.120615
v 34.315960 -25.800001 -3.120611
v 34.234631 -0.000000 -3.152241
v 34.315960 -25.800001 -3.120611
v 34.234631 -25.800001 -3.152237
v 34.234631 -0.000000 -3.152241
v 34.234631 -0.000000 -3.152241
v 34.234631 -25.800001 -3.152237
v 34.154766 -0.000000 -3.187384
v 34.234631 -25.800001 -3.152237
v 34.154766 -25.800001 -3.187380
v 34.154766 -0.000000 -3.187384
v 34.154766 -0.000000 -3.187384
v 34.154766 -25.800001 -3.187380
v 34.076504 -0.000000 -3.225978
v 34.154766 -25.800001 -3.187380
v 34.076504 -25.800001 -3.225974
v 34.076504 -0.000000 -3.225978
v 34.076504 -0.000000 -3.225978
v 34.076504 -25.800001 -3.225974
v 34.000000 -0.000000 -3.267949
v 34.076504 -25.800001 -3.225974
v 34.000000 -25.800001 -3.267945
v 34.000000 -0.000000 -3.267949
v 34.000000 -0.000000 -3.267949
v 34.000000 -25.800001 -3.267945
v 33.925400 -0.000000 -3.313217
v 34.000000 -25.800001 -3.267945
v 33.925400 -25.800001 -3.313213
v 33.925400 -0.000000 -3.313217
v 33.925400 -0.000000 -3.313217
v 33.925400 -25.800001 -3.313213
v 33.852844 -0.000000 -3.361696
v 33.925400 -25.800001 -3.313213
v 33.852844 -25.800001 -3.361692
v 33.852844 -0.000000 -3.361696
v 33.852844 -0.000000 -3.361696
v 33.852844 -25.800001 -3.361692
v 33.782478 -0.000000 -3.413293
v 33.852844 -25.800001 -3.361692
v 33.782478 -25.800001 -3.413289
v 33.782478 -0.000000 -3.413293
v 33.782478 -0.000000 -3.413293
v 33.782478 -25.800001 -3.413289
v 33.714424 -0.000000 -3.467911
v 33.782478 -25.800001 -3.413289
v 33.714424 -25.800001 -3.467907
v 33.714424 -0.000000 -3.467911
v 33.714424 -0.000000 -3.467911
v 33.714424 -25.800001 -3.467907
v 33.648819 -0.000000 -3.525445
v 33.714424 -25.800001 -3.467907
v 33.648819 -25.800001 -3.525441
v 33.648819 -0.000000 -3.525445
v 33.648819 -0.000000 -3.525445
v 33.648819 -25.800001 -3.525441
v 33.585785 -0.000000 -3.585786
v 33.648819 -25.800001 -3.525441
v 33.585785 -25.800001 -3.585782
v 33.585785 -0.000000 -3.585786
v 33.585785 -0.000000 -3.585786
v 33.585785 -25.800001 -3.585782
v 33.525444 -0.000000 -3.648820
v 33.585785 -25.800001 -3.585782
v 33.525444 -25.800001 -3.648816
v 33.525444 -0.000000 -3.648820
v 33.525444 -0.000000 -3.648820
v 33.525444 -25.800001 -3.648816
v 33.467911 -0.000000 -3.714425
v 33.525444 -25.800001 -3.648816
v 33.467911 -25.800001 -3.714421
v 33.467911 -0.000000 -3.714425
v 33.467911 -0.000000 -3.714425
v 33.467911 -25.800001 -3.714421
v 33.413296 -0.000000 -3.782477
v 33.467911 -25.800001 -3.714421
v 33.413296 -25.800001 -3.782473
v 33.413296 -0.000000 -3.782477
v 33.413296 -0.000000 -3.782477
v 33.413296 -25.800001 -3.782473
v 33.361694 -0.000000 -3.852847
v 33.413296 -25.800001 -3.782473
v 33.361694 -25.800001 -3.852843
v 33.361694 -0.000000 -3.852847
v 33.361694 -0.000000 -3.852847
v 33.361694 -25.800001 -3.852843
v 33.313217 -0.000000 -3.925401
v 33.361694 -25.800001 -3.852843
v 33.313217 -25.800001 -3.925397
v 33.313217 -0.000000 -3.925401
v 33.313217 -0.000000 -3.925401
v 33.313217 -25.800001 -3.925397
v 33.267948 -0.000000 -4.000000
v 33.313217 -25.800001 -3.925397
v 33.267948 -25.800001 -3.999996
v 33.267948 -0.000000 -4.000000
v 33.267948 -0.000000 -4.000000
v 33.267948 -25.800001 -3.999996
v 33.225979 -0.000000 -4.076503
v 33.267948 -25.800001 -3.999996
v 33.225979 -25.800001 -4.076499
v 33.225979 -0.000000 -4.076503
v 33.225979 -0.000000 -4.076503
v 33.225979 -25.800001 -4.076499
v 33.187386 -0.000000 -4.154764
v 33.225979 -25.800001 -4.076499
v 33.187386 -25.800001 -4.154760
v 33.187386 -0.000000 -4.154764
v 33.187386 -0.000000 -4.154764
v 33.187386 -25.800001 -4.154760
v 33.152241 -0.000000 -4.234633
v 33.187386 -25.800001 -4.154760
v 33.152241 -25.800001 -4.234629
v 33.152241 -0.000000 -4.234633
v 33.152241 -0.000000 -4.234633
v 33.152241 -25.800001 -4.234629
v 33.120613 -0.000000 -4.315960
v 33.152241 -25.800001 -4.234629
v 33.120613 -25.800001 -4.315956
v 33.120613 -0.000000 -4.315960
v 33.120613 -0.000000 -4.315960
v 33.120613 -25.800001 -4.315956
v 33.092567 -0.000000 -4.398589
v 33.120613 -25.800001 -4.315956
v 33.092567 -25.800001 -4.398585
v 33.092567 -0.000000 -4.398589
v 33.092567 -0.000000 -4.398589
v 33.092567 -25.800001 -4.398585
v 33.068146 -0.000000 -4.482362
v 33.092567 -25.800001 -4.398585
v 33.068146 -25.800001 -4.482358
v 33.068146 -0.000000 -4.482362
v 33.068146 -0.000000 -4.482362
v 33.068146 -25.800001 -4.482358
v 33.047409 -0.000000 -4.567121
v 33.068146 -25.800001 -4.482358
v 33.047409 -25.800001 -4.567117
v 33.047409 -0.000000 -4.567121
v 33.047409 -0.000000 -4.567121
v 33.047409 -25.800001 -4.567117
v 33.030384 -0.000000 -4.652704
v 33.047409 -25.800001 -4.567117
v 33.030384 -25.800001 -4.652700
v 33.030384 -0.000000 -4.652704
v 33.030384 -0.000000 -4.652704
v 33.030384 -25.800001 -4.652700
v 33.017109 -0.000000 -4.738948
v 33.030384 -25.800001 -4.652700
v 33.017109 -25.800001 -4.738944
v 33.017109 -0.000000 -4.738948
v 33.017109 -0.000000 -4.738948
v 33.017109 -25.800001 -4.738944
v 33.007610 -0.000000 -4.825688
v 33.017109 -25.800001 -4.738944
v 33.007610 -25.800001 -4.825684
v 33.007610 -0.000000 -4.825688
v 33.007610 -0.000000 -4.825688
v 33.007610 -25.800001 -4.825684
v 33.001904 -0.000000 -4.912761
v 33.007610 -25.800001 -4.825684
v 33.001904 -25.800001 -4.912757
v 33.001904 -0.000000 -4.912761
v 33.001904 -0.000000 -4.912761
v 33.001904 -25.800001 -4.912757
v 33.000000 -0.000000 -5.000000
v 33.001904 -25.800001 -4.912757
v 33.000000 -25.800001 -4.999996
v 33.000000 -0.000000 -5.000000
v 33.000000 -0.000000 -5.000000
v 33.000000 -25.800001 -4.999996
v 33.001904 -0.000000 -5.087239
v 33.000000 -25.800001 -4.999996
v 33.001904 -25.800001 -5.087235
v 33.001904 -0.000000 -5.087239
v 33.001904 -0.000000 -5.087239
v 33.001904 -25.800001 -5.087235
v 33.007610 -0.000000 -5.174311
v 33.001904 -25.800001 -5.087235
v 33.007610 -25.800001 -5.174307
v 33.007610 -0.000000 -5.174311
v 33.007610 -0.000000 -5.174311
v 33.007610 -25.800001 -5.174307
v 33.017109 -0.000000 -5.261053
v 33.007610 -25.800001 -5.174307
v 33.017109 -25.800001 -5.261049
v 33.017109 -0.000000 -5.261053
v 33.017109 -0.000000 -5.261053
v 33.017109 -25.800001 -5.261049
v 33.030384 -0.000000 -5.347296
v 33.017109 -25.800001 -5.261049
v 33.030384 -25.800001 -5.347292
v 33.030384 -0.000000 -5.347296
v 33.030384 -0.000000 -5.347296
v 33.030384 -25.800001 -5.347292
v 33.047409 -0.000000 -5.432879
v 33.030384 -25.800001 -5.347292
v 33.047409 -25.800001 -5.432875
v 33.047409 -0.000000 -5.432879
v 33.047409 -0.000000 -5.432879
v 33.047409 -25.800001 -5.432875
v 33.068146 -0.000000 -5.517638
v 33.047409 -25.800001 -5.432875
v 33.068146 -25.800001 -5.517634
v 33.068146 -0.000000 -5.517638
v 33.068146 -0.000000 -5.517638
v 33.068146 -25.800001 -5.517634
v 33.092567 -0.000000 -5.601412
v 33.068146 -25.800001 -5.517634
v 33.092567 -25.800001 -5.601408
v 33.092567 -0.000000 -5.601412
v 33.092567 -0.000000 -5.601412
v 33.092567 -25.800001 -5.601408
v 33.120613 -0.000000 -5.684041
v 33.092567 -25.800001 -5.601408
v 33.120613 -25.800001 -5.684037
v 33.120613 -0.000000 -5.684041
v 33.120613 -0.000000 -5.684041
v 33.120613 -25.800001 -5.684037
v 33.152241 -0.000000 -5.765367
v 33.120613 -25.800001 -5.684037
v 33.152241 -25.800001 -5.765363
v 33.152241 -0.000000 -5.765367
v 33.152241 -0.000000 -5.765367
v 33.152241 -25.800001 -5.765363
v 33.187386 -0.000000 -5.845237
v 33.152241 -25.800001 -5.765363
v 33.187386 -25.800001 -5.845233
v 33.187386 -0.000000 -5.845237
v 33.187386 -0.000000 -5.845237
v 33.187386 -25.800001 -5.845233
v 33.225979 -0.000000 -5.923497
v 33.187386 -25.800001 -5.845233
v 33.225979 -25.800001 -5.923493
v 33.225979 -0.000000 -5.923497
v 33.225979 -0.000000 -5.923497
v 33.225979 -25.800001 -5.923493
v 33.267948 -0.000000 -6.000000
v 33.225979 -25.800001 -5.923493
v 33.267948 -25.800001 -5.999996
v 33.267948 -0.000000 -6.000000
v 33.267948 -0.000000 -6.000000
v 33.267948 -25.800001 -5.999996
v 33.313217 -0.000000 -6.074599
v 33.267948 -25.800001 -5.999996
v 33.313217 -25.800001 -6.074595
v 33.313217 -0.000000 -6.074599
v 33.313217 -0.000000 -6.074599
v 33.313217 -25.800001 -6.074595
v 33.361694 -0.000000 -6.147153
v 33.313217 -25.800001 -6.074595
v 33.361694 -25.800001 -6.147149
v 33.361694 -0.000000 -6.147153
v 33.361694 -0.000000 -6.147153
v 33.361694 -25.800001 -6.147149
v 33.413296 -0.000000 -6.217523
v 33.361694 -25.800001 -6.147149
v 33.413296 -25.800001 -6.217519
v 33.413296 -0.000000 -6.217523
v 33.413296 -0.000000 -6.217523
v 33.413296 -25.800001 -6.217519
v 33.467911 -0.000000 -6.285575
v 33.413296 -25.800001 -6.217519
v 33.467911 -25.800001 -6.285571
v 33.467911 -0.000000 -6.285575
v 33.467911 -0.000000 -6.285575
v 33.467911 -25.800001 -6.285571
v 33.525444 -0.000000 -6.351181
v 33.467911 -25.800001 -6.285571
v 33.525444 -25.800001 -6.351177
v 33.525444 -0.000000 -6.351181
v 33.525444 -0.000000 -6.351181
v 33.525444 -25.800001 -6.351177
v 33.585785 -0.000000 -6.414214
v 33.525444 -25.800001 -6.351177
v 33.585785 -25.800001 -6.414210
v 33.585785 -0.000000 -6.414214
v 33.585785 -0.000000 -6.414214
v 33.585785 -25.800001 -6.414210
v 33.648819 -0.000000 -6.474555
v 33.585785 -25.800001 -6.414210
v 33.648819 -25.800001 -6.474551
v 33.648819 -0.000000 -6.474555
v 33.648819 -0.000000 -6.474555
v 33.648819 -25.800001 -6.474551
v 33.714424 -0.000000 -6.532089
v 33.648819 -25.800001 -6.474551
v 33.714424 -25.800001 -6.532085
v 33.714424 -0.000000 -6.532089
v 33.714424 -0.000000 -6.532089
v 33.714424 -25.800001 -6.532085
v 33.782478 -0.000000 -6.586707
v 33.714424 -25.800001 -6.532085
v 33.782478 -25.800001 -6.586703
v 33.782478 -0.000000 -6.586707
v 33.782478 -0.000000 -6.586707
v 33.782478 -25.800001 -6.586703
v 33.852844 -0.000002 -6.638304
v 33.782478 -25.800001 -6.586703
v 33.852844 -25.800001 -6.638300
v 33.852844 -0.000002 -6.638304
v 33.852844 -0.000002 -6.638304
v 33.852844 -25.800001 -6.638300
v 33.925400 -0.000002 -6.686783
v 33.852844 -25.800001 -6.638300
v 33.925400 -25.800001 -6.686779
v 33.925400 -0.000002 -6.686783
v 33.925400 -0.000002 -6.686783
v 33.925400 -25.800001 -6.686779
v 34.000000 -0.000002 -6.732051
v 33.925400 -25.800001 -6.686779
v 34.000000 -25.800001 -6.732047
v 34.000000 -0.000002 -6.732051
v 34.000000 -0.000002 -6.732051
v 34.000000 -25.800001 -6.732047
v 34.076504 -0.000002 -6.774022
v 34.000000 -25.800001 -6.732047
v 34.076504 -25.800001 -6.774018
v 34.076504 -0.000002 -6.774022
v 34.076504 -0.000002 -6.774022
v 34.076504 -25.800001 -6.774018
v 34.154766 -0.000002 -6.812616
v 34.076504 -25.800001 -6.774018
v 34.154766 -25.800001 -6.812612
v 34.154766 -0.000002 -6.812616
v 34.154766 -0.000002 -6.812616
v 34.154766 -25.800001 -6.812612
v 34.234631 -0.000002 -6.847759
v 34.154766 -25.800001 -6.812612
v 34.234631 -25.800001 -6.847755
v 34.234631 -0.000002 -6.847759
v 34.234631 -0.000002 -6.847759
v 34.234631 -25.800001 -6.847755
v 34.315960 -0.000002 -6.879385
v 34.234631 -25.800001 -6.847755
v 34.315960 -25.800001 -6.879381
v 34.315960 -0.000002 -6.879385
v 34.315960 -0.000002 -6.879385
v 34.315960 -25.800001 -6.879381
v 34.398590 -0.000002 -6.907434
v 34.315960 -25.800001 -6.879381
v 34.398590 -25.800001 -6.907430
v 34.398590 -0.000002 -6.907434
v 34.398590 -0.000002 -6.907434
v 34.398590 -25.800001 -6.907430
v 34.482365 -0.000002 -6.931851
v 34.398590 -25.800001 -6.907430
v 34.482365 -25.800001 -6.931847
v 34.482365 -0.000002 -6.931851
v 34.482365 -0.000002 -6.931851
v 34.482365 -25.800001 -6.931847
v 34.567120 -0.000002 -6.952592
v 34.482365 -25.800001 -6.931847
v 34.567120 -25.800001 -6.952588
v 34.567120 -0.000002 -6.952592
v 34.567120 -0.000002 -6.952592
v 34.567120 -25.800001 -6.952588
v 34.652702 -0.000002 -6.969615
v 34.567120 -25.800001 -6.952588
v 34.652702 -25.800001 -6.969611
v 34.652702 -0.000002 -6.969615
v 34.652702 -0.000002 -6.969615
v 34.652702 -25.800001 -6.969611
v 34.738945 -0.000002 -6.982890
v 34.652702 -25.800001 -6.969611
v 34.738945 -25.800001 -6.982886
v 34.738945 -0.000002 -6.982890
v 34.738945 -0.000002 -6.982890
v 34.738945 -25.800001 -6.982886
v 34.825691 -0.000002 -6.992390
v 34.738945 -25.800001 -6.982886
v 34.825691 -25.800001 -6.992386
v 34.825691 -0.000002 -6.992390
v 34.825691 -0.000002 -6.992390
v 34.825691 -25.800001 -6.992386
v 34.912762 -0.000002 -6.998096
v 34.825691 -25.800001 -6.992386
v 34.912762 -25.800001 -6.998092
v 34.912762 -0.000002 -6.998096
v 34.912762 -0.000002 -6.998096
v 34.912762 -25.800001 -6.998092
v 35.000000 -0.000002 -7.000000
v 34.912762 -25.800001 -6.998092
v 35.000000 -25.800001 -6.999996
v 35.000000 -0.000002 -7.000000
v 1.800000 -0.000006 -40.603497
v 1.800000 -25.800009 -40.603489
v 1.800000 -0.000006 -43.047668
v 1.800000 -25.800009 -40.603489
v 1.800000 -25.800009 -43.047661
v 1.800000 -0.000006 -43.047668
v 1.800000 -0.000006 -43.047668
v 1.800000 -25.800009 -43.047661
v 1.800000 -0.000006 -43.431923
v 1.800000 -25.800009 -43.047661
v 1.800000 -25.800009 -43.431915
v 1.800000 -0.000006 -43.431923
v 5.000000 -0.000002 -7.000000
v 5.000000 -25.800001 -6.999996
v 5.087239 -0.000002 -6.998096
v 5.000000 -25.800001 -6.999996
v 5.087239 -25.800001 -6.998092
v 5.087239 -0.000002 -6.998096
v 5.087239 -0.000002 -6.998096
v 5.087239 -25.800001 -6.998092
v 5.174311 -0.000002 -6.992390
v 5.087239 -25.800001 -6.998092
v 5.174311 -25.800001 -6.992386
v 5.174311 -0.000002 -6.992390
v 5.174311 -0.000002 -6.992390
v 5.174311 -25.800001 -6.992386
v 5.261053 -0.000002 -6.982890
v 5.174311 -25.800001 -6.992386
v 5.261053 -25.800001 -6.982886
v 5.261053 -0.000002 -6.982890
v 5.261053 -0.000002 -6.982890
v 5.261053 -25.800001 -6.982886
v 5.347296 -0.000002 -6.969615
v 5.261053 -25.800001 -6.982886
v 5.347296 -25.800001 -6.969611
v 5.347296 -0.000002 -6.969615
v 5.347296 -0.000002 -6.969615
v 5.347296 -25.800001 -6.969611
v 5.432879 -0.000002 -6.952592
v 5.347296 -25.800001 -6.969611
v 5.432879 -25.800001 -6.952588
v 5.432879 -0.000002 -6.952592
v 5.432879 -0.000002 -6.952592
v 5.432879 -25.800001 -6.952588
v 5.517638 -0.000002 -6.931851
v 5.432879 -25.800001 -6.952588
v 5.517638 -25.800001 -6.931847
v 5.517638 -0.000002 -6.931851
v 5.517638 -0.000002 -6.931851
v 5.517638 -25.800001 -6.931847
v 5.601412 -0.000002 -6.907434
v 5.517638 -25.800001 -6.931847
v 5.601412 -25.800001 -6.907430
v 5.601412 -0.000002 -6.907434
v 5.601412 -0.000002 -6.907434
v 5.601412 -25.800001 -6.907430
v 5.684041 -0.000002 -6.879385
v 5.601412 -25.800001 -6.907430
v 5.684041 -25.800001 -6.879381
v 5.684041 -0.000002 -6.879385
v 5.684041 -0.000002 -6.879385
v 5.684041 -25.800001 -6.879381
v 5.765367 -0.000002 -6.847759
v 5.684041 -25.800001 -6.879381
v 5.765367 -25.800001 -6.847755
v 5.765367 -0.000002 -6.847759
v 5.765367 -0.000002 -6.847759
v 5.765367 -25.800001 -6.847755
v 5.845237 -0.000002 -6.812616
v 5.765367 -25.800001 -6.847755
v 5.845237 -25.800001 -6.812612
v 5.845237 -0.000002 -6.812616
v 5.845237 -0.000002 -6.812616
v 5.845237 -25.800001 -6.812612
v 5.923497 -0.000002 -6.774022
v 5.845237 -25.800001 -6.812612
v 5.923497 -25.800001 -6.774018
v 5.923497 -0.000002 -6.774022
v 5.923497 -0.000002 -6.774022
v 5.923497 -25.800001 -6.774018
v 6.000000 -0.000002 -6.732051
v 5.923497 -25.800001 -6.774018
v 6.000000 -25.800001 -6.732047
v 6.000000 -0.000002 -6.732051
v 6.000000 -0.000002 -6.732051
v 6.000000 -25.800001 -6.732047
v 6.074599 -0.000002 -6.686783
v 6.000000 -25.800001 -6.732047
v 6.074599 -25.800001 -6.686779
v 6.074599 -0.000002 -6.686783
v 6.074599 -0.000002 -6.686783
v 6.074599 -25.800001 -6.686779
v 6.147153 -0.000002 -6.638304
v 6.074599 -25.800001 -6.686779
v 6.147153 -25.800001 -6.638300
v 6.147153 -0.000002 -6.638304
v 6.147153 -0.000002 -6.638304
v 6.147153 -25.800001 -6.638300
v 6.217523 -0.000000 -6.586707
v 6.147153 -25.800001 -6.638300
v 6.217523 -25.800001 -6.586703
v 6.217523 -0.000000 -6.586707
v 6.217523 -0.000000 -6.586707
v 6.217523 -25.800001 -6.586703
v 6.285575 -0.000000 -6.532089
v 6.217523 -25.800001 -6.586703
v 6.285575 -25.800001 -6.532085
v 6.285575 -0.000000 -6.532089
v 6.285575 -0.000000 -6.532089
v 6.285575 -25.800001 -6.532085
v 6.351181 -0.000000 -6.474555
v 6.285575 -25.800001 -6.532085
v 6.351181 -25.800001 -6.474551
v 6.351181 -0.000000 -6.474555
v 6.351181 -0.000000 -6.474555
v 6.351181 -25.800001 -6.474551
v 6.414214 -0.000000 -6.414214
v 6.351181 -25.800001 -6.474551
v 6.414214 -25.800001 -6.414210
v 6.414214 -0.000000 -6.414214
v 6.414214 -0.000000 -6.414214
v 6.414214 -25.800001 -6.414210
v 6.474555 -0.000000 -6.351181
v 6.414214 -25.800001 -6.414210
v 6.474555 -25.800001 -6.351177
v 6.474555 -0.000000 -6.351181
v 6.474555 -0.000000 -6.351181
v 6.474555 -25.800001 -6.351177
v 6.532089 -0.000000 -6.285575
v 6.474555 -25.800001 -6.351177
v 6.532089 -25.800001 -6.285571
v 6.532089 -0.000000 -6.285575
v 6.532089 -0.000000 -6.285575
v 6.532089 -25.800001 -6.285571
v 6.586707 -0.000000 -6.217523
v 6.532089 -25.800001 -6.285571
v 6.586707 -25.800001 -6.217519
v 6.586707 -0.000000 -6.217523
v 6.586707 -0.000000 -6.217523
v 6.586707 -25.800001 -6.217519
v 6.638304 -0.000000 -6.147153
v 6.586707 -25.800001 -6.217519
v 6.638304 -25.800001 -6.147149
v 6.638304 -0.000000 -6.147153
v 6.638304 -0.000000 -6.147153
v 6.638304 -25.800001 -6.147149
v 6.686783 -0.000000 -6.074599
v 6.638304 -25.800001 -6.147149
v 6.686783 -25.800001 -6.074595
v 6.686783 -0.000000 -6.074599
v 6.686783 -0.000000 -6.074599
v 6.686783 -25.800001 -6.074595
v 6.732051 -0.000000 -6.000000
v 6.686783 -25.800001 -6.074595
v 6.732051 -25.800001 -5.999996
v 6.732051 -0.000000 -6.000000
v 6.732051 -0.000000 -6.000000
v 6.732051 -25.800001 -5.999996
v 6.774022 -0.000000 -5.923497
v 6.732051 -25.800001 -5.999996
v 6.774022 -25.800001 -5.923493
v 6.774022 -0.000000 -5.923497
v 6.774022 -0.000000 -5.923497
v 6.774022 -25.800001 -5.923493
v 6.812616 -0.000000 -5.845237
v 6.774022 -25.800001 -5.923493
v 6.812616 -25.800001 -5.845233
v 6.812616 -0.000000 -5.845237
v 6.812616 -0.000000 -5.845237
v 6.812616 -25.800001 -5.845233
v 6.847759 -0.000000 -5.765367
v 6.812616 -25.800001 -5.845233
v 6.847759 -25.800001 -5.765363
v 6.847759 -0.000000 -5.765367
v 6.847759 -0.000000 -5.765367
v 6.847759 -25.800001 -5.765363
v 6.879385 -0.000000 -5.684041
v 6.847759 -25.800001 -5.765363
v 6.879385 -25.800001 -5.684037
v 6.879385 -0.000000 -5.684041
v 6.879385 -0.000000 -5.684041
v 6.879385 -25.800001 -5.684037
v 6.907434 -0.000000 -5.601412
v 6.879385 -25.800001 -5.684037
v 6.907434 -25.800001 -5.601408
v 6.907434 -0.000000 -5.601412
v 6.907434 -0.000000 -5.601412
v 6.907434 -25.800001 -5.601408
v 6.931851 -0.000000 -5.517638
v 6.907434 -25.800001 -5.601408
v 6.931851 -25.800001 -5.517634
v 6.931851 -0.000000 -5.517638
v 6.931851 -0.000000 -5.517638
v 6.931851 -25.800001 -5.517634
v 6.952592 -0.000000 -5.432879
v 6.931851 -25.800001 -5.517634
v 6.952592 -25.800001 -5.432875
v 6.952592 -0.000000 -5.432879
v 6.952592 -0.000000 -5.432879
v 6.952592 -25.800001 -5.432875
v 6.969615 -0.000000 -5.347296
v 6.952592 -25.800001 -5.432875
v 6.969615 -25.800001 -5.347292
v 6.969615 -0.000000 -5.347296
v 6.969615 -0.000000 -5.347296
v 6.969615 -25.800001 -5.347292
v 6.982890 -0.000000 -5.261053
v 6.969615 -25.800001 -5.347292
v 6.982890 -25.800001 -5.261049
v 6.982890 -0.000000 -5.261053
v 6.982890 -0.000000 -5.261053
v 6.982890 -25.800001 -5.261049
v 6.992390 -0.000000 -5.174311
v 6.982890 -25.800001 -5.261049
v 6.992390 -25.800001 -5.174307
v 6.992390 -0.000000 -5.174311
v 6.992390 -0.000000 -5.174311
v 6.992390 -25.800001 -5.174307
v 6.998096 -0.000000 -5.087239
v 6.992390 -25.800001 -5.174307
v 6.998096 -25.800001 -5.087235
v 6.998096 -0.000000 -5.087239
v 6.998096 -0.000000 -5.087239
v 6.998096 -25.800001 -5.087235
v 7.000000 -0.000000 -5.000000
v 6.998096 -25.800001 -5.087235
v 7.000000 -25.800001 -4.999996
v 7.000000 -0.000000 -5.000000
v 7.000000 -0.000000 -5.000000
v 7.000000 -25.800001 -4.999996
v 6.998096 -0.000000 -4.912761
v 7.000000 -25.800001 -4.999996
v 6.998096 -25.800001 -4.912757
v 6.998096 -0.000000 -4.912761
v 6.998096 -0.000000 -4.912761
v 6.998096 -25.800001 -4.912757
v 6.992390 -0.000000 -4.825688
v 6.998096 -25.800001 -4.912757
v 6.992390 -25.800001 -4.825684
v 6.992390 -0.000000 -4.825688
v 6.992390 -0.000000 -4.825688
v 6.992390 -25.800001 -4.825684
v 6.982890 -0.000000 -4.738948
v 6.992390 -25.800001 -4.825684
v 6.982890 -25.800001 -4.738944
v 6.982890 -0.000000 -4.738948
v 6.982890 -0.000000 -4.738948
v 6.982890 -25.800001 -4.738944
v 6.969615 -0.000000 -4.652704
v 6.982890 -25.800001 -4.738944
v 6.969615 -25.800001 -4.652700
v 6.969615 -0.000000 -4.652704
v 6.969615 -0.000000 -4.652704
v 6.969615 -25.800001 -4.652700
v 6.952592 -0.000000 -4.567121
v 6.969615 -25.800001 -4.652700
v 6.952592 -25.800001 -4.567117
v 6.952592 -0.000000 -4.567121
v 6.952592 -0.000000 -4.567121
v 6.952592 -25.800001 -4.567117
v 6.931851 -0.000000 -4.482362
v 6.952592 -25.800001 -4.567117
v 6.931851 -25.800001 -4.482358
v 6.931851 -0.000000 -4.482362
v 6.931851 -0.000000 -4.482362
v 6.931851 -25.800001 -4.482358
v 6.907434 -0.000000 -4.398589
v 6.931851 -25.800001 -4.482358
v 6.907434 -25.800001 -4.398585
v 6.907434 -0.000000 -4.398589
v 6.907434 -0.000000 -4.398589
v 6.907434 -25.800001 -4.398585
v 6.879385 -0.000000 -4.315960
v 6.907434 -25.800001 -4.398585
v 6.879385 -25.800001 -4.315956
v 6.879385 -0.000000 -4.315960
v 6.879385 -0.000000 -4.315960
v 6.879385 -25.800001 -4.315956
v 6.847759 -0.000000 -4.234633
v 6.879385 -25.800001 -4.315956
v 6.847759 -25.800001 -4.234629
v 6.847759 -0.000000 -4.234633
v 6.847759 -0.000000 -4.234633
v 6.847759 -25.800001 -4.234629
v 6.812616 -0.000000 -4.154764
v 6.847759 -25.800001 -4.234629
v 6.812616 -25.800001 -4.154760
v 6.812616 -0.000000 -4.154764
v 6.812616 -0.000000 -4.154764
v 6.812616 -25.800001 -4.154760
v 6.774022 -0.000000 -4.076503
v 6.812616 -25.800001 -4.154760
v 6.774022 -25.800001 -4.076499
v 6.774022 -0.000000 -4.076503
v 6.774022 -0.000000 -4.076503
v 6.774022 -25.800001 -4.076499
v 6.732051 -0.000000 -4.000000
v 6.774022 -25.800001 -4.076499
v 6.732051 -25.800001 -3.999996
v 6.732051 -0.000000 -4.000000
v 6.732051 -0.000000 -4.000000
v 6.732051 -25.800001 -3.999996
v 6.686783 -0.000000 -3.925401
v 6.732051 -25.800001 -3.999996
v 6.686783 -25.800001 -3.925397
v 6.686783 -0.000000 -3.925401
v 6.686783 -0.000000 -3.925401
v 6.686783 -25.800001 -3.925397
v 6.638304 -0.000000 -3.852847
v 6.686783 -25.800001 -3.925397
v 6.638304 -25.800001 -3.852843
v 6.638304 -0.000000 -3.852847
v 6.638304 -0.000000 -3.852847
v 6.638304 -25.800001 -3.852843
v 6.586707 -0.000000 -3.782477
v 6.638304 -25.800001 -3.852843
v 6.586707 -25.800001 -3.782473
v 6.586707 -0.000000 -3.782477
v 6.586707 -0.000000 -3.782477
v 6.586707 -25.800001 -3.782473
v 6.532089 -0.000000 -3.714425
v 6.586707 -25.800001 -3.782473
v 6.532089 -25.800001 -3.714421
v 6.532089 -0.000000 -3.714425
v 6.532089 -0.000000 -3.714425
v 6.532089 -25.800001 -3.714421
v 6.474555 -0.000000 -3.648820
v 6.532089 -25.800001 -3.714421
v 6.474555 -25.800001 -3.648816
v 6.474555 -0.000000 -3.648820
v 6.474555 -0.000000 -3.648820
v 6.474555 -25.800001 -3.648816
v 6.414214 -0.000000 -3.585786
v 6.474555 -25.800001 -3.648816
v 6.414214 -25.800001 -3.585782
v 6.414214 -0.000000 -3.585786
v 6.414214 -0.000000 -3.585786
v 6.414214 -25.800001 -3.585782
v 6.351181 -0.000000 -3.525445
v 6.414214 -25.800001 -3.585782
v 6.351181 -25.800001 -3.525441
v 6.351181 -0.000000 -3.525445
v 6.351181 -0.000000 -3.525445
v 6.351181 -25.800001 -3.525441
v 6.285575 -0.000000 -3.467911
v 6.351181 -25.800001 -3.525441
v 6.285575 -25.800001 -3.467907
v 6.285575 -0.000000 -3.467911
v 6.285575 -0.000000 -3.467911
v 6.285575 -25.800001 -3.467907
v 6.217523 -0.000000 -3.413293
v 6.285575 -25.800001 -3.467907
v 6.217523 -25.800001 -3.413289
v 6.217523 -0.000000 -3.413293
v 6.217523 -0.000000 -3.413293
v 6.217523 -25.800001 -3.413289
v 6.147153 -0.000000 -3.361696
v 6.217523 -25.800001 -3.413289
v 6.147153 -25.800001 -3.361692
v 6.147153 -0.000000 -3.361696
v 6.147153 -0.000000 -3.361696
v 6.147153 -25.800001 -3.361692
v 6.074599 -0.000000 -3.313217
v 6.147153 -25.800001 -3.361692
v 6.074599 -25.800001 -3.313213
v 6.074599 -0.000000 -3.313217
v 6.074599 -0.000000 -3.313217
v 6.074599 -25.800001 -3.313213
v 6.000000 -0.000000 -3.267949
v 6.074599 -25.800001 -3.313213
v 6.000000 -25.800001 -3.267945
v 6.000000 -0.000000 -3.267949
v 6.000000 -0.000000 -3.267949
v 6.000000 -25.800001 -3.267945
v 5.923497 -0.000000 -3.225978
v 6.000000 -25.800001 -3.267945
v 5.923497 -25.800001 -3.225974
v 5.923497 -0.000000 -3.225978
v 5.923497 -0.000000 -3.225978
v 5.923497 -25.800001 -3.225974
v 5.845237 -0.000000 -3.187384
v 5.923497 -25.800001 -3.225974
v 5.845237 -25.800001 -3.187380
v 5.845237 -0.000000 -3.187384
v 5.845237 -0.000000 -3.187384
v 5.845237 -25.800001 -3.187380
v 5.765367 -0.000000 -3.152241
v 5.845237 -25.800001 -3.187380
v 5.765367 -25.800001 -3.152237
v 5.765367 -0.000000 -3.152241
v 5.765367 -0.000000 -3.152241
v 5.765367 -25.800001 -3.152237
v 5.684041 -0.000000 -3.120615
v 5.765367 -25.800001 -3.152237
v 5.684041 -25.800001 -3.120611
v 5.684041 -0.000000 -3.120615
v 5.684041 -0.000000 -3.120615
v 5.684041 -25.800001 -3.120611
v 5.601412 -0.000000 -3.092566
v 5.684041 -25.800001 -3.120611
v 5.601412 -25.800001 -3.092562
v 5.601412 -0.000000 -3.092566
v 5.601412 -0.000000 -3.092566
v 5.601412 -25.800001 -3.092562
v 5.517638 -0.000000 -3.068148
v 5.601412 -25.800001 -3.092562
v 5.517638 -25.800001 -3.068144
v 5.517638 -0.000000 -3.068148
v 5.517638 -0.000000 -3.068148
v 5.517638 -25.800001 -3.068144
v 5.432879 -0.000000 -3.047408
v 5.517638 -25.800001 -3.068144
v 5.432879 -25.800001 -3.047404
v 5.432879 -0.000000 -3.047408
v 5.432879 -0.000000 -3.047408
v 5.432879 -25.800001 -3.047404
v 5.347296 -0.000000 -3.030385
v 5.432879 -25.800001 -3.047404
v 5.347296 -25.800001 -3.030381
v 5.347296 -0.000000 -3.030385
v 5.347296 -0.000000 -3.030385
v 5.347296 -25.800001 -3.030381
v 5.261053 -0.000000 -3.017110
v 5.347296 -25.800001 -3.030381
v 5.261053 -25.800001 -3.017106
v 5.261053 -0.000000 -3.017110
v 5.261053 -0.000000 -3.017110
v 5.261053 -25.800001 -3.017106
v 5.174311 -0.000000 -3.007611
v 5.261053 -25.800001 -3.017106
v 5.174311 -25.800001 -3.007607
v 5.174311 -0.000000 -3.007611
v 5.174311 -0.000000 -3.007611
v 5.174311 -25.800001 -3.007607
v 5.087239 -0.000000 -3.001904
v 5.174311 -25.800001 -3.007607
v 5.087239 -25.800001 -3.001900
v 5.087239 -0.000000 -3.001904
v 5.087239 -0.000000 -3.001904
v 5.087239 -25.800001 -3.001900
v 5.000000 -0.000000 -3.000000
v 5.087239 -25.800001 -3.001900
v 5.000000 -25.800001 -2.999996
v 5.000000 -0.000000 -3.000000
v 5.000000 -0.000000 -3.000000
v 5.000000 -25.800001 -2.999996
v 4.912761 -0.000000 -3.001904
v 5.000000 -25.800001 -2.999996
v 4.912761 -25.800001 -3.001900
v 4.912761 -0.000000 -3.001904
v 4.912761 -0.000000 -3.001904
v 4.912761 -25.800001 -3.001900
v 4.825688 -0.000000 -3.007611
v 4.912761 -25.800001 -3.001900
v 4.825688 -25.800001 -3.007607
v 4.825688 -0.000000 -3.007611
v 4.825688 -0.000000 -3.007611
v 4.825688 -25.800001 -3.007607
v 4.738948 -0.000000 -3.017110
v 4.825688 -25.800001 -3.007607
v 4.738948 -25.800001 -3.017106
v 4.738948 -0.000000 -3.017110
v 4.738948 -0.000000 -3.017110
v 4.738948 -25.800001 -3.017106
v 4.652704 -0.000000 -3.030385
v 4.738948 -25.800001 -3.017106
v 4.652704 -25.800001 -3.030381
v 4.652704 -0.000000 -3.030385
v 4.652704 -0.000000 -3.030385
v 4.652704 -25.800001 -3.030381
v 4.567121 -0.000000 -3.047408
v 4.652704 -25.800001 -3.030381
v 4.567121 -25.800001 -3.047404
v 4.567121 -0.000000 -3.047408
v 4.567121 -0.000000 -3.047408
v 4.567121 -25.800001 -3.047404
v 4.482362 -0.000000 -3.068148
v 4.567121 -25.800001 -3.047404
v 4.482362 -25.800001 -3.068144
v 4.482362 -0.000000 -3.068148
v 4.482362 -0.000000 -3.068148
v 4.482362 -25.800001 -3.068144
v 4.398589 -0.000000 -3.092566
v 4.482362 -25.800001 -3.068144
v 4.398589 -25.800001 -3.092562
v 4.398589 -0.000000 -3.092566
v 4.398589 -0.000000 -3.092566
v 4.398589 -25.800001 -3.092562
v 4.315960 -0.000000 -3.120615
v 4.398589 -25.800001 -3.092562
v 4.315960 -25.800001 -3.120611
v 4.315960 -0.000000 -3.120615
v 4.315960 -0.000000 -3.120615
v 4.315960 -25.800001 -3.120611
v 4.234633 -0.000000 -3.152241
v 4.315960 -25.800001 -3.120611
v 4.234633 -25.800001 -3.152237
v 4.234633 -0.000000 -3.152241
v 4.234633 -0.000000 -3.152241
v 4.234633 -25.800001 -3.152237
v 4.154764 -0.000000 -3.187384
v 4.234633 -25.800001 -3.152237
v 4.154764 -25.800001 -3.187380
v 4.154764 -0.000000 -3.187384
v 4.154764 -0.000000 -3.187384
v 4.154764 -25.800001 -3.187380
v 4.076503 -0.000000 -3.225978
v 4.154764 -25.800001 -3.187380
v 4.076503 -25.800001 -3.225974
v 4.076503 -0.000000 -3.225978
v 4.076503 -0.000000 -3.225978
v 4.076503 -25.800001 -3.225974
v 4.000000 -0.000000 -3.267949
v 4.076503 -25.800001 -3.225974
v 4.000000 -25.800001 -3.267945
v 4.000000 -0.000000 -3.267949
v 4.000000 -0.000000 -3.267949
v 4.000000 -25.800001 -3.267945
v 3.925401 -0.000000 -3.313217
v 4.000000 -25.800001 -3.267945
v 3.925401 -25.800001 -3.313213
v 3.925401 -0.000000 -3.313217
v 3.925401 -0.000000 -3.313217
v 3.925401 -25.800001 -3.313213
v 3.852847 -0.000000 -3.361696
v 3.925401 -25.800001 -3.313213
v 3.852847 -25.800001 -3.361692
v 3.852847 -0.000000 -3.361696
v 3.852847 -0.000000 -3.361696
v 3.852847 -25.800001 -3.361692
v 3.782477 -0.000000 -3.413293
v 3.852847 -25.800001 -3.361692
v 3.782477 -25.800001 -3.413289
v 3.782477 -0.000000 -3.413293
v 3.782477 -0.000000 -3.413293
v 3.782477 -25.800001 -3.413289
v 3.714425 -0.000000 -3.467911
v 3.782477 -25.800001 -3.413289
v 3.714425 -25.800001 -3.467907
v 3.714425 -0.000000 -3.467911
v 3.714425 -0.000000 -3.467911
v 3.714425 -25.800001 -3.467907
v 3.648820 -0.000000 -3.525445
v 3.714425 -25.800001 -3.467907
v 3.648820 -25.800001 -3.525441
v 3.648820 -0.000000 -3.525445
v 3.648820 -0.000000 -3.525445
v 3.648820 -25.800001 -3.525441
v 3.585786 -0.000000 -3.585786
v 3.648820 -25.800001 -3.525441
v 3.585786 -25.800001 -3.585782
v 3.585786 -0.000000 -3.585786
v 3.585786 -0.000000 -3.585786
v 3.585786 -25.800001 -3.585782
v 3.525445 -0.000000 -3.648820
v 3.585786 -25.800001 -3.585782
v 3.525445 -25.800001 -3.648816
v 3.525445 -0.000000 -3.648820
v 3.525445 -0.000000 -3.648820
v 3.525445 -25.800001 -3.648816
v 3.467911 -0.000000 -3.714425
v 3.525445 -25.800001 -3.648816
v 3.467911 -25.800001 -3.714421
v 3.467911 -0.000000 -3.714425
v 3.467911 -0.000000 -3.714425
v 3.467911 -25.800001 -3.714421
v 3.413293 -0.000000 -3.782477
v 3.467911 -25.800001 -3.714421
v 3.413293 -25.800001 -3.782473
v 3.413293 -0.000000 -3.782477
v 3.413293 -0.000000 -3.782477
v 3.413293 -25.800001 -3.782473
v 3.361696 -0.000000 -3.852847
v 3.413293 -25.800001 -3.782473
v 3.361696 -25.800001 -3.852843
v 3.361696 -0.000000 -3.852847
v 3.361696 -0.000000 -3.852847
v 3.361696 -25.800001 -3.852843
v 3.313217 -0.000000 -3.925401
v 3.361696 -25.800001 -3.852843
v 3.313217 -25.800001 -3.925397
v 3.313217 -0.000000 -3.925401
v 3.313217 -0.000000 -3.925401
v 3.313217 -25.800001 -3.925397
v 3.267949 -0.000000 -4.000000
v 3.313217 -25.800001 -3.925397
v 3.267949 -25.800001 -3.999996
v 3.267949 -0.000000 -4.000000
v 3.267949 -0.000000 -4.000000
v 3.267949 -25.800001 -3.999996
v 3.225978 -0.000000 -4.076503
v 3.267949 -25.800001 -3.999996
v 3.225978 -25.800001 -4.076499
v 3.225978 -0.000000 -4.076503
v 3.225978 -0.000000 -4.076503
v 3.225978 -25.800001 -4.076499
v 3.187384 -0.000000 -4.154764
v 3.225978 -25.800001 -4.076499
v 3.187384 -25.800001 -4.154760
v 3.187384 -0.000000 -4.154764
v 3.187384 -0.000000 -4.154764
v 3.187384 -25.800001 -4.154760
v 3.152241 -0.000000 -4.234633
v 3.187384 -25.800001 -4.154760
v 3.152241 -25.800001 -4.234629
v 3.152241 -0.000000 -4.234633
v 3.152241 -0.000000 -4.234633
v 3.152241 -25.800001 -4.234629
v 3.120615 -0.000000 -4.315960
v 3.152241 -25.800001 -4.234629
v 3.120615 -25.800001 -4.315956
v 3.120615 -0.000000 -4.315960
v 3.120615 -0.000000 -4.315960
v 3.120615 -25.800001 -4.315956
v 3.092566 -0.000000 -4.398589
v 3.120615 -25.800001 -4.315956
v 3.092566 -25.800001 -4.398585
v 3.092566 -0.000000 -4.398589
v 3.092566 -0.000000 -4.398589
v 3.092566 -25.800001 -4.398585
v 3.068148 -0.000000 -4.482362
v 3.092566 -25.800001 -4.398585
v 3.068148 -25.800001 -4.482358
v 3.068148 -0.000000 -4.482362
v 3.068148 -0.000000 -4.482362
v 3.068148 -25.800001 -4.482358
v 3.047408 -0.000000 -4.567121
v 3.068148 -25.800001 -4.482358
v 3.047408 -25.800001 -4.567117
v 3.047408 -0.000000 -4.567121
v 3.047408 -0.000000 -4.567121
v 3.047408 -25.800001 -4.567117
v 3.030385 -0.000000 -4.652704
v 3.047408 -25.800001 -4.567117
v 3.030385 -25.800001 -4.652700
v 3.030385 -0.000000 -4.652704
v 3.030385 -0.000000 -4.652704
v 3.030385 -25.800001 -4.652700
v 3.017110 -0.000000 -4.738948
v 3.030385 -25.800001 -4.652700
v 3.017110 -25.800001 -4.738944
v 3.017110 -0.000000 -4.738948
v 3.017110 -0.000000 -4.738948
v 3.017110 -25.800001 -4.738944
v 3.007611 -0.000000 -4.825688
v 3.017110 -25.800001 -4.738944
v 3.007611 -25.800001 -4.825684
v 3.007611 -0.000000 -4.825688
v 3.007611 -0.000000 -4.825688
v 3.007611 -25.800001 -4.825684
v 3.001904 -0.000000 -4.912761
v 3.007611 -25.800001 -4.825684
v 3.001904 -25.800001 -4.912757
v 3.001904 -0.000000 -4.912761
v 3.001904 -0.000000 -4.912761
v 3.001904 -25.800001 -4.912757
v 3.000000 -0.000000 -5.000000
v 3.001904 -25.800001 -4.912757
v 3.000000 -25.800001 -4.999996
v 3.000000 -0.000000 -5.000000
v 3.000000 -0.000000 -5.000000
v 3.000000 -25.800001 -4.999996
v 3.001904 -0.000000 -5.087239
v 3.000000 -25.800001 -4.999996
v 3.001904 -25.800001 -5.087235
v 3.001904 -0.000000 -5.087239
v 3.001904 -0.000000 -5.087239
v 3.001904 -25.800001 -5.087235
v 3.007611 -0.000000 -5.174311
v 3.001904 -25.800001 -5.087235
v 3.007611 -25.800001 -5.174307
v 3.007611 -0.000000 -5.174311
v 3.007611 -0.000000 -5.174311
v 3.007611 -25.800001 -5.174307
v 3.017110 -0.000000 -5.261053
v 3.007611 -25.800001 -5.174307
v 3.017110 -25.800001 -5.261049
v 3.017110 -0.000000 -5.261053
v 3.017110 -0.000000 -5.261053
v 3.017110 -25.800001 -5.261049
v 3.030385 -0.000000 -5.347296
v 3.017110 -25.800001 -5.261049
v 3.030385 -25.800001 -5.347292
v 3.030385 -0.000000 -5.347296
v 3.030385 -0.000000 -5.347296
v 3.030385 -25.800001 -5.347292
v 3.047408 -0.000000 -5.432879
v 3.030385 -25.800001 -5.347292
v 3.047408 -25.800001 -5.432875
v 3.047408 -0.000000 -5.432879
v 3.047408 -0.000000 -5.432879
v 3.047408 -25.800001 -5.432875
v 3.068148 -0.000000 -5.517638
v 3.047408 -25.800001 -5.432875
v 3.068148 -25.800001 -5.517634
v 3.068148 -0.000000 -5.517638
v 3.068148 -0.000000 -5.517638
v 3.068148 -25.800001 -5.517634
v 3.092566 -0.000000 -5.601412
v 3.068148 -25.800001 -5.517634
v 3.092566 -25.800001 -5.601408
v 3.092566 -0.000000 -5.601412
v 3.092566 -0.000000 -5.601412
v 3.092566 -25.800001 -5.601408
v 3.120615 -0.000000 -5.684041
v 3.092566 -25.800001 -5.601408
v 3.120615 -25.800001 -5.684037
v 3.120615 -0.000000 -5.684041
v 3.120615 -0.000000 -5.684041
v 3.120615 -25.800001 -5.684037
v 3.152241 -0.000000 -5.765367
v 3.120615 -25.800001 -5.684037
v 3.152241 -25.800001 -5.765363
v 3.152241 -0.000000 -5.765367
v 3.152241 -0.000000 -5.765367
v 3.152241 -25.800001 -5.765363
v 3.187384 -0.000000 -5.845237
v 3.152241 -25.800001 -5.765363
v 3.187384 -25.800001 -5.845233
v 3.187384 -0.000000 -5.845237
v 3.187384 -0.000000 -5.845237
v 3.187384 -25.800001 -5.845233
v 3.225978 -0.000000 -5.923497
v 3.187384 -25.800001 -5.845233
v 3.225978 -25.800001 -5.923493
v 3.225978 -0.000000 -5.923497
v 3.225978 -0.000000 -5.923497
v 3.225978 -25.800001 -5.923493
v 3.267949 -0.000000 -6.000000
v 3.225978 -25.800001 -5.923493
v 3.267949 -25.800001 -5.999996
v 3.267949 -0.000000 -6.000000
v 3.267949 -0.000000 -6.000000
v 3.267949 -25.800001 -5.999996
v 3.313217 -0.000000 -6.074599
v 3.267949 -25.800001 -5.999996
v 3.313217 -25.800001 -6.074595
v 3.313217 -0.000000 -6.074599
v 3.313217 -0.000000 -6.074599
v 3.313217 -25.800001 -6.074595
v 3.361696 -0.000000 -6.147153
v 3.313217 -25.800001 -6.074595
v 3.361696 -25.800001 -6.147149
v 3.361696 -0.000000 -6.147153
v 3.361696 -0.000000 -6.147153
v 3.361696 -25.800001 -6.147149
v 3.413293 -0.000000 -6.217523
v 3.361696 -25.800001 -6.147149
v 3.413293 -25.800001 -6.217519
v 3.413293 -0.000000 -6.217523
v 3.413293 -0.000000 -6.217523
v 3.413293 -25.800001 -6.217519
v 3.467911 -0.000000 -6.285575
v 3.413293 -25.800001 -6.217519
v 3.467911 -25.800001 -6.285571
v 3.467911 -0.000000 -6.285575
v 3.467911 -0.000000 -6.285575
v 3.467911 -25.800001 -6.285571
v 3.525445 -0.000000 -6.351181
v 3.467911 -25.800001 -6.285571
v 3.525445 -25.800001 -6.351177
v 3.525445 -0.000000 -6.351181
v 3.525445 -0.000000 -6.351181
v 3.525445 -25.800001 -6.351177
v 3.585786 -0.000000 -6.414214
v 3.525445 -25.800001 -6.351177
v 3.585786 -25.800001 -6.414210
v 3.585786 -0.000000 -6.414214
v 3.585786 -0.000000 -6.414214
v 3.585786 -25.800001 -6.414210
v 3.648820 -0.000000 -6.474555
v 3.585786 -25.800001 -6.414210
v 3.648820 -25.800001 -6.474551
v 3.648820 -0.000000 -6.474555
v 3.648820 -0.000000 -6.474555
v 3.648820 -25.800001 -6.474551
v 3.714425 -0.000000 -6.532089
v 3.648820 -25.800001 -6.474551
v 3.714425 -25.800001 -6.532085
v 3.714425 -0.000000 -6.532089
v 3.714425 -0.000000 -6.532089
v 3.714425 -25.800001 -6.532085
v 3.782477 -0.000000 -6.586707
v 3.714425 -25.800001 -6.532085
v 3.782477 -25.800001 -6.586703
v 3.782477 -0.000000 -6.586707
v 3.782477 -0.000000 -6.586707
v 3.782477 -25.800001 -6.586703
v 3.852847 -0.000002 -6.638304
v 3.782477 -25.800001 -6.586703
v 3.852847 -25.800001 -6.638300
v 3.852847 -0.000002 -6.638304
v 3.852847 -0.000002 -6.638304
v 3.852847 -25.800001 -6.638300
v 3.925401 -0.000002 -6.686783
v 3.852847 -25.800001 -6.638300
v 3.925401 -25.800001 -6.686779
v 3.925401 -0.000002 -6.686783
v 3.925401 -0.000002 -6.686783
v 3.925401 -25.800001 -6.686779
v 4.000000 -0.000002 -6.732051
v 3.925401 -25.800001 -6.686779
v 4.000000 -25.800001 -6.732047
v 4.000000 -0.000002 -6.732051
v 4.000000 -0.000002 -6.732051
v 4.000000 -25.800001 -6.732047
v 4.076503 -0.000002 -6.774022
v 4.000000 -25.800001 -6.732047
v 4.076503 -25.800001 -6.774018
v 4.076503 -0.000002 -6.774022
v 4.076503 -0.000002 -6.774022
v 4.076503 -25.800001 -6.774018
v 4.154764 -0.000002 -6.812616
v 4.076503 -25.800001 -6.774018
v 4.154764 -25.800001 -6.812612
v 4.154764 -0.000002 -6.812616
v 4.154764 -0.000002 -6.812616
v 4.154764 -25.800001 -6.812612
v 4.234633 -0.000002 -6.847759
v 4.154764 -25.800001 -6.812612
v 4.234633 -25.800001 -6.847755
v 4.234633 -0.000002 -6.847759
v 4.234633 -0.000002 -6.847759
v 4.234633 -25.800001 -6.847755
v 4.315960 -0.000002 -6.879385
v 4.234633 -25.800001 -6.847755
v 4.315960 -25.800001 -6.879381
v 4.315960 -0.000002 -6.879385
v 4.315960 -0.000002 -6.879385
v 4.315960 -25.800001 -6.879381
v 4.398589 -0.000002 -6.907434
v 4.315960 -25.800001 -6.879381
v 4.398589 -25.800001 -6.907430
v 4.398589 -0.000002 -6.907434
v 4.398589 -0.000002 -6.907434
v 4.398589 -25.800001 -6.907430
v 4.482362 -0.000002 -6.931851
v 4.398589 -25.800001 -6.907430
v 4.482362 -25.800001 -6.931847
v 4.482362 -0.000002 -6.931851
v 4.482362 -0.000002 -6.931851
v 4.482362 -25.800001 -6.931847
v 4.567121 -0.000002 -6.952592
v 4.482362 -25.800001 -6.931847
v 4.567121 -25.800001 -6.952588
v 4.567121 -0.000002 -6.952592
v 4.567121 -0.000002 -6.952592
v 4.567121 -25.800001 -6.952588
v 4.652704 -0.000002 -6.969615
v 4.567121 -25.800001 -6.952588
v 4.652704 -25.800001 -6.969611
v 4.652704 -0.000002 -6.969615
v 4.652704 -0.000002 -6.969615
v 4.652704 -25.800001 -6.969611
v 4.738948 -0.000002 -6.982890
v 4.652704 -25.800001 -6.969611
v 4.738948 -25.800001 -6.982886
v 4.738948 -0.000002 -6.982890
v 4.738948 -0.000002 -6.982890
v 4.738948 -25.800001 -6.982886
v 4.825688 -0.000002 -6.992390
v 4.738948 -25.800001 -6.982886
v 4.825688 -25.800001 -6.992386
v 4.825688 -0.000002 -6.992390
v 4.825688 -0.000002 -6.992390
v 4.825688 -25.800001 -6.992386
v 4.912761 -0.000002 -6.998096
v 4.825688 -25.800001 -6.992386
v 4.912761 -25.800001 -6.998092
v 4.912761 -0.000002 -6.998096
v 4.912761 -0.000002 -6.998096
v 4.912761 -25.800001 -6.998092
v 5.000000 -0.000002 -7.000000
v 4.912761 -25.800001 -6.998092
v 5.000000 -25.800001 -6.999996
v 5.000000 -0.000002 -7.000000
v 1.800000 -25.800009 -45.741295
v 1.800000 -25.800009 -48.936714
v 1.800000 -0.000006 -45.741302
v 1.800000 -25.800009 -48.936714
v 1.800000 -0.000008 -48.936722
v 1.800000 -0.000006 -45.741302
v 22.974243 -0.000010 -65.792961
v 22.974243 -25.800013 -65.792961
v 1.800000 -0.000008 -51.357292
v 22.974243 -25.800013 -65.792961
v 1.800000 -25.800009 -51.357285
v 1.800000 -0.000008 -51.357292
vn -0.9998 -0.0000 -0.0215
vn 0.9998 -0.0000 0.0215
vn -0.9979 -0.0000 -0.0644
vn 0.9979 -0.0000 0.0644
vn -0.9942 -0.0000 -0.1072
vn 0.9942 -0.0000 0.1073
vn 0.9887 -0.0000 0.1499
vn -0.9887 -0.0000 -0.1499
vn 0.9814 -0.0000 0.1921
vn 0.9814 -0.0000 0.1922
vn 0.9722 -0.0000 0.2341
vn -0.9722 -0.0000 -0.2342
vn -0.9612 -0.0000 -0.2757
vn -0.9485 -0.0000 -0.3169
vn -0.9486 -0.0000 -0.3166
vn -0.9340 -0.0000 -0.3574
vn 0.9340 -0.0000 0.3572
vn 0.9178 -0.0000 0.3971
vn 0.8999 -0.0000 0.4362
vn -0.8999 -0.0000 -0.4360
vn -0.8802 -0.0000 -0.4745
vn -0.8804 -0.0000 -0.4742
vn 0.8590 -0.0000 0.5119
vn 0.8591 -0.0000 0.5117
vn 0.8363 -0.0000 0.5482
vn -0.8363 -0.0000 -0.5482
vn 0.8120 -0.0000 0.5836
vn -0.8120 -0.0000 -0.5836
vn 0.7862 -0.0000 0.6180
vn -0.7862 -0.0000 -0.6180
vn -0.7590 -0.0000 -0.6510
vn 0.7589 -0.0000 0.6513
vn -0.7304 -0.0000 -0.6830
vn 0.7300 -0.0000 0.6834
vn 0.7002 -0.0000 0.7139
vn -0.7002 -0.0000 -0.7139
vn -0.6689 -0.0000 -0.7433
vn 0.6364 -0.0000 0.7714
vn -0.6366 -0.0000 -0.7712
vn 0.6025 -0.0000 0.7981
vn -0.5677 -0.0000 -0.8232
vn -0.5680 -0.0000 -0.8230
vn 0.5320 -0.0000 0.8468
vn -0.5316 -0.0000 -0.8470
vn 0.4953 -0.0000 0.8687
vn -0.4947 -0.0000 -0.8691
vn 0.4575 -0.0000 0.8892
vn 0.4571 -0.0000 0.8894
vn -0.4184 -0.0000 -0.9083
vn -0.4188 -0.0000 -0.9081
vn -0.3788 -0.0000 -0.9255
vn 0.3792 -0.0000 0.9253
vn 0.3391 -0.0000 0.9408
vn 0.2982 -0.0000 0.9545
vn -0.2986 -0.0000 -0.9544
vn -0.2568 -0.0000 -0.9665
vn 0.2572 -0.0000 0.9664
vn 0.2153 -0.0000 0.9765
vn -0.2153 -0.0000 -0.9765
vn 0.1731 -0.0000 0.9849
vn -0.1735 -0.0000 -0.9848
vn 0.1304 -0.0000 0.9915
vn 0.0881 -0.0000 0.9961
vn -0.0881 -0.0000 -0.9961
vn 0.0449 -0.0000 0.9990
vn -0.0449 -0.0000 -0.9990
vn 0.0026 -0.0000 1.0000
vn -0.0022 -0.0000 -1.0000
vn 0.0414 -0.0000 -0.9991
vn -0.0405 -0.0000 0.9992
vn 0.0837 -0.0000 -0.9965
vn -0.0837 -0.0000 0.9965
vn -0.1264 -0.0000 0.9920
vn -0.1268 -0.0000 0.9919
vn -0.1691 -0.0000 0.9856
vn 0.1691 -0.0000 -0.9856
vn -0.2110 -0.0000 0.9775
vn -0.2114 -0.0000 0.9774
vn -0.2532 -0.0000 0.9674
vn 0.2528 -0.0000 -0.9675
vn -0.2942 -0.0000 0.9557
vn 0.2946 -0.0000 -0.9556
vn 0.3351 -0.0000 -0.9422
vn -0.3347 -0.0000 0.9423
vn -0.3752 -0.0000 0.9269
vn -0.3756 -0.0000 0.9268
vn 0.4148 -0.0000 -0.9099
vn 0.4532 -0.0000 -0.8914
vn -0.4532 -0.0000 0.8914
vn -0.4914 -0.0000 0.8709
vn -0.5284 -0.0000 0.8490
vn 0.5642 -0.0000 -0.8256
vn -0.5642 -0.0000 0.8256
vn 0.5993 -0.0000 -0.8005
vn 0.5990 -0.0000 -0.8007
vn 0.6332 -0.0000 -0.7740
vn -0.6658 -0.0000 0.7461
vn 0.6658 -0.0000 -0.7461
vn -0.6972 -0.0000 0.7169
vn 0.6972 -0.0000 -0.7169
vn -0.7274 -0.0000 0.6862
vn 0.7272 -0.0000 -0.6864
vn -0.7562 -0.0000 0.6544
vn -0.7564 -0.0000 0.6542
vn -0.7834 -0.0000 0.6216
vn -0.7837 -0.0000 0.6211
vn -0.8095 -0.0000 0.5871
vn 0.8095 -0.0000 -0.5871
vn -0.8341 -0.0000 0.5517
vn -0.8342 -0.0000 0.5515
vn -0.9998 -0.0000 0.0218
vn -0.9979 -0.0000 0.0654
vn -0.9941 -0.0000 0.1089
vn -0.9884 -0.0000 0.1521
vn 0.9884 -0.0000 -0.1521
vn -0.9808 -0.0000 0.1951
vn 0.9808 -0.0000 -0.1951
vn -0.9713 -0.0000 0.2377
vn -0.9601 -0.0000 0.2798
vn 0.9601 -0.0000 -0.2798
vn -0.9469 -0.0000 0.3214
vn -0.9320 -0.0000 0.3624
vn -0.9153 -0.0000 0.4028
vn 0.9153 -0.0000 -0.4027
vn -0.8969 -0.0000 0.4423
vn -0.8767 -0.0000 0.4810
vn 0.8549 -0.0000 -0.5188
vn -0.8549 -0.0000 0.5188
vn 0.8315 -0.0000 -0.5556
vn 0.8064 -0.0000 -0.5913
vn -0.8064 -0.0000 0.5913
vn 0.7799 -0.0000 -0.6259
vn -0.7799 -0.0000 0.6259
vn -0.7518 -0.0000 0.6593
vn 0.7518 -0.0000 -0.6593
vn 0.7224 -0.0000 -0.6915
vn -0.6915 -0.0000 0.7224
vn 0.6593 -0.0000 -0.7518
vn -0.6593 -0.0000 0.7518
vn -0.6259 -0.0000 0.7799
vn -0.5913 -0.0000 0.8064
vn 0.5556 -0.0000 -0.8315
vn -0.5188 -0.0000 0.8549
vn -0.4810 -0.0000 0.8767
vn -0.4423 -0.0000 0.8969
vn -0.4027 -0.0000 0.9153
vn 0.3624 -0.0000 -0.9320
vn -0.3624 -0.0000 0.9320
vn -0.3214 -0.0000 0.9469
vn 0.2798 -0.0000 -0.9601
vn -0.2798 -0.0000 0.9601
vn 0.2377 -0.0000 -0.9713
vn -0.2377 -0.0000 0.9713
vn 0.1951 -0.0000 -0.9808
vn -0.1521 -0.0000 0.9884
vn 0.1089 -0.0000 -0.9941
vn -0.0654 -0.0000 0.9979
vn -0.0218 -0.0000 0.9998
vn 0.9996 -0.0000 -0.0284
vn -0.9999 -0.0000 -0.0142
vn 0.9999 -0.0000 0.0142
vn -0.9984 -0.0000 -0.0568
vn 0.9984 -0.0000 0.0568
vn -0.9951 -0.0000 -0.0994
vn 0.9951 -0.0000 0.0994
vn -0.9899 -0.0000 -0.1417
vn 0.9899 -0.0000 0.1417
vn 0.9830 -0.0000 0.1838
vn -0.9742 -0.0000 -0.2255
vn 0.9742 -0.0000 0.2255
vn -0.9637 -0.0000 -0.2668
vn 0.9637 -0.0000 0.2668
vn -0.9515 -0.0000 -0.3077
vn 0.9515 -0.0000 0.3077
vn -0.9375 -0.0000 -0.3479
vn 0.9375 -0.0000 0.3479
vn -0.9218 -0.0000 -0.3876
vn 0.9218 -0.0000 0.3876
vn -0.9045 -0.0000 -0.4265
vn 0.8855 -0.0000 0.4647
vn 0.8648 -0.0000 0.5021
vn -0.8426 -0.0000 -0.5385
vn -0.8189 -0.0000 -0.5739
vn 0.8189 -0.0000 0.5739
vn 0.7937 -0.0000 0.6083
vn -0.7937 -0.0000 -0.6083
vn 0.7671 -0.0000 0.6416
vn -0.7390 -0.0000 -0.6737
vn 0.7390 -0.0000 0.6737
vn -0.7096 -0.0000 -0.7046
vn 0.6789 -0.0000 0.7342
vn -0.6470 -0.0000 -0.7625
vn 0.6470 -0.0000 0.7625
vn 0.6139 -0.0000 0.7894
vn -0.5797 -0.0000 -0.8148
vn 0.5797 -0.0000 0.8148
vn 0.5444 -0.0000 0.8388
vn -0.5444 -0.0000 -0.8388
vn -0.5082 -0.0000 -0.8612
vn -0.4710 -0.0000 -0.8821
vn 0.4710 -0.0000 0.8821
vn 0.4330 -0.0000 0.9014
vn -0.3942 -0.0000 -0.9190
vn 0.3942 -0.0000 0.9190
vn 0.3546 -0.0000 0.9350
vn -0.3144 -0.0000 -0.9493
vn 0.2737 -0.0000 0.9618
vn -0.2737 -0.0000 -0.9618
vn 0.2324 -0.0000 0.9726
vn -0.2324 -0.0000 -0.9726
vn -0.1907 -0.0000 -0.9816
vn -0.1487 -0.0000 -0.9889
vn 0.1487 -0.0000 0.9889
vn -0.1064 -0.0000 -0.9943
vn -0.0639 -0.0000 -0.9980
vn 0.0639 -0.0000 0.9980
vn -0.0213 -0.0000 -0.9998
vn 0.0213 -0.0000 0.9998
vn -0.9889 -0.0000 0.1484
vn -0.9944 -0.0000 0.1059
vn -0.9944 -0.0000 0.1058
vn -0.9980 -0.0000 0.0630
vn 0.9980 -0.0000 -0.0630
vn 0.9998 -0.0000 -0.0202
vn -0.9997 -0.0000 -0.0228
vn 0.9997 -0.0000 0.0228
vn 0.9978 -0.0000 0.0657
vn -0.9978 -0.0000 -0.0657
vn 0.9941 -0.0000 0.1084
vn -0.9941 -0.0000 -0.1084
vn 0.9885 -0.0000 0.1510
vn -0.9885 -0.0000 -0.1510
vn 0.9811 -0.0000 0.1933
vn -0.9811 -0.0000 -0.1933
vn -0.9720 -0.0000 -0.2351
vn 0.9720 -0.0000 0.2352
vn -0.9610 -0.0000 -0.2767
vn 0.9610 -0.0000 0.2767
vn -0.9482 -0.0000 -0.3176
vn 0.9337 -0.0000 0.3580
vn -0.9337 -0.0000 -0.3580
vn -0.9175 -0.0000 -0.3978
vn 0.8996 -0.0000 0.4368
vn -0.8996 -0.0000 -0.4368
vn 0.8800 -0.0000 0.4750
vn -0.8800 -0.0000 -0.4751
vn -0.8588 -0.0000 -0.5123
vn 0.8588 -0.0000 0.5123
vn 0.8360 -0.0000 0.5487
vn 0.8117 -0.0000 0.5840
vn -0.8117 -0.0000 -0.5840
vn -0.7859 -0.0000 -0.6184
vn -0.7586 -0.0000 -0.6515
vn 0.7300 -0.0000 0.6835
vn -0.7300 -0.0000 -0.6835
vn -0.6999 -0.0000 -0.7142
vn 0.6999 -0.0000 0.7142
vn 0.6687 -0.0000 0.7435
vn -0.6687 -0.0000 -0.7435
vn -0.6362 -0.0000 -0.7715
vn 0.6361 -0.0000 0.7716
vn -0.6025 -0.0000 -0.7981
vn 0.5676 -0.0000 0.8233
vn -0.2022 -0.0000 0.9794
vn 0.2439 -0.0000 -0.9698
vn -0.2440 -0.0000 0.9698
vn 0.2854 -0.0000 -0.9584
vn -0.2854 -0.0000 0.9584
vn -0.3262 -0.0000 0.9453
vn -0.3263 -0.0000 0.9453
vn -0.3665 -0.0000 0.9304
vn 0.4062 -0.0000 -0.9138
vn -0.4061 -0.0000 0.9138
vn -0.4449 -0.0000 0.8956
vn -0.4830 -0.0000 0.8756
vn -0.5201 -0.0000 0.8541
vn 0.5201 -0.0000 -0.8541
vn 0.5562 -0.0000 -0.8310
vn -0.5914 -0.0000 0.8063
vn 0.5914 -0.0000 -0.8063
vn -0.6255 -0.0000 0.7803
vn -0.6254 -0.0000 0.7803
vn -0.6584 -0.0000 0.7527
vn -0.6900 -0.0000 0.7238
vn -0.6901 -0.0000 0.7237
vn -0.7205 -0.0000 0.6935
vn -0.7205 -0.0000 0.6934
vn -0.7496 -0.0000 0.6619
vn -0.7773 -0.0000 0.6291
vn -0.8036 -0.0000 0.5952
vn 0.8284 -0.0000 -0.5601
vn 0.8517 -0.0000 -0.5241
vn -0.8517 -0.0000 0.5241
vn -0.8733 -0.0000 0.4871
vn 0.8733 -0.0000 -0.4871
vn 0.8935 -0.0000 -0.4491
vn -0.8935 -0.0000 0.4491
vn -0.9119 -0.0000 0.4104
vn -0.9287 -0.0000 0.3709
vn -0.9287 -0.0000 0.3708
vn -0.9437 -0.0000 0.3307
vn -0.9438 -0.0000 0.3306
vn -0.9571 -0.0000 0.2899
vn -0.9686 -0.0000 0.2485
vn -1.0000 -0.0000 -0.0000
vn 1.0000 -0.0000 -0.0000
vn -0.2023 -0.0000 0.9793
vn 0.2444 -0.0000 -0.9697
vn -0.2861 -0.0000 0.9582
vn 0.2861 -0.0000 -0.9582
vn 0.3272 -0.0000 -0.9449
vn -0.3677 -0.0000 0.9299
vn 0.3677 -0.0000 -0.9299
vn 0.4076 -0.0000 -0.9132
vn 0.4075 -0.0000 -0.9132
vn 0.4467 -0.0000 -0.8947
vn 0.4849 -0.0000 -0.8746
vn 0.4849 -0.0000 -0.8745
vn -0.5222 -0.0000 0.8528
vn 0.5586 -0.0000 -0.8294
vn 0.5939 -0.0000 -0.8045
vn 0.6281 -0.0000 -0.7781
vn 0.6282 -0.0000 -0.7781
vn 0.6612 -0.0000 -0.7502
vn -0.6611 -0.0000 0.7503
vn 0.6930 -0.0000 -0.7210
vn -0.6930 -0.0000 0.7210
vn 0.7235 -0.0000 -0.6903
vn 0.7526 -0.0000 -0.6585
vn 0.7804 -0.0000 -0.6253
vn -0.8067 -0.0000 0.5910
vn 0.8067 -0.0000 -0.5910
vn 0.8314 -0.0000 -0.5556
vn 0.8547 -0.0000 -0.5191
vn -0.8763 -0.0000 0.4817
vn 0.8963 -0.0000 -0.4434
vn -0.9146 -0.0000 0.4043
vn -0.9313 -0.0000 0.3643
vn -0.9313 -0.0000 0.3644
vn 0.9461 -0.0000 -0.3238
vn -0.9592 -0.0000 0.2826
vn -0.9706 -0.0000 0.2409
vn 0.9706 -0.0000 -0.2409
vn 0.9801 -0.0000 -0.1987
vn -0.9801 -0.0000 0.1987
vn 0.9877 -0.0000 -0.1562
vn 0.9936 -0.0000 -0.1134
vn 0.9975 -0.0000 -0.0703
vn 0.9996 -0.0000 -0.0271
vn 0.9999 -0.0000 0.0161
vn -0.9982 -0.0000 -0.0592
vn 0.9982 -0.0000 0.0592
vn -0.9947 -0.0000 -0.1024
vn -0.9947 -0.0000 -0.1023
vn 0.9894 -0.0000 0.1452
vn -0.9822 -0.0000 -0.1878
vn 0.9822 -0.0000 0.1878
vn -0.9732 -0.0000 -0.2301
vn 0.9732 -0.0000 0.2301
vn 0.9623 -0.0000 0.2720
vn 0.9497 -0.0000 0.3133
vn -0.9352 -0.0000 -0.3540
vn 0.9191 -0.0000 0.3941
vn 0.9012 -0.0000 0.4334
vn -0.8816 -0.0000 -0.4720
vn -0.8604 -0.0000 -0.5096
vn -0.8376 -0.0000 -0.5463
vn 0.8376 -0.0000 0.5463
vn 0.8132 -0.0000 0.5820
vn -0.7873 -0.0000 -0.6166
vn 0.7873 -0.0000 0.6166
vn -0.7599 -0.0000 -0.6501
vn 0.7599 -0.0000 0.6500
vn -0.7311 -0.0000 -0.6823
vn 0.7311 -0.0000 0.6823
vn 0.7009 -0.0000 0.7132
vn -0.6694 -0.0000 -0.7429
vn 0.6367 -0.0000 0.7711
vn -0.6028 -0.0000 -0.7979
vn -0.5678 -0.0000 -0.8232
vn -0.8566 -0.0000 0.5159
vn 0.8566 -0.0000 -0.5159
vn 0.8774 -0.0000 -0.4798
vn -0.8774 -0.0000 0.4798
vn 0.8966 -0.0000 -0.4429
vn -0.8966 -0.0000 0.4429
vn 0.9143 -0.0000 -0.4051
vn -0.9143 -0.0000 0.4051
vn 0.9286 -0.0000 -0.3711
vn -0.9361 -0.0000 0.3517
vn -0.9399 -0.0000 0.3414
vn 0.9441 -0.0000 -0.3296
vn -0.9441 -0.0000 0.3296
vn -0.9472 -0.0000 0.3206
vn 0.9472 -0.0000 -0.3206
vn -0.9497 -0.0000 0.3132
vn -0.9513 -0.0000 0.3083
vn -0.9576 -0.0000 0.2880
vn 0.9726 -0.0000 -0.2326
vn -0.9726 -0.0000 0.2326
vn 0.9707 -0.0000 -0.2401
vn 0.9699 -0.0000 -0.2437
vn -0.9681 -0.0000 0.2506
vn -0.9650 -0.0000 0.2624
vn 0.9650 -0.0000 -0.2624
vn 0.9576 -0.0000 -0.2880
vn -0.0000 -0.0000 1.0000
vn -0.0000 -0.0000 -1.0000
vn -0.8971 -0.0000 0.4418
vn 0.8971 -0.0000 -0.4418
vn 0.8481 -0.0000 0.5298
vn -0.8481 -0.0000 -0.5298
vn 0.9122 -0.0000 -0.4097
vn -0.9122 -0.0000 0.4097
vn 0.8113 -0.0000 0.5847
vn -0.8113 -0.0000 -0.5847
vn 0.9239 -0.0000 -0.3825
vn -0.9239 -0.0000 0.3825
vn -0.7709 -0.0000 -0.6370
vn 0.7709 -0.0000 0.6370
vn -0.9343 -0.0000 0.3566
vn 0.9343 -0.0000 -0.3566
vn -0.7271 -0.0000 -0.6865
vn 0.7271 -0.0000 0.6865
vn -0.9433 -0.0000 0.3318
vn -0.6802 -0.0000 -0.7331
vn 0.6802 -0.0000 0.7331
vn 0.6801 -0.0000 0.7331
vn 0.9512 -0.0000 -0.3087
vn -0.6235 -0.0000 -0.7818
vn 0.6235 -0.0000 0.7818
vn -0.0219 -0.0000 0.9998
vn 0.0654 -0.0000 -0.9979
vn -0.1088 -0.0003 0.9941
vn -0.1091 -0.0000 0.9940
vn -0.1088 0.0003 0.9941
vn -0.1089 -0.0000 0.9941
vn 0.1521 -0.0000 -0.9884
vn -0.1951 -0.0000 0.9808
vn 0.1950 -0.0000 -0.9808
vn 0.2376 -0.0000 -0.9714
vn 0.2800 -0.0000 -0.9600
vn 0.3213 -0.0000 -0.9470
vn 0.3625 -0.0000 -0.9320
vn -0.4028 -0.0000 0.9153
vn 0.4422 -0.0000 -0.8969
vn 0.4810 -0.0000 -0.8767
vn 0.5188 -0.0000 -0.8549
vn 0.5187 -0.0000 -0.8549
vn -0.5556 -0.0000 0.8314
vn -0.5556 -0.0000 0.8315
vn -0.5913 -0.0000 0.8065
vn 0.6260 -0.0000 -0.7798
vn 0.6259 -0.0000 -0.7799
vn -0.6594 -0.0000 0.7518
vn 0.6593 -0.0000 -0.7519
vn 0.6915 -0.0000 -0.7224
vn -0.6916 -0.0000 0.7223
vn -0.7223 -0.0000 0.6916
vn -0.7224 -0.0000 0.6915
vn 0.8767 -0.0000 -0.4810
vn 0.8969 -0.0000 -0.4423
vn -0.9153 -0.0000 0.4027
vn 0.9320 -0.0000 -0.3625
vn 0.9469 -0.0000 -0.3214
vn 0.9713 -0.0000 -0.2377
vn 0.9941 -0.0000 -0.1089
vn 0.9941 -0.0000 -0.1088
vn 0.9979 -0.0000 -0.0654
vn 0.9998 -0.0000 -0.0218
vn 0.9998 -0.0000 0.0218
vn -0.9998 -0.0000 -0.0218
vn 0.9979 -0.0000 0.0654
vn 0.9941 -0.0000 0.1089
vn 0.9941 -0.0000 0.1088
vn 0.9884 -0.0000 0.1521
vn -0.9884 -0.0000 -0.1521
vn -0.9808 -0.0000 -0.1951
vn -0.9713 -0.0000 -0.2377
vn 0.9713 -0.0000 0.2377
vn -0.9600 -0.0000 -0.2798
vn 0.9601 -0.0000 0.2798
vn 0.9469 -0.0000 0.3214
vn -0.9320 -0.0000 -0.3625
vn 0.9320 -0.0000 0.3625
vn -0.9153 -0.0000 -0.4028
vn 0.9153 -0.0000 0.4028
vn -0.8969 -0.0000 -0.4423
vn 0.8767 -0.0000 0.4810
vn -0.8767 -0.0000 -0.4810
vn -0.8549 -0.0000 -0.5188
vn 0.8549 -0.0000 0.5188
vn -0.8315 -0.0000 -0.5556
vn -0.8315 -0.0000 -0.5555
vn 0.8064 -0.0000 0.5914
vn -0.7799 -0.0000 -0.6259
vn 0.7518 -0.0000 0.6593
vn -0.7518 -0.0000 -0.6593
vn 0.7224 -0.0000 0.6915
vn 0.6916 -0.0000 0.7223
vn -0.6915 -0.0000 -0.7224
vn 0.6594 -0.0000 0.7518
vn 0.6593 -0.0000 0.7519
vn 0.6260 -0.0000 0.7798
vn 0.6259 -0.0000 0.7799
vn -0.5914 -0.0000 -0.8064
vn -0.5913 -0.0000 -0.8065
vn -0.5556 -0.0000 -0.8315
vn 0.5556 -0.0000 0.8315
vn 0.5188 -0.0000 0.8549
vn -0.4809 -0.0000 -0.8768
vn 0.4810 -0.0000 0.8767
vn -0.4422 -0.0000 -0.8969
vn 0.4028 -0.0000 0.9153
vn -0.3623 -0.0000 -0.9321
vn 0.3625 -0.0000 0.9320
vn -0.3214 -0.0000 -0.9470
vn 0.3216 -0.0000 0.9469
vn 0.2798 -0.0000 0.9601
vn -0.2798 -0.0000 -0.9601
vn 0.2377 -0.0000 0.9713
vn -0.2378 -0.0000 -0.9713
vn -0.1950 -0.0000 -0.9808
vn 0.1950 -0.0000 0.9808
vn 0.1522 -0.0000 0.9883
vn -0.1088 -0.0000 -0.9941
vn 0.1089 -0.0000 0.9940
vn 0.0654 -0.0000 0.9979
vn -0.0654 -0.0000 -0.9979
vn 0.0217 -0.0000 0.9998
vn 0.0218 -0.0000 0.9998
vn -0.0217 -0.0000 0.9998
vn -0.1089 -0.0000 0.9940
vn 0.1088 -0.0000 -0.9941
vn -0.1522 -0.0000 0.9883
vn -0.1950 -0.0000 0.9808
vn 0.2378 -0.0000 -0.9713
vn -0.3216 -0.0000 0.9469
vn 0.3214 -0.0000 -0.9470
vn -0.3625 -0.0000 0.9320
vn 0.3623 -0.0000 -0.9321
vn 0.4028 -0.0000 -0.9153
vn -0.4422 -0.0000 0.8969
vn 0.4809 -0.0000 -0.8768
vn 0.5913 -0.0000 -0.8065
vn 0.5914 -0.0000 -0.8064
vn 0.8064 -0.0000 -0.5914
vn -0.8315 -0.0000 0.5555
vn -0.8315 -0.0000 0.5556
vn -0.9320 -0.0000 0.3625
vn -0.9600 -0.0000 0.2799
vn 0.9600 -0.0000 -0.2799
vn -0.9979 -0.0000 -0.0654
vn -0.9941 -0.0000 -0.1088
vn 0.9808 -0.0000 0.1951
vn -0.9714 -0.0000 -0.2376
vn 0.9714 -0.0000 0.2376
vn -0.9600 -0.0000 -0.2799
vn 0.9600 -0.0000 0.2799
vn -0.9320 -0.0000 -0.3624
vn 0.9153 -0.0000 0.4027
vn 0.8969 -0.0000 0.4423
vn 0.8315 -0.0000 0.5556
vn -0.8314 -0.0000 -0.5556
vn -0.8064 -0.0000 -0.5913
vn -0.7224 -0.0000 -0.6915
vn 0.7223 -0.0000 0.6916
vn -0.6593 -0.0000 -0.7519
vn -0.6594 -0.0000 -0.7518
vn -0.6259 -0.0000 -0.7799
vn 0.5913 -0.0000 0.8065
vn -0.5556 -0.0000 -0.8314
vn -0.5187 -0.0000 -0.8550
vn -0.4810 -0.0000 -0.8767
vn -0.4030 -0.0000 -0.9152
vn -0.3625 -0.0000 -0.9320
vn 0.3213 -0.0000 0.9470
vn -0.3214 -0.0000 -0.9469
vn -0.2800 -0.0000 -0.9600
vn 0.2376 -0.0000 0.9714
vn -0.1951 -0.0000 -0.9808
vn 0.1521 -0.0000 0.9884
vn -0.1521 -0.0000 -0.9884
vn 0.1089 -0.0000 0.9941
vn 0.1088 -0.0003 0.9941
vn 0.1088 0.0003 0.9941
vn 0.1091 -0.0000 0.9940
vn 0.0219 -0.0000 0.9998
vn -0.9587 -0.0000 0.2844
vn 0.9587 -0.0000 -0.2844
vn 0.5633 -0.0000 0.8263
vn -0.5633 -0.0000 -0.8263
vn 0.2225 -0.0000 0.9749
vn -0.2225 -0.0000 -0.9749
vn 0.9883 -0.0000 -0.1526
vn 0.1490 -0.0000 0.9888
vn -0.1490 -0.0000 -0.9888
vn -0.0747 -0.0000 -0.9972
vn 0.0747 -0.0000 0.9972
vn -0.4339 -0.0000 -0.9010
vn 0.4339 -0.0000 0.9010
vn 0.9913 -0.0000 -0.1316
vn -0.0000 1.0000 -0.0000
vn -0.0000 -1.0000 -0.0000
vn -0.0000 -1.0000 0.0003
vn -0.0000 1.0000 0.0001
vn -0.0000 1.0000 -0.0001
vn -0.0000 -1.0000 0.0002
vn -0.0000 -1.0000 0.0001
vn -0.0000 -1.0000 -0.0001
vn -0.0000 -1.0000 -0.0002
vn -0.0000 1.0000 0.0006
vn -0.0000 1.0000 -0.0002
vn -0.0000 1.0000 0.0002
vn -0.0000 1.0000 -0.0003
vn 0.0003 -1.0000 -0.0001
vn -0.0003 -1.0000 0.0001
vn 0.0003 -1.0000 -0.0000
vn -0.0000 -1.0000 0.0015
vn -0.0000 1.0000 0.0005
vn -0.0000 1.0000 -0.0005
vn -0.0000 1.0000 0.0003
vn -0.0000 1.0000 -0.0004
vn 0.9653 -0.0000 -0.2611
vn -0.9653 -0.0000 0.2611
vn -0.3653 -0.0000 -0.9309
vn 0.3653 -0.0000 0.9309
vn 0.9939 -0.0000 -0.1104
vn -0.9939 -0.0000 0.1099
vn -0.9887 -0.0000 0.1497
vn 0.9887 -0.0000 -0.1497
vn 0.9982 -0.0000 -0.0605
vn -0.9967 -0.0000 0.0806
vn 0.9939 -0.0000 -0.1099
vn -0.9712 -0.0000 0.2384
vn -0.3647 -0.0000 -0.9311
vn 0.3659 -0.0000 0.9307
vn 0.9958 -0.0000 -0.0913
vn -0.9958 -0.0000 0.0913
vn 0.9848 -0.0000 -0.1736
vn -0.9848 -0.0000 0.1736
vn -0.2947 -0.0000 -0.9556
vn 0.2947 -0.0000 0.9556
vn 0.9808 -0.0000 -0.1949
vn -0.9808 -0.0000 0.1949
vn 0.5000 -0.0000 0.8660
vn -0.5000 -0.0000 -0.8660
vn 0.9763 -0.0000 -0.2164
vn -0.9763 -0.0000 0.2164
vn 0.0218 -0.0000 -0.9998
vn 0.3214 -0.0000 -0.9469
vn 0.5913 -0.0000 -0.8064
vn -0.7519 -0.0000 0.6593
vn 0.9153 -0.0000 -0.4028
vn -0.9600 -0.0000 0.2798
vn -0.9941 -0.0000 -0.1089
vn 0.9600 -0.0000 0.2798
vn -0.9469 -0.0000 -0.3214
vn 0.9320 -0.0000 0.3624
vn 0.8064 -0.0000 0.5913
vn 0.7799 -0.0000 0.6259
vn 0.6915 -0.0000 0.7224
vn 0.6593 -0.0000 0.7518
vn 0.5913 -0.0000 0.8064
vn 0.4423 -0.0000 0.8969
vn -0.3624 -0.0000 -0.9320
vn 0.3624 -0.0000 0.9320
vn 0.3214 -0.0000 0.9469
vn 0.2798 -0.0000 0.9600
vn -0.2377 -0.0000 -0.9713
vn 0.1951 -0.0000 0.9808
vn -0.1089 -0.0000 -0.9941
vn 0.2798 -0.0000 -0.9600
vn 0.9320 -0.0000 -0.3624
vn -0.9714 -0.0000 0.2376
vn 0.7519 -0.0000 0.6593
vn -0.6593 -0.0000 -0.7518
vn -0.5913 -0.0000 -0.8064
vn -0.5188 -0.0000 -0.8549
vn -0.4423 -0.0000 -0.8969
vn -0.4028 -0.0000 -0.9153
vn 0.1088 -0.0000 0.9941
vn -0.0218 -0.0000 -0.9998
vn 0.3215 -0.0000 -0.9469
vn 0.4027 -0.0000 -0.9153
vn 0.4423 -0.0000 -0.8969
vn -0.9601 -0.0000 -0.2798
vn -0.9153 -0.0000 -0.4027
vn -0.4027 -0.0000 -0.9153
vn 0.4027 -0.0000 0.9153
vn -0.2798 -0.0000 -0.9600
vn -0.2798 -0.0000 0.9600
vn -0.3215 -0.0000 -0.9469
s 1
usemtl Material.004
f 154//48 156//48 155//48
f 157//49 158//49 159//49
f 163//51 164//51 165//51
f 166//52 168//52 167//52
f 169//53 171//53 170//53
f 172//53 174//53 173//53
f 175//54 177//54 176//54
f 178//55 179//55 180//55
f 181//56 182//56 183//56
f 184//57 186//57 185//57
f 187//58 189//58 188//58
f 190//59 191//59 192//59
f 193//60 195//60 194//60
f 196//61 197//61 198//61
f 199//62 201//62 200//62
f 202//62 204//62 203//62
f 205//63 207//63 206//63
f 208//64 209//64 210//64
f 211//65 213//65 212//65
f 214//66 215//66 216//66
f 217//67 219//67 218//67
f 220//68 221//68 222//68
f 223//69 224//69 225//69
f 226//70 228//70 227//70
f 229//71 230//71 231//71
f 232//72 234//72 233//72
f 235//73 237//73 236//73
f 238//74 240//74 239//74
f 241//75 243//75 242//75
f 244//76 245//76 246//76
f 247//77 249//77 248//77
f 250//78 252//78 251//78
f 253//79 255//79 254//79
f 256//80 257//80 258//80
f 259//81 261//81 260//81
f 262//82 263//82 264//82
f 265//83 266//83 267//83
f 268//84 270//84 269//84
f 271//85 273//85 272//85
f 274//86 276//86 275//86
f 277//87 278//87 279//87
f 280//87 281//87 282//87
f 283//88 284//88 285//88
f 286//89 288//89 287//89
f 289//90 291//90 290//90
f 292//90 294//90 293//90
f 295//91 297//91 296//91
f 298//91 300//91 299//91
f 301//92 302//92 303//92
f 304//93 306//93 305//93
f 307//94 308//94 309//94
f 310//95 311//95 312//95
f 313//96 314//96 315//96
f 316//96 317//96 318//96
f 319//97 321//97 320//97
f 322//98 323//98 324//98
f 325//99 327//99 326//99
f 328//100 329//100 330//100
f 331//101 333//101 332//101
f 334//102 335//102 336//102
f 337//103 339//103 338//103
f 340//104 342//104 341//104
f 343//105 345//105 344//105
f 346//106 348//106 347//106
f 349//107 351//107 350//107
f 352//108 353//108 354//108
f 355//109 357//109 356//109
f 358//110 360//110 359//110
f 496//142 498//142 497//142
f 505//144 506//144 507//144
f 508//144 509//144 510//144
f 511//145 512//145 513//145
f 514//145 515//145 516//145
f 517//146 518//146 519//146
f 520//146 521//146 522//146
f 523//147 525//147 524//147
f 526//148 527//148 528//148
f 529//149 530//149 531//149
f 532//149 533//149 534//149
f 535//150 537//150 536//150
f 538//151 539//151 540//151
f 541//152 543//152 542//152
f 544//153 545//153 546//153
f 547//154 549//154 548//154
f 550//154 552//154 551//154
f 553//155 554//155 555//155
f 556//155 557//155 558//155
f 559//156 561//156 560//156
f 562//156 564//156 563//156
f 565//157 566//157 567//157
f 568//157 569//157 570//157
f 571//158 572//158 573//158
f 574//158 575//158 576//158
f 577//159 578//159 579//159
f 580//159 581//159 582//159
f 583//160 585//160 584//160
f 586//161 587//161 588//161
f 589//162 591//162 590//162
f 592//163 593//163 594//163
f 595//164 597//164 596//164
f 598//165 599//165 600//165
f 601//166 603//166 602//166
f 604//167 605//167 606//167
f 607//168 608//168 609//168
f 610//168 611//168 612//168
f 613//169 615//169 614//169
f 616//170 617//170 618//170
f 619//171 621//171 620//171
f 622//172 623//172 624//172
f 625//173 627//173 626//173
f 628//174 629//174 630//174
f 631//175 633//175 632//175
f 634//176 635//176 636//176
f 637//177 639//177 638//177
f 640//178 641//178 642//178
f 643//179 645//179 644//179
f 646//179 648//179 647//179
f 649//180 650//180 651//180
f 652//180 653//180 654//180
f 655//181 656//181 657//181
f 658//181 659//181 660//181
f 661//182 663//182 662//182
f 664//182 666//182 665//182
f 667//183 669//183 668//183
f 670//184 671//184 672//184
f 673//185 674//185 675//185
f 676//186 678//186 677//186
f 679//187 680//187 681//187
f 682//187 683//187 684//187
f 685//188 687//188 686//188
f 688//189 689//189 690//189
f 691//190 693//190 692//190
f 694//190 696//190 695//190
f 697//191 698//191 699//191
f 700//191 701//191 702//191
f 703//192 705//192 704//192
f 706//193 707//193 708//193
f 709//194 710//194 711//194
f 712//194 713//194 714//194
f 715//195 717//195 716//195
f 718//196 719//196 720//196
f 721//197 722//197 723//197
f 724//198 726//198 725//198
f 727//199 729//199 728//199
f 730//199 732//199 731//199
f 733//200 735//200 734//200
f 736//201 737//201 738//201
f 739//202 740//202 741//202
f 742//202 743//202 744//202
f 745//203 747//203 746//203
f 748//204 749//204 750//204
f 751//205 752//205 753//205
f 754//205 755//205 756//205
f 757//206 759//206 758//206
f 760//206 762//206 761//206
f 763//207 764//207 765//207
f 766//208 768//208 767//208
f 769//209 770//209 771//209
f 772//210 774//210 773//210
f 775//211 777//211 776//211
f 778//211 780//211 779//211
f 781//212 783//212 782//212
f 784//213 785//213 786//213
f 787//214 789//214 788//214
f 790//214 792//214 791//214
f 793//215 795//215 794//215
f 796//216 797//216 798//216
f 799//217 801//217 800//217
f 802//218 803//218 804//218
f 805//219 807//219 806//219
f 808//219 810//219 809//219
f 811//220 813//220 812//220
f 814//221 816//221 815//221
f 817//222 819//222 818//222
f 820//223 821//223 822//223
f 823//224 824//224 825//224
f 826//224 827//224 828//224
f 829//225 831//225 830//225
f 832//226 833//226 834//226
f 835//227 836//227 837//227
f 838//228 840//228 839//228
f 841//229 842//229 843//229
f 844//230 846//230 845//230
f 847//231 848//231 849//231
f 850//232 852//232 851//232
f 853//233 854//233 855//233
f 856//234 858//234 857//234
f 859//235 861//235 860//235
f 862//236 863//236 864//236
f 865//237 867//237 866//237
f 868//238 869//238 870//238
f 871//239 873//239 872//239
f 874//239 876//239 875//239
f 877//240 878//240 879//240
f 880//241 882//241 881//241
f 883//242 885//242 884//242
f 886//242 888//242 887//242
f 889//243 890//243 891//243
f 892//244 894//244 893//244
f 895//245 896//245 897//245
f 898//246 900//246 899//246
f 901//247 903//247 902//247
f 904//248 905//248 906//248
f 907//249 908//249 909//249
f 910//249 911//249 912//249
f 913//250 914//250 915//250
f 916//251 918//251 917//251
f 919//252 921//252 920//252
f 922//252 924//252 923//252
f 925//253 927//253 926//253
f 928//253 930//253 929//253
f 931//254 932//254 933//254
f 934//255 936//255 935//255
f 937//256 939//256 938//256
f 940//257 941//257 942//257
f 943//258 944//258 945//258
f 946//259 948//259 947//259
f 949//260 951//260 950//260
f 952//261 953//261 954//261
f 955//262 957//262 956//262
f 958//262 960//262 959//262
f 961//263 962//263 963//263
f 964//263 965//263 966//263
f 967//264 969//264 968//264
f 970//264 972//264 971//264
f 973//265 974//265 975//265
f 976//266 978//266 977//266
f 979//267 980//267 981//267
f 982//268 984//268 983//268
f 985//269 987//269 986//269
f 988//270 990//270 989//270
f 991//271 993//271 992//271
f 994//271 996//271 995//271
f 997//272 998//272 999//272
f 1000//273 1002//273 1001//273
f 1003//274 1005//274 1004//274
f 1006//274 1008//274 1007//274
f 1009//275 1011//275 1010//275
f 1012//275 1014//275 1013//275
f 1015//276 1017//276 1016//276
f 1018//277 1019//277 1020//277
f 1021//278 1022//278 1023//278
f 1024//278 1025//278 1026//278
f 1027//279 1029//279 1028//279
f 1030//280 1031//280 1032//280
f 1033//281 1035//281 1034//281
f 1036//282 1038//282 1037//282
f 1039//283 1041//283 1040//283
f 1042//283 1044//283 1043//283
f 1045//284 1047//284 1046//284
f 1048//285 1050//285 1049//285
f 1051//286 1053//286 1052//286
f 1054//287 1056//287 1055//287
f 1057//288 1059//288 1058//288
f 1060//288 1062//288 1061//288
f 1063//289 1065//289 1064//289
f 1066//289 1068//289 1067//289
f 1069//290 1071//290 1070//290
f 1072//290 1074//290 1073//290
f 1075//291 1076//291 1077//291
f 1078//291 1079//291 1080//291
f 1081//292 1082//292 1083//292
f 1084//293 1086//293 1085//293
f 1087//294 1089//294 1088//294
f 1090//295 1091//295 1092//295
f 1093//296 1094//296 1095//296
f 1096//297 1098//297 1097//297
f 1099//298 1101//298 1100//298
f 1102//298 1104//298 1103//298
f 1105//299 1107//299 1106//299
f 1108//300 1110//300 1109//300
f 1111//301 1113//301 1112//301
f 1114//302 1116//302 1115//302
f 1117//303 1119//303 1118//303
f 1120//303 1122//303 1121//303
f 1123//304 1125//304 1124//304
f 1126//304 1128//304 1127//304
f 1129//305 1131//305 1130//305
f 1132//306 1133//306 1134//306
f 1135//307 1137//307 1136//307
f 1138//307 1140//307 1139//307
f 1141//308 1142//308 1143//308
f 1144//308 1145//308 1146//308
f 1147//309 1149//309 1148//309
f 1150//310 1151//310 1152//310
f 1153//311 1154//311 1155//311
f 1156//311 1157//311 1158//311
f 1159//312 1161//312 1160//312
f 1162//313 1163//313 1164//313
f 1165//314 1166//314 1167//314
f 1168//315 1169//315 1170//315
f 1171//316 1172//316 1173//316
f 1174//316 1175//316 1176//316
f 1177//317 1178//317 1179//317
f 1180//318 1181//318 1182//318
f 1183//319 1185//319 1184//319
f 1186//319 1188//319 1187//319
f 1189//320 1190//320 1191//320
f 1192//320 1193//320 1194//320
f 1195//321 1196//321 1197//321
f 1198//321 1199//321 1200//321
f 1201//322 1202//322 1203//322
f 1204//323 1205//323 1206//323
f 1207//324 1208//324 1209//324
f 1210//325 1212//325 1211//325
f 1213//326 1214//326 1215//326
f 1216//327 1218//327 1217//327
f 1219//328 1220//328 1221//328
f 1222//328 1223//328 1224//328
f 1225//329 1226//329 1227//329
f 1228//329 1229//329 1230//329
f 1231//330 1232//330 1233//330
f 1234//330 1235//330 1236//330
f 1237//331 1239//331 1238//331
f 1240//332 1241//332 1242//332
f 1243//129 1244//129 1245//129
f 1246//333 1247//333 1248//333
f 1249//334 1250//334 1251//334
f 1252//334 1253//334 1254//334
f 1255//335 1257//335 1256//335
f 1258//335 1260//335 1259//335
f 1261//336 1262//336 1263//336
f 1264//336 1265//336 1266//336
f 1267//337 1269//337 1268//337
f 1270//337 1272//337 1271//337
f 1273//338 1275//338 1274//338
f 1276//339 1278//339 1277//339
f 1279//340 1280//340 1281//340
f 1282//340 1283//340 1284//340
f 1285//341 1287//341 1286//341
f 1288//341 1290//341 1289//341
f 1291//342 1293//342 1292//342
f 1294//343 1295//343 1296//343
f 1297//344 1298//344 1299//344
f 1300//345 1302//345 1301//345
f 1303//346 1304//346 1305//346
f 1306//346 1307//346 1308//346
f 1309//347 1310//347 1311//347
f 1312//347 1313//347 1314//347
f 1315//348 1316//348 1317//348
f 1318//348 1319//348 1320//348
f 1321//349 1322//349 1323//349
f 1324//349 1325//349 1326//349
f 1327//350 1328//350 1329//350
f 1330//350 1331//350 1332//350
f 1333//351 1335//351 1334//351
f 1336//352 1337//352 1338//352
f 1339//353 1341//353 1340//353
f 1342//354 1344//354 1343//354
f 1345//355 1346//355 1347//355
f 1348//355 1349//355 1350//355
f 1351//356 1353//356 1352//356
f 1354//357 1355//357 1356//357
f 1357//358 1359//358 1358//358
f 1360//359 1361//359 1362//359
f 1363//360 1364//360 1365//360
f 1366//360 1367//360 1368//360
f 1369//361 1370//361 1371//361
f 1372//361 1373//361 1374//361
f 1375//362 1377//362 1376//362
f 1378//362 1380//362 1379//362
f 1381//363 1382//363 1383//363
f 1384//363 1385//363 1386//363
f 1387//364 1388//364 1389//364
f 1390//364 1391//364 1392//364
f 1393//365 1395//365 1394//365
f 1396//365 1398//365 1397//365
f 1399//366 1401//366 1400//366
f 1402//366 1404//366 1403//366
f 1405//367 1407//367 1406//367
f 1408//368 1409//368 1410//368
f 1411//369 1412//369 1413//369
f 1414//369 1415//369 1416//369
f 1417//370 1419//370 1418//370
f 1420//371 1421//371 1422//371
f 1423//372 1425//372 1424//372
f 1426//373 1427//373 1428//373
f 1429//374 1431//374 1430//374
f 1432//375 1433//375 1434//375
f 1435//376 1436//376 1437//376
f 1438//376 1439//376 1440//376
f 1441//377 1443//377 1442//377
f 1444//377 1446//377 1445//377
f 1447//378 1448//378 1449//378
f 1450//378 1451//378 1452//378
f 1453//379 1455//379 1454//379
f 1456//379 1458//379 1457//379
f 1459//380 1461//380 1460//380
f 1462//380 1464//380 1463//380
f 1465//381 1467//381 1466//381
f 1468//382 1469//382 1470//382
f 1471//383 1472//383 1473//383
f 1474//384 1476//384 1475//384
f 1477//385 1478//385 1479//385
f 1480//386 1482//386 1481//386
f 1483//387 1484//387 1485//387
f 1486//388 1488//388 1487//388
f 1489//389 1490//389 1491//389
f 1492//389 1493//389 1494//389
f 1495//390 1497//390 1496//390
f 1498//390 1500//390 1499//390
f 1501//391 1503//391 1502//391
f 1504//391 1506//391 1505//391
f 1507//392 1508//392 1509//392
f 1510//393 1512//393 1511//393
f 1513//394 1515//394 1514//394
f 1516//395 1517//395 1518//395
f 1519//396 1521//396 1520//396
f 1522//396 1524//396 1523//396
f 1525//397 1527//397 1526//397
f 1528//397 1530//397 1529//397
f 1531//398 1533//398 1532//398
f 1534//399 1535//399 1536//399
f 1537//400 1539//400 1538//400
f 1540//401 1541//401 1542//401
f 1543//401 1544//401 1545//401
f 1546//402 1547//402 1548//402
f 1549//402 1550//402 1551//402
f 1552//403 1554//403 1553//403
f 1555//403 1557//403 1556//403
f 1558//404 1560//404 1559//404
f 1561//405 1562//405 1563//405
f 1564//406 1565//406 1566//406
f 1663//407 1664//407 1665//407
f 1666//408 1668//408 1667//408
f 1669//408 1671//408 1670//408
f 1672//408 1674//408 1673//408
f 1675//407 1676//407 1677//407
f 1678//408 1680//408 1679//408
f 1681//408 1683//408 1682//408
f 1684//408 1686//408 1685//408
f 1687//407 1688//407 1689//407
f 1690//408 1692//408 1691//408
f 1693//408 1695//408 1694//408
f 1696//408 1698//408 1697//408
f 1699//306 1700//306 1701//306
f 1702//306 1703//306 1704//306
f 1705//305 1707//305 1706//305
f 1708//306 1709//306 1710//306
f 1711//409 1712//409 1713//409
f 1714//410 1716//410 1715//410
f 1717//411 1718//411 1719//411
f 1720//412 1722//412 1721//412
f 1723//411 1725//411 1724//411
f 1726//412 1727//412 1728//412
f 1729//306 1730//306 1731//306
f 1732//306 1733//306 1734//306
f 1735//413 1737//413 1736//413
f 1738//414 1739//414 1740//414
f 1741//415 1742//415 1743//415
f 1744//415 1745//415 1746//415
f 1747//416 1748//416 1749//416
f 1750//416 1751//416 1752//416
f 1753//305 1755//305 1754//305
f 1756//305 1758//305 1757//305
f 1759//305 1761//305 1760//305
f 1762//305 1764//305 1763//305
f 1765//417 1767//417 1766//417
f 1768//418 1769//418 1770//418
f 1771//419 1773//419 1772//419
f 1774//420 1775//420 1776//420
f 1777//420 1779//420 1778//420
f 1780//419 1781//419 1782//419
f 1783//305 1785//305 1784//305
f 1786//305 1788//305 1787//305
f 1789//421 1790//421 1791//421
f 1792//422 1794//422 1793//422
f 1795//423 1797//423 1796//423
f 1798//424 1799//424 1800//424
f 1801//424 1803//424 1802//424
f 1804//423 1805//423 1806//423
f 1807//425 1808//425 1809//425
f 1810//425 1811//425 1812//425
f 1813//426 1815//426 1814//426
f 1816//427 1817//427 1818//427
f 1819//426 1821//426 1820//426
f 1822//427 1823//427 1824//427
f 1825//426 1826//426 1827//426
f 1828//427 1830//427 1829//427
f 1831//426 1832//426 1833//426
f 1834//426 1835//426 1836//426
f 1837//427 1839//427 1838//427
f 1840//427 1842//427 1841//427
f 1843//426 1844//426 1845//426
f 1846//428 1848//428 1847//428
f 1849//429 1851//429 1850//429
f 1852//429 1854//429 1853//429
f 1855//430 1857//430 1856//430
f 1858//431 1859//431 1860//431
f 1861//431 1863//431 1862//431
f 1864//430 1865//430 1866//430
f 1867//432 1868//432 1869//432
f 1870//432 1871//432 1872//432
f 1873//433 1875//433 1874//433
f 1876//157 1877//157 1878//157
f 1879//434 1880//435 1881//436
f 1882//437 1883//437 1884//437
f 1885//155 1886//155 1887//155
f 1888//438 1890//438 1889//438
f 1891//439 1892//439 1893//439
f 1894//440 1896//440 1895//440
f 1897//152 1899//152 1898//152
f 1900//441 1902//441 1901//441
f 1903//442 1905//442 1904//442
f 1906//151 1907//151 1908//151
f 1909//149 1910//149 1911//149
f 1912//443 1914//443 1913//443
f 1915//444 1917//444 1916//444
f 1918//444 1920//444 1919//444
f 1921//146 1922//146 1923//146
f 1924//445 1925//445 1926//445
f 1927//446 1929//446 1928//446
f 1930//446 1932//446 1931//446
f 1933//447 1935//447 1934//447
f 1936//447 1938//447 1937//447
f 1939//448 1941//448 1940//448
f 1942//449 1944//449 1943//449
f 1945//450 1946//450 1947//450
f 1948//451 1949//451 1950//451
f 1951//452 1952//452 1953//452
f 1954//452 1955//452 1956//452
f 1957//453 1959//453 1958//453
f 1960//454 1962//454 1961//454
f 1963//455 1964//455 1965//455
f 1966//456 1968//456 1967//456
f 1969//457 1971//457 1970//457
f 1972//458 1973//458 1974//458
f 1975//459 1976//459 1977//459
f 1978//460 1979//460 1980//460
f 1981//134 1982//134 1983//134
f 1984//134 1985//134 1986//134
f 1987//132 1989//132 1988//132
f 1990//132 1992//132 1991//132
f 1993//131 1994//131 1995//131
f 1996//131 1997//131 1998//131
f 1999//333 2001//333 2000//333
f 2002//129 2004//129 2003//129
f 2005//127 2007//127 2006//127
f 2008//127 2010//127 2009//127
f 2011//461 2013//461 2012//461
f 2014//461 2016//461 2015//461
f 2017//462 2019//462 2018//462
f 2020//462 2022//462 2021//462
f 2023//463 2024//463 2025//463
f 2026//123 2027//123 2028//123
f 2029//464 2031//464 2030//464
f 2032//122 2033//122 2034//122
f 2035//121 2036//121 2037//121
f 2038//465 2040//465 2039//465
f 2041//120 2043//120 2042//120
f 2044//119 2045//119 2046//119
f 2047//466 2049//466 2048//466
f 2050//118 2051//118 2052//118
f 2053//117 2055//117 2054//117
f 2056//116 2057//116 2058//116
f 2059//114 2060//114 2061//114
f 2062//114 2063//114 2064//114
f 2065//467 2067//467 2066//467
f 2068//468 2070//468 2069//468
f 2071//469 2073//469 2072//469
f 2074//469 2076//469 2075//469
f 2077//111 2078//111 2079//111
f 2080//470 2082//470 2081//470
f 2083//471 2085//471 2084//471
f 2086//472 2087//472 2088//472
f 2089//473 2091//473 2090//473
f 2092//473 2094//473 2093//473
f 2095//474 2097//474 2096//474
f 2098//475 2100//475 2099//475
f 2101//476 2103//476 2102//476
f 2104//477 2105//477 2106//477
f 2107//478 2108//478 2109//478
f 2110//478 2111//478 2112//478
f 2113//479 2114//479 2115//479
f 2116//480 2118//480 2117//480
f 2119//481 2120//481 2121//481
f 2122//482 2124//482 2123//482
f 2125//483 2127//483 2126//483
f 2128//483 2130//483 2129//483
f 2131//484 2132//484 2133//484
f 2134//485 2136//485 2135//485
f 2137//486 2138//486 2139//486
f 2140//487 2142//487 2141//487
f 2143//488 2144//488 2145//488
f 2146//488 2147//488 2148//488
f 2149//489 2151//489 2150//489
f 2152//490 2153//490 2154//490
f 2155//491 2156//491 2157//491
f 2158//492 2160//492 2159//492
f 2161//493 2162//493 2163//493
f 2164//494 2165//494 2166//494
f 2167//495 2169//495 2168//495
f 2170//495 2172//495 2171//495
f 2173//496 2174//496 2175//496
f 2176//496 2177//496 2178//496
f 2179//497 2181//497 2180//497
f 2182//498 2183//498 2184//498
f 2185//499 2187//499 2186//499
f 2188//499 2190//499 2189//499
f 2191//500 2193//500 2192//500
f 2194//501 2195//501 2196//501
f 2197//502 2199//502 2198//502
f 2200//503 2202//503 2201//503
f 2203//504 2205//504 2204//504
f 2206//505 2208//505 2207//505
f 2209//506 2210//506 2211//506
f 2212//507 2213//507 2214//507
f 2215//508 2216//508 2217//508
f 2218//509 2220//509 2219//509
f 2221//510 2223//510 2222//510
f 2224//510 2226//510 2225//510
f 2227//511 2228//511 2229//511
f 2230//512 2232//512 2231//512
f 2233//513 2234//513 2235//513
f 2236//513 2237//513 2238//513
f 2239//514 2241//514 2240//514
f 2242//514 2244//514 2243//514
f 2245//515 2246//515 2247//515
f 2248//516 2250//516 2249//516
f 2251//517 2252//517 2253//517
f 2254//518 2256//518 2255//518
f 2257//519 2259//519 2258//519
f 2260//520 2261//520 2262//520
f 2263//521 2265//521 2264//521
f 2266//522 2267//522 2268//522
f 2269//523 2270//523 2271//523
f 2272//524 2274//524 2273//524
f 2275//525 2277//525 2276//525
f 2278//525 2280//525 2279//525
f 2281//526 2282//526 2283//526
f 2284//527 2286//527 2285//527
f 2287//528 2289//528 2288//528
f 2290//529 2291//529 2292//529
f 2293//530 2295//530 2294//530
f 2296//531 2298//531 2297//531
f 2299//158 2301//158 2300//158
f 2302//532 2304//532 2303//532
f 2305//433 2306//433 2307//433
f 2308//157 2310//157 2309//157
f 2311//533 2313//533 2312//533
f 2314//534 2315//534 2316//534
f 2317//535 2319//535 2318//535
f 2320//535 2322//535 2321//535
f 2323//536 2325//536 2324//536
f 2326//440 2327//440 2328//440
f 2329//537 2330//537 2331//537
f 2332//153 2334//153 2333//153
f 2335//150 2336//150 2337//150
f 2338//151 2340//151 2339//151
f 2341//538 2343//538 2342//538
f 2344//539 2345//539 2346//539
f 2347//540 2349//540 2348//540
f 2350//541 2351//541 2352//541
f 2353//542 2354//542 2355//542
f 2356//542 2357//542 2358//542
f 2359//543 2361//543 2360//543
f 2362//446 2363//446 2364//446
f 2365//144 2367//144 2366//144
f 2368//544 2369//544 2370//544
f 2371//448 2372//448 2373//448
f 2374//448 2375//448 2376//448
f 2377//451 2379//451 2378//451
f 2380//451 2382//451 2381//451
f 2383//545 2384//545 2385//545
f 2386//546 2387//546 2388//546
f 2389//454 2390//454 2391//454
f 2392//453 2393//453 2394//453
f 2395//456 2396//456 2397//456
f 2398//455 2400//455 2399//455
f 2401//137 2403//137 2402//137
f 2404//458 2406//458 2405//458
f 2407//460 2409//460 2408//460
f 2410//460 2412//460 2411//460
f 2413//135 2414//135 2415//135
f 2416//134 2418//134 2417//134
f 2419//133 2421//133 2420//133
f 2422//133 2424//133 2423//133
f 2425//547 2426//547 2427//547
f 2428//547 2429//547 2430//547
f 2431//548 2433//548 2432//548
f 2434//549 2436//549 2435//549
f 2437//128 2439//128 2438//128
f 2440//127 2441//127 2442//127
f 2443//126 2445//126 2444//126
f 2446//126 2448//126 2447//126
f 2449//125 2451//125 2450//125
f 2452//462 2453//462 2454//462
f 2455//123 2457//123 2456//123
f 2458//123 2460//123 2459//123
f 2461//464 2462//464 2463//464
f 2464//550 2466//550 2465//550
f 2467//121 2469//121 2468//121
f 2470//121 2472//121 2471//121
f 2473//551 2475//551 2474//551
f 2476//552 2477//552 2478//552
f 2479//118 2481//118 2480//118
f 2482//118 2484//118 2483//118
f 2485//117 2486//117 2487//117
f 2488//117 2489//117 2490//117
f 2491//114 2493//114 2492//114
f 2494//114 2496//114 2495//114
f 2497//468 2498//468 2499//468
f 2500//467 2501//467 2502//467
f 2503//469 2504//469 2505//469
f 2506//112 2508//112 2507//112
f 2509//470 2510//470 2511//470
f 2512//111 2514//111 2513//111
f 2515//472 2517//472 2516//472
f 2518//471 2519//471 2520//471
f 2521//553 2523//553 2522//553
f 2524//473 2525//473 2526//473
f 2527//554 2529//554 2528//554
f 2530//474 2531//474 2532//474
f 2533//476 2534//476 2535//476
f 2536//477 2538//477 2537//477
f 2539//478 2541//478 2540//478
f 2542//555 2543//555 2544//555
f 2545//556 2547//556 2546//556
f 2548//557 2549//557 2550//557
f 2551//558 2553//558 2552//558
f 2554//559 2555//559 2556//559
f 2557//483 2558//483 2559//483
f 2560//483 2561//483 2562//483
f 2563//560 2565//560 2564//560
f 2566//484 2568//484 2567//484
f 2569//487 2570//487 2571//487
f 2572//561 2573//561 2574//561
f 2575//488 2577//488 2576//488
f 2578//562 2579//562 2580//562
f 2581//490 2583//490 2582//490
f 2584//489 2585//489 2586//489
f 2587//491 2589//491 2588//491
f 2590//492 2591//492 2592//492
f 2593//563 2594//563 2595//563
f 2596//564 2598//564 2597//564
f 2599//565 2601//565 2600//565
f 2602//565 2604//565 2603//565
f 2605//496 2607//496 2606//496
f 2608//496 2610//496 2609//496
f 2611//497 2612//497 2613//497
f 2614//497 2615//497 2616//497
f 2617//566 2619//566 2618//566
f 2620//567 2621//567 2622//567
f 2623//500 2624//500 2625//500
f 2626//501 2628//501 2627//501
f 2629//568 2631//568 2630//568
f 2632//569 2634//569 2633//569
f 2635//570 2637//570 2636//570
f 2638//504 2639//504 2640//504
f 2641//571 2642//571 2643//571
f 2644//571 2645//571 2646//571
f 2647//509 2648//509 2649//509
f 2650//572 2652//572 2651//572
f 2653//573 2655//573 2654//573
f 2656//510 2657//510 2658//510
f 2659//512 2660//512 2661//512
f 2662//574 2664//574 2663//574
f 2665//513 2667//513 2666//513
f 2668//513 2670//513 2669//513
f 2671//514 2672//514 2673//514
f 2674//575 2676//575 2675//575
f 2677//576 2679//576 2678//576
f 2680//576 2682//576 2681//576
f 2683//577 2684//577 2685//577
f 2686//578 2688//578 2687//578
f 2689//519 2690//519 2691//519
f 2692//579 2694//579 2693//579
f 2695//580 2696//580 2697//580
f 2698//521 2699//521 2700//521
f 2701//524 2702//524 2703//524
f 2704//581 2706//581 2705//581
f 2707//582 2708//582 2709//582
f 2710//583 2712//583 2711//583
f 2713//584 2714//584 2715//584
f 2716//585 2717//586 2718//587
f 2719//529 2721//529 2720//529
f 2722//529 2724//529 2723//529
f 2725//588 2726//588 2727//588
f 2728//588 2729//588 2730//588
f 2731//305 2733//305 2732//305
f 2734//305 2736//305 2735//305
f 2737//589 2738//589 2739//589
f 2740//590 2742//590 2741//590
f 2743//591 2744//591 2745//591
f 2746//592 2748//592 2747//592
f 2749//593 2751//593 2750//593
f 2752//594 2753//594 2754//594
f 2755//593 2757//593 2756//593
f 2758//594 2759//594 2760//594
f 2761//595 2763//595 2762//595
f 2764//595 2766//595 2765//595
f 2767//596 2768//596 2769//596
f 2770//597 2772//597 2771//597
f 2773//596 2774//596 2775//596
f 2776//596 2777//596 2778//596
f 2779//597 2781//597 2780//597
f 2782//596 2783//596 2784//596
f 2785//596 2786//596 2787//596
f 2788//596 2789//596 2790//596
f 2791//596 2793//596 2792//596
f 2794//596 2796//596 2795//596
f 2797//597 2798//597 2799//597
f 2800//597 2801//597 2802//597
f 2803//597 2804//597 2805//597
f 2806//597 2807//597 2808//597
f 2809//596 2811//596 2810//596
f 2812//597 2813//597 2814//597
f 2815//598 2817//598 2816//598
f 2818//598 2820//598 2819//598
f 2821//598 2823//598 2822//598
f 2824//598 2826//598 2825//598
f 2827//598 2829//598 2828//598
f 2830//598 2832//598 2831//598
f 2833//599 2834//599 2835//599
f 2836//598 2838//598 2837//598
f 2839//599 2841//599 2840//599
f 2842//598 2843//598 2844//598
f 2845//598 2846//598 2847//598
f 2848//598 2849//598 2850//598
f 2851//599 2853//599 2852//599
f 2854//598 2855//598 2856//598
f 2857//598 2858//598 2859//598
f 2860//598 2861//598 2862//598
f 2863//598 2864//598 2865//598
f 2866//598 2867//598 2868//598
f 2869//305 2871//305 2870//305
f 2872//305 2874//305 2873//305
f 2875//600 2877//600 2876//600
f 2878//600 2880//600 2879//600
f 2881//601 2882//601 2883//601
f 2884//601 2885//601 2886//601
f 2887//601 2888//601 2889//601
f 2890//601 2891//601 2892//601
f 2893//601 2894//601 2895//601
f 2896//601 2897//601 2898//601
f 2899//602 2901//602 2900//602
f 2902//602 2904//602 2903//602
f 2905//305 2907//305 2906//305
f 2908//305 2910//305 2909//305
f 2911//305 2913//305 2912//305
f 2914//306 2915//306 2916//306
f 2917//603 2919//603 2918//603
f 2920//604 2921//604 2922//604
f 2923//603 2925//603 2924//603
f 2926//603 2928//603 2927//603
f 2929//603 2931//603 2930//603
f 2932//605 2933//605 2934//605
f 2935//603 2937//603 2936//603
f 2938//603 2940//603 2939//603
f 2941//604 2942//604 2943//604
f 2944//606 2946//606 2945//606
f 2947//604 2948//604 2949//604
f 2950//603 2952//603 2951//603
f 2953//603 2955//603 2954//603
f 2956//603 2958//603 2957//603
f 2959//603 2961//603 2960//603
f 2962//603 2964//603 2963//603
f 2965//606 2967//606 2966//606
f 2968//603 2970//603 2969//603
f 2971//603 2973//603 2972//603
f 2974//603 2976//603 2975//603
f 2977//603 2979//603 2978//603
f 2980//603 2982//603 2981//603
f 2983//603 2985//603 2984//603
f 2986//604 2987//604 2988//604
f 2989//604 2990//604 2991//604
f 2992//603 2994//603 2993//603
f 2995//603 2997//603 2996//603
f 2998//603 3000//603 2999//603
f 3001//603 3003//603 3002//603
f 3004//607 3006//607 3005//607
f 3007//606 3009//606 3008//606
f 3010//603 3012//603 3011//603
f 3013//608 3014//608 3015//608
f 3016//603 3018//603 3017//603
f 3019//606 3021//606 3020//606
f 3022//603 3024//603 3023//603
f 3025//603 3027//603 3026//603
f 3028//604 3029//604 3030//604
f 3031//604 3032//604 3033//604
f 3034//603 3036//603 3035//603
f 3037//604 3038//604 3039//604
f 3040//603 3042//603 3041//603
f 3043//603 3045//603 3044//603
f 3046//603 3048//603 3047//603
f 3049//604 3050//604 3051//604
f 3052//603 3054//603 3053//603
f 3055//603 3057//603 3056//603
f 3058//603 3060//603 3059//603
f 3061//603 3063//603 3062//603
f 3064//604 3065//604 3066//604
f 3067//604 3068//604 3069//604
f 3070//603 3072//603 3071//603
f 3073//603 3075//603 3074//603
f 3076//604 3077//604 3078//604
f 3079//603 3081//603 3080//603
f 3082//603 3084//603 3083//603
f 3085//607 3087//607 3086//607
f 3088//606 3090//606 3089//606
f 3091//603 3093//603 3092//603
f 3094//609 3095//609 3096//609
f 3097//610 3098//610 3099//610
f 3100//603 3102//603 3101//603
f 3103//603 3105//603 3104//603
f 3106//611 3107//611 3108//611
f 3109//604 3110//604 3111//604
f 3112//603 3114//603 3113//603
f 3115//603 3117//603 3116//603
f 3118//603 3120//603 3119//603
f 3121//603 3123//603 3122//603
f 3124//603 3126//603 3125//603
f 3127//603 3129//603 3128//603
f 3130//603 3132//603 3131//603
f 3133//604 3134//604 3135//604
f 3136//603 3138//603 3137//603
f 3139//603 3141//603 3140//603
f 3142//603 3144//603 3143//603
f 3145//603 3147//603 3146//603
f 3148//603 3150//603 3149//603
f 3151//604 3152//604 3153//604
f 3154//604 3155//604 3156//604
f 3157//603 3159//603 3158//603
f 3160//603 3162//603 3161//603
f 3163//603 3165//603 3164//603
f 3166//604 3167//604 3168//604
f 3169//603 3171//603 3170//603
f 3172//603 3174//603 3173//603
f 3175//607 3177//607 3176//607
f 3178//606 3180//606 3179//606
f 3181//604 3182//604 3183//604
f 3184//603 3186//603 3185//603
f 3187//603 3189//603 3188//603
f 3190//603 3192//603 3191//603
f 3193//603 3195//603 3194//603
f 3196//603 3198//603 3197//603
f 3199//604 3200//604 3201//604
f 3202//603 3204//603 3203//603
f 3205//603 3207//603 3206//603
f 3208//604 3209//604 3210//604
f 3211//604 3212//604 3213//604
f 3214//603 3216//603 3215//603
f 3217//604 3218//604 3219//604
f 3220//603 3222//603 3221//603
f 3223//604 3224//604 3225//604
f 3226//603 3228//603 3227//603
f 3229//603 3231//603 3230//603
f 3232//604 3233//604 3234//604
f 3235//604 3236//604 3237//604
f 3238//604 3239//604 3240//604
f 3241//604 3242//604 3243//604
f 3244//603 3246//603 3245//603
f 3247//607 3249//607 3248//607
f 3250//603 3252//603 3251//603
f 3253//603 3255//603 3254//603
f 3256//603 3258//603 3257//603
f 3259//609 3260//609 3261//609
f 3262//603 3264//603 3263//603
f 3265//603 3267//603 3266//603
f 3268//603 3270//603 3269//603
f 3271//603 3273//603 3272//603
f 3274//603 3276//603 3275//603
f 3277//604 3278//604 3279//604
f 3280//604 3281//604 3282//604
f 3283//603 3285//603 3284//603
f 3286//603 3288//603 3287//603
f 3289//604 3290//604 3291//604
f 3292//604 3293//604 3294//604
f 3295//607 3297//607 3296//607
f 3298//610 3299//610 3300//610
f 3301//603 3303//603 3302//603
f 3304//607 3306//607 3305//607
f 3307//606 3309//606 3308//606
f 3310//604 3311//604 3312//604
f 3313//603 3315//603 3314//603
f 3316//606 3318//606 3317//606
f 3319//604 3320//604 3321//604
f 3322//603 3324//603 3323//603
f 3325//603 3327//603 3326//603
f 3328//603 3330//603 3329//603
f 3331//603 3333//603 3332//603
f 3334//603 3336//603 3335//603
f 3337//603 3339//603 3338//603
f 3340//604 3341//604 3342//604
f 3343//607 3345//607 3344//607
f 3346//603 3348//603 3347//603
f 3349//604 3350//604 3351//604
f 3352//603 3354//603 3353//603
f 3355//604 3356//604 3357//604
f 3358//603 3360//603 3359//603
f 3361//604 3362//604 3363//604
f 3364//604 3365//604 3366//604
f 3367//603 3369//603 3368//603
f 3370//603 3372//603 3371//603
f 3373//603 3375//603 3374//603
f 3376//603 3378//603 3377//603
f 3382//603 3384//603 3383//603
f 3385//604 3386//604 3387//604
f 3388//603 3390//603 3389//603
f 3391//604 3392//604 3393//604
f 3394//603 3396//603 3395//603
f 3397//604 3398//604 3399//604
f 3400//603 3402//603 3401//603
f 3403//603 3405//603 3404//603
f 3406//604 3407//604 3408//604
f 3409//604 3410//604 3411//604
f 3412//604 3413//604 3414//604
f 3415//604 3416//604 3417//604
f 3418//604 3419//604 3420//604
f 3421//603 3423//603 3422//603
f 3424//603 3426//603 3425//603
f 3427//604 3428//604 3429//604
f 3430//603 3432//603 3431//603
f 3433//603 3435//603 3434//603
f 3436//603 3438//603 3437//603
f 3439//603 3441//603 3440//603
f 3442//603 3444//603 3443//603
f 3445//603 3447//603 3446//603
f 3448//604 3449//604 3450//604
f 3451//603 3453//603 3452//603
f 3454//604 3455//604 3456//604
f 3457//603 3459//603 3458//603
f 3460//606 3462//606 3461//606
f 3463//604 3464//604 3465//604
f 3466//604 3467//604 3468//604
f 3469//604 3470//604 3471//604
f 3472//603 3474//603 3473//603
f 3475//604 3476//604 3477//604
f 3478//607 3480//607 3479//607
f 3481//603 3483//603 3482//603
f 3484//603 3486//603 3485//603
f 3487//603 3489//603 3488//603
f 3490//603 3492//603 3491//603
f 3493//604 3494//604 3495//604
f 3496//606 3498//606 3497//606
f 3499//603 3501//603 3500//603
f 3502//603 3504//603 3503//603
f 3505//604 3506//604 3507//604
f 3508//603 3510//603 3509//603
f 3511//603 3513//603 3512//603
f 3514//603 3516//603 3515//603
f 3517//603 3519//603 3518//603
f 3520//603 3522//603 3521//603
f 3523//603 3525//603 3524//603
f 3526//603 3528//603 3527//603
f 3529//604 3530//604 3531//604
f 3532//603 3534//603 3533//603
f 3535//603 3537//603 3536//603
f 3538//603 3540//603 3539//603
f 3541//603 3543//603 3542//603
f 3544//604 3545//604 3546//604
f 3547//603 3549//603 3548//603
f 3550//604 3551//604 3552//604
f 3553//603 3555//603 3554//603
f 3556//604 3557//604 3558//604
f 3559//603 3561//603 3560//603
f 3562//604 3563//604 3564//604
f 3565//603 3567//603 3566//603
f 3568//604 3569//604 3570//604
f 3571//603 3573//603 3572//603
f 3574//604 3575//604 3576//604
f 3577//603 3579//603 3578//603
f 3580//603 3582//603 3581//603
f 3583//603 3585//603 3584//603
f 3586//603 3588//603 3587//603
f 3589//603 3591//603 3590//603
f 3592//603 3594//603 3593//603
f 3595//603 3597//603 3596//603
f 3598//603 3600//603 3599//603
f 3601//603 3603//603 3602//603
f 3604//603 3606//603 3605//603
f 3607//603 3609//603 3608//603
f 3610//603 3612//603 3611//603
f 3613//603 3615//603 3614//603
f 3616//609 3617//609 3618//609
f 3619//604 3620//604 3621//604
f 3622//603 3624//603 3623//603
f 3625//603 3627//603 3626//603
f 3628//603 3630//603 3629//603
f 3631//603 3633//603 3632//603
f 3634//604 3635//604 3636//604
f 3637//603 3639//603 3638//603
f 3640//603 3642//603 3641//603
f 3643//603 3645//603 3644//603
f 3646//604 3647//604 3648//604
f 3649//603 3651//603 3650//603
f 3652//604 3653//604 3654//604
f 3655//603 3657//603 3656//603
f 3658//603 3660//603 3659//603
f 3661//603 3663//603 3662//603
f 3664//603 3666//603 3665//603
f 3667//603 3669//603 3668//603
f 3670//603 3672//603 3671//603
f 3673//604 3674//604 3675//604
f 3676//604 3677//604 3678//604
f 3679//603 3681//603 3680//603
f 3682//603 3684//603 3683//603
f 3685//604 3686//604 3687//604
f 3688//603 3690//603 3689//603
f 3691//603 3693//603 3692//603
f 3694//604 3695//604 3696//604
f 3697//604 3698//604 3699//604
f 3700//603 3702//603 3701//603
f 3703//603 3705//603 3704//603
f 3706//604 3707//604 3708//604
f 3709//603 3711//603 3710//603
f 3712//603 3714//603 3713//603
f 3715//603 3717//603 3716//603
f 3718//603 3720//603 3719//603
f 3721//604 3722//604 3723//604
f 3724//604 3725//604 3726//604
f 3727//603 3729//603 3728//603
f 3730//603 3732//603 3731//603
f 3733//603 3735//603 3734//603
f 3736//604 3737//604 3738//604
f 3739//603 3741//603 3740//603
f 3742//603 3744//603 3743//603
f 3745//603 3747//603 3746//603
f 3748//603 3750//603 3749//603
f 3751//603 3753//603 3752//603
f 3754//603 3756//603 3755//603
f 3757//604 3758//604 3759//604
f 3760//603 3762//603 3761//603
f 3763//603 3765//603 3764//603
f 3766//603 3768//603 3767//603
f 3769//603 3771//603 3770//603
f 3772//603 3774//603 3773//603
f 3775//603 3777//603 3776//603
f 3778//603 3780//603 3779//603
f 3781//604 3782//604 3783//604
f 3784//604 3785//604 3786//604
f 3787//603 3789//603 3788//603
f 3790//603 3792//603 3791//603
f 3793//603 3795//603 3794//603
f 3796//604 3797//604 3798//604
f 3799//603 3801//603 3800//603
f 3802//603 3804//603 3803//603
f 3805//603 3807//603 3806//603
f 3808//604 3809//604 3810//604
f 3811//607 3813//607 3812//607
f 3814//606 3816//606 3815//606
f 3817//604 3818//604 3819//604
f 3820//603 3822//603 3821//603
f 3823//603 3825//603 3824//603
f 3826//604 3827//604 3828//604
f 3829//604 3830//604 3831//604
f 3832//603 3834//603 3833//603
f 3835//603 3837//603 3836//603
f 3838//603 3840//603 3839//603
f 3841//603 3843//603 3842//603
f 3844//603 3846//603 3845//603
f 3847//604 3848//604 3849//604
f 3850//603 3852//603 3851//603
f 3853//604 3854//604 3855//604
f 3856//603 3858//603 3857//603
f 3859//603 3861//603 3860//603
f 3862//603 3864//603 3863//603
f 3865//603 3867//603 3866//603
f 3868//603 3870//603 3869//603
f 3871//603 3873//603 3872//603
f 3874//603 3876//603 3875//603
f 3877//603 3879//603 3878//603
f 3880//604 3881//604 3882//604
f 3883//603 3885//603 3884//603
f 3886//603 3888//603 3887//603
f 3889//603 3891//603 3890//603
f 3892//603 3894//603 3893//603
f 3895//603 3897//603 3896//603
f 3898//607 3900//607 3899//607
f 3901//604 3902//604 3903//604
f 3904//603 3906//603 3905//603
f 3907//603 3909//603 3908//603
f 3910//604 3911//604 3912//604
f 3913//603 3915//603 3914//603
f 3916//603 3918//603 3917//603
f 3919//603 3921//603 3920//603
f 3922//603 3924//603 3923//603
f 3925//603 3927//603 3926//603
f 3928//604 3929//604 3930//604
f 3931//603 3933//603 3932//603
f 3934//603 3936//603 3935//603
f 3937//603 3939//603 3938//603
f 3940//603 3942//603 3941//603
f 3943//604 3944//604 3945//604
f 3946//603 3948//603 3947//603
f 3949//603 3951//603 3950//603
f 3952//603 3954//603 3953//603
f 3955//603 3957//603 3956//603
f 3958//603 3960//603 3959//603
f 3961//603 3963//603 3962//603
f 3964//603 3966//603 3965//603
f 3967//604 3968//604 3969//604
f 3970//604 3971//604 3972//604
f 3973//603 3975//603 3974//603
f 3976//603 3978//603 3977//603
f 3979//603 3981//603 3980//603
f 3982//603 3984//603 3983//603
f 3985//604 3986//604 3987//604
f 3988//603 3990//603 3989//603
f 3991//603 3993//603 3992//603
f 3994//603 3996//603 3995//603
f 3997//604 3998//604 3999//604
f 4000//604 4001//604 4002//604
f 4003//603 4005//603 4004//603
f 4006//603 4008//603 4007//603
f 4009//607 4011//607 4010//607
f 4012//604 4013//604 4014//604
f 4015//603 4017//603 4016//603
f 4018//603 4020//603 4019//603
f 4021//603 4023//603 4022//603
f 4024//603 4026//603 4025//603
f 4027//604 4028//604 4029//604
f 4030//604 4031//604 4032//604
f 4033//603 4035//603 4034//603
f 4036//603 4038//603 4037//603
f 4039//604 4040//604 4041//604
f 4042//603 4044//603 4043//603
f 4045//604 4046//604 4047//604
f 4048//603 4050//603 4049//603
f 4051//604 4052//604 4053//604
f 4054//604 4055//604 4056//604
f 4057//604 4058//604 4059//604
f 4060//603 4062//603 4061//603
f 4063//603 4065//603 4064//603
f 4066//604 4067//604 4068//604
f 4069//603 4071//603 4070//603
f 4072//603 4074//603 4073//603
f 4075//603 4077//603 4076//603
f 4078//603 4080//603 4079//603
f 4081//603 4083//603 4082//603
f 4084//603 4086//603 4085//603
f 4087//604 4088//604 4089//604
f 4090//604 4091//604 4092//604
f 4093//604 4094//604 4095//604
f 4096//603 4098//603 4097//603
f 4099//604 4100//604 4101//604
f 4102//603 4104//603 4103//603
f 4105//603 4107//603 4106//603
f 4108//604 4109//604 4110//604
f 4111//604 4112//604 4113//604
f 4114//603 4116//603 4115//603
f 4117//604 4118//604 4119//604
f 4120//604 4121//604 4122//604
f 4123//603 4125//603 4124//603
f 4126//603 4128//603 4127//603
f 4129//604 4130//604 4131//604
f 4132//603 4134//603 4133//603
f 4135//604 4136//604 4137//604
f 4138//604 4139//604 4140//604
f 4141//603 4143//603 4142//603
f 4144//604 4145//604 4146//604
f 4147//603 4149//603 4148//603
f 4150//604 4151//604 4152//604
f 4153//603 4155//603 4154//603
f 4156//603 4158//603 4157//603
f 4159//603 4161//603 4160//603
f 4162//604 4163//604 4164//604
f 4165//603 4167//603 4166//603
f 4168//603 4170//603 4169//603
f 4171//609 4172//609 4173//609
f 4174//604 4175//604 4176//604
f 4177//603 4179//603 4178//603
f 4180//604 4181//604 4182//604
f 4183//604 4184//604 4185//604
f 4186//603 4188//603 4187//603
f 4189//603 4191//603 4190//603
f 4192//607 4194//607 4193//607
f 4195//610 4196//610 4197//610
f 4198//603 4200//603 4199//603
f 4201//604 4202//604 4203//604
f 4204//603 4206//603 4205//603
f 4207//603 4209//603 4208//603
f 4210//603 4212//603 4211//603
f 4213//603 4215//603 4214//603
f 4216//603 4218//603 4217//603
f 4219//603 4221//603 4220//603
f 4222//603 4224//603 4223//603
f 4225//603 4227//603 4226//603
f 4228//603 4230//603 4229//603
f 4231//603 4233//603 4232//603
f 4234//604 4235//604 4236//604
f 4237//603 4239//603 4238//603
f 4240//603 4242//603 4241//603
f 4243//603 4245//603 4244//603
f 4246//604 4247//604 4248//604
f 4249//603 4251//603 4250//603
f 4252//603 4254//603 4253//603
f 4255//603 4257//603 4256//603
f 4258//603 4260//603 4259//603
f 4261//604 4262//604 4263//604
f 4264//604 4265//604 4266//604
f 4267//604 4268//604 4269//604
f 4270//604 4271//604 4272//604
f 4273//603 4275//603 4274//603
f 4276//604 4277//604 4278//604
f 4279//603 4281//603 4280//603
f 4282//603 4284//603 4283//603
f 4285//604 4286//604 4287//604
f 4288//603 4290//603 4289//603
f 4291//604 4292//604 4293//604
f 4294//603 4296//603 4295//603
f 4297//603 4299//603 4298//603
f 4300//607 4302//607 4301//607
f 4303//604 4304//604 4305//604
f 4306//603 4308//603 4307//603
f 4309//603 4311//603 4310//603
f 4312//603 4314//603 4313//603
f 4315//603 4317//603 4316//603
f 4318//603 4320//603 4319//603
f 4321//604 4322//604 4323//604
f 4324//603 4326//603 4325//603
f 4327//604 4328//604 4329//604
f 4330//603 4332//603 4331//603
f 4333//604 4334//604 4335//604
f 4336//603 4338//603 4337//603
f 4339//603 4341//603 4340//603
f 4342//603 4344//603 4343//603
f 4345//610 4346//610 4347//610
f 4348//604 4349//604 4350//604
f 4351//604 4352//604 4353//604
f 4354//603 4356//603 4355//603
f 4357//603 4359//603 4358//603
f 4360//603 4362//603 4361//603
f 4363//604 4364//604 4365//604
f 4366//603 4368//603 4367//603
f 4369//607 4371//607 4370//607
f 4372//604 4373//604 4374//604
f 4375//606 4377//606 4376//606
f 4378//603 4380//603 4379//603
f 4381//609 4382//609 4383//609
f 4384//606 4386//606 4385//606
f 4387//603 4389//603 4388//603
f 4390//603 4392//603 4391//603
f 4393//603 4395//603 4394//603
f 4396//603 4398//603 4397//603
f 4399//603 4401//603 4400//603
f 4402//604 4403//604 4404//604
f 4405//604 4406//604 4407//604
f 4408//604 4409//604 4410//604
f 4411//604 4412//604 4413//604
f 4414//604 4415//604 4416//604
f 4417//603 4419//603 4418//603
f 4420//603 4422//603 4421//603
f 4423//603 4425//603 4424//603
f 4426//603 4428//603 4427//603
f 4429//604 4430//604 4431//604
f 4432//604 4433//604 4434//604
f 4435//603 4437//603 4436//603
f 4438//604 4439//604 4440//604
f 4441//603 4443//603 4442//603
f 4444//603 4446//603 4445//603
f 4447//604 4448//604 4449//604
f 4450//604 4451//604 4452//604
f 4453//604 4454//604 4455//604
f 4456//603 4458//603 4457//603
f 4459//603 4461//603 4460//603
f 4462//606 4464//606 4463//606
f 4465//604 4466//604 4467//604
f 4468//610 4469//610 4470//610
f 4471//604 4472//604 4473//604
f 4474//603 4476//603 4475//603
f 4477//603 4479//603 4478//603
f 4480//603 4482//603 4481//603
f 4483//604 4484//604 4485//604
f 4486//604 4487//604 4488//604
f 4489//607 4491//607 4490//607
f 4492//604 4493//604 4494//604
f 4495//604 4496//604 4497//604
f 4498//603 4500//603 4499//603
f 4501//603 4503//603 4502//603
f 4504//604 4505//604 4506//604
f 4507//604 4508//604 4509//604
f 4510//603 4512//603 4511//603
f 4513//610 4514//610 4515//610
f 4516//604 4517//604 4518//604
f 4519//607 4521//607 4520//607
f 4522//603 4524//603 4523//603
f 4525//603 4527//603 4526//603
f 4528//603 4530//603 4529//603
f 4531//603 4533//603 4532//603
f 4534//603 4536//603 4535//603
f 4537//603 4539//603 4538//603
f 4540//603 4542//603 4541//603
f 4543//604 4544//604 4545//604
f 4546//603 4548//603 4547//603
f 4549//604 4550//604 4551//604
f 4552//603 4554//603 4553//603
f 4555//603 4557//603 4556//603
f 4558//603 4560//603 4559//603
f 4561//604 4562//604 4563//604
f 4564//604 4565//604 4566//604
f 4567//604 4568//604 4569//604
f 4570//604 4571//604 4572//604
f 4573//603 4575//603 4574//603
f 4576//603 4578//603 4577//603
f 4579//609 4580//609 4581//609
f 4582//604 4583//604 4584//604
f 4585//603 4587//603 4586//603
f 4588//603 4590//603 4589//603
f 4591//604 4592//604 4593//604
f 4594//604 4595//604 4596//604
f 4597//610 4598//610 4599//610
f 4600//603 4602//603 4601//603
f 4603//610 4604//610 4605//610
f 4606//603 4608//603 4607//603
f 4609//607 4611//607 4610//607
f 4612//604 4613//604 4614//604
f 4615//606 4617//606 4616//606
f 4618//604 4619//604 4620//604
f 4621//609 4622//609 4623//609
f 4624//603 4626//603 4625//603
f 4627//604 4628//604 4629//604
f 4630//604 4631//604 4632//604
f 4633//603 4635//603 4634//603
f 4636//603 4638//603 4637//603
f 4639//603 4641//603 4640//603
f 4642//603 4644//603 4643//603
f 4645//603 4647//603 4646//603
f 4648//603 4650//603 4649//603
f 4651//603 4653//603 4652//603
f 4654//603 4656//603 4655//603
f 4657//612 4659//612 4658//612
f 4660//603 4662//603 4661//603
f 4663//604 4664//604 4665//604
f 4666//610 4667//610 4668//610
f 4669//603 4671//603 4670//603
f 4672//603 4674//603 4673//603
f 4675//603 4677//603 4676//603
f 4678//603 4680//603 4679//603
f 4681//603 4683//603 4682//603
f 4684//604 4685//604 4686//604
f 4687//604 4688//604 4689//604
f 4690//603 4692//603 4691//603
f 4693//603 4695//603 4694//603
f 4696//603 4698//603 4697//603
f 4699//604 4700//604 4701//604
f 4702//603 4704//603 4703//603
f 4705//604 4706//604 4707//604
f 4708//603 4710//603 4709//603
f 4711//603 4713//603 4712//603
f 4714//603 4716//603 4715//603
f 4717//604 4718//604 4719//604
f 4720//604 4721//604 4722//604
f 4723//603 4725//603 4724//603
f 4726//604 4727//604 4728//604
f 4729//604 4730//604 4731//604
f 4732//604 4733//604 4734//604
f 4735//603 4737//603 4736//603
f 4738//604 4739//604 4740//604
f 4741//604 4742//604 4743//604
f 4744//603 4746//603 4745//603
f 4747//604 4748//604 4749//604
f 4750//603 4752//603 4751//603
f 4753//603 4755//603 4754//603
f 4756//603 4758//603 4757//603
f 4759//603 4761//603 4760//603
f 4762//603 4764//603 4763//603
f 4765//604 4766//604 4767//604
f 4768//603 4770//603 4769//603
f 4771//604 4772//604 4773//604
f 4774//603 4776//603 4775//603
f 4777//603 4779//603 4778//603
f 4780//604 4781//604 4782//604
f 4783//603 4785//603 4784//603
f 4786//604 4787//604 4788//604
f 4789//604 4790//604 4791//604
f 4792//603 4794//603 4793//603
f 4795//603 4797//603 4796//603
f 4798//604 4799//604 4800//604
f 4801//603 4803//603 4802//603
f 4804//604 4805//604 4806//604
f 4807//603 4809//603 4808//603
f 4810//603 4812//603 4811//603
f 4813//603 4815//603 4814//603
f 4816//603 4818//603 4817//603
f 4819//603 4821//603 4820//603
f 4822//604 4823//604 4824//604
f 4825//604 4826//604 4827//604
f 4828//603 4830//603 4829//603
f 4831//604 4832//604 4833//604
f 4834//603 4836//603 4835//603
f 4837//603 4839//603 4838//603
f 4840//603 4842//603 4841//603
f 4843//604 4844//604 4845//604
f 4846//603 4848//603 4847//603
f 4849//603 4851//603 4850//603
f 4852//603 4854//603 4853//603
f 4855//603 4857//603 4856//603
f 4858//603 4860//603 4859//603
f 4861//604 4862//604 4863//604
f 4864//604 4865//604 4866//604
f 4867//603 4869//603 4868//603
f 4870//603 4872//603 4871//603
f 4873//604 4874//604 4875//604
f 4876//604 4877//604 4878//604
f 4879//603 4881//603 4880//603
f 4882//603 4884//603 4883//603
f 4885//604 4886//604 4887//604
f 4888//604 4889//604 4890//604
f 4891//603 4893//603 4892//603
f 4894//603 4896//603 4895//603
f 4897//603 4899//603 4898//603
f 4900//603 4902//603 4901//603
f 4903//604 4904//604 4905//604
f 4906//603 4908//603 4907//603
f 4909//603 4911//603 4910//603
f 4912//603 4914//603 4913//603
f 4915//603 4917//603 4916//603
f 4918//613 4920//613 4919//613
f 4921//603 4923//603 4922//603
f 4924//603 4926//603 4925//603
f 4927//606 4929//606 4928//606
f 4930//604 4931//604 4932//604
f 4933//604 4934//604 4935//604
f 4936//603 4938//603 4937//603
f 4939//606 4941//606 4940//606
f 4942//603 4944//603 4943//603
f 4945//614 4947//614 4946//614
f 4948//607 4950//607 4949//607
f 4951//603 4953//603 4952//603
f 4954//611 4955//611 4956//611
f 4957//603 4959//603 4958//603
f 4960//603 4962//603 4961//603
f 4963//603 4965//603 4964//603
f 4966//607 4968//607 4967//607
f 4969//615 4971//615 4970//615
f 4972//608 4973//608 4974//608
f 4975//606 4977//606 4976//606
f 4978//613 4980//613 4979//613
f 4981//603 4983//603 4982//603
f 4984//603 4986//603 4985//603
f 4987//614 4989//614 4988//614
f 4990//606 4992//606 4991//606
f 4993//607 4995//607 4994//607
f 4996//616 4997//617 4998//618
f 4999//603 5001//603 5000//603
f 5002//609 5003//609 5004//609
f 5005//604 5006//604 5007//604
f 5008//603 5010//603 5009//603
f 5011//604 5012//604 5013//604
f 5014//603 5016//603 5015//603
f 5017//613 5019//613 5018//613
f 5020//603 5022//603 5021//603
f 5023//606 5025//606 5024//606
f 5026//603 5028//603 5027//603
f 5029//603 5031//603 5030//603
f 5032//603 5034//603 5033//603
f 5035//603 5037//603 5036//603
f 5038//604 5039//604 5040//604
f 5041//607 5043//607 5042//607
f 5044//610 5045//610 5046//610
f 5047//603 5049//603 5048//603
f 5050//603 5052//603 5051//603
f 5053//614 5055//614 5054//614
f 5056//619 5057//619 5058//619
f 5059//604 5060//604 5061//604
f 5062//606 5064//606 5063//606
f 5065//604 5066//604 5067//604
f 5068//620 5070//620 5069//620
f 5071//621 5073//621 5072//621
f 5074//622 5076//622 5075//622
f 5077//606 5079//606 5078//606
f 5080//623 5082//623 5081//623
f 5083//604 5084//604 5085//604
f 5086//603 5088//603 5087//603
f 5089//615 5091//615 5090//615
f 5092//604 5093//604 5094//604
f 5095//604 5096//604 5097//604
f 5098//604 5099//604 5100//604
f 5101//604 5102//604 5103//604
f 5104//603 5106//603 5105//603
f 5107//604 5108//604 5109//604
f 5110//604 5111//604 5112//604
f 5113//604 5114//604 5115//604
f 5116//604 5117//604 5118//604
f 5119//603 5121//603 5120//603
f 5122//604 5123//604 5124//604
f 5125//603 5127//603 5126//603
f 5128//604 5129//604 5130//604
f 5131//603 5133//603 5132//603
f 5134//603 5136//603 5135//603
f 5137//603 5139//603 5138//603
f 5140//603 5142//603 5141//603
f 5143//603 5145//603 5144//603
f 5146//603 5148//603 5147//603
f 5149//604 5150//604 5151//604
f 5152//603 5154//603 5153//603
f 5155//603 5157//603 5156//603
f 5158//603 5160//603 5159//603
f 5161//604 5162//604 5163//604
f 5164//604 5165//604 5166//604
f 5167//603 5169//603 5168//603
f 5170//604 5171//604 5172//604
f 5173//603 5175//603 5174//603
f 5176//604 5177//604 5178//604
f 5179//603 5181//603 5180//603
f 5182//604 5183//604 5184//604
f 5185//604 5186//604 5187//604
f 5188//603 5190//603 5189//603
f 5191//603 5193//603 5192//603
f 5194//604 5195//604 5196//604
f 5197//603 5199//603 5198//603
f 5200//604 5201//604 5202//604
f 5203//603 5205//603 5204//603
f 5206//603 5208//603 5207//603
f 5209//603 5211//603 5210//603
f 5212//604 5213//604 5214//604
f 5215//604 5216//604 5217//604
f 5218//603 5220//603 5219//603
f 5221//603 5223//603 5222//603
f 5224//603 5226//603 5225//603
f 5227//604 5228//604 5229//604
f 5230//603 5232//603 5231//603
f 5233//604 5234//604 5235//604
f 5236//604 5237//604 5238//604
f 5239//603 5241//603 5240//603
f 5242//604 5243//604 5244//604
f 5245//603 5247//603 5246//603
f 5248//604 5249//604 5250//604
f 5251//603 5253//603 5252//603
f 5254//603 5256//603 5255//603
f 5257//603 5259//603 5258//603
f 5260//603 5262//603 5261//603
f 5263//603 5265//603 5264//603
f 5266//603 5268//603 5267//603
f 5269//604 5270//604 5271//604
f 5272//604 5273//604 5274//604
f 5275//603 5277//603 5276//603
f 5278//603 5280//603 5279//603
f 5281//603 5283//603 5282//603
f 5284//603 5286//603 5285//603
f 5287//604 5288//604 5289//604
f 5290//603 5292//603 5291//603
f 5293//604 5294//604 5295//604
f 5296//604 5297//604 5298//604
f 5299//603 5301//603 5300//603
f 5302//604 5303//604 5304//604
f 5305//603 5307//603 5306//603
f 5308//603 5310//603 5309//603
f 5311//603 5313//603 5312//603
f 5314//603 5316//603 5315//603
f 5317//604 5318//604 5319//604
f 5320//603 5322//603 5321//603
f 5323//603 5325//603 5324//603
f 5326//604 5327//604 5328//604
f 5329//604 5330//604 5331//604
f 5332//603 5334//603 5333//603
f 5335//603 5337//603 5336//603
f 5338//603 5340//603 5339//603
f 5341//603 5343//603 5342//603
f 5344//603 5346//603 5345//603
f 5347//603 5349//603 5348//603
f 5350//604 5351//604 5352//604
f 5353//603 5355//603 5354//603
f 5356//603 5358//603 5357//603
f 5359//603 5361//603 5360//603
f 5362//603 5364//603 5363//603
f 5365//604 5366//604 5367//604
f 5368//604 5369//604 5370//604
f 5371//603 5373//603 5372//603
f 5374//603 5376//603 5375//603
f 5377//603 5379//603 5378//603
f 5380//604 5381//604 5382//604
f 5383//603 5385//603 5384//603
f 5386//607 5388//607 5387//607
f 5389//603 5391//603 5390//603
f 5392//604 5393//604 5394//604
f 5395//604 5396//604 5397//604
f 5398//604 5399//604 5400//604
f 5401//604 5402//604 5403//604
f 5404//603 5406//603 5405//603
f 5407//603 5409//603 5408//603
f 5410//604 5411//604 5412//604
f 5413//603 5415//603 5414//603
f 5416//603 5418//603 5417//603
f 5419//604 5420//604 5421//604
f 5422//604 5423//604 5424//604
f 5425//603 5427//603 5426//603
f 5428//609 5429//609 5430//609
f 5431//604 5432//604 5433//604
f 5434//604 5435//604 5436//604
f 5437//603 5439//603 5438//603
f 5440//603 5442//603 5441//603
f 5443//603 5445//603 5444//603
f 5446//603 5448//603 5447//603
f 5449//603 5451//603 5450//603
f 5452//603 5454//603 5453//603
f 5455//604 5456//604 5457//604
f 5458//603 5460//603 5459//603
f 5461//603 5463//603 5462//603
f 5464//603 5466//603 5465//603
f 5467//604 5468//604 5469//604
f 5470//604 5471//604 5472//604
f 5473//604 5474//604 5475//604
f 5476//603 5478//603 5477//603
f 5479//603 5481//603 5480//603
f 5482//604 5483//604 5484//604
f 5485//603 5487//603 5486//603
f 5488//604 5489//604 5490//604
f 5491//604 5492//604 5493//604
f 5494//604 5495//604 5496//604
f 5497//603 5499//603 5498//603
f 5500//604 5501//604 5502//604
f 5503//603 5505//603 5504//603
f 5506//604 5507//604 5508//604
f 5509//604 5510//604 5511//604
f 5512//603 5514//603 5513//603
f 5515//603 5517//603 5516//603
f 5518//603 5520//603 5519//603
f 5521//604 5522//604 5523//604
f 5524//603 5526//603 5525//603
f 5527//603 5529//603 5528//603
f 5530//603 5532//603 5531//603
f 5533//604 5534//604 5535//604
f 5536//603 5538//603 5537//603
f 5539//604 5540//604 5541//604
f 5542//604 5543//604 5544//604
f 5545//603 5547//603 5546//603
f 5548//604 5549//604 5550//604
f 5551//604 5552//604 5553//604
f 5554//604 5555//604 5556//604
f 5557//603 5559//603 5558//603
f 5560//604 5561//604 5562//604
f 5563//603 5565//603 5564//603
f 5566//603 5568//603 5567//603
f 5569//603 5571//603 5570//603
f 5572//603 5574//603 5573//603
f 5575//603 5577//603 5576//603
f 5578//603 5580//603 5579//603
f 5581//604 5582//604 5583//604
f 5584//604 5585//604 5586//604
f 5587//603 5589//603 5588//603
f 5590//603 5592//603 5591//603
f 5593//603 5595//603 5594//603
f 5596//604 5597//604 5598//604
f 5599//604 5600//604 5601//604
f 5602//603 5604//603 5603//603
f 5605//604 5606//604 5607//604
f 5608//603 5610//603 5609//603
f 5611//603 5613//603 5612//603
f 5614//603 5616//603 5615//603
f 5617//603 5619//603 5618//603
f 5620//603 5622//603 5621//603
f 5623//603 5625//603 5624//603
f 5626//603 5628//603 5627//603
f 5629//603 5631//603 5630//603
f 5632//604 5633//604 5634//604
f 5635//604 5636//604 5637//604
f 5638//603 5640//603 5639//603
f 5641//603 5643//603 5642//603
f 5644//604 5645//604 5646//604
f 5647//603 5649//603 5648//603
f 5650//603 5652//603 5651//603
f 5653//603 5655//603 5654//603
f 5656//604 5657//604 5658//604
f 5659//603 5661//603 5660//603
f 5662//604 5663//604 5664//604
f 5665//603 5667//603 5666//603
f 5668//603 5670//603 5669//603
f 5671//603 5673//603 5672//603
f 5674//604 5675//604 5676//604
f 5677//604 5678//604 5679//604
f 5680//603 5682//603 5681//603
f 5683//603 5685//603 5684//603
f 5686//603 5688//603 5687//603
f 5689//603 5691//603 5690//603
f 5692//603 5694//603 5693//603
f 5695//603 5697//603 5696//603
f 5698//603 5700//603 5699//603
f 5701//603 5703//603 5702//603
f 5704//603 5706//603 5705//603
f 5707//604 5708//604 5709//604
f 5710//603 5712//603 5711//603
f 5713//603 5715//603 5714//603
f 5716//604 5717//604 5718//604
f 5719//604 5720//604 5721//604
f 5722//603 5724//603 5723//603
f 5725//603 5727//603 5726//603
f 5728//603 5730//603 5729//603
f 5731//604 5732//604 5733//604
f 5734//604 5735//604 5736//604
f 5737//603 5739//603 5738//603
f 5740//604 5741//604 5742//604
f 5743//604 5744//604 5745//604
f 5746//603 5748//603 5747//603
f 5749//603 5751//603 5750//603
f 5752//603 5754//603 5753//603
f 5755//603 5757//603 5756//603
f 5758//603 5760//603 5759//603
f 5761//603 5763//603 5762//603
f 5764//604 5765//604 5766//604
f 5767//603 5769//603 5768//603
f 5770//603 5772//603 5771//603
f 5773//603 5775//603 5774//603
f 5776//604 5777//604 5778//604
f 5779//603 5781//603 5780//603
f 5782//604 5783//604 5784//604
f 5785//604 5786//604 5787//604
f 5788//604 5789//604 5790//604
f 5791//604 5792//604 5793//604
f 5794//603 5796//603 5795//603
f 5797//603 5799//603 5798//603
f 5800//603 5802//603 5801//603
f 5803//603 5805//603 5804//603
f 5806//603 5808//603 5807//603
f 5809//603 5811//603 5810//603
f 5812//407 5814//407 5813//407
f 5815//408 5816//408 5817//408
f 5818//407 5820//407 5819//407
f 5821//408 5822//408 5823//408
f 5824//407 5826//407 5825//407
f 5827//408 5828//408 5829//408
f 5830//408 5831//408 5832//408
f 5833//408 5834//408 5835//408
f 5836//408 5837//408 5838//408
f 5839//408 5840//408 5841//408
f 5842//624 5844//624 5843//624
f 5845//625 5846//625 5847//625
f 5848//305 5850//305 5849//305
f 5851//305 5853//305 5852//305
f 5854//626 5855//626 5856//626
f 5857//627 5859//627 5858//627
f 5860//626 5861//626 5862//626
f 5863//627 5865//627 5864//627
f 5866//627 5868//627 5867//627
f 5869//627 5871//627 5870//627
f 5872//626 5873//626 5874//626
f 5875//627 5877//627 5876//627
f 5878//627 5880//627 5879//627
f 5881//627 5883//627 5882//627
f 5884//626 5885//626 5886//626
f 5887//627 5889//627 5888//627
f 5890//306 5891//306 5892//306
f 5893//306 5894//306 5895//306
f 5896//604 5898//604 5897//604
f 5899//604 5901//604 5900//604
f 5902//604 5904//604 5903//604
f 5905//604 5907//604 5906//604
f 5908//604 5910//604 5909//604
f 5911//604 5913//604 5912//604
f 5914//604 5916//604 5915//604
f 5917//604 5919//604 5918//604
f 5920//604 5922//604 5921//604
f 5923//604 5925//604 5924//604
f 5926//604 5928//604 5927//604
f 5929//604 5931//604 5930//604
f 5932//603 5933//603 5934//603
f 5935//603 5936//603 5937//603
f 5938//604 5940//604 5939//604
f 5941//604 5943//604 5942//604
f 5944//604 5946//604 5945//604
f 5947//604 5949//604 5948//604
f 5950//603 5951//603 5952//603
f 5953//604 5955//604 5954//604
f 5956//604 5958//604 5957//604
f 5959//604 5961//604 5960//604
f 5962//604 5964//604 5963//604
f 5965//604 5967//604 5966//604
f 5968//604 5970//604 5969//604
f 5971//604 5973//604 5972//604
f 5974//604 5976//604 5975//604
f 5977//604 5979//604 5978//604
f 5980//603 5981//603 5982//603
f 5983//603 5984//603 5985//603
f 5986//604 5988//604 5987//604
f 5989//604 5991//604 5990//604
f 5992//603 5993//603 5994//603
f 5995//604 5997//604 5996//604
f 5998//604 6000//604 5999//604
f 6001//603 6002//603 6003//603
f 6004//604 6006//604 6005//604
f 6007//604 6009//604 6008//604
f 6010//604 6012//604 6011//604
f 6013//603 6014//603 6015//603
f 6016//604 6018//604 6017//604
f 6019//604 6021//604 6020//604
f 6022//603 6023//603 6024//603
f 6025//604 6027//604 6026//604
f 6028//604 6030//604 6029//604
f 6031//604 6033//604 6032//604
f 6034//604 6036//604 6035//604
f 6037//604 6039//604 6038//604
f 6040//603 6041//603 6042//603
f 6043//603 6044//603 6045//603
f 6046//604 6048//604 6047//604
f 6049//604 6051//604 6050//604
f 6052//604 6054//604 6053//604
f 6055//604 6057//604 6056//604
f 6058//604 6060//604 6059//604
f 6061//603 6062//603 6063//603
f 6064//604 6066//604 6065//604
f 6067//604 6069//604 6068//604
f 6070//604 6072//604 6071//604
f 6073//604 6075//604 6074//604
f 6076//604 6078//604 6077//604
f 6079//604 6081//604 6080//604
f 6082//603 6083//603 6084//603
f 6085//604 6087//604 6086//604
f 6088//603 6089//603 6090//603
f 6091//604 6093//604 6092//604
f 6094//603 6095//603 6096//603
f 6097//603 6098//603 6099//603
f 6100//604 6102//604 6101//604
f 6103//604 6105//604 6104//604
f 6106//604 6108//604 6107//604
f 6109//604 6111//604 6110//604
f 6112//604 6114//604 6113//604
f 6115//603 6116//603 6117//603
f 6118//603 6119//603 6120//603
f 6121//604 6123//604 6122//604
f 6124//604 6126//604 6125//604
f 6127//604 6129//604 6128//604
f 6130//604 6132//604 6131//604
f 6133//604 6135//604 6134//604
f 6136//604 6138//604 6137//604
f 6139//604 6141//604 6140//604
f 6142//604 6144//604 6143//604
f 6145//604 6147//604 6146//604
f 6148//604 6150//604 6149//604
f 6151//604 6153//604 6152//604
f 6154//604 6156//604 6155//604
f 6157//603 6158//603 6159//603
f 6160//604 6162//604 6161//604
f 6163//603 6164//603 6165//603
f 6166//604 6168//604 6167//604
f 6169//604 6171//604 6170//604
f 6172//604 6174//604 6173//604
f 6175//604 6177//604 6176//604
f 6178//604 6180//604 6179//604
f 6181//603 6182//603 6183//603
f 6184//603 6185//603 6186//603
f 6187//604 6189//604 6188//604
f 6190//604 6192//604 6191//604
f 6193//604 6195//604 6194//604
f 6196//604 6198//604 6197//604
f 6199//604 6201//604 6200//604
f 6202//604 6204//604 6203//604
f 6205//604 6207//604 6206//604
f 6208//604 6210//604 6209//604
f 6211//604 6213//604 6212//604
f 6214//603 6215//603 6216//603
f 6217//604 6219//604 6218//604
f 6220//604 6222//604 6221//604
f 6223//604 6225//604 6224//604
f 6226//604 6228//604 6227//604
f 6229//603 6230//603 6231//603
f 6232//603 6233//603 6234//603
f 6235//603 6236//603 6237//603
f 6238//603 6239//603 6240//603
f 6241//604 6243//604 6242//604
f 6244//603 6245//603 6246//603
f 6247//604 6249//604 6248//604
f 6250//604 6252//604 6251//604
f 6253//604 6255//604 6254//604
f 6256//604 6258//604 6257//604
f 6259//604 6261//604 6260//604
f 6262//603 6263//603 6264//603
f 6265//604 6267//604 6266//604
f 6268//604 6270//604 6269//604
f 6271//603 6272//603 6273//603
f 6274//603 6275//603 6276//603
f 6277//604 6279//604 6278//604
f 6280//604 6282//604 6281//604
f 6283//603 6284//603 6285//603
f 6286//604 6288//604 6287//604
f 6289//604 6291//604 6290//604
f 6292//603 6293//603 6294//603
f 6295//603 6296//603 6297//603
f 6298//603 6299//603 6300//603
f 6301//604 6303//604 6302//604
f 6304//603 6305//603 6306//603
f 6307//603 6308//603 6309//603
f 6310//603 6311//603 6312//603
f 6313//603 6314//603 6315//603
f 6316//604 6318//604 6317//604
f 6319//604 6321//604 6320//604
f 6322//604 6324//604 6323//604
f 6325//604 6327//604 6326//604
f 6328//604 6330//604 6329//604
f 6331//603 6332//603 6333//603
f 6334//604 6336//604 6335//604
f 6337//604 6339//604 6338//604
f 6340//604 6342//604 6341//604
f 6343//603 6344//603 6345//603
f 6346//604 6348//604 6347//604
f 6349//604 6351//604 6350//604
f 6352//604 6354//604 6353//604
f 6355//603 6356//603 6357//603
f 6358//604 6360//604 6359//604
f 6361//603 6362//603 6363//603
f 6364//604 6366//604 6365//604
f 6367//603 6368//603 6369//603
f 6370//604 6372//604 6371//604
f 6373//603 6374//603 6375//603
f 6376//603 6377//603 6378//603
f 6379//604 6381//604 6380//604
f 6382//604 6384//604 6383//604
f 6385//604 6387//604 6386//604
f 6388//604 6390//604 6389//604
f 6391//603 6392//603 6393//603
f 6394//604 6396//604 6395//604
f 6397//604 6399//604 6398//604
f 6400//604 6402//604 6401//604
f 6403//604 6405//604 6404//604
f 6406//604 6408//604 6407//604
f 6409//604 6411//604 6410//604
f 6412//604 6414//604 6413//604
f 6415//604 6417//604 6416//604
f 6418//603 6419//603 6420//603
f 6421//603 6422//603 6423//603
f 6424//604 6426//604 6425//604
f 6427//603 6428//603 6429//603
f 6430//603 6431//603 6432//603
f 6433//604 6435//604 6434//604
f 6436//604 6438//604 6437//604
f 6439//603 6440//603 6441//603
f 6442//604 6444//604 6443//604
f 6445//604 6447//604 6446//604
f 6448//604 6450//604 6449//604
f 6451//604 6453//604 6452//604
f 6454//604 6456//604 6455//604
f 6457//603 6458//603 6459//603
f 6460//604 6462//604 6461//604
f 6463//604 6465//604 6464//604
f 6466//603 6467//603 6468//603
f 6469//604 6471//604 6470//604
f 6472//604 6474//604 6473//604
f 6475//603 6476//603 6477//603
f 6478//604 6480//604 6479//604
f 6481//604 6483//604 6482//604
f 6484//604 6486//604 6485//604
f 6487//604 6489//604 6488//604
f 6490//604 6492//604 6491//604
f 6493//603 6494//603 6495//603
f 6496//604 6498//604 6497//604
f 6499//603 6500//603 6501//603
f 6502//603 6503//603 6504//603
f 6505//604 6507//604 6506//604
f 6508//604 6510//604 6509//604
f 6511//604 6513//604 6512//604
f 6514//604 6516//604 6515//604
f 6517//604 6519//604 6518//604
f 6520//604 6522//604 6521//604
f 6523//604 6525//604 6524//604
f 6526//604 6528//604 6527//604
f 6529//603 6530//603 6531//603
f 6532//604 6534//604 6533//604
f 6535//604 6537//604 6536//604
f 6538//604 6540//604 6539//604
f 6541//604 6543//604 6542//604
f 6544//604 6546//604 6545//604
f 6547//604 6549//604 6548//604
f 6550//604 6552//604 6551//604
f 6553//604 6555//604 6554//604
f 6556//603 6557//603 6558//603
f 6559//604 6561//604 6560//604
f 6562//604 6564//604 6563//604
f 6565//604 6567//604 6566//604
f 6568//604 6570//604 6569//604
f 6571//604 6573//604 6572//604
f 6574//603 6575//603 6576//603
f 6577//604 6579//604 6578//604
f 6580//603 6581//603 6582//603
f 6583//603 6584//603 6585//603
f 6586//604 6588//604 6587//604
f 6589//604 6591//604 6590//604
f 6592//604 6594//604 6593//604
f 6595//604 6597//604 6596//604
f 6598//604 6600//604 6599//604
f 6601//603 6602//603 6603//603
f 6604//604 6606//604 6605//604
f 6607//604 6609//604 6608//604
f 6610//604 6612//604 6611//604
f 6613//604 6615//604 6614//604
f 6616//603 6617//603 6618//603
f 6619//604 6621//604 6620//604
f 6622//604 6624//604 6623//604
f 6625//604 6627//604 6626//604
f 6628//604 6630//604 6629//604
f 6631//604 6633//604 6632//604
f 6634//604 6636//604 6635//604
f 6637//603 6638//603 6639//603
f 6640//604 6642//604 6641//604
f 6643//603 6644//603 6645//603
f 6646//604 6648//604 6647//604
f 6649//603 6650//603 6651//603
f 6652//604 6654//604 6653//604
f 6655//604 6657//604 6656//604
f 6658//604 6660//604 6659//604
f 6661//604 6663//604 6662//604
f 6664//604 6666//604 6665//604
f 6667//604 6669//604 6668//604
f 6670//604 6672//604 6671//604
f 6673//604 6675//604 6674//604
f 6676//604 6678//604 6677//604
f 6679//604 6681//604 6680//604
f 6682//604 6684//604 6683//604
f 6685//604 6687//604 6686//604
f 6688//604 6690//604 6689//604
f 6691//603 6692//603 6693//603
f 6694//604 6696//604 6695//604
f 6697//604 6699//604 6698//604
f 6700//604 6702//604 6701//604
f 6703//604 6705//604 6704//604
f 6706//604 6708//604 6707//604
f 6709//604 6711//604 6710//604
f 6712//604 6714//604 6713//604
f 6715//603 6716//603 6717//603
f 6718//604 6720//604 6719//604
f 6721//604 6723//604 6722//604
f 6724//603 6725//603 6726//603
f 6727//604 6729//604 6728//604
f 6730//604 6732//604 6731//604
f 6733//604 6735//604 6734//604
f 6736//604 6738//604 6737//604
f 6739//603 6740//603 6741//603
f 6742//604 6744//604 6743//604
f 6745//604 6747//604 6746//604
f 6748//604 6750//604 6749//604
f 6751//603 6752//603 6753//603
f 6754//604 6756//604 6755//604
f 6757//604 6759//604 6758//604
f 6760//604 6762//604 6761//604
f 6763//604 6765//604 6764//604
f 6766//604 6768//604 6767//604
f 6769//604 6771//604 6770//604
f 6772//604 6774//604 6773//604
f 6775//604 6777//604 6776//604
f 6778//604 6780//604 6779//604
f 6781//604 6783//604 6782//604
f 6784//604 6786//604 6785//604
f 6787//604 6789//604 6788//604
f 6790//603 6791//603 6792//603
f 6793//603 6794//603 6795//603
f 6796//604 6798//604 6797//604
f 6799//604 6801//604 6800//604
f 6802//603 6803//603 6804//603
f 6805//604 6807//604 6806//604
f 6808//604 6810//604 6809//604
f 6811//604 6813//604 6812//604
f 6814//604 6816//604 6815//604
f 6817//603 6818//603 6819//603
f 6820//604 6822//604 6821//604
f 6823//604 6825//604 6824//604
f 6826//604 6828//604 6827//604
f 6829//603 6830//603 6831//603
f 6832//603 6833//603 6834//603
f 6835//604 6837//604 6836//604
f 6838//604 6840//604 6839//604
f 6841//603 6842//603 6843//603
f 6844//603 6845//603 6846//603
f 6847//603 6848//603 6849//603
f 6850//603 6851//603 6852//603
f 6853//603 6854//603 6855//603
f 6856//604 6858//604 6857//604
f 6859//604 6861//604 6860//604
f 6862//604 6864//604 6863//604
f 6865//604 6867//604 6866//604
f 6868//604 6870//604 6869//604
f 6871//604 6873//604 6872//604
f 6874//604 6876//604 6875//604
f 6877//604 6879//604 6878//604
f 6880//604 6882//604 6881//604
f 6883//604 6885//604 6884//604
f 6886//604 6888//604 6887//604
f 6889//604 6891//604 6890//604
f 6892//604 6894//604 6893//604
f 6895//604 6897//604 6896//604
f 6898//604 6900//604 6899//604
f 6901//604 6903//604 6902//604
f 6904//604 6906//604 6905//604
f 6907//604 6909//604 6908//604
f 6910//604 6912//604 6911//604
f 6913//604 6915//604 6914//604
f 6916//604 6918//604 6917//604
f 6919//604 6921//604 6920//604
f 6922//604 6924//604 6923//604
f 6925//603 6926//603 6927//603
f 6928//603 6929//603 6930//603
f 6931//604 6933//604 6932//604
f 6934//604 6936//604 6935//604
f 6937//604 6939//604 6938//604
f 6940//604 6942//604 6941//604
f 6943//603 6944//603 6945//603
f 6946//604 6948//604 6947//604
f 6949//604 6951//604 6950//604
f 6952//603 6953//603 6954//603
f 6955//603 6956//603 6957//603
f 6958//604 6960//604 6959//604
f 6961//604 6963//604 6962//604
f 6964//604 6966//604 6965//604
f 6967//604 6969//604 6968//604
f 6970//604 6972//604 6971//604
f 6973//604 6975//604 6974//604
f 6976//604 6978//604 6977//604
f 6979//604 6981//604 6980//604
f 6982//604 6984//604 6983//604
f 6985//604 6987//604 6986//604
f 6988//604 6990//604 6989//604
f 6991//603 6992//603 6993//603
f 6994//604 6996//604 6995//604
f 6997//603 6998//603 6999//603
f 7000//604 7002//604 7001//604
f 7003//604 7005//604 7004//604
f 7006//604 7008//604 7007//604
f 7009//604 7011//604 7010//604
f 7012//603 7013//603 7014//603
f 7015//604 7017//604 7016//604
f 7018//604 7020//604 7019//604
f 7021//604 7023//604 7022//604
f 7024//603 7025//603 7026//603
f 7027//604 7029//604 7028//604
f 7030//604 7032//604 7031//604
f 7033//604 7035//604 7034//604
f 7036//604 7038//604 7037//604
f 7039//604 7041//604 7040//604
f 7042//604 7044//604 7043//604
f 7045//604 7047//604 7046//604
f 7048//604 7050//604 7049//604
f 7051//604 7053//604 7052//604
f 7054//604 7056//604 7055//604
f 7057//604 7059//604 7058//604
f 7060//604 7062//604 7061//604
f 7063//604 7065//604 7064//604
f 7066//604 7068//604 7067//604
f 7069//604 7071//604 7070//604
f 7072//604 7074//604 7073//604
f 7075//604 7077//604 7076//604
f 7078//604 7080//604 7079//604
f 7081//604 7083//604 7082//604
f 7084//604 7086//604 7085//604
f 7087//604 7089//604 7088//604
f 7090//603 7091//603 7092//603
f 7093//603 7094//603 7095//603
f 7096//604 7098//604 7097//604
f 7099//604 7101//604 7100//604
f 7102//604 7104//604 7103//604
f 7105//604 7107//604 7106//604
f 7108//604 7110//604 7109//604
f 7111//604 7113//604 7112//604
f 7114//604 7116//604 7115//604
f 7117//604 7119//604 7118//604
f 7120//604 7122//604 7121//604
f 7123//604 7125//604 7124//604
f 7126//604 7128//604 7127//604
f 7129//604 7131//604 7130//604
f 7132//604 7134//604 7133//604
f 7135//604 7137//604 7136//604
f 7138//604 7140//604 7139//604
f 7141//604 7143//604 7142//604
f 7144//604 7146//604 7145//604
f 7147//604 7149//604 7148//604
f 7150//604 7152//604 7151//604
f 7153//604 7155//604 7154//604
f 7156//604 7158//604 7157//604
f 7159//604 7161//604 7160//604
f 7162//604 7164//604 7163//604
f 7165//604 7167//604 7166//604
f 7168//604 7170//604 7169//604
f 7171//604 7173//604 7172//604
f 7174//604 7176//604 7175//604
f 7177//604 7179//604 7178//604
f 7180//604 7182//604 7181//604
f 7183//604 7185//604 7184//604
f 7186//604 7188//604 7187//604
f 7189//604 7191//604 7190//604
f 7192//604 7194//604 7193//604
f 7195//604 7197//604 7196//604
f 7198//604 7200//604 7199//604
f 7201//604 7203//604 7202//604
f 7204//604 7206//604 7205//604
f 7207//604 7209//604 7208//604
f 7210//604 7212//604 7211//604
f 7213//604 7215//604 7214//604
f 7216//604 7218//604 7217//604
f 7219//604 7221//604 7220//604
f 7222//604 7224//604 7223//604
f 7225//604 7227//604 7226//604
f 7228//604 7230//604 7229//604
f 7231//604 7233//604 7232//604
f 7234//604 7236//604 7235//604
f 7237//604 7239//604 7238//604
f 7240//604 7242//604 7241//604
f 7243//604 7245//604 7244//604
f 7246//604 7248//604 7247//604
f 7249//604 7251//604 7250//604
f 7252//604 7254//604 7253//604
f 7255//604 7257//604 7256//604
f 7258//604 7260//604 7259//604
f 7261//604 7263//604 7262//604
f 7264//604 7266//604 7265//604
f 7267//604 7269//604 7268//604
f 7270//604 7272//604 7271//604
f 7273//604 7275//604 7274//604
f 7276//604 7278//604 7277//604
f 7279//604 7281//604 7280//604
f 7282//604 7284//604 7283//604
f 7285//604 7287//604 7286//604
f 7288//604 7290//604 7289//604
f 7291//604 7293//604 7292//604
f 7294//604 7296//604 7295//604
f 7297//604 7299//604 7298//604
f 7300//603 7301//603 7302//603
f 7303//604 7305//604 7304//604
f 7306//604 7308//604 7307//604
f 7309//603 7310//603 7311//603
f 7312//604 7314//604 7313//604
f 7315//604 7317//604 7316//604
f 7318//603 7319//603 7320//603
f 7321//603 7322//603 7323//603
f 7324//604 7326//604 7325//604
f 7327//604 7329//604 7328//604
f 7330//603 7331//603 7332//603
f 7333//604 7335//604 7334//604
f 7336//604 7338//604 7337//604
f 7339//603 7340//603 7341//603
f 7342//603 7343//603 7344//603
f 7345//604 7347//604 7346//604
f 7348//603 7349//603 7350//603
f 7351//603 7352//603 7353//603
f 7354//604 7356//604 7355//604
f 7357//603 7358//603 7359//603
f 7360//603 7361//603 7362//603
f 7363//603 7364//603 7365//603
f 7366//604 7368//604 7367//604
f 7369//604 7371//604 7370//604
f 7372//603 7373//603 7374//603
f 7375//604 7377//604 7376//604
f 7378//604 7380//604 7379//604
f 7381//604 7383//604 7382//604
f 7384//604 7386//604 7385//604
f 7387//604 7389//604 7388//604
f 7390//604 7392//604 7391//604
f 7393//604 7395//604 7394//604
f 7396//604 7398//604 7397//604
f 7399//604 7401//604 7400//604
f 7402//604 7404//604 7403//604
f 7405//604 7407//604 7406//604
f 7408//604 7410//604 7409//604
f 7411//604 7413//604 7412//604
f 7414//604 7416//604 7415//604
f 7417//604 7419//604 7418//604
f 7420//604 7422//604 7421//604
f 7423//604 7425//604 7424//604
f 7426//604 7428//604 7427//604
f 7429//604 7431//604 7430//604
f 7432//604 7434//604 7433//604
f 7435//604 7437//604 7436//604
f 7438//604 7440//604 7439//604
f 7441//604 7443//604 7442//604
f 7444//604 7446//604 7445//604
f 7447//604 7449//604 7448//604
f 7450//604 7452//604 7451//604
f 7453//604 7455//604 7454//604
f 7456//604 7458//604 7457//604
f 7459//604 7461//604 7460//604
f 7462//604 7464//604 7463//604
f 7465//604 7467//604 7466//604
f 7468//604 7470//604 7469//604
f 7471//604 7473//604 7472//604
f 7474//604 7476//604 7475//604
f 7477//604 7479//604 7478//604
f 7480//604 7482//604 7481//604
f 7483//604 7485//604 7484//604
f 7486//604 7488//604 7487//604
f 7489//604 7491//604 7490//604
f 7492//604 7494//604 7493//604
f 7495//604 7497//604 7496//604
f 7498//603 7499//603 7500//603
f 7501//603 7502//603 7503//603
f 7504//604 7506//604 7505//604
f 7507//604 7509//604 7508//604
f 7510//604 7512//604 7511//604
f 7513//603 7514//603 7515//603
f 7516//603 7517//603 7518//603
f 7519//604 7521//604 7520//604
f 7522//604 7524//604 7523//604
f 7525//604 7527//604 7526//604
f 7528//604 7530//604 7529//604
f 7531//603 7532//603 7533//603
f 7534//604 7536//604 7535//604
f 7537//604 7539//604 7538//604
f 7540//603 7541//603 7542//603
f 7543//603 7544//603 7545//603
f 7546//603 7547//603 7548//603
f 7549//604 7551//604 7550//604
f 7552//603 7553//603 7554//603
f 7555//604 7557//604 7556//604
f 7558//604 7560//604 7559//604
f 7561//604 7563//604 7562//604
f 7564//604 7566//604 7565//604
f 7567//604 7569//604 7568//604
f 7570//604 7572//604 7571//604
f 7573//604 7575//604 7574//604
f 7576//604 7578//604 7577//604
f 7579//604 7581//604 7580//604
f 7582//604 7584//604 7583//604
f 7585//604 7587//604 7586//604
f 7588//604 7590//604 7589//604
f 7591//604 7593//604 7592//604
f 7594//604 7596//604 7595//604
f 7597//604 7599//604 7598//604
f 7600//604 7602//604 7601//604
f 7603//604 7605//604 7604//604
f 7606//604 7608//604 7607//604
f 7609//604 7611//604 7610//604
f 7612//604 7614//604 7613//604
f 7615//604 7617//604 7616//604
f 7618//604 7620//604 7619//604
f 7621//604 7623//604 7622//604
f 7624//604 7626//604 7625//604
f 7627//604 7629//604 7628//604
f 7630//604 7632//604 7631//604
f 7633//604 7635//604 7634//604
f 7636//604 7638//604 7637//604
f 7639//604 7641//604 7640//604
f 7642//604 7644//604 7643//604
f 7645//604 7647//604 7646//604
f 7648//604 7650//604 7649//604
f 7651//604 7653//604 7652//604
f 7654//604 7656//604 7655//604
f 7657//604 7659//604 7658//604
f 7660//604 7662//604 7661//604
f 7663//604 7665//604 7664//604
f 7666//604 7668//604 7667//604
f 7669//604 7671//604 7670//604
f 7672//604 7674//604 7673//604
f 7675//604 7677//604 7676//604
f 7678//604 7680//604 7679//604
f 7681//604 7683//604 7682//604
f 7684//604 7686//604 7685//604
f 7687//603 7688//603 7689//603
f 7690//604 7692//604 7691//604
f 7693//603 7694//603 7695//603
f 7696//604 7698//604 7697//604
f 7699//604 7701//604 7700//604
f 7702//604 7704//604 7703//604
f 7705//604 7707//604 7706//604
f 7708//604 7710//604 7709//604
f 7711//604 7713//604 7712//604
f 7714//604 7716//604 7715//604
f 7717//604 7719//604 7718//604
f 7720//604 7722//604 7721//604
f 7723//604 7725//604 7724//604
f 7726//604 7728//604 7727//604
f 7729//604 7731//604 7730//604
f 7732//604 7734//604 7733//604
f 7735//604 7737//604 7736//604
f 7738//604 7740//604 7739//604
f 7741//604 7743//604 7742//604
f 7744//604 7746//604 7745//604
f 7747//603 7748//603 7749//603
f 7750//604 7752//604 7751//604
f 7753//604 7755//604 7754//604
f 7756//603 7757//603 7758//603
f 7759//604 7761//604 7760//604
f 7762//603 7763//603 7764//603
f 7765//604 7767//604 7766//604
f 7768//604 7770//604 7769//604
f 7771//604 7773//604 7772//604
f 7774//603 7775//603 7776//603
f 7777//604 7779//604 7778//604
f 7780//603 7781//603 7782//603
f 7783//604 7785//604 7784//604
f 7786//604 7788//604 7787//604
f 7789//604 7791//604 7790//604
f 7792//604 7794//604 7793//604
f 7795//604 7797//604 7796//604
f 7798//604 7800//604 7799//604
f 7801//603 7802//603 7803//603
f 7804//604 7806//604 7805//604
f 7807//604 7809//604 7808//604
f 7810//604 7812//604 7811//604
f 7813//603 7814//603 7815//603
f 7816//603 7817//603 7818//603
f 7819//604 7821//604 7820//604
f 7822//604 7824//604 7823//604
f 7825//604 7827//604 7826//604
f 7828//604 7830//604 7829//604
f 7831//603 7832//603 7833//603
f 7834//604 7836//604 7835//604
f 7837//603 7838//603 7839//603
f 7840//604 7842//604 7841//604
f 7843//604 7845//604 7844//604
f 7846//604 7848//604 7847//604
f 7849//603 7850//603 7851//603
f 7852//604 7854//604 7853//604
f 7855//604 7857//604 7856//604
f 7858//604 7860//604 7859//604
f 7861//603 7862//603 7863//603
f 7864//603 7865//603 7866//603
f 7867//604 7869//604 7868//604
f 7870//603 7871//603 7872//603
f 7873//603 7874//603 7875//603
f 7876//604 7878//604 7877//604
f 7879//604 7881//604 7880//604
f 7882//604 7884//604 7883//604
f 7885//604 7887//604 7886//604
f 7888//604 7890//604 7889//604
f 7891//603 7892//603 7893//603
f 7894//604 7896//604 7895//604
f 7897//604 7899//604 7898//604
f 7900//604 7902//604 7901//604
f 7903//603 7904//603 7905//603
f 7906//604 7908//604 7907//604
f 7909//603 7910//603 7911//603
f 7912//603 7913//603 7914//603
f 7915//603 7916//603 7917//603
f 7918//604 7920//604 7919//604
f 7921//604 7923//604 7922//604
f 7924//604 7926//604 7925//604
f 7927//604 7929//604 7928//604
f 7930//604 7932//604 7931//604
f 7933//604 7935//604 7934//604
f 7936//604 7938//604 7937//604
f 7939//604 7941//604 7940//604
f 7942//604 7944//604 7943//604
f 7945//603 7946//603 7947//603
f 7948//604 7950//604 7949//604
f 7951//604 7953//604 7952//604
f 7954//604 7956//604 7955//604
f 7957//603 7958//603 7959//603
f 7960//604 7962//604 7961//604
f 7966//604 7968//604 7967//604
f 7969//603 7970//603 7971//603
f 7972//604 7974//604 7973//604
f 7975//604 7977//604 7976//604
f 7978//603 7979//603 7980//603
f 7981//604 7983//604 7982//604
f 7984//604 7986//604 7985//604
f 7987//604 7989//604 7988//604
f 7990//604 7992//604 7991//604
f 7993//603 7994//603 7995//603
f 7996//604 7998//604 7997//604
f 7999//604 8001//604 8000//604
f 8002//604 8004//604 8003//604
f 8005//604 8007//604 8006//604
f 8008//603 8009//603 8010//603
f 8011//604 8013//604 8012//604
f 8014//604 8016//604 8015//604
f 8017//603 8018//603 8019//603
f 8020//603 8021//603 8022//603
f 8023//604 8025//604 8024//604
f 8026//603 8027//603 8028//603
f 8029//603 8030//603 8031//603
f 8032//604 8034//604 8033//604
f 8035//603 8036//603 8037//603
f 8038//603 8039//603 8040//603
f 8041//604 8043//604 8042//604
f 8044//604 8046//604 8045//604
f 8047//603 8048//603 8049//603
f 8050//603 8051//603 8052//603
f 8053//604 8055//604 8054//604
f 8056//604 8058//604 8057//604
f 8059//604 8061//604 8060//604
f 8062//603 8063//603 8064//603
f 8065//604 8067//604 8066//604
f 8068//603 8069//603 8070//603
f 8071//604 8073//604 8072//604
f 8074//603 8075//603 8076//603
f 8077//603 8078//603 8079//603
f 8080//604 8082//604 8081//604
f 8083//603 8084//603 8085//603
f 8089//604 8091//604 8090//604
f 8092//604 8094//604 8093//604
f 8095//604 8097//604 8096//604
f 8098//604 8100//604 8099//604
f 8101//603 8102//603 8103//603
f 8104//604 8106//604 8105//604
f 8107//603 8108//603 8109//603
f 8110//604 8112//604 8111//604
f 8113//603 8114//603 8115//603
f 8116//603 8117//603 8118//603
f 8119//604 8121//604 8120//604
f 8122//604 8124//604 8123//604
f 8125//604 8127//604 8126//604
f 8128//603 8129//603 8130//603
f 8131//604 8133//604 8132//604
f 8134//604 8136//604 8135//604
f 8137//603 8138//603 8139//603
f 8140//603 8141//603 8142//603
f 8143//604 8145//604 8144//604
f 8146//603 8147//603 8148//603
f 8149//604 8151//604 8150//604
f 8152//604 8154//604 8153//604
f 8155//604 8157//604 8156//604
f 8158//604 8160//604 8159//604
f 8161//604 8163//604 8162//604
f 8164//604 8166//604 8165//604
f 8167//604 8169//604 8168//604
f 8170//604 8172//604 8171//604
f 8173//603 8174//603 8175//603
f 8176//604 8178//604 8177//604
f 8179//604 8181//604 8180//604
f 8182//604 8184//604 8183//604
f 8185//604 8187//604 8186//604
f 8188//603 8189//603 8190//603
f 8191//604 8193//604 8192//604
f 8194//604 8196//604 8195//604
f 8197//603 8198//603 8199//603
f 8200//604 8202//604 8201//604
f 8203//604 8205//604 8204//604
f 8206//603 8207//603 8208//603
f 8209//604 8211//604 8210//604
f 8212//603 8213//603 8214//603
f 8215//604 8217//604 8216//604
f 8218//604 8220//604 8219//604
f 8221//603 8222//603 8223//603
f 8224//603 8225//603 8226//603
f 8227//603 8228//603 8229//603
f 8230//603 8231//603 8232//603
f 8233//604 8235//604 8234//604
f 8236//603 8237//603 8238//603
f 8239//604 8241//604 8240//604
f 8242//604 8244//604 8243//604
f 8245//603 8246//603 8247//603
f 8248//604 8250//604 8249//604
f 8251//604 8253//604 8252//604
f 8254//604 8256//604 8255//604
f 8257//603 8258//603 8259//603
f 8260//603 8261//603 8262//603
f 8263//603 8264//603 8265//603
f 8266//604 8268//604 8267//604
f 8269//603 8270//603 8271//603
f 8272//604 8274//604 8273//604
f 8275//604 8277//604 8276//604
f 8278//603 8279//603 8280//603
f 8281//604 8283//604 8282//604
f 8284//604 8286//604 8285//604
f 8287//604 8289//604 8288//604
f 8290//604 8292//604 8291//604
f 8293//604 8295//604 8294//604
f 8296//604 8298//604 8297//604
f 8299//604 8301//604 8300//604
f 8302//604 8304//604 8303//604
f 8305//604 8307//604 8306//604
f 8308//604 8310//604 8309//604
f 8311//604 8313//604 8312//604
f 8314//604 8316//604 8315//604
f 8317//604 8319//604 8318//604
f 8320//604 8322//604 8321//604
f 8323//604 8325//604 8324//604
f 8326//604 8328//604 8327//604
f 8329//603 8330//603 8331//603
f 8332//604 8334//604 8333//604
f 8335//604 8337//604 8336//604
f 8338//604 8340//604 8339//604
f 8341//604 8343//604 8342//604
f 8344//603 8345//603 8346//603
f 8347//604 8349//604 8348//604
f 8350//604 8352//604 8351//604
f 8353//604 8355//604 8354//604
f 8356//604 8358//604 8357//604
f 8359//603 8360//603 8361//603
f 8362//604 8364//604 8363//604
f 8365//604 8367//604 8366//604
f 8368//604 8370//604 8369//604
f 8371//603 8372//603 8373//603
f 8374//603 8375//603 8376//603
f 8377//604 8379//604 8378//604
f 8380//603 8381//603 8382//603
f 8383//604 8385//604 8384//604
f 8386//603 8387//603 8388//603
f 8389//604 8391//604 8390//604
f 8392//603 8393//603 8394//603
f 8395//603 8396//603 8397//603
f 8398//604 8400//604 8399//604
f 8401//604 8403//604 8402//604
f 8404//604 8406//604 8405//604
f 8407//604 8409//604 8408//604
f 8410//604 8412//604 8411//604
f 8413//604 8415//604 8414//604
f 8416//604 8418//604 8417//604
f 8419//604 8421//604 8420//604
f 8422//604 8424//604 8423//604
f 8425//604 8427//604 8426//604
f 8428//603 8429//603 8430//603
f 8431//604 8433//604 8432//604
f 8434//604 8436//604 8435//604
f 8437//604 8439//604 8438//604
f 8440//604 8442//604 8441//604
f 8443//604 8445//604 8444//604
f 8446//604 8448//604 8447//604
f 8449//603 8450//603 8451//603
f 8452//604 8454//604 8453//604
f 8455//604 8457//604 8456//604
f 8458//603 8459//603 8460//603
f 8461//604 8463//604 8462//604
f 8464//604 8466//604 8465//604
f 8467//604 8469//604 8468//604
f 8470//604 8472//604 8471//604
f 8473//604 8475//604 8474//604
f 8476//604 8478//604 8477//604
f 8479//604 8481//604 8480//604
f 8482//604 8484//604 8483//604
f 8485//603 8486//603 8487//603
f 8488//604 8490//604 8489//604
f 8491//603 8492//603 8493//603
f 8494//604 8496//604 8495//604
f 8497//603 8498//603 8499//603
f 8500//604 8502//604 8501//604
f 8503//603 8504//603 8505//603
f 8506//604 8508//604 8507//604
f 8509//604 8511//604 8510//604
f 8512//604 8514//604 8513//604
f 8515//603 8516//603 8517//603
f 8518//604 8520//604 8519//604
f 8521//604 8523//604 8522//604
f 8524//603 8525//603 8526//603
f 8527//604 8529//604 8528//604
f 8530//604 8532//604 8531//604
f 8533//604 8535//604 8534//604
f 8536//604 8538//604 8537//604
f 8539//604 8541//604 8540//604
f 8542//604 8544//604 8543//604
f 8545//604 8547//604 8546//604
f 8548//604 8550//604 8549//604
f 8551//604 8553//604 8552//604
f 8554//604 8556//604 8555//604
f 8557//603 8558//603 8559//603
f 8560//604 8562//604 8561//604
f 8563//604 8565//604 8564//604
f 8566//603 8567//603 8568//603
f 8569//604 8571//604 8570//604
f 8572//603 8573//603 8574//603
f 8575//604 8577//604 8576//604
f 8578//604 8580//604 8579//604
f 8581//603 8582//603 8583//603
f 8584//603 8585//603 8586//603
f 8587//604 8589//604 8588//604
f 8590//604 8592//604 8591//604
f 8593//603 8594//603 8595//603
f 8596//603 8597//603 8598//603
f 8599//603 8600//603 8601//603
f 8602//604 8604//604 8603//604
f 8605//604 8607//604 8606//604
f 8608//604 8610//604 8609//604
f 8611//604 8613//604 8612//604
f 8614//604 8616//604 8615//604
f 8617//604 8619//604 8618//604
f 8620//604 8622//604 8621//604
f 8623//603 8624//603 8625//603
f 8626//603 8627//603 8628//603
f 8629//603 8630//603 8631//603
f 8632//604 8634//604 8633//604
f 8635//604 8637//604 8636//604
f 8638//604 8640//604 8639//604
f 8641//603 8642//603 8643//603
f 8644//604 8646//604 8645//604
f 8647//604 8649//604 8648//604
f 8650//604 8652//604 8651//604
f 8653//604 8655//604 8654//604
f 8656//604 8658//604 8657//604
f 8659//604 8661//604 8660//604
f 8662//604 8664//604 8663//604
f 8665//603 8666//603 8667//603
f 8668//603 8669//603 8670//603
f 8671//603 8672//603 8673//603
f 8674//604 8676//604 8675//604
f 8677//603 8678//603 8679//603
f 8680//604 8682//604 8681//604
f 8683//604 8685//604 8684//604
f 8686//604 8688//604 8687//604
f 8689//604 8691//604 8690//604
f 8692//604 8694//604 8693//604
f 8695//604 8697//604 8696//604
f 8698//604 8700//604 8699//604
f 8701//604 8703//604 8702//604
f 8704//604 8706//604 8705//604
f 8707//604 8709//604 8708//604
f 8710//604 8712//604 8711//604
f 8713//604 8715//604 8714//604
f 8716//604 8718//604 8717//604
f 8719//604 8721//604 8720//604
f 8722//604 8724//604 8723//604
f 8725//604 8727//604 8726//604
f 8728//604 8730//604 8729//604
f 8731//604 8733//604 8732//604
f 8734//604 8736//604 8735//604
f 8737//604 8739//604 8738//604
f 8740//604 8742//604 8741//604
f 8743//604 8745//604 8744//604
f 8746//604 8748//604 8747//604
f 8749//604 8751//604 8750//604
f 8752//604 8754//604 8753//604
f 8755//603 8756//603 8757//603
f 8758//604 8760//604 8759//604
f 8761//604 8763//604 8762//604
f 8764//604 8766//604 8765//604
f 8767//604 8769//604 8768//604
f 8770//603 8771//603 8772//603
f 8773//604 8775//604 8774//604
f 8776//604 8778//604 8777//604
f 8779//604 8781//604 8780//604
f 8782//603 8783//603 8784//603
f 8785//604 8787//604 8786//604
f 8788//604 8790//604 8789//604
f 8791//628 8793//628 8792//628
f 8794//628 8796//628 8795//628
f 8797//629 8799//629 8798//629
f 8800//630 8802//630 8801//630
f 8803//631 8804//631 8805//631
f 8806//632 8807//632 8808//632
f 8809//632 8810//632 8811//632
f 8812//633 8814//633 8813//633
f 8815//633 8817//633 8816//633
f 8818//634 8819//634 8820//634
f 8821//407 8822//407 8823//407
f 8824//407 8825//407 8826//407
f 8827//407 8828//407 8829//407
f 8830//408 8832//408 8831//408
f 8833//408 8835//408 8834//408
f 8836//408 8838//408 8837//408
f 8839//407 8840//407 8841//407
f 8842//408 8844//408 8843//408
f 8845//407 8846//407 8847//407
f 8848//407 8849//407 8850//407
f 8851//407 8852//407 8853//407
f 8854//408 8856//408 8855//408
f 8857//635 8858//635 8859//635
f 8860//635 8861//635 8862//635
f 8863//305 8865//305 8864//305
f 8866//305 8868//305 8867//305
f 8869//626 8871//626 8870//626
f 8872//626 8874//626 8873//626
f 8875//627 8876//627 8877//627
f 8878//627 8879//627 8880//627
f 8881//636 8883//636 8882//636
f 8884//637 8885//637 8886//637
f 8887//627 8888//627 8889//627
f 8890//627 8891//627 8892//627
f 8893//627 8894//627 8895//627
f 8896//627 8897//627 8898//627
f 8899//627 8900//627 8901//627
f 8902//626 8904//626 8903//626
f 8905//638 8907//638 8906//638
f 8908//639 8909//639 8910//639
f 8911//594 8913//594 8912//594
f 8914//594 8916//594 8915//594
f 8917//594 8919//594 8918//594
f 8920//594 8922//594 8921//594
f 8923//594 8925//594 8924//594
f 8926//593 8927//593 8928//593
f 8929//594 8931//594 8930//594
f 8932//594 8934//594 8933//594
f 8935//640 8937//640 8936//640
f 8938//641 8939//641 8940//641
f 8941//305 8943//305 8942//305
f 8944//305 8946//305 8945//305
f 8947//601 8949//601 8948//601
f 8950//601 8952//601 8951//601
f 8953//601 8955//601 8954//601
f 8956//600 8957//600 8958//600
f 8959//601 8961//601 8960//601
f 8962//601 8964//601 8963//601
f 8965//601 8967//601 8966//601
f 8968//600 8969//600 8970//600
f 8971//600 8972//600 8973//600
f 8974//601 8976//601 8975//601
f 8977//407 8979//407 8978//407
f 8980//408 8981//408 8982//408
f 8983//408 8984//408 8985//408
f 8986//408 8987//408 8988//408
f 8989//407 8991//407 8990//407
f 8992//407 8994//407 8993//407
f 8995//407 8997//407 8996//407
f 8998//407 9000//407 8999//407
f 9001//407 9003//407 9002//407
f 9004//408 9005//408 9006//408
f 9007//407 9009//407 9008//407
f 9010//408 9011//408 9012//408
f 9013//642 9014//642 9015//642
f 9016//643 9018//643 9017//643
f 9019//643 9021//643 9020//643
f 9022//643 9024//643 9023//643
f 9025//643 9027//643 9026//643
f 9028//643 9030//643 9029//643
f 9031//642 9032//642 9033//642
f 9034//643 9036//643 9035//643
f 9037//643 9039//643 9038//643
f 9040//642 9041//642 9042//642
f 9043//643 9044//643 9045//643
f 9046//642 9048//642 9047//642
f 9049//643 9050//643 9051//643
f 9052//642 9054//642 9053//642
f 9055//643 9056//643 9057//643
f 9058//642 9060//642 9059//642
f 9061//643 9062//643 9063//643
f 9064//643 9065//643 9066//643
f 9067//644 9069//644 9068//644
f 9070//645 9071//645 9072//645
f 9073//305 9075//305 9074//305
f 9076//306 9077//306 9078//306
f 9079//646 9080//646 9081//646
f 9082//647 9084//647 9083//647
f 9085//648 9087//648 9086//648
f 9088//649 9089//649 9090//649
f 9091//305 9093//305 9092//305
f 9094//305 9096//305 9095//305
f 9097//306 9098//306 9099//306
f 9100//306 9101//306 9102//306
f 9103//647 9104//647 9105//647
f 9106//646 9108//646 9107//646
f 9109//650 9111//650 9110//650
f 9112//158 9113//158 9114//158
f 9115//157 9116//157 9117//157
f 9118//157 9119//157 9120//157
f 9121//156 9123//156 9122//156
f 9124//437 9125//437 9126//437
f 9127//155 9128//155 9129//155
f 9130//155 9131//155 9132//155
f 9133//154 9135//154 9134//154
f 9136//439 9137//439 9138//439
f 9139//153 9140//153 9141//153
f 9142//153 9143//153 9144//153
f 9145//151 9146//151 9147//151
f 9148//151 9149//151 9150//151
f 9151//149 9152//149 9153//149
f 9154//651 9156//651 9155//651
f 9157//148 9158//148 9159//148
f 9160//147 9162//147 9161//147
f 9163//445 9164//445 9165//445
f 9166//445 9167//445 9168//445
f 9169//145 9170//145 9171//145
f 9172//145 9173//145 9174//145
f 9175//447 9177//447 9176//447
f 9178//144 9179//144 9180//144
f 9181//143 9182//143 9183//143
f 9184//143 9185//143 9186//143
f 9187//451 9188//451 9189//451
f 9190//142 9192//142 9191//142
f 9193//452 9194//452 9195//452
f 9196//652 9198//652 9197//652
f 9199//454 9201//454 9200//454
f 9202//454 9204//454 9203//454
f 9205//455 9206//455 9207//455
f 9208//138 9210//138 9209//138
f 9211//457 9213//457 9212//457
f 9214//457 9216//457 9215//457
f 9217//136 9219//136 9218//136
f 9220//136 9222//136 9221//136
f 9223//653 9224//653 9225//653
f 9226//135 9228//135 9227//135
f 9229//132 9231//132 9230//132
f 9232//133 9233//133 9234//133
f 9235//130 9237//130 9236//130
f 9238//130 9240//130 9239//130
f 9241//129 9243//129 9242//129
f 9244//549 9245//549 9246//549
f 9247//128 9248//128 9249//128
f 9250//127 9252//127 9251//127
f 9253//461 9255//461 9254//461
f 9256//461 9258//461 9257//461
f 9259//125 9260//125 9261//125
f 9262//125 9263//125 9264//125
f 9265//654 9267//654 9266//654
f 9268//654 9270//654 9269//654
f 9271//464 9273//464 9272//464
f 9274//550 9275//550 9276//550
f 9277//465 9279//465 9278//465
f 9280//465 9282//465 9281//465
f 9283//655 9284//655 9285//655
f 9286//120 9288//120 9287//120
f 9289//118 9290//118 9291//118
f 9292//466 9294//466 9293//466
f 9295//116 9296//116 9297//116
f 9298//117 9300//117 9299//117
f 9301//114 9302//114 9303//114
f 9304//115 9306//115 9305//115
f 9307//467 9309//467 9308//467
f 9310//467 9312//467 9311//467
f 9313//112 9314//112 9315//112
f 9316//112 9317//112 9318//112
f 9319//111 9320//111 9321//111
f 9322//470 9324//470 9323//470
f 9325//471 9327//471 9326//471
f 9328//472 9329//472 9330//472
f 9331//553 9332//553 9333//553
f 9334//473 9336//473 9335//473
f 9337//656 9338//656 9339//656
f 9340//656 9341//656 9342//656
f 9343//477 9344//477 9345//477
f 9346//476 9348//476 9347//476
f 9349//478 9350//478 9351//478
f 9352//555 9354//555 9353//555
f 9355//479 9356//479 9357//479
f 9358//480 9360//480 9359//480
f 9361//657 9363//657 9362//657
f 9364//657 9366//657 9365//657
f 9367//658 9368//658 9369//658
f 9370//483 9372//483 9371//483
f 9373//659 9375//659 9374//659
f 9376//485 9378//485 9377//485
f 9379//486 9380//486 9381//486
f 9382//487 9384//487 9383//487
f 9385//488 9386//488 9387//488
f 9388//562 9390//562 9389//562
f 9391//490 9392//490 9393//490
f 9394//489 9396//489 9395//489
f 9397//492 9399//492 9398//492
f 9400//492 9402//492 9401//492
f 9403//493 9404//493 9405//493
f 9406//563 9408//563 9407//563
f 9409//660 9411//660 9410//660
f 9412//660 9414//660 9413//660
f 9415//496 9416//496 9417//496
f 9418//661 9420//661 9419//661
f 9421//497 9423//497 9422//497
f 9424//497 9426//497 9425//497
f 9427//566 9428//566 9429//566
f 9430//499 9432//499 9431//499
f 9433//501 9434//501 9435//501
f 9436//662 9438//662 9437//662
f 9439//663 9441//663 9440//663
f 9442//663 9444//663 9443//663
f 9445//505 9447//505 9446//505
f 9448//505 9450//505 9449//505
f 9451//664 9453//664 9452//664
f 9454//664 9456//664 9455//664
f 9457//508 9458//508 9459//508
f 9460//509 9462//509 9461//509
f 9463//510 9465//510 9464//510
f 9466//510 9468//510 9467//510
f 9469//512 9471//512 9470//512
f 9472//512 9474//512 9473//512
f 9475//665 9477//665 9476//665
f 9478//665 9480//665 9479//665
f 9481//514 9483//514 9482//514
f 9484//514 9486//514 9485//514
f 9487//666 9488//666 9489//666
f 9490//667 9492//667 9491//667
f 9493//578 9494//578 9495//578
f 9496//668 9498//668 9497//668
f 9499//669 9501//669 9500//669
f 9502//669 9504//669 9503//669
f 9505//521 9507//521 9506//521
f 9508//670 9509//670 9510//670
f 9511//581 9512//581 9513//581
f 9514//671 9516//671 9515//671
f 9517//583 9518//583 9519//583
f 9520//582 9522//582 9521//582
f 9523//584 9525//584 9524//584
f 9526//672 9527//672 9528//672
f 9529//529 9530//529 9531//529
f 9532//528 9534//528 9533//528
f 9535//531 9537//531 9536//531
f 9538//531 9540//531 9539//531
f 9541//158 9543//158 9542//158
f 9544//158 9546//158 9545//158
f 9547//433 9548//433 9549//433
f 9550//433 9551//433 9552//433
f 9553//437 9555//437 9554//437
f 9556//437 9558//437 9557//437
f 9559//155 9561//155 9560//155
f 9562//155 9564//155 9563//155
f 9565//439 9567//439 9566//439
f 9568//439 9570//439 9569//439
f 9571//152 9572//152 9573//152
f 9574//152 9575//152 9576//152
f 9577//673 9578//673 9579//673
f 9580//673 9581//673 9582//673
f 9583//651 9584//651 9585//651
f 9586//651 9587//651 9588//651
f 9589//148 9591//148 9590//148
f 9592//147 9593//147 9594//147
f 9595//542 9596//542 9597//542
f 9598//445 9600//445 9599//445
f 9601//145 9603//145 9602//145
f 9604//145 9606//145 9605//145
f 9607//144 9609//144 9608//144
f 9610//447 9611//447 9612//447
f 9613//143 9615//143 9614//143
f 9616//448 9617//448 9618//448
f 9619//451 9621//451 9620//451
f 9622//142 9623//142 9624//142
f 9625//141 9627//141 9626//141
f 9628//652 9629//652 9630//652
f 9631//454 9632//454 9633//454
f 9634//140 9636//140 9635//140
f 9637//138 9638//138 9639//138
f 9640//139 9642//139 9641//139
f 9643//457 9644//457 9645//457
f 9646//457 9647//457 9648//457
f 9649//460 9651//460 9650//460
f 9652//460 9654//460 9653//460
f 9655//135 9656//135 9657//135
f 9658//134 9660//134 9659//134
f 9661//133 9663//133 9662//133
f 9664//133 9666//133 9665//133
f 9667//130 9668//130 9669//130
f 9670//130 9671//130 9672//130
f 9673//549 9675//549 9674//549
f 9676//549 9678//549 9677//549
f 9679//127 9680//127 9681//127
f 9682//128 9684//128 9683//128
f 9685//126 9687//126 9686//126
f 9688//126 9690//126 9689//126
f 9691//125 9693//125 9692//125
f 9694//462 9695//462 9696//462
f 9697//123 9699//123 9698//123
f 9700//123 9702//123 9701//123
f 9703//550 9705//550 9704//550
f 9706//674 9707//674 9708//674
f 9709//121 9711//121 9710//121
f 9712//465 9713//465 9714//465
f 9715//551 9717//551 9716//551
f 9718//551 9720//551 9719//551
f 9721//675 9723//675 9722//675
f 9724//675 9726//675 9725//675
f 9727//116 9729//116 9728//116
f 9730//116 9732//116 9731//116
f 9733//114 9735//114 9734//114
f 9736//114 9738//114 9737//114
f 9739//113 9741//113 9740//113
f 9742//113 9744//113 9743//113
f 9745//469 9746//469 9747//469
f 9748//469 9749//469 9750//469
f 9751//470 9752//470 9753//470
f 9754//111 9756//111 9755//111
f 9757//472 9759//472 9758//472
f 9760//471 9761//471 9762//471
f 9763//473 9764//473 9765//473
f 9766//553 9768//553 9767//553
f 9769//656 9771//656 9770//656
f 9772//656 9774//656 9773//656
f 9775//477 9777//477 9776//477
f 9778//477 9780//477 9779//477
f 9781//478 9783//478 9782//478
f 9784//555 9785//555 9786//555
f 9787//556 9789//556 9788//556
f 9790//556 9792//556 9791//556
f 9793//559 9794//559 9795//559
f 9796//558 9798//558 9797//558
f 9799//483 9800//483 9801//483
f 9802//658 9804//658 9803//658
f 9805//484 9807//484 9806//484
f 9808//484 9810//484 9809//484
f 9811//486 9813//486 9812//486
f 9814//486 9816//486 9815//486
f 9817//488 9819//488 9818//488
f 9820//488 9822//488 9821//488
f 9823//490 9825//490 9824//490
f 9826//490 9828//490 9827//490
f 9829//491 9831//491 9830//491
f 9832//492 9833//492 9834//492
f 9835//493 9837//493 9836//493
f 9838//493 9840//493 9839//493
f 9841//660 9842//660 9843//660
f 9844//660 9845//660 9846//660
f 9847//496 9849//496 9848//496
f 9850//661 9851//661 9852//661
f 9853//498 9855//498 9854//498
f 9856//676 9857//676 9858//676
f 9859//499 9860//499 9861//499
f 9862//566 9864//566 9863//566
f 9865//501 9867//501 9866//501
f 9868//501 9870//501 9869//501
f 9871//677 9873//677 9872//677
f 9874//663 9875//663 9876//663
f 9877//505 9878//505 9879//505
f 9880//505 9881//505 9882//505
f 9883//678 9885//678 9884//678
f 9886//678 9888//678 9887//678
f 9889//508 9891//508 9890//508
f 9892//508 9894//508 9893//508
f 9895//679 9897//679 9896//679
f 9898//679 9900//679 9899//679
f 9901//574 9903//574 9902//574
f 9904//574 9906//574 9905//574
f 9907//665 9908//665 9909//665
f 9910//680 9912//680 9911//680
f 9913//514 9914//514 9915//514
f 9916//681 9918//681 9917//681
f 9919//666 9921//666 9920//666
f 9922//667 9923//667 9924//667
f 9925//578 9927//578 9926//578
f 9928//578 9930//578 9929//578
f 9931//520 9933//520 9932//520
f 9934//520 9936//520 9935//520
f 9937//521 9938//521 9939//521
f 9940//670 9942//670 9941//670
f 9943//581 9945//581 9944//581
f 9946//581 9948//581 9947//581
f 9949//582 9950//582 9951//582
f 9952//582 9953//582 9954//582
f 9955//672 9957//672 9956//672
f 9958//682 9959//682 9960//682
f 9961//528 9962//528 9963//528
f 9964//528 9965//528 9966//528
f 9967//531 9968//531 9969//531
f 9970//683 9972//683 9971//683
f 9973//305 9975//305 9974//305
f 9976//305 9978//305 9977//305
f 9979//305 9981//305 9980//305
f 9982//305 9984//305 9983//305
f 9985//650 9987//650 9986//650
f 9988//158 9989//158 9990//158
f 9991//433 9993//433 9992//433
f 9994//433 9996//433 9995//433
f 9997//437 9998//437 9999//437
f 10000//437 10001//437 10002//437
f 10003//438 10005//438 10004//438
f 10006//155 10007//155 10008//155
f 10009//439 10010//439 10011//439
f 10012//439 10013//439 10014//439
f 10015//152 10017//152 10016//152
f 10018//153 10019//153 10020//153
f 10021//151 10022//151 10023//151
f 10024//151 10025//151 10026//151
f 10027//149 10028//149 10029//149
f 10030//684 10032//684 10031//684
f 10033//147 10035//147 10034//147
f 10036//147 10038//147 10037//147
f 10039//146 10040//146 10041//146
f 10042//685 10044//685 10043//685
f 10045//145 10046//145 10047//145
f 10048//686 10050//686 10049//686
f 10051//447 10053//447 10052//447
f 10054//144 10055//144 10056//144
f 10057//143 10058//143 10059//143
f 10060//448 10062//448 10061//448
f 10063//451 10064//451 10065//451
f 10066//451 10067//451 10068//451
f 10069//452 10070//452 10071//452
f 10072//652 10074//652 10073//652
f 10075//140 10076//140 10077//140
f 10078//454 10080//454 10079//454
f 10081//139 10082//139 10083//139
f 10084//456 10086//456 10085//456
f 10087//137 10088//137 10089//137
f 10090//457 10092//457 10091//457
f 10093//460 10094//460 10095//460
f 10096//136 10098//136 10097//136
f 10099//134 10100//134 10101//134
f 10102//135 10104//135 10103//135
f 10105//133 10106//133 10107//133
f 10108//132 10110//132 10109//132
f 10111//131 10112//131 10113//131
f 10114//130 10116//130 10115//130
f 10117//549 10118//549 10119//549
f 10120//129 10122//129 10121//129
f 10123//128 10124//128 10125//128
f 10126//128 10127//128 10128//128
f 10129//126 10130//126 10131//126
f 10132//461 10134//461 10133//461
f 10135//462 10137//462 10136//462
f 10138//462 10140//462 10139//462
f 10141//463 10142//463 10143//463
f 10144//124 10146//124 10145//124
f 10147//122 10148//122 10149//122
f 10150//674 10152//674 10151//674
f 10153//121 10154//121 10155//121
f 10156//465 10158//465 10157//465
f 10159//119 10160//119 10161//119
f 10162//120 10164//120 10163//120
f 10165//466 10167//466 10166//466
f 10168//466 10170//466 10169//466
f 10171//116 10172//116 10173//116
f 10174//116 10175//116 10176//116
f 10177//114 10178//114 10179//114
f 10180//115 10182//115 10181//115
f 10183//467 10185//467 10184//467
f 10186//113 10187//113 10188//113
f 10189//469 10191//469 10190//469
f 10192//469 10194//469 10193//469
f 10195//111 10196//111 10197//111
f 10198//470 10200//470 10199//470
f 10201//472 10202//472 10203//472
f 10204//472 10205//472 10206//472
f 10207//473 10209//473 10208//473
f 10210//473 10212//473 10211//473
f 10213//474 10215//474 10214//474
f 10216//474 10218//474 10217//474
f 10219//476 10221//476 10220//476
f 10222//476 10224//476 10223//476
f 10225//555 10227//555 10226//555
f 10228//555 10230//555 10229//555
f 10231//479 10232//479 10233//479
f 10234//480 10236//480 10235//480
f 10237//687 10238//687 10239//687
f 10240//482 10242//482 10241//482
f 10243//483 10245//483 10244//483
f 10246//483 10248//483 10247//483
f 10249//659 10251//659 10250//659
f 10252//560 10253//560 10254//560
f 10255//688 10256//688 10257//688
f 10258//688 10259//688 10260//688
f 10261//562 10263//562 10262//562
f 10264//562 10266//562 10265//562
f 10267//489 10269//489 10268//489
f 10270//489 10272//489 10271//489
f 10273//491 10274//491 10275//491
f 10276//492 10278//492 10277//492
f 10279//493 10280//493 10281//493
f 10282//563 10284//563 10283//563
f 10285//565 10286//565 10287//565
f 10288//660 10290//660 10289//660
f 10291//496 10292//496 10293//496
f 10294//661 10296//661 10295//661
f 10297//498 10298//498 10299//498
f 10300//497 10302//497 10301//497
f 10303//499 10305//499 10304//499
f 10306//499 10308//499 10307//499
f 10309//501 10310//501 10311//501
f 10312//662 10314//662 10313//662
f 10315//677 10316//677 10317//677
f 10318//663 10320//663 10319//663
f 10321//570 10322//570 10323//570
f 10324//505 10326//505 10325//505
f 10327//678 10328//678 10329//678
f 10330//664 10332//664 10331//664
f 10333//508 10334//508 10335//508
f 10336//509 10338//509 10337//509
f 10339//679 10340//679 10341//679
f 10342//510 10344//510 10343//510
f 10345//574 10346//574 10347//574
f 10348//574 10349//574 10350//574
f 10351//665 10353//665 10352//665
f 10354//665 10356//665 10355//665
f 10357//689 10358//689 10359//689
f 10360//690 10362//690 10361//690
f 10363//666 10364//666 10365//666
f 10366//666 10367//666 10368//666
f 10369//668 10371//668 10370//668
f 10372//668 10374//668 10373//668
f 10375//691 10376//691 10377//691
f 10378//691 10379//691 10380//691
f 10381//670 10382//670 10383//670
f 10384//521 10386//521 10385//521
f 10387//671 10389//671 10388//671
f 10390//671 10392//671 10391//671
f 10393//582 10395//582 10394//582
f 10396//583 10397//583 10398//583
f 10399//584 10401//584 10400//584
f 10402//672 10403//672 10404//672
f 10405//529 10406//529 10407//529
f 10408//528 10410//528 10409//528
f 10411//531 10413//531 10412//531
f 10414//531 10416//531 10415//531
f 10417//158 10419//158 10418//158
f 10420//158 10422//158 10421//158
f 10423//157 10425//157 10424//157
f 10426//433 10427//433 10428//433
f 10429//437 10431//437 10430//437
f 10432//437 10434//437 10433//437
f 10435//155 10437//155 10436//155
f 10438//438 10439//438 10440//438
f 10441//154 10442//154 10443//154
f 10444//439 10446//439 10445//439
f 10447//153 10449//153 10448//153
f 10450//153 10452//153 10451//153
f 10453//692 10455//692 10454//692
f 10456//692 10458//692 10457//692
f 10459//149 10461//149 10460//149
f 10462//149 10464//149 10463//149
f 10465//147 10466//147 10467//147
f 10468//147 10469//147 10470//147
f 10471//685 10472//685 10473//685
f 10474//146 10476//146 10475//146
f 10477//686 10478//686 10479//686
f 10480//686 10481//686 10482//686
f 10483//447 10484//447 10485//447
f 10486//447 10487//447 10488//447
f 10489//143 10491//143 10490//143
f 10492//143 10494//143 10493//143
f 10495//451 10497//451 10496//451
f 10498//451 10500//451 10499//451
f 10501//141 10503//141 10502//141
f 10504//141 10506//141 10505//141
f 10507//454 10508//454 10509//454
f 10510//140 10512//140 10511//140
f 10513//138 10514//138 10515//138
f 10516//139 10518//139 10517//139
f 10519//137 10521//137 10520//137
f 10522//457 10523//457 10524//457
f 10525//136 10526//136 10527//136
f 10528//460 10530//460 10529//460
f 10531//134 10533//134 10532//134
f 10534//134 10536//134 10535//134
f 10537//132 10538//132 10539//132
f 10540//133 10542//133 10541//133
f 10543//131 10545//131 10544//131
f 10546//131 10548//131 10547//131
f 10549//549 10551//549 10550//549
f 10552//549 10554//549 10553//549
f 10555//128 10557//128 10556//128
f 10558//128 10560//128 10559//128
f 10561//126 10563//126 10562//126
f 10564//126 10566//126 10565//126
f 10567//125 10569//125 10568//125
f 10570//462 10571//462 10572//462
f 10573//463 10575//463 10574//463
f 10576//124 10577//124 10578//124
f 10579//122 10581//122 10580//122
f 10582//122 10584//122 10583//122
f 10585//121 10587//121 10586//121
f 10588//121 10590//121 10589//121
f 10591//655 10593//655 10592//655
f 10594//655 10596//655 10595//655
f 10597//466 10598//466 10599//466
f 10600//118 10602//118 10601//118
f 10603//116 10605//116 10604//116
f 10606//116 10608//116 10607//116
f 10609//114 10611//114 10610//114
f 10612//114 10614//114 10613//114
f 10615//113 10617//113 10616//113
f 10618//113 10620//113 10619//113
f 10621//469 10622//469 10623//469
f 10624//112 10626//112 10625//112
f 10627//111 10629//111 10628//111
f 10630//111 10632//111 10631//111
f 10633//472 10635//472 10634//472
f 10636//471 10637//471 10638//471
f 10639//553 10641//553 10640//553
f 10642//473 10643//473 10644//473
f 10645//656 10647//656 10646//656
f 10648//474 10649//474 10650//474
f 10651//477 10653//477 10652//477
f 10654//476 10655//476 10656//476
f 10657//478 10659//478 10658//478
f 10660//478 10662//478 10661//478
f 10663//479 10665//479 10664//479
f 10666//480 10667//480 10668//480
f 10669//481 10671//481 10670//481
f 10672//481 10674//481 10673//481
f 10675//658 10677//658 10676//658
f 10678//658 10680//658 10679//658
f 10681//560 10683//560 10682//560
f 10684//560 10686//560 10685//560
f 10687//561 10688//561 10689//561
f 10690//688 10692//688 10691//688
f 10693//488 10695//488 10694//488
f 10696//562 10697//562 10698//562
f 10699//490 10701//490 10700//490
f 10702//490 10704//490 10703//490
f 10705//492 10706//492 10707//492
f 10708//492 10709//492 10710//492
f 10711//493 10713//493 10712//493
f 10714//563 10715//563 10716//563
f 10717//660 10718//660 10719//660
f 10720//565 10722//565 10721//565
f 10723//661 10724//661 10725//661
f 10726//496 10728//496 10727//496
f 10729//497 10730//497 10731//497
f 10732//498 10734//498 10733//498
f 10735//566 10737//566 10736//566
f 10738//566 10740//566 10739//566
f 10741//662 10742//662 10743//662
f 10744//501 10746//501 10745//501
f 10747//677 10749//677 10748//677
f 10750//663 10751//663 10752//663
f 10753//505 10754//505 10755//505
f 10756//570 10758//570 10757//570
f 10759//507 10761//507 10760//507
f 10762//507 10764//507 10763//507
f 10765//508 10767//508 10766//508
f 10768//508 10770//508 10769//508
f 10771//510 10772//510 10773//510
f 10774//679 10776//679 10775//679
f 10777//574 10779//574 10778//574
f 10780//512 10781//512 10782//512
f 10783//680 10785//680 10784//680
f 10786//665 10787//665 10788//665
f 10789//690 10790//690 10791//690
f 10792//514 10793//514 10794//514
f 10795//666 10797//666 10796//666
f 10798//667 10799//667 10800//667
f 10801//693 10803//693 10802//693
f 10804//668 10805//668 10806//668
f 10807//691 10809//691 10808//691
f 10810//520 10812//520 10811//520
f 10813//521 10814//521 10815//521
f 10816//670 10818//670 10817//670
f 10819//581 10821//581 10820//581
f 10822//671 10823//671 10824//671
f 10825//582 10826//582 10827//582
f 10828//583 10830//583 10829//583
f 10831//672 10833//672 10832//672
f 10834//672 10836//672 10835//672
f 10837//529 10839//529 10838//529
f 10840//528 10841//528 10842//528
f 10843//531 10844//531 10845//531
f 10846//683 10848//683 10847//683
f 10849//306 10850//306 10851//306
f 10852//306 10853//306 10854//306
f 10855//591 10857//591 10856//591
f 10858//591 10860//591 10859//591
usemtl Material.005
f 1//1 2//1 3//1
f 4//2 6//2 5//2
f 7//3 8//3 9//3
f 10//4 12//4 11//4
f 13//5 14//5 15//5
f 16//6 18//6 17//6
f 19//7 21//7 20//7
f 22//8 23//8 24//8
f 25//9 27//9 26//9
f 28//10 30//10 29//10
f 31//11 33//11 32//11
f 34//12 35//12 36//12
f 37//13 38//13 39//13
f 40//13 41//13 42//13
f 43//14 44//14 45//14
f 46//15 47//15 48//15
f 49//16 50//16 51//16
f 52//17 54//17 53//17
f 55//18 57//18 56//18
f 58//18 60//18 59//18
f 61//19 63//19 62//19
f 64//20 65//20 66//20
f 67//21 68//21 69//21
f 70//22 71//22 72//22
f 73//23 75//23 74//23
f 76//24 78//24 77//24
f 79//25 81//25 80//25
f 82//26 83//26 84//26
f 85//27 87//27 86//27
f 88//28 89//28 90//28
f 91//29 93//29 92//29
f 94//30 95//30 96//30
f 97//31 98//31 99//31
f 100//32 102//32 101//32
f 103//33 104//33 105//33
f 106//34 108//34 107//34
f 109//35 111//35 110//35
f 112//36 113//36 114//36
f 115//37 116//37 117//37
f 118//37 119//37 120//37
f 121//38 123//38 122//38
f 124//39 125//39 126//39
f 127//40 129//40 128//40
f 130//40 132//40 131//40
f 133//41 134//41 135//41
f 136//42 137//42 138//42
f 139//43 141//43 140//43
f 142//44 143//44 144//44
f 145//45 147//45 146//45
f 148//46 149//46 150//46
f 151//47 153//47 152//47
f 160//50 161//50 162//50
f 361//111 362//111 363//111
f 364//111 365//111 366//111
f 367//112 368//112 369//112
f 370//112 371//112 372//112
f 373//113 374//113 375//113
f 376//113 377//113 378//113
f 379//114 380//114 381//114
f 382//115 384//115 383//115
f 385//116 386//116 387//116
f 388//117 390//117 389//117
f 391//118 392//118 393//118
f 394//118 395//118 396//118
f 397//119 398//119 399//119
f 400//120 402//120 401//120
f 403//121 404//121 405//121
f 406//121 407//121 408//121
f 409//122 410//122 411//122
f 412//122 413//122 414//122
f 415//123 416//123 417//123
f 418//124 420//124 419//124
f 421//125 422//125 423//125
f 424//125 425//125 426//125
f 427//126 428//126 429//126
f 430//126 431//126 432//126
f 433//127 435//127 434//127
f 436//128 437//128 438//128
f 439//129 441//129 440//129
f 442//129 444//129 443//129
f 445//130 447//130 446//130
f 448//131 449//131 450//131
f 451//132 453//132 452//132
f 454//133 455//133 456//133
f 457//134 458//134 459//134
f 460//135 462//135 461//135
f 463//136 465//136 464//136
f 466//136 468//136 467//136
f 469//137 470//137 471//137
f 472//137 473//137 474//137
f 475//138 477//138 476//138
f 478//139 479//139 480//139
f 481//140 482//140 483//140
f 484//140 485//140 486//140
f 487//141 488//141 489//141
f 490//141 491//141 492//141
f 493//142 495//142 494//142
f 499//143 500//143 501//143
f 502//143 503//143 504//143
f 1567//306 1569//306 1568//306
f 1570//306 1572//306 1571//306
f 1573//306 1575//306 1574//306
f 1576//306 1578//306 1577//306
f 1579//306 1581//306 1580//306
f 1582//306 1584//306 1583//306
f 1585//306 1587//306 1586//306
f 1588//306 1590//306 1589//306
f 1591//306 1593//306 1592//306
f 1594//306 1596//306 1595//306
f 1597//306 1599//306 1598//306
f 1600//306 1602//306 1601//306
f 1603//306 1605//306 1604//306
f 1606//306 1608//306 1607//306
f 1609//306 1611//306 1610//306
f 1612//306 1614//306 1613//306
f 1615//306 1617//306 1616//306
f 1618//306 1620//306 1619//306
f 1621//306 1623//306 1622//306
f 1624//306 1626//306 1625//306
f 1627//306 1629//306 1628//306
f 1630//306 1632//306 1631//306
f 1633//306 1635//306 1634//306
f 1636//306 1638//306 1637//306
f 1639//306 1641//306 1640//306
f 1642//306 1644//306 1643//306
f 1645//306 1647//306 1646//306
f 1648//306 1650//306 1649//306
f 1651//306 1653//306 1652//306
f 1654//306 1656//306 1655//306
f 1657//306 1659//306 1658//306
f 1660//306 1662//306 1661//306
f 3379//603 3381//603 3380//603
f 7963//604 7965//604 7964//604
f 8086//604 8088//604 8087//604
