# Blender 4.3.2
# www.blender.org
mtllib WSG-FMF.mtl
o WSG-FMF
v -7.400000 119.559540 1.294427
v -7.400000 119.356270 2.374981
v -7.400000 120.167336 1.565036
v -7.400000 120.107124 2.606587
v -7.400000 120.832657 1.565036
v -7.400000 120.892883 2.606587
v -7.400000 121.643730 2.374981
v -7.400000 121.440453 1.294427
v -7.400000 122.292961 1.932347
v -7.400000 121.885643 0.800000
v -7.400000 122.782867 1.318015
v -7.400000 122.091232 0.167246
v -7.400000 121.689026 -1.070609
v -7.400000 121.984932 -2.177990
v -7.400000 121.150780 -1.461673
v -7.400000 121.276985 -2.518918
v -7.400000 120.500000 -1.600000
v -7.400000 120.500000 -2.636030
v -7.400000 119.849220 -1.461673
v -7.400000 118.978310 -0.494427
v -7.400000 117.871346 -0.196991
v -7.400000 118.908760 0.167246
v -7.400000 117.930061 0.586572
v -7.400000 119.114365 0.800000
v -7.400000 118.217133 1.318015
v -7.400000 118.707047 1.932347
v -7.400000 119.723015 -2.518918
v -7.400000 119.015068 -2.177990
v -7.400000 119.310966 -1.070609
v -7.400000 118.439072 -1.643538
v -7.400000 118.046188 -0.963050
v -7.400000 123.069939 0.586572
v -7.400000 123.128662 -0.196991
v -7.400000 122.021690 -0.494427
v -7.400000 122.953812 -0.963050
v -7.400000 122.560936 -1.643538
v -2.500000 120.500000 -1.600000
v -2.500000 121.150780 -1.461673
v -2.500000 121.689026 -1.070609
v -2.500000 122.021690 -0.494427
v -2.500000 122.091232 0.167246
v -2.500000 121.885643 0.800000
v -2.500000 121.440453 1.294427
v -2.500000 120.832657 1.565036
v -2.500000 120.167336 1.565036
v -2.500000 119.559540 1.294427
v -2.500000 119.114365 0.800000
v -2.500000 118.908760 0.167246
v -2.500000 118.978310 -0.494427
v -2.500000 119.310966 -1.070609
v -2.500000 119.849220 -1.461673
v -6.400000 119.212891 -2.672717
v -6.400000 118.810043 -2.478716
v -6.400000 118.482269 -2.174593
v -6.400000 118.154503 -1.870469
v -6.400000 117.930939 -1.483246
v -6.400000 117.707382 -1.096023
v -6.400000 117.607887 -0.660107
v -6.400000 117.508392 -0.224190
v -6.400000 117.541801 0.221686
v -6.400000 117.575211 0.667563
v -6.400000 117.738564 1.083781
v -6.400000 117.901924 1.500000
v -6.400000 118.180702 1.849578
v -6.400000 118.459480 2.199156
v -6.400000 118.828918 2.451031
v -6.400000 119.198349 2.702907
v -6.400000 119.625610 2.834700
v -6.400000 120.052872 2.966492
v -6.400000 120.500000 2.966492
v -6.400000 120.947128 2.966492
v -6.400000 121.374390 2.834700
v -6.400000 121.801651 2.702907
v -6.400000 122.171082 2.451031
v -6.400000 122.540520 2.199156
v -6.400000 122.819298 1.849578
v -6.400000 123.098076 1.500000
v -6.400000 123.261429 1.083781
v -6.400000 123.424782 0.667563
v -6.400000 123.458199 0.221686
v -6.400000 123.491608 -0.224190
v -6.400000 123.392113 -0.660107
v -6.400000 123.292618 -1.096023
v -6.400000 123.069054 -1.483246
v -6.400000 122.845490 -1.870469
v -6.400000 122.517731 -2.174593
v -6.400000 120.505440 -2.999995
v -6.400000 120.500000 -3.000000
v -6.400000 120.057869 -2.933359
v -6.400000 119.615730 -2.866719
v -6.400000 122.189964 -2.478716
v -6.400000 121.787117 -2.672717
v -6.400000 121.384262 -2.866719
v -6.400000 120.942162 -2.933765
v -2.500000 118.795425 -2.346149
v -2.500000 119.603851 -2.758064
v -2.500000 120.500000 -2.900000
v -2.500000 117.741936 0.896149
v -2.500000 117.599998 -0.000000
v -2.500000 117.741936 -0.896149
v -2.500000 118.153847 -1.704577
v -2.500000 120.500000 2.900000
v -2.500000 119.603851 2.758064
v -2.500000 118.795425 2.346149
v -2.500000 118.153847 1.704577
v -2.500000 123.258064 0.896149
v -2.500000 122.846146 1.704577
v -2.500000 122.204582 2.346149
v -2.500000 121.396149 2.758064
v -2.500000 121.396149 -2.758064
v -2.500000 122.204582 -2.346149
v -2.500000 122.846146 -1.704577
v -2.500000 123.258064 -0.896149
v -2.500000 123.400002 -0.000000
v -5.200000 117.516434 0.313585
v -5.200000 117.646828 0.927051
v -5.200000 117.719635 1.090567
v -5.200000 117.901924 1.500000
v -5.200000 118.165359 1.862585
v -5.200000 119.876266 -2.934443
v -5.200000 119.279785 -2.740636
v -5.200000 119.202370 -2.695939
v -5.200000 118.736649 -2.427051
v -5.200000 118.470253 -2.187192
v -5.200000 118.270569 -2.007392
v -5.200000 117.901924 -1.500000
v -5.200000 117.646828 -0.927051
v -5.200000 117.590965 -0.664216
v -5.200000 117.516434 -0.313585
v -5.200000 117.516434 0.224190
v -5.200000 121.720207 -2.740636
v -5.200000 121.123734 -2.934443
v -5.200000 120.945732 -2.953315
v -5.200000 120.505440 -2.999995
v -5.200000 120.500000 -3.000000
v -5.200000 120.054276 -2.953152
v -5.200000 123.353165 0.927051
v -5.200000 123.483566 0.313585
v -5.200000 123.483566 0.224190
v -5.200000 123.483566 -0.313585
v -5.200000 123.409042 -0.664216
v -5.200000 123.353165 -0.927051
v -5.200000 123.098076 -1.500000
v -5.200000 122.729439 -2.007392
v -5.200000 122.529747 -2.187192
v -5.200000 122.263359 -2.427051
v -5.200000 121.797630 -2.695939
v -5.200000 122.263359 2.427051
v -5.200000 122.729439 2.007392
v -5.200000 122.834648 1.862585
v -5.200000 123.098076 1.500000
v -5.200000 123.280365 1.090567
v -5.200000 118.270569 2.007392
v -5.200000 118.736649 2.427051
v -5.200000 118.814064 2.471749
v -5.200000 119.279785 2.740636
v -5.200000 119.620712 2.851408
v -5.200000 119.876266 2.934443
v -5.200000 120.500000 3.000000
v -5.200000 121.123734 2.934443
v -5.200000 121.379295 2.851408
v -5.200000 121.720207 2.740636
v -5.200000 122.185936 2.471749
v 0.928820 119.604485 -2.756209
v 1.060660 119.444237 -2.700993
v 1.087969 119.416908 -2.690151
v 2.340388 118.162689 -1.699362
v 2.296724 118.206497 -1.774772
v 1.753431 118.750755 -2.313042
v 1.705368 118.798874 -2.340279
v 2.679994 117.822021 -1.112845
v 2.739062 117.762550 -0.890609
v 2.876535 117.624130 -0.373381
v -2.500000 117.599998 -0.000000
v 2.874643 117.625359 -0.000083
v 2.872655 117.626633 0.392098
v 2.734969 117.763412 0.890229
v 2.668623 117.829323 1.130258
v 2.332660 118.164253 1.698350
v 0.921310 119.604492 2.755968
v 0.966254 119.538055 2.735810
v 2.278656 118.218094 1.789667
v 1.729924 118.765862 2.324382
v 1.698010 118.797745 2.342157
v 1.060660 119.434448 2.697146
v 0.627483 120.494614 2.896813
v 0.625143 120.387718 2.897825
v 0.651357 120.196098 2.884032
v 0.733745 119.925072 2.842440
v 0.735718 119.920921 2.841488
v 0.802876 119.779572 2.809089
v 0.928820 121.395515 2.756209
v 0.876666 121.332123 2.778052
v 0.773579 121.153351 2.825443
v 0.740917 121.066826 2.841306
v 0.674716 120.891441 2.873460
v 0.631259 120.667130 2.895180
v 0.627600 120.499969 2.896763
v 1.060660 121.555763 2.700993
v 1.087969 121.583092 2.690151
v 2.340388 122.837311 1.699362
v 2.296724 122.793510 1.774772
v 1.753431 122.249237 2.313042
v 1.705368 122.201126 2.340279
v 2.679994 123.177986 1.112845
v 2.739062 123.237450 0.890609
v 2.876535 123.375862 0.373381
v -2.500000 123.400002 -0.000000
v 2.874643 123.374649 0.000083
v 2.872655 123.373367 -0.392098
v 2.734969 123.236588 -0.890229
v 2.668623 123.170677 -1.130258
v 2.332660 122.835739 -1.698350
v 0.921310 121.395508 -2.755968
v 0.966254 121.461952 -2.735810
v 2.278656 122.781906 -1.789667
v 1.729924 122.234146 -2.324382
v 1.698010 122.202263 -2.342157
v 1.060660 121.565552 -2.697146
v 0.627483 120.505386 -2.896813
v 0.625143 120.612282 -2.897825
v 0.651357 120.803909 -2.884032
v 0.733745 121.074921 -2.842440
v 0.735718 121.079079 -2.841488
v 0.802876 121.220428 -2.809089
v 0.876666 119.667877 -2.778052
v 0.773579 119.846642 -2.825443
v 0.740917 119.933174 -2.841306
v 0.674716 120.108551 -2.873460
v 0.631259 120.332870 -2.895180
v 0.627600 120.500031 -2.896763
v -5.000000 122.380913 -2.588854
v -5.000000 121.801552 -2.923345
v -5.015224 121.770424 -2.853426
v -5.015224 121.149406 -3.055208
v -5.058578 121.135910 -2.991741
v -5.058578 120.500000 -3.058578
v -5.123464 120.500000 -3.015224
v -5.123464 119.873100 -2.949334
v -5.000000 121.165321 -3.130072
v -5.015224 120.500000 -3.123463
v -5.058578 119.864082 -2.991741
v -5.123464 119.273598 -2.754544
v -5.000000 120.500000 -3.200000
v -5.000000 119.834686 -3.130072
v -5.015224 119.850601 -3.055208
v -5.015224 119.229568 -2.853426
v -5.058578 119.255966 -2.794151
v -5.058578 118.702209 -2.474442
v -5.123464 118.727699 -2.439368
v -5.123464 118.259254 -2.017579
v -5.000000 119.198441 -2.923345
v -5.000000 118.619087 -2.588854
v -5.015224 118.664070 -2.526935
v -5.015224 118.178818 -2.090005
v -5.058578 118.227036 -2.046589
v -5.058578 117.851189 -1.529289
v -5.123464 117.888741 -1.507612
v -5.123464 117.632355 -0.931755
v -5.000000 118.121941 -2.141218
v -5.000000 117.728714 -1.600000
v -5.015224 117.794998 -1.561732
v -5.015224 117.529404 -0.965203
v -5.058578 117.591118 -0.945153
v -5.058578 117.458183 -0.319709
v -5.123464 117.501297 -0.315177
v -5.123464 117.501297 0.315177
v -5.000000 117.456619 -0.988854
v -5.015224 117.393654 -0.326491
v -5.058578 117.458183 0.319709
v -5.123464 117.632355 0.931755
v -5.000000 117.317528 -0.334491
v -5.000000 117.317528 0.334491
v -5.015224 117.393654 0.326491
v -5.015224 117.529404 0.965203
v -5.058578 117.591118 0.945153
v -5.058578 117.851189 1.529289
v -5.123464 117.888741 1.507612
v -5.123464 118.259254 2.017579
v -5.000000 117.456619 0.988854
v -5.015224 117.794998 1.561732
v -5.058578 118.227036 2.046589
v -5.123464 118.727699 2.439368
v -5.000000 117.728714 1.600000
v -5.000000 118.121941 2.141218
v -5.015224 118.178818 2.090005
v -5.015224 118.664070 2.526935
v -5.058578 118.702209 2.474442
v -5.058578 119.255966 2.794151
v -5.123464 119.273598 2.754544
v -5.123464 119.873100 2.949334
v -5.000000 118.619087 2.588854
v -5.000000 119.198441 2.923345
v -5.015224 119.229568 2.853426
v -5.015224 119.850601 3.055208
v -5.058578 119.864082 2.991741
v -5.058578 120.500000 3.058578
v -5.123464 120.500000 3.015224
v -5.123464 121.126900 2.949334
v -5.000000 119.834686 3.130072
v -5.000000 120.500000 3.200000
v -5.015224 120.500000 3.123463
v -5.015224 121.149406 3.055208
v -5.058578 121.135910 2.991741
v -5.058578 121.744034 2.794151
v -5.123464 121.726402 2.754544
v -5.123464 122.272308 2.439368
v -5.000000 121.165321 3.130072
v -5.015224 121.770424 2.853426
v -5.058578 122.297783 2.474442
v -5.123464 122.740746 2.017579
v -5.000000 121.801552 2.923345
v -5.000000 122.380913 2.588854
v -5.015224 122.335922 2.526935
v -5.015224 122.821182 2.090005
v -5.058578 122.772972 2.046589
v -5.058578 123.148804 1.529289
v -5.123464 123.111259 1.507612
v -5.123464 123.367645 0.931755
v -5.000000 122.878059 2.141218
v -5.015224 123.205002 1.561732
v -5.058578 123.408882 0.945153
v -5.123464 123.498711 0.315177
v -5.000000 123.271278 1.600000
v -5.000000 123.543381 0.988854
v -5.015224 123.470589 0.965203
v -5.015224 123.606354 0.326491
v -5.058578 123.541824 0.319709
v -5.058578 123.541824 -0.319709
v -5.123464 123.498711 -0.315177
v -5.123464 123.367645 -0.931755
v -5.000000 123.682472 0.334491
v -5.000000 123.682472 -0.334491
v -5.015224 123.606354 -0.326491
v -5.015224 123.470589 -0.965203
v -5.058578 123.408882 -0.945153
v -5.058578 123.148804 -1.529289
v -5.123464 123.111259 -1.507612
v -5.123464 122.740746 -2.017579
v -5.000000 123.543381 -0.988854
v -5.000000 123.271278 -1.600000
v -5.015224 123.205002 -1.561732
v -5.015224 122.821182 -2.090005
v -5.058578 122.772972 -2.046589
v -5.058578 122.297783 -2.474442
v -5.123464 122.272308 -2.439368
v -5.123464 121.726402 -2.754544
v -5.000000 122.878059 -2.141218
v -5.015224 122.335922 -2.526935
v -5.058578 121.744034 -2.794151
v -5.123464 121.126900 -2.949334
v 3.000000 117.517311 -9.544817
v 3.000000 117.482704 9.533937
v 3.000000 117.253006 9.458172
v 3.000000 117.253006 -9.458172
v 3.000000 115.740524 8.794737
v 3.000000 115.740524 -8.794737
v 3.000000 114.357872 7.891406
v 3.000000 114.357872 -7.891406
v 3.000000 113.142761 6.772816
v 3.000000 113.142761 -6.772816
v 3.000000 112.128334 5.469481
v 3.000000 112.128334 -5.469481
v 3.000000 111.342270 4.016954
v 3.000000 111.342270 -4.016954
v 3.000000 110.805992 2.454855
v 3.000000 110.805992 -2.454855
v 3.000000 110.534157 0.825794
v 3.000000 110.534157 -0.825794
v 1.060660 119.457375 -9.945498
v 1.659488 118.858353 -9.839156
v 2.461971 118.055611 -9.696647
v 1.060660 119.421310 9.941650
v 1.614937 118.867165 9.865792
v 1.627849 118.854263 9.862699
v 1.060660 121.542625 9.945498
v 1.028686 121.509651 9.948900
v 0.848622 121.275795 9.969861
v 0.738926 121.054779 9.984113
v 0.658917 120.815605 9.995018
v 0.626815 120.610138 9.999393
v 0.628211 120.500008 9.998985
v 0.752506 121.095367 9.982261
v 0.741034 119.909889 9.981792
v 0.668642 120.108086 9.992317
v 0.630546 120.315758 9.998302
v 0.628440 120.481956 9.998919
v 0.873297 119.649796 9.963793
v 0.769682 119.831467 9.977628
v 3.000000 123.482697 9.544817
v 3.000000 123.517296 -9.533937
v 3.000000 123.746994 -9.458172
v 3.000000 123.746994 9.458172
v 3.000000 125.259476 -8.794737
v 3.000000 125.259476 8.794737
v 3.000000 126.642120 -7.891406
v 3.000000 126.642120 7.891406
v 3.000000 127.857239 -6.772816
v 3.000000 127.857239 6.772816
v 3.000000 128.871658 -5.469481
v 3.000000 128.871658 5.469481
v 3.000000 129.657730 -4.016954
v 3.000000 129.657730 4.016954
v 3.000000 130.194016 -2.454855
v 3.000000 130.194016 2.454855
v 3.000000 130.465851 -0.825794
v 3.000000 130.465851 0.825794
v 1.659488 122.141647 9.839156
v 2.461971 122.944389 9.696647
v 1.060660 121.578690 -9.941650
v 1.614937 122.132828 -9.865792
v 1.627849 122.145737 -9.862699
v 1.028686 119.490349 -9.948900
v 0.848622 119.724197 -9.969861
v 0.738926 119.945229 -9.984113
v 0.658917 120.184395 -9.995018
v 0.626815 120.389862 -9.999393
v 0.628211 120.500000 -9.998985
v 0.752506 119.904633 -9.982261
v 0.741034 121.090103 -9.981792
v 0.668642 120.891922 -9.992317
v 0.630546 120.684242 -9.998302
v 0.628440 120.518044 -9.998919
v 0.873297 121.350197 -9.963793
v 0.769682 121.168541 -9.977628
v -5.000000 111.342270 4.016954
v -5.000000 112.128334 5.469481
v -5.000000 113.142761 6.772816
v -5.000000 114.357872 7.891406
v -5.000000 115.740524 8.794737
v -5.000000 117.253006 9.458172
v -5.000000 118.854050 9.863613
v -5.000000 120.500000 10.000000
v -5.000000 111.342270 -4.016954
v -5.000000 110.805992 -2.454855
v -5.000000 110.534157 -0.825794
v -5.000000 110.534157 0.825794
v -5.000000 110.805992 2.454855
v -5.000000 117.253006 -9.458172
v -5.000000 115.740524 -8.794737
v -5.000000 114.357872 -7.891406
v -5.000000 113.142761 -6.772816
v -5.000000 112.128334 -5.469481
v -5.000000 129.657730 -4.016954
v -5.000000 128.871658 -5.469481
v -5.000000 127.857239 -6.772816
v -5.000000 126.642120 -7.891406
v -5.000000 129.657730 4.016954
v -5.000000 130.194016 2.454855
v -5.000000 130.465851 0.825794
v -5.000000 130.465851 -0.825794
v -5.000000 130.194016 -2.454855
v -5.000000 122.145943 9.863613
v -5.000000 123.746994 9.458172
v -5.000000 125.259476 8.794737
v -5.000000 126.642120 7.891406
v -5.000000 127.857239 6.772816
v -5.000000 128.871658 5.469481
v -5.000000 125.259476 -8.794737
v -5.000000 123.746994 -9.458172
v -5.000000 122.145943 -9.863613
v -5.000000 120.500000 -10.000000
v -5.000000 118.854050 -9.863613
v -11.005404 110.329918 -6.861993
v -11.005404 109.870750 -6.972229
v -11.005404 109.399994 -7.009277
v -11.005404 112.261986 4.929919
v -11.005404 112.372231 4.470756
v -11.005404 112.409279 4.000002
v -11.005404 112.081284 -5.366184
v -11.005404 111.834557 -5.768810
v -11.005404 112.261986 -4.929919
v -11.005404 112.372231 -4.470756
v -11.005404 112.400002 -4.000002
v -11.005404 112.409279 -4.000002
v -11.005404 57.500000 -7.000001
v -11.005404 64.100006 -5.385003
v -11.005404 64.207184 -5.785002
v -11.005404 110.766182 6.681287
v -11.005404 111.168808 6.434556
v -11.005404 110.329918 6.861993
v -11.005404 109.870750 6.972229
v -11.005404 109.399994 7.000001
v -11.005404 109.399994 7.009277
v -11.005404 110.766182 -6.681287
v -11.005404 111.168808 -6.434556
v -11.005404 111.527885 -6.127882
v -11.005404 64.207184 -4.985004
v -11.005404 57.500000 7.000001
v -11.005404 64.500008 -4.692184
v -11.005404 65.700005 5.384998
v -11.005404 65.592827 5.784997
v -11.005404 112.081284 5.366184
v -11.005404 111.834557 5.768810
v -11.005404 111.527885 6.127882
v -11.005404 64.207184 5.784997
v -11.005404 64.100006 5.384998
v -11.005404 64.207184 4.984999
v -11.005404 64.500008 4.692179
v -11.005404 64.900002 -4.585005
v -11.005404 64.900002 4.585000
v -11.005404 65.300003 -4.692184
v -11.005404 65.300003 4.692179
v -11.005404 65.592827 4.984999
v -11.005404 65.300003 6.077817
v -11.005404 64.900002 6.184997
v -11.005404 64.500008 6.077817
v -11.005404 64.500008 -6.077822
v -11.005404 64.900002 -6.185002
v -11.005404 65.300003 -6.077822
v -11.005404 65.592827 -5.785002
v -11.005404 65.700005 -5.385003
v -11.005404 65.592827 -4.985004
v -10.500000 57.500000 7.000001
v -10.500000 109.399994 7.000001
v -10.500000 109.399994 7.009277
v -10.500000 109.870750 6.972229
v -10.500000 110.329918 6.861993
v -10.500000 110.766182 6.681287
v -10.500000 111.168808 6.434556
v -10.500000 111.527885 6.127882
v -10.500000 111.834557 5.768810
v -10.500000 112.081284 5.366184
v -10.500000 112.261986 4.929919
v -10.500000 112.372231 4.470756
v -10.500000 112.409279 4.000002
v -10.500000 112.400002 -4.000002
v -10.500000 112.409279 -4.000002
v -10.500000 112.372231 -4.470756
v -10.500000 112.261986 -4.929919
v -10.500000 112.081284 -5.366184
v -10.500000 111.834557 -5.768810
v -10.500000 111.527885 -6.127882
v -10.500000 111.168808 -6.434556
v -10.500000 110.766182 -6.681287
v -10.500000 110.329918 -6.861993
v -10.500000 109.870750 -6.972229
v -10.500000 109.399994 -7.009277
v -10.500000 57.500000 -7.000001
v -10.500000 64.500008 6.077817
v -10.500000 64.900002 6.184997
v -10.500000 65.300003 6.077817
v -10.500000 65.592827 5.784997
v -10.500000 65.700005 5.384998
v -10.500000 65.592827 4.984999
v -10.500000 65.300003 4.692179
v -10.500000 64.900002 4.585000
v -10.500000 64.500008 4.692179
v -10.500000 64.207184 4.984999
v -10.500000 64.100006 5.384998
v -10.500000 64.207184 5.784997
v -10.500000 64.500008 -4.692184
v -10.500000 64.900002 -4.585005
v -10.500000 65.300003 -4.692184
v -10.500000 65.592827 -4.985004
v -10.500000 65.700005 -5.385003
v -10.500000 65.592827 -5.785002
v -10.500000 65.300003 -6.077822
v -10.500000 64.900002 -6.185002
v -10.500000 64.500008 -6.077822
v -10.500000 64.207184 -5.785002
v -10.500000 64.100006 -5.385003
v -10.500000 64.207184 -4.985004
v -14.500000 63.850002 -12.318653
v -12.000000 64.900002 -12.600000
v -14.500000 64.900002 -12.600000
v -12.000000 65.949997 -12.318653
v -14.500000 65.949997 -12.318653
v -12.000000 66.718651 -11.550000
v -14.500000 66.718651 -11.550000
v -12.000000 67.000000 -10.500000
v -14.500000 67.000000 -10.500000
v -12.000000 66.718651 -9.450000
v -14.500000 66.718651 -9.450000
v -12.000000 65.949997 -8.681347
v -14.500000 65.949997 -8.681347
v -12.000000 64.900002 -8.400000
v -14.500000 64.900002 -8.400000
v -12.000000 63.850002 -8.681347
v -14.500000 63.850002 -8.681347
v -12.000000 63.081345 -9.450000
v -14.500000 63.081345 -9.450000
v -12.000000 62.799999 -10.500000
v -14.500000 62.799999 -10.500000
v -12.000000 63.081345 -11.550000
v -14.500000 63.081345 -11.550000
v -12.000000 63.850002 -12.318653
v -14.500000 63.850002 8.681347
v -12.000000 64.900002 8.400000
v -14.500000 64.900002 8.400000
v -12.000000 65.949997 8.681347
v -14.500000 65.949997 8.681347
v -12.000000 66.718651 9.450000
v -14.500000 66.718651 9.450000
v -12.000000 67.000000 10.500000
v -14.500000 67.000000 10.500000
v -12.000000 66.718651 11.550000
v -14.500000 66.718651 11.550000
v -12.000000 65.949997 12.318653
v -14.500000 65.949997 12.318653
v -12.000000 64.900002 12.600000
v -14.500000 64.900002 12.600000
v -12.000000 63.850002 12.318653
v -14.500000 63.850002 12.318653
v -12.000000 63.081345 11.550000
v -14.500000 63.081345 11.550000
v -12.000000 62.799999 10.500000
v -14.500000 62.799999 10.500000
v -12.000000 63.081345 9.450000
v -14.500000 63.081345 9.450000
v -12.000000 63.850002 8.681347
v -7.500000 119.699997 1.385641
v -9.000000 120.500000 1.600000
v -7.500000 120.500000 1.600000
v -9.000000 121.299995 1.385641
v -7.500000 121.299995 1.385641
v -9.000000 121.885643 0.800000
v -7.500000 121.885643 0.800000
v -9.000000 122.100006 -0.000000
v -7.500000 122.100006 -0.000000
v -9.000000 121.885643 -0.800000
v -7.500000 121.885643 -0.800000
v -9.000000 121.299995 -1.385641
v -7.500000 121.299995 -1.385641
v -9.000000 120.500000 -1.600000
v -7.500000 120.500000 -1.600000
v -9.000000 119.699997 -1.385641
v -7.500000 119.699997 -1.385641
v -9.000000 119.114365 -0.800000
v -7.500000 119.114365 -0.800000
v -9.000000 118.900002 -0.000000
v -7.500000 118.900002 -0.000000
v -9.000000 119.114365 0.800000
v -7.500000 119.114365 0.800000
v -9.000000 119.699997 1.385641
v -12.000000 62.910633 8.254468
v -12.000000 64.182053 7.587174
v -12.000000 65.617950 7.587174
v -12.000000 66.889366 8.254468
v -12.000000 67.705048 9.436186
v -12.000000 67.878128 10.861610
v -12.000000 67.368958 12.204194
v -12.000000 66.294174 13.156368
v -12.000000 64.900002 13.500000
v -12.000000 63.505829 13.156368
v -12.000000 62.431049 12.204194
v -12.000000 61.921871 10.861610
v -12.000000 62.094952 9.436186
v -13.600861 64.900002 -5.400000
v -13.000000 65.399994 -6.266026
v -13.000000 65.766029 -5.900000
v -13.000000 64.900002 -6.400000
v -13.000000 65.766029 -4.900000
v -13.000000 65.399994 -4.533975
v -13.000000 65.900002 -5.400000
v -13.000000 64.400002 -4.533975
v -13.000000 64.033981 -4.900000
v -13.000000 64.900002 -4.400000
v -13.000000 64.033981 -5.900000
v -13.000000 64.400002 -6.266026
v -13.000000 63.900002 -5.400000
v -13.600861 64.900002 5.400000
v -13.000000 65.399994 4.533975
v -13.000000 65.766029 4.900000
v -13.000000 64.900002 4.400000
v -13.000000 65.766029 5.900000
v -13.000000 65.399994 6.266026
v -13.000000 65.900002 5.400000
v -13.000000 64.400002 6.266026
v -13.000000 64.033981 5.900000
v -13.000000 64.900002 6.400000
v -13.000000 64.033981 4.900000
v -13.000000 64.400002 4.533975
v -13.000000 63.900002 5.400000
v -12.000000 62.910633 -12.745532
v -12.000000 64.182053 -13.412826
v -12.000000 65.617950 -13.412826
v -12.000000 66.889366 -12.745532
v -12.000000 67.705048 -11.563814
v -12.000000 67.878128 -10.138390
v -12.000000 67.368958 -8.795806
v -12.000000 66.294174 -7.843632
v -12.000000 64.900002 -7.500000
v -12.000000 63.505829 -7.843632
v -12.000000 62.431049 -8.795806
v -12.000000 61.921871 -10.138390
v -12.000000 62.094952 -11.563814
v -14.500000 61.927418 -13.176522
v -14.500000 61.095776 -11.736068
v -14.500000 60.921909 -10.081886
v -14.500000 61.435898 -8.500000
v -14.500000 62.548862 -7.263932
v -14.500000 68.704224 -11.736068
v -14.500000 67.872574 -13.176522
v -14.500000 66.526947 -14.154181
v -14.500000 64.900002 -14.500000
v -14.500000 63.273056 -14.154181
v -14.500000 64.068352 -6.587409
v -14.500000 65.731644 -6.587409
v -14.500000 67.251137 -7.263932
v -14.500000 68.364098 -8.500000
v -14.500000 68.878082 -10.081886
v -14.500000 61.927418 7.823477
v -14.500000 61.095776 9.263932
v -14.500000 60.921909 10.918114
v -14.500000 61.435898 12.500000
v -14.500000 62.548862 13.736069
v -14.500000 68.704224 9.263932
v -14.500000 67.872574 7.823477
v -14.500000 66.526947 6.845819
v -14.500000 64.900002 6.500000
v -14.500000 63.273056 6.845819
v -14.500000 64.068352 14.412590
v -14.500000 65.731644 14.412590
v -14.500000 67.251137 13.736069
v -14.500000 68.364098 12.500000
v -14.500000 68.878082 10.918114
v -9.000000 117.700005 -1.200000
v -9.000000 117.700005 1.200000
v -9.000000 118.075134 2.600000
v -9.000000 119.099998 3.624871
v -9.000000 120.500000 4.000000
v -9.000000 118.075134 -2.600000
v -9.000000 121.900002 3.624871
v -9.000000 122.924873 2.600000
v -9.000000 123.300003 1.200000
v -9.000000 123.300003 -1.200000
v -9.000000 122.924873 -2.600000
v -9.000000 121.900002 -3.624871
v -9.000000 120.500000 -4.000000
v -9.000000 119.099998 -3.624871
v -7.500000 118.510635 -2.245532
v -7.500000 119.782051 -2.912825
v -7.500000 121.217941 -2.912825
v -7.500000 122.489372 -2.245532
v -7.500000 123.305046 -1.063815
v -7.500000 123.478127 0.361610
v -7.500000 122.968948 1.704194
v -7.500000 121.894165 2.656368
v -7.500000 120.500000 3.000000
v -7.500000 119.105827 2.656368
v -7.500000 118.031044 1.704194
v -7.500000 117.521873 0.361610
v -7.500000 117.694954 -1.063815
v -9.000000 63.505829 13.156368
v -9.000000 64.900002 13.500000
v -9.000000 66.294174 13.156368
v -9.000000 67.368958 12.204194
v -9.000000 67.878128 10.861610
v -9.000000 67.705048 9.436186
v -9.000000 66.889366 8.254468
v -9.000000 65.617950 7.587174
v -9.000000 64.182053 7.587174
v -9.000000 62.910633 8.254468
v -9.000000 62.094952 9.436186
v -9.000000 61.921871 10.861610
v -9.000000 62.431049 12.204194
v -11.000000 64.900002 -6.400000
v -11.000000 65.399994 -6.266026
v -11.000000 65.766029 -5.900000
v -11.000000 65.900002 -5.400000
v -11.000000 65.766029 -4.900000
v -11.000000 65.399994 -4.533975
v -11.000000 64.900002 -4.400000
v -11.000000 64.400002 -4.533975
v -11.000000 64.033981 -4.900000
v -11.000000 63.900002 -5.400000
v -11.000000 64.033981 -5.900000
v -11.000000 64.400002 -6.266026
v -11.000000 64.900002 4.400000
v -11.000000 65.399994 4.533975
v -11.000000 65.766029 4.900000
v -11.000000 65.900002 5.400000
v -11.000000 65.766029 5.900000
v -11.000000 65.399994 6.266026
v -11.000000 64.900002 6.400000
v -11.000000 64.400002 6.266026
v -11.000000 64.033981 5.900000
v -11.000000 63.900002 5.400000
v -11.000000 64.033981 4.900000
v -11.000000 64.400002 4.533975
v -10.300000 109.500000 -5.900000
v -10.300000 86.449684 -5.900000
v -10.500000 109.500000 -5.900000
v -10.500000 86.449684 -5.900000
v -10.500000 111.400002 -4.000000
v -10.300000 111.400002 -4.000000
v -10.300000 111.145454 -4.950000
v -10.500000 111.145454 -4.950000
v -10.300000 110.449997 -5.645448
v -10.500000 110.449997 -5.645448
v -10.500000 111.400002 4.000000
v -10.300000 111.400002 4.000000
v -10.500000 109.500000 5.900000
v -10.300000 109.500000 5.900000
v -10.300000 110.449997 5.645448
v -10.500000 110.449997 5.645448
v -10.300000 111.145454 4.950000
v -10.500000 111.145454 4.950000
v -10.500000 86.449684 5.900000
v -10.300000 86.449684 5.900000
v -9.000000 63.505829 -7.843632
v -9.000000 64.900002 -7.500000
v -9.000000 66.294174 -7.843632
v -9.000000 67.368958 -8.795806
v -9.000000 67.878128 -10.138390
v -9.000000 67.705048 -11.563814
v -9.000000 66.889366 -12.745532
v -9.000000 65.617950 -13.412826
v -9.000000 64.182053 -13.412826
v -9.000000 62.910633 -12.745532
v -9.000000 62.094952 -11.563814
v -9.000000 61.921871 -10.138390
v -9.000000 62.431049 -8.795806
v -18.400000 60.899998 -10.500000
v -18.432043 61.172367 -11.718952
v -18.444756 61.280418 -12.202538
v -18.528818 61.994949 -13.124157
v -18.570509 62.349316 -13.581236
v -18.684029 63.314243 -14.073379
v -18.753338 63.903378 -14.373855
v -18.870941 64.903000 -14.405829
v -18.958471 65.647003 -14.429628
v -19.057514 66.488876 -14.066040
v -19.146887 67.248543 -13.737949
v -19.211830 67.800568 -13.112920
v -19.282749 68.403374 -12.430382
v -19.307482 68.613579 -11.709631
v -19.340216 68.891823 -10.755637
v -19.328018 68.788162 -10.096018
v -19.308352 68.620987 -9.032268
v -19.269760 68.292969 -8.548188
v -19.193222 67.642387 -7.588075
v -19.142443 67.210762 -7.331924
v -19.016724 66.142159 -6.697758
v -18.967630 65.724854 -6.657604
v -18.619198 62.763184 -7.118576
v -18.775131 64.088631 -6.644144
v -18.812431 64.405655 -6.530664
v -18.473783 61.527161 -8.349667
v -18.597988 62.582901 -7.298138
v -18.403149 60.926758 -10.082196
v -18.403845 60.932674 -9.989771
v -18.466869 61.468395 -8.511783
v -18.400000 60.899998 10.500000
v -18.432043 61.172367 9.281048
v -18.444756 61.280418 8.797462
v -18.528818 61.994949 7.875843
v -18.570509 62.349316 7.418764
v -18.684029 63.314243 6.926621
v -18.753338 63.903378 6.626146
v -18.870941 64.903000 6.594171
v -18.958471 65.647003 6.570372
v -19.057514 66.488876 6.933960
v -19.146887 67.248543 7.262051
v -19.211830 67.800568 7.887080
v -19.282749 68.403374 8.569618
v -19.307482 68.613579 9.290369
v -19.340216 68.891823 10.244363
v -19.328018 68.788162 10.903982
v -19.308352 68.620987 11.967732
v -19.269760 68.292969 12.451813
v -19.193222 67.642387 13.411925
v -19.142443 67.210762 13.668076
v -19.016724 66.142159 14.302241
v -18.967630 65.724854 14.342397
v -18.619198 62.763184 13.881425
v -18.775131 64.088631 14.355856
v -18.812431 64.405655 14.469336
v -18.473783 61.527161 12.650333
v -18.597988 62.582901 13.701861
v -18.403149 60.926758 10.917803
v -18.403845 60.932674 11.010229
v -18.466869 61.468395 12.488217
v -11.000000 109.500000 -7.100000
v -10.300000 109.500000 -7.100000
v -10.300000 110.686317 -6.864027
v -11.000000 110.686317 -6.864027
v -10.300000 111.692032 -6.192031
v -11.000000 111.692032 -6.192031
v -10.300000 112.364021 -5.186318
v -11.000000 112.364021 -5.186318
v -10.300000 112.599998 -4.000000
v -11.000000 112.599998 -4.000000
v -10.300000 112.599998 4.000000
v -11.000000 112.599998 4.000000
v -10.300000 112.364021 5.186318
v -11.000000 112.364021 5.186318
v -10.300000 111.692032 6.192031
v -11.000000 111.692032 6.192031
v -10.300000 110.686317 6.864027
v -11.000000 110.686317 6.864027
v -10.300000 109.500000 7.100000
v -11.000000 109.500000 7.100000
v -11.000000 117.700005 -1.200000
v -11.000000 118.075134 -2.600000
v -11.000000 119.099998 -3.624871
v -11.000000 120.500000 -4.000000
v -11.000000 121.900002 -3.624871
v -11.000000 122.924873 -2.600000
v -11.000000 123.300003 -1.200000
v -11.000000 123.300003 1.200000
v -11.000000 122.924873 2.600000
v -11.000000 121.900002 3.624871
v -11.000000 120.500000 4.000000
v -11.000000 119.099998 3.624871
v -11.000000 118.075134 2.600000
v -11.000000 117.700005 1.200000
v -9.351178 127.512245 7.010801
v -8.891063 128.352829 6.191358
v -8.488668 129.087982 4.956988
v -11.000000 124.500000 -9.165151
v -11.000000 124.500000 9.165151
v -10.470888 125.466644 8.602876
v -8.162149 129.684494 3.955374
v -7.946514 130.078445 2.565297
v -9.911105 126.489311 8.008004
v -7.946741 130.078033 -2.567803
v -8.098785 129.800262 -3.674942
v -8.489113 129.087158 -4.959388
v -7.773735 130.394104 1.451496
v -7.761671 130.416138 -0.001272
v -7.752126 130.433578 -1.150691
v -9.351831 127.511055 -7.013046
v -9.779645 126.729477 -7.822633
v -10.476113 125.457092 -8.588821
v -8.790236 128.537048 -5.950292
v -5.000000 119.105827 2.656368
v -5.000000 120.500000 3.000000
v -5.000000 121.894165 2.656368
v -5.000000 122.968948 1.704194
v -5.000000 123.478127 0.361610
v -5.000000 123.305046 -1.063815
v -5.000000 122.489372 -2.245532
v -5.000000 121.217941 -2.912825
v -5.000000 119.782051 -2.912825
v -5.000000 118.510635 -2.245532
v -5.000000 117.694954 -1.063815
v -5.000000 117.521873 0.361610
v -5.000000 118.031044 1.704194
v -5.000000 116.000000 9.209371
v -5.000000 116.000000 10.000000
v 0.000000 116.000000 9.209371
v 0.000000 116.000000 10.000000
v -11.311895 91.021973 7.100000
v -12.228125 88.698524 7.100000
v -12.228125 88.698524 10.968091
v -11.380333 90.768341 10.380332
v -11.338820 91.026329 10.338820
v -11.000000 93.500000 7.100000
v -11.008984 93.076225 10.008984
v -11.000000 93.500000 10.000000
v -9.000000 72.500000 7.100000
v -9.000000 72.500000 15.000000
v -9.000000 57.500000 7.100000
v -9.000000 57.500000 15.000000
v -10.500000 89.252502 2.194021
v -10.500000 88.244019 4.173275
v -10.500000 86.673271 5.744020
v -10.500000 86.673271 -5.744020
v -10.500000 88.244019 -4.173275
v -10.500000 89.252502 -2.194021
v -10.500000 89.600006 -0.000000
v -11.000000 82.500000 -7.100000
v -11.000000 57.500000 -7.100000
v -11.000000 57.500000 7.100000
v -11.000000 82.500000 7.100000
v -11.000000 76.755981 4.173275
v -11.000000 78.326721 5.744020
v -11.000000 80.305977 6.752501
v -11.000000 78.326721 -5.744020
v -11.000000 76.755981 -4.173275
v -11.000000 75.747498 -2.194021
v -11.000000 75.400002 0.000000
v -11.000000 75.747498 2.194021
v -11.000000 80.305977 -6.752501
v -15.621022 82.500000 7.100000
v -16.805943 80.335258 6.761944
v -16.820843 80.308037 6.748297
v -17.878027 78.376648 5.779967
v -17.901848 78.333138 5.737382
v -18.735184 76.810707 4.247581
v -18.758547 76.768028 4.166862
v -19.295788 75.786530 2.310710
v -19.307493 75.765144 2.190863
v -19.506453 75.401665 0.153797
v -19.495382 75.421890 0.002929
v -19.347122 75.692749 -2.017762
v -19.304232 75.771111 -2.182882
v -18.832962 76.632065 -3.997175
v -18.753101 76.777969 -4.152879
v -18.012943 78.130180 -5.595949
v -17.896250 78.343361 -5.714656
v -16.965145 80.044411 -6.661837
v -16.817766 80.313660 -6.715923
v -15.789351 82.192482 -7.093337
v -15.621022 82.500000 -7.100000
v -10.300000 84.694023 6.752501
v -10.300000 82.500000 7.100000
v -10.300000 82.500000 -7.100000
v -10.300000 84.694023 -6.752501
v -9.000000 72.500000 -15.000000
v -9.000000 72.500000 -7.100000
v -9.000000 57.500000 -15.000000
v -9.000000 57.500000 -7.100000
v -18.000000 57.500000 15.000000
v -18.000000 57.500000 -15.000000
v -20.000000 74.500000 -15.000000
v -20.000000 74.500000 15.000000
v -12.228125 88.698524 -7.100000
v -12.228125 88.698524 -10.968091
v -11.380333 90.768341 -10.380332
v -11.311895 91.021973 -7.100000
v -11.313944 91.022507 -10.313944
v -11.000000 93.500000 -7.100000
v -11.000000 93.500000 -10.000000
v -11.273211 91.178452 -10.273211
v 0.000000 116.000000 -9.209371
v 0.000000 116.000000 -10.000000
v -5.000000 116.000000 -9.209371
v -5.000000 116.000000 -10.000000
v -11.000000 120.500000 10.000000
v -11.000000 123.088188 9.659259
v -11.000000 120.500000 -10.000000
v -11.000000 123.088188 -9.659259
v -5.000000 123.088188 9.659259
v -5.000000 130.159256 2.588190
v -5.000000 127.571060 7.071068
v -5.000000 125.499992 8.660254
v -5.000000 129.160248 5.000000
v -5.000000 130.500000 -0.000000
v -5.000000 130.159256 -2.588190
v -5.000000 129.160248 -5.000000
v -5.000000 127.571060 -7.071068
v -5.000000 125.499992 -8.660254
v -5.000000 123.088188 -9.659259
v -5.000000 113.876595 -7.822599
v -5.000000 112.158684 -5.956925
v -5.000000 110.951431 -3.726567
v -5.000000 110.328743 -1.268066
v -5.000000 110.328743 1.268066
v -5.000000 110.951431 3.726567
v -5.000000 112.158684 5.956925
v -5.000000 113.876595 7.822599
v 0.000000 113.876595 -7.822599
v 0.000000 112.158684 -5.956925
v 0.000000 110.951431 -3.726567
v 0.000000 110.328743 -1.268066
v 0.000000 110.328743 1.268066
v 0.000000 110.951431 3.726567
v 0.000000 112.158684 5.956925
v 0.000000 113.876595 7.822599
v 0.000000 93.500000 10.000000
v 0.000000 90.768341 10.380332
v 0.000000 90.768341 10.380332
v 0.000000 74.500000 15.000000
v 0.000000 72.500000 15.000000
v 0.000000 72.500000 7.100000
v 0.000000 82.500000 7.100000
v 0.000000 82.500000 -7.100000
v 0.000000 84.694023 -6.752501
v 0.000000 86.673271 -5.744020
v 0.000000 86.673271 5.744020
v 0.000000 84.694023 6.752501
v 0.000000 88.244019 -4.173275
v 0.000000 89.252502 -2.194021
v 0.000000 89.600006 -0.000000
v 0.000000 89.252502 2.194021
v 0.000000 88.244019 4.173275
v 0.000000 72.500000 -7.100000
v 0.000000 72.500000 -15.000000
v 0.000000 74.500000 -15.000000
v 0.000000 90.768341 -10.380332
v -0.000000 74.500000 -15.000000
v 0.000000 93.500000 -10.000000
v 0.000000 93.500000 -10.000000
v 0.000000 113.876595 7.822599
v 0.000000 116.000000 9.209371
v 0.000000 116.000000 10.000000
v 0.000000 90.768341 -10.380332
v 0.000000 90.768341 10.380332
v 0.000000 112.158684 5.956925
v 0.000000 93.500000 10.000000
v 0.000000 112.158684 -5.956925
v 0.000000 110.951431 -3.726567
v 0.000000 110.328743 -1.268066
v 0.000000 110.328743 1.268066
v 0.000000 110.951431 3.726567
v 0.000000 116.000000 -10.000000
v 0.000000 93.500000 -10.000000
v 0.000000 116.000000 -9.209371
v 0.000000 113.876595 -7.822599
vn -1.0000 -0.0000 -0.0000
vn -0.0000 0.2079 0.9781
vn -0.0000 -0.2079 0.9781
vn -0.0000 -0.5878 0.8090
vn -0.0000 -0.8660 0.5000
vn -0.0000 -0.9945 0.1045
vn -0.0000 -0.9511 -0.3090
vn -0.0000 -0.7431 -0.6691
vn -0.0000 -0.4067 -0.9135
vn -0.0000 -0.0000 -1.0000
vn -0.0000 0.4067 -0.9135
vn -0.0000 0.7432 -0.6691
vn -0.0000 0.9511 -0.3090
vn -0.0000 0.9945 0.1045
vn -0.0000 0.8660 0.5000
vn -0.0000 0.5878 0.8090
vn -0.3386 -0.4082 -0.8477
vn -0.3386 -0.6400 -0.6897
vn -0.3386 -0.8149 -0.4705
vn -0.3386 -0.8149 -0.4704
vn -0.3386 -0.9173 -0.2094
vn -0.3387 -0.9173 -0.2094
vn -0.3386 -0.9383 0.0703
vn -0.3387 -0.9383 0.0703
vn -0.3386 -0.8759 0.3438
vn -0.3386 -0.7356 0.5867
vn -0.3387 -0.7356 0.5866
vn -0.3386 -0.7356 0.5866
vn -0.3386 -0.5300 0.7774
vn -0.3386 -0.2773 0.8991
vn -0.3386 -0.0000 0.9409
vn -0.3386 0.2773 0.8991
vn -0.3386 0.5300 0.7774
vn -0.3386 0.7356 0.5867
vn -0.3386 0.7356 0.5866
vn -0.3386 0.8759 0.3438
vn -0.3387 0.8759 0.3438
vn -0.3386 0.9383 0.0703
vn -0.3386 0.9173 -0.2094
vn -0.3386 0.8149 -0.4705
vn -0.3386 0.6400 -0.6897
vn -0.3387 0.6400 -0.6897
vn -0.3414 0.0008 -0.9399
vn -0.3387 -0.1402 -0.9304
vn -0.3386 -0.1402 -0.9304
vn -0.3386 -0.4083 -0.8477
vn -0.3386 0.4082 -0.8477
vn -0.3386 0.1402 -0.9304
vn -0.3393 0.1410 -0.9301
vn -0.3393 0.1410 -0.9300
vn 1.0000 -0.0000 -0.0000
vn -0.0268 -0.9968 0.0747
vn 0.0134 -0.9781 0.2079
vn -0.0234 -0.9306 0.3652
vn -0.0167 -0.9134 0.4067
vn -0.0168 -0.9307 0.3653
vn -0.0000 -0.9135 0.4067
vn -0.0000 -0.7818 0.6235
vn -0.0167 -0.8089 0.5877
vn -0.0167 -0.7817 0.6234
vn -0.0234 -0.1490 -0.9886
vn 0.0134 -0.3090 -0.9510
vn -0.0268 -0.4337 -0.9006
vn -0.0212 -0.4999 -0.8658
vn -0.0212 -0.4338 -0.9008
vn 0.0067 -0.5000 -0.8660
vn -0.0100 -0.6801 -0.7330
vn -0.0145 -0.6691 -0.7431
vn -0.0145 -0.6801 -0.7330
vn -0.0201 -0.6690 -0.7430
vn 0.0267 -0.8657 -0.4998
vn -0.0278 -0.8087 -0.5876
vn -0.0279 -0.8657 -0.4998
vn 0.0112 -0.9135 -0.4067
vn -0.0179 -0.9748 -0.2225
vn -0.0145 -0.9780 -0.2079
vn -0.0145 -0.9748 -0.2225
vn -0.0090 -0.9781 -0.2079
vn 0.0122 -0.9971 0.0747
vn -0.0211 -0.9998 -0.0000
vn -0.0268 0.4337 -0.9006
vn 0.0134 0.3090 -0.9510
vn -0.0232 0.1499 -0.9884
vn -0.0165 0.1054 -0.9943
vn -0.0166 0.1499 -0.9886
vn -0.0000 0.1054 -0.9944
vn -0.0000 0.0009 -1.0000
vn -0.0000 -0.1490 -0.9888
vn -0.0167 -0.1045 -0.9944
vn -0.0234 0.9306 0.3652
vn 0.0134 0.9781 0.2079
vn -0.0268 0.9968 0.0747
vn -0.0211 0.9998 -0.0000
vn -0.0212 0.9970 0.0747
vn 0.0067 1.0000 -0.0000
vn -0.0100 0.9749 -0.2225
vn -0.0145 0.9780 -0.2079
vn -0.0145 0.9748 -0.2225
vn -0.0201 0.9779 -0.2079
vn 0.0267 0.8657 -0.4998
vn -0.0277 0.9132 -0.4066
vn -0.0279 0.8657 -0.4998
vn 0.0112 0.8090 -0.5877
vn -0.0179 0.6801 -0.7329
vn -0.0145 0.6691 -0.7431
vn -0.0145 0.6801 -0.7330
vn -0.0089 0.6691 -0.7431
vn 0.0123 0.4339 -0.9009
vn -0.0211 0.4999 -0.8658
vn -0.0268 0.5631 0.8259
vn 0.0134 0.6691 0.7431
vn -0.0234 0.7816 0.6233
vn -0.0167 0.8089 0.5877
vn -0.0168 0.7817 0.6234
vn -0.0000 0.8090 0.5878
vn -0.0000 0.9309 0.3653
vn -0.0167 0.9134 0.4067
vn -0.0334 -0.8086 0.5875
vn 0.0134 -0.6691 0.7431
vn -0.0268 -0.5631 0.8259
vn -0.0211 -0.4999 0.8658
vn -0.0212 -0.5632 0.8261
vn 0.0067 -0.5000 0.8660
vn -0.0100 -0.2947 0.9555
vn -0.0145 -0.3090 0.9510
vn -0.0145 -0.2947 0.9555
vn -0.0201 -0.3090 0.9509
vn 0.0267 -0.0000 0.9996
vn -0.0278 -0.1045 0.9941
vn -0.0279 -0.0000 0.9996
vn 0.0112 0.1045 0.9945
vn -0.0179 0.2947 0.9554
vn -0.0145 0.3090 0.9510
vn -0.0145 0.2947 0.9555
vn -0.0089 0.3090 0.9510
vn 0.0122 0.5633 0.8262
vn -0.0211 0.4999 0.8658
vn -0.0006 0.3253 0.9456
vn 0.0061 0.4540 0.8910
vn 0.0213 0.3870 0.9218
vn -0.0021 0.8641 0.5032
vn 0.0027 0.7045 0.7097
vn 0.0019 0.7071 0.7071
vn -0.0016 0.4914 0.8709
vn -0.0021 0.8642 0.5032
vn 0.0052 0.8910 0.4540
vn -0.0041 0.9657 0.2595
vn 0.0064 0.9877 0.1564
vn -0.0047 1.0000 -0.0033
vn 0.0065 0.9877 -0.1564
vn -0.0043 0.9640 -0.2659
vn 0.0055 0.8910 -0.4540
vn -0.0025 0.8608 -0.5090
vn -0.0006 0.4540 -0.8910
vn 0.0393 0.3144 -0.9485
vn 0.7072 0.7070 0.0012
vn -0.0024 0.7199 -0.6941
vn 0.0489 0.5233 -0.8507
vn -0.0011 0.7071 -0.7071
vn -0.0011 0.4861 -0.8739
vn 0.0252 0.3696 -0.9288
vn -0.0010 -0.0094 -1.0000
vn 0.0049 0.1564 -0.9877
vn 0.0257 0.0753 -0.9968
vn 0.0104 0.1548 -0.9879
vn 0.0030 0.2250 -0.9743
vn 0.0031 0.2248 -0.9744
vn -0.0006 0.2899 -0.9570
vn -0.0006 -0.3253 -0.9456
vn 0.0009 -0.2567 -0.9665
vn 0.0067 -0.1828 -0.9831
vn 0.0202 -0.1002 -0.9948
vn 0.0068 -0.1564 -0.9877
vn 0.0061 -0.4540 -0.8910
vn 0.0213 -0.3870 -0.9218
vn -0.0021 -0.8642 -0.5032
vn 0.0027 -0.7045 -0.7097
vn 0.0019 -0.7071 -0.7071
vn -0.0016 -0.4914 -0.8709
vn 0.0052 -0.8910 -0.4540
vn -0.0041 -0.9657 -0.2595
vn 0.0064 -0.9877 -0.1564
vn -0.0047 -1.0000 0.0033
vn 0.0065 -0.9877 0.1564
vn -0.0043 -0.9640 0.2659
vn 0.0055 -0.8910 0.4540
vn -0.0025 -0.8608 0.5090
vn -0.0006 -0.4540 0.8910
vn 0.0393 -0.3143 0.9485
vn 0.7072 -0.7070 -0.0014
vn -0.0024 -0.7199 0.6941
vn 0.0490 -0.5233 0.8507
vn -0.0011 -0.7071 0.7071
vn -0.0011 -0.4861 0.8739
vn 0.0252 -0.3696 0.9288
vn -0.0010 0.0094 1.0000
vn 0.0049 -0.1564 0.9877
vn 0.0257 -0.0753 0.9968
vn 0.0104 -0.1548 0.9879
vn 0.0030 -0.2247 0.9744
vn 0.0031 -0.2248 0.9744
vn -0.0006 -0.2899 0.9570
vn 0.0009 0.2567 0.9665
vn 0.0067 0.1827 0.9831
vn 0.0067 0.1828 0.9831
vn 0.0202 0.1002 0.9948
vn 0.0068 0.1564 0.9877
vn -0.9806 0.0981 -0.1698
vn -0.9806 0.0606 -0.1865
vn -0.8301 0.1723 -0.5304
vn -0.8301 0.0583 -0.5546
vn -0.5535 0.0871 -0.8283
vn -0.5534 -0.0871 -0.8283
vn -0.9806 0.0205 -0.1951
vn -0.8301 -0.0583 -0.5546
vn -0.5535 -0.0871 -0.8283
vn -0.5535 -0.2574 -0.7921
vn -0.1941 -0.3031 -0.9330
vn -0.1939 -0.4905 -0.8496
vn -0.9806 -0.0205 -0.1950
vn -0.9806 -0.0606 -0.1865
vn -0.8300 -0.1723 -0.5304
vn -0.8301 -0.2788 -0.4829
vn -0.5535 -0.4164 -0.7213
vn -0.5535 -0.5573 -0.6189
vn -0.9806 -0.0981 -0.1699
vn -0.9806 -0.1312 -0.1458
vn -0.8301 -0.3731 -0.4144
vn -0.8300 -0.4512 -0.3278
vn -0.5536 -0.6737 -0.4895
vn -0.5534 -0.7609 -0.3388
vn -0.1941 -0.8962 -0.3990
vn -0.1938 -0.9596 -0.2040
vn -0.9806 -0.1587 -0.1153
vn -0.9806 -0.1791 -0.0798
vn -0.8300 -0.5095 -0.2268
vn -0.8301 -0.5455 -0.1159
vn -0.5535 -0.8147 -0.1732
vn -0.5534 -0.8329 -0.0000
vn -0.9806 -0.1792 -0.0798
vn -0.9806 -0.1919 -0.0408
vn -0.8300 -0.5455 -0.1159
vn -0.8301 -0.5577 -0.0000
vn -0.5533 -0.8330 -0.0000
vn -0.5532 -0.8148 0.1732
vn -0.1941 -0.9596 0.2040
vn -0.1939 -0.8962 0.3990
vn -0.9806 -0.1961 -0.0000
vn -0.9806 -0.1917 0.0408
vn -0.8300 -0.5456 0.1160
vn -0.8301 -0.5095 0.2268
vn -0.5535 -0.7609 0.3388
vn -0.5534 -0.6738 0.4896
vn -0.9806 -0.1919 0.0408
vn -0.9806 -0.1792 0.0798
vn -0.8301 -0.5094 0.2268
vn -0.8300 -0.4512 0.3278
vn -0.5536 -0.6738 0.4895
vn -0.5534 -0.5573 0.6190
vn -0.1941 -0.6564 0.7290
vn -0.1940 -0.4905 0.8496
vn -0.9806 -0.1587 0.1153
vn -0.9806 -0.1312 0.1457
vn -0.8300 -0.3732 0.4144
vn -0.8301 -0.2788 0.4829
vn -0.5533 -0.4165 0.7214
vn -0.5535 -0.2574 0.7921
vn -0.9806 -0.0981 0.1699
vn -0.9806 -0.0606 0.1865
vn -0.8300 -0.1723 0.5304
vn -0.8300 -0.0583 0.5546
vn -0.5535 -0.0871 0.8283
vn -0.5534 0.0871 0.8283
vn -0.1940 0.1025 0.9756
vn -0.1941 0.3031 0.9330
vn -0.9806 -0.0205 0.1951
vn -0.9806 0.0205 0.1950
vn -0.8301 0.0583 0.5546
vn -0.8300 0.1723 0.5304
vn -0.5535 0.2574 0.7921
vn -0.5534 0.4164 0.7213
vn -0.9806 0.0205 0.1951
vn -0.9806 0.0606 0.1865
vn -0.8301 0.1723 0.5303
vn -0.8301 0.2788 0.4830
vn -0.5534 0.5573 0.6190
vn -0.1942 0.6564 0.7290
vn -0.1940 0.7937 0.5766
vn -0.9806 0.0981 0.1699
vn -0.9806 0.1312 0.1458
vn -0.8301 0.3732 0.4144
vn -0.8300 0.4513 0.3279
vn -0.5535 0.6738 0.4895
vn -0.5534 0.7609 0.3388
vn -0.9806 0.1312 0.1457
vn -0.9806 0.1586 0.1153
vn -0.8301 0.4511 0.3278
vn -0.8301 0.5093 0.2268
vn -0.5534 0.8147 0.1732
vn -0.1941 0.9595 0.2040
vn -0.1942 0.9810 -0.0000
vn -0.9806 0.1791 0.0798
vn -0.9806 0.1918 0.0408
vn -0.8300 0.5456 0.1160
vn -0.8300 0.5578 -0.0000
vn -0.5535 0.8329 -0.0000
vn -0.5534 0.8147 -0.1732
vn -0.9806 0.1961 -0.0000
vn -0.9806 0.1917 -0.0408
vn -0.8300 0.5456 -0.1160
vn -0.8300 0.5095 -0.2268
vn -0.5533 0.7610 -0.3388
vn -0.5535 0.6738 -0.4895
vn -0.1939 0.7937 -0.5766
vn -0.1940 0.6564 -0.7290
vn -0.9806 0.1791 -0.0798
vn -0.9806 0.1587 -0.1153
vn -0.8300 0.4512 -0.3278
vn -0.8300 0.3732 -0.4144
vn -0.5533 0.5574 -0.6190
vn -0.5533 0.4165 -0.7214
vn -0.9806 0.1312 -0.1458
vn -0.8301 0.3731 -0.4144
vn -0.8301 0.2788 -0.4830
vn -0.5535 0.4164 -0.7213
vn -0.5535 0.2574 -0.7921
vn -0.1941 0.3031 -0.9330
vn -0.1941 0.1034 -0.9755
vn -0.9806 -0.0205 -0.1951
vn -0.8300 -0.0583 -0.5546
vn -0.8301 -0.1723 -0.5304
vn -0.5534 -0.4165 -0.7213
vn -0.1941 -0.4905 -0.8496
vn -0.1940 -0.7936 -0.5766
vn -0.1940 -0.6564 -0.7290
vn -0.1941 -0.6564 -0.7290
vn -0.9806 -0.0981 -0.1698
vn -0.8300 -0.2789 -0.4830
vn -0.8301 -0.3732 -0.4144
vn -0.5534 -0.5573 -0.6190
vn -0.5534 -0.6738 -0.4896
vn -0.1940 -0.8962 -0.3990
vn -0.9806 -0.1312 -0.1457
vn -0.8301 -0.5093 -0.2268
vn -0.5535 -0.7609 -0.3388
vn -0.5534 -0.8147 -0.1732
vn -0.1942 -0.9595 -0.2040
vn -0.1940 -0.9596 0.2040
vn -0.1939 -0.9810 -0.0000
vn -0.1942 -0.9810 -0.0000
vn -0.1937 -0.9596 -0.2040
vn -0.9806 -0.1918 -0.0408
vn -0.8301 -0.5576 -0.0000
vn -0.8301 -0.5455 0.1159
vn -0.5537 -0.8145 0.1731
vn -0.5534 -0.7609 0.3388
vn -0.1942 -0.8962 0.3990
vn -0.1940 -0.7937 0.5766
vn -0.1942 -0.7936 0.5766
vn -0.1940 -0.8962 0.3990
vn -0.8301 -0.4511 0.3278
vn -0.8301 -0.3731 0.4144
vn -0.5535 -0.5573 0.6189
vn -0.5535 -0.4164 0.7213
vn -0.1942 -0.4905 0.8495
vn -0.1941 -0.1025 0.9756
vn -0.1941 -0.3031 0.9330
vn -0.1940 -0.3031 0.9330
vn -0.9806 -0.1312 0.1458
vn -0.8301 -0.1723 0.5304
vn -0.1941 0.1025 0.9756
vn -0.8301 -0.0583 0.5546
vn -0.5535 0.0871 0.8283
vn -0.5534 0.2574 0.7921
vn -0.1940 0.3031 0.9330
vn -0.1940 0.6564 0.7290
vn -0.1940 0.4905 0.8496
vn -0.1941 0.4905 0.8496
vn -0.1942 0.4905 0.8495
vn -0.9806 0.0981 0.1698
vn -0.8301 0.2788 0.4829
vn -0.8300 0.3732 0.4144
vn -0.5534 0.6738 0.4896
vn -0.1941 0.7936 0.5766
vn -0.1942 0.9595 0.2040
vn -0.1940 0.8962 0.3990
vn -0.1939 0.8962 0.3990
vn -0.1942 0.7936 0.5766
vn -0.9806 0.1587 0.1153
vn -0.9806 0.1792 0.0798
vn -0.8301 0.5095 0.2268
vn -0.8301 0.5455 0.1159
vn -0.5535 0.8146 0.1732
vn -0.5534 0.8329 -0.0000
vn -0.1939 0.9810 -0.0000
vn -0.1943 0.8961 -0.3990
vn -0.1940 0.9596 -0.2040
vn -0.1942 0.9595 -0.2040
vn -0.1940 0.9596 -0.2039
vn -0.1938 0.9810 -0.0000
vn -0.8301 0.5577 -0.0000
vn -0.5536 0.8146 -0.1732
vn -0.5536 0.7608 -0.3387
vn -0.1940 0.8962 -0.3990
vn -0.1943 0.7936 -0.5766
vn -0.9806 0.1918 -0.0408
vn -0.9806 0.1792 -0.0798
vn -0.8301 0.5094 -0.2268
vn -0.8301 0.4512 -0.3278
vn -0.5534 0.5573 -0.6190
vn -0.1941 0.6564 -0.7290
vn -0.1940 0.3031 -0.9330
vn -0.1940 0.4905 -0.8496
vn -0.1941 0.4905 -0.8496
vn -0.1942 0.6564 -0.7290
vn -0.1940 -0.3031 -0.9330
vn -0.1941 -0.1025 -0.9756
vn -0.1948 0.0008 -0.9808
vn -0.1871 0.1036 -0.9769
vn -0.1920 0.1026 -0.9760
vn -0.5534 0.2574 -0.7921
vn -0.8301 0.2788 -0.4829
vn -0.9806 0.0981 -0.1699
vn 0.7071 0.7071 0.0013
vn 0.7075 0.7067 0.0012
vn 0.7071 0.7072 0.0013
vn 0.7070 0.7072 0.0013
vn 0.7072 0.7070 0.0013
vn 0.7066 0.7076 0.0013
vn 0.9343 -0.3560 -0.0182
vn 0.7185 -0.6953 0.0142
vn 0.7926 -0.6097 0.0059
vn 0.8654 -0.5010 -0.0075
vn 0.7719 -0.6357 -0.0012
vn 0.7721 -0.6356 -0.0012
vn 0.9484 -0.3171 0.0029
vn 0.9880 -0.1544 -0.0006
vn 0.9998 -0.0219 0.0004
vn 0.9999 0.0127 -0.0001
vn 0.9998 -0.0220 -0.0001
vn 0.8826 -0.4702 0.0004
vn 0.9483 -0.3173 -0.0003
vn 0.9356 -0.3532 -0.0003
vn 0.9817 -0.1906 -0.0045
vn 0.9032 0.4292 -0.0000
vn 0.9568 0.2909 -0.0004
vn 0.9393 0.3430 0.0020
vn 0.9908 0.1356 -0.0007
vn 0.9836 0.1804 0.0011
vn 0.9998 -0.0219 -0.0010
vn 0.7394 0.6732 0.0012
vn 0.8280 0.5607 -0.0018
vn 0.7735 0.6338 0.0039
vn 0.9031 0.4294 -0.0011
vn 0.8687 0.4953 0.0021
vn 0.9393 0.3430 -0.0002
vn 0.7071 -0.7071 -0.0013
vn 0.7072 -0.7071 -0.0013
vn 0.7074 -0.7068 -0.0013
vn 0.7070 -0.7072 -0.0013
vn 0.7073 -0.7070 -0.0013
vn 0.7069 -0.7073 -0.0013
vn 0.9343 0.3560 0.0182
vn 0.7186 0.6953 -0.0142
vn 0.7926 0.6097 -0.0059
vn 0.8654 0.5010 0.0075
vn 0.7721 0.6355 0.0012
vn 0.7720 0.6356 0.0012
vn 0.9484 0.3171 -0.0029
vn 0.9880 0.1544 0.0006
vn 0.9998 0.0219 -0.0004
vn 0.9999 -0.0127 0.0001
vn 0.9998 0.0219 0.0001
vn 0.8826 0.4702 -0.0004
vn 0.9484 0.3172 0.0003
vn 0.9355 0.3532 0.0003
vn 0.9817 0.1906 0.0045
vn 0.9032 -0.4292 -0.0000
vn 0.9568 -0.2909 0.0004
vn 0.9393 -0.3430 -0.0020
vn 0.9908 -0.1356 0.0007
vn 0.9836 -0.1804 -0.0011
vn 0.9998 0.0219 0.0010
vn 0.7394 -0.6733 -0.0012
vn 0.8281 -0.5606 0.0018
vn 0.8280 -0.5607 0.0018
vn 0.7735 -0.6338 -0.0039
vn 0.9031 -0.4293 0.0011
vn 0.8687 -0.4953 -0.0021
vn 0.9393 -0.3431 0.0002
vn -0.0435 -0.3112 -0.9493
vn -0.0435 0.3112 0.9493
vn 0.0002 -0.0038 1.0000
vn 0.0002 -0.0037 1.0000
vn -0.0015 0.0826 0.9966
vn -0.0176 0.0240 0.9996
vn -0.0116 0.0494 0.9987
vn -0.0073 0.0725 0.9973
vn -0.0043 0.0926 0.9957
vn -0.0114 0.1858 0.9825
vn 0.0037 0.2455 0.9694
vn 0.0037 0.1712 0.9852
vn -0.0029 0.1054 0.9944
vn -0.0001 -0.1357 0.9908
vn -0.0035 -0.0993 0.9951
vn -0.0062 -0.0795 0.9968
vn -0.0101 -0.0567 0.9983
vn -0.0044 -0.0826 0.9966
vn -0.0006 -0.0289 0.9996
vn 0.0002 0.0038 -1.0000
vn 0.0002 0.0037 -1.0000
vn -0.0015 -0.0826 -0.9966
vn -0.0176 -0.0240 -0.9996
vn -0.0116 -0.0494 -0.9987
vn -0.0073 -0.0725 -0.9973
vn -0.0043 -0.0926 -0.9957
vn -0.0114 -0.1858 -0.9825
vn 0.0037 -0.2455 -0.9694
vn 0.0037 -0.1712 -0.9852
vn -0.0029 -0.1054 -0.9944
vn -0.0001 0.1357 -0.9908
vn -0.0035 0.0993 -0.9951
vn -0.0062 0.0795 -0.9968
vn -0.0101 0.0567 -0.9983
vn -0.0044 0.0826 -0.9966
vn -0.0006 0.0289 -0.9996
vn -0.0000 -0.2848 -0.9586
vn -0.0000 -0.4017 -0.9158
vn -0.0000 -0.5469 -0.8372
vn -0.0000 -0.6773 -0.7357
vn -0.0000 -0.7891 -0.6142
vn -0.0000 -0.8795 -0.4759
vn -0.0000 -0.9458 -0.3247
vn -0.0000 -0.9864 -0.1646
vn -0.0000 -1.0000 -0.0000
vn -0.0000 -0.9864 0.1646
vn -0.0000 -0.9458 0.3247
vn -0.0000 -0.8795 0.4759
vn -0.0000 -0.7891 0.6142
vn -0.0000 -0.6773 0.7357
vn -0.0000 -0.5469 0.8372
vn -0.0000 -0.4017 0.9158
vn -0.0000 -0.3132 0.9497
vn -0.0021 -0.2455 0.9694
vn 0.0001 -0.2330 0.9725
vn 0.0001 -0.2331 0.9725
vn -0.0000 0.2848 0.9586
vn -0.0000 0.4017 0.9158
vn -0.0000 0.5470 0.8372
vn -0.0000 0.5469 0.8372
vn -0.0000 0.6773 0.7357
vn -0.0000 0.7891 0.6142
vn -0.0000 0.8795 0.4759
vn -0.0000 0.9458 0.3247
vn -0.0000 0.9864 0.1646
vn -0.0000 1.0000 -0.0000
vn -0.0000 0.9864 -0.1646
vn -0.0000 0.9458 -0.3247
vn -0.0000 0.8795 -0.4759
vn -0.0000 0.7891 -0.6142
vn -0.0000 0.6773 -0.7357
vn -0.0000 0.5469 -0.8372
vn -0.0000 0.5470 -0.8372
vn -0.0000 0.4017 -0.9158
vn -0.0000 0.3132 -0.9497
vn -0.0021 0.2455 -0.9694
vn 0.0001 0.2330 -0.9725
vn -0.0000 -0.0000 1.0000
vn -0.0000 0.0785 0.9969
vn -0.0000 0.2334 0.9724
vn -0.0000 0.3827 0.9239
vn -0.0000 0.5225 0.8526
vn -0.0000 0.6494 0.7604
vn -0.0000 0.7604 0.6494
vn -0.0000 0.8526 0.5225
vn -0.0000 0.9239 0.3827
vn -0.0000 0.9724 0.2335
vn -0.0000 0.9969 0.0785
vn -0.0000 1.0000 -0.0012
vn -0.0000 0.9969 -0.0785
vn -0.0000 0.9724 -0.2335
vn -0.0000 0.9239 -0.3827
vn -0.0000 0.8526 -0.5225
vn -0.0000 0.7604 -0.6494
vn -0.0000 0.6494 -0.7604
vn -0.0000 0.5225 -0.8526
vn -0.0000 0.3827 -0.9239
vn -0.0000 0.2334 -0.9724
vn -0.0000 0.0785 -0.9969
vn -0.0000 -0.0002 -1.0000
vn -0.0000 0.2588 -0.9659
vn -0.0000 -0.2588 -0.9659
vn -0.0000 -0.7071 -0.7071
vn -0.0000 -0.9659 -0.2588
vn -0.0000 -0.9659 0.2588
vn -0.0000 -0.7071 0.7071
vn -0.0000 -0.2588 0.9659
vn -0.0000 0.2588 0.9659
vn -0.0000 0.7071 0.7071
vn -0.0000 0.9659 0.2588
vn -0.0000 0.9659 -0.2588
vn -0.0000 0.7071 -0.7071
vn 0.8491 -0.3735 0.3735
vn 0.8491 -0.1367 0.5102
vn 0.8491 -0.3735 -0.3735
vn 0.8491 -0.5102 -0.1367
vn 0.8491 -0.5102 0.1367
vn 0.8491 0.3735 -0.3735
vn 0.8491 0.1367 -0.5102
vn 0.8491 -0.1367 -0.5102
vn 0.8491 0.3735 0.3735
vn 0.8491 0.5102 0.1367
vn 0.8491 0.5102 -0.1367
vn 0.8491 0.1367 0.5102
vn -0.0000 0.2393 -0.9709
vn -0.0000 -0.2393 -0.9709
vn -0.0000 -0.6631 -0.7485
vn -0.0000 -0.9350 -0.3546
vn -0.0000 -0.9927 0.1205
vn -0.0000 -0.8230 0.5681
vn -0.0000 -0.4647 0.8855
vn -0.0000 0.4647 0.8855
vn -0.0000 0.8230 0.5681
vn -0.0000 0.9927 0.1205
vn -0.0000 0.9350 -0.3546
vn -0.0000 0.6631 -0.7485
vn -0.0289 0.9754 0.2187
vn 0.0198 0.9943 0.1045
vn 0.0200 0.9759 0.2175
vn -0.0358 0.7882 0.6144
vn 0.0210 0.8658 0.4999
vn 0.0212 0.7911 0.6114
vn -0.0195 0.5877 0.8089
vn 0.0217 0.4563 0.8896
vn -0.0197 0.2079 0.9780
vn 0.0216 0.0345 0.9992
vn -0.0194 -0.2079 0.9780
vn 0.0211 -0.3943 0.9187
vn -0.0188 -0.5877 0.8089
vn 0.0204 -0.7483 0.6630
vn -0.0181 -0.8659 0.4999
vn 0.0196 -0.9596 0.2805
vn 0.0196 -0.9596 0.2806
vn -0.0174 -0.9944 0.1045
vn 0.0188 -0.9876 -0.1556
vn -0.0166 -0.9509 -0.3090
vn 0.0180 -0.8270 -0.5618
vn -0.0157 -0.7431 -0.6690
vn 0.0170 -0.5088 -0.8607
vn -0.0146 -0.4067 -0.9134
vn 0.0158 -0.0939 -0.9955
vn -0.0111 0.4067 -0.9135
vn 0.0141 0.3384 -0.9409
vn 0.0133 -0.0000 -0.9999
vn -0.1117 0.3232 -0.9397
vn -0.0082 0.7431 -0.6691
vn 0.0118 0.7063 -0.7078
vn 0.0012 0.9980 -0.0639
vn -0.0047 0.9510 -0.3090
vn 0.0087 0.9402 -0.3404
vn -0.0000 -0.1951 0.9808
vn -0.0000 -0.5556 0.8315
vn -0.0000 -0.8315 0.5556
vn -0.0000 -0.9808 0.1951
vn -0.0000 -0.9808 -0.1951
vn -0.0000 -0.8315 -0.5556
vn -0.0000 -0.5556 -0.8315
vn -0.0000 -0.1951 -0.9808
vn -0.8772 0.4802 -0.0000
vn -0.8772 0.4801 -0.0000
vn -0.9303 0.3668 -0.0000
vn -0.9243 0.3815 0.0102
vn -0.9875 0.1575 -0.0084
vn -0.9921 0.1249 -0.0084
vn -0.9866 0.1621 0.0206
vn -0.9998 0.0212 -0.0000
vn -0.0000 0.1543 -0.9880
vn -0.0008 0.1564 -0.9877
vn 0.0008 0.4478 -0.8941
vn -0.0014 0.4540 -0.8910
vn 0.0013 0.6991 -0.7150
vn 0.0013 0.6990 -0.7151
vn -0.0018 0.7071 -0.7071
vn 0.0018 0.8838 -0.4678
vn -0.0022 0.8910 -0.4540
vn 0.0022 0.9844 -0.1759
vn -0.0026 0.9877 -0.1564
vn 0.0026 0.9911 0.1331
vn 0.0026 0.9911 0.1330
vn -0.0032 0.9877 0.1564
vn 0.0031 0.9031 0.4294
vn -0.0039 0.8910 0.4540
vn 0.0039 0.7287 0.6848
vn -0.0049 0.7071 0.7071
vn 0.0049 0.4845 0.8748
vn 0.0049 0.4844 0.8748
vn -0.0064 0.4540 0.8910
vn 0.0064 0.1936 0.9811
vn -0.0087 0.1564 0.9877
vn -0.0000 0.0217 0.9998
vn -0.9932 -0.1168 -0.0000
vn -0.9931 -0.1169 -0.0000
vn -0.9931 -0.1168 -0.0000
vn -0.8771 0.4803 -0.0000
vn -0.8773 0.4799 -0.0000
vn -0.8771 0.4802 -0.0000
vn -0.9254 0.3790 -0.0000
vn -0.9302 0.3668 -0.0090
vn -0.9676 0.2526 0.0007
vn -0.9922 0.1249 -0.0000
vn -0.9930 0.1176 -0.0063
vn -0.9676 0.2525 0.0007
vn -0.0000 0.1305 0.9914
vn -0.0285 0.9629 0.2685
vn -0.0192 0.6086 0.7932
vn 0.0416 0.6857 0.7267
vn -0.0283 0.9235 0.3825
vn 0.0657 0.9573 0.2815
vn -0.0241 0.8624 0.5057
vn -0.0239 0.7931 0.6086
vn 0.0525 0.8504 0.5236
vn -0.0194 0.7033 0.7106
vn 0.0779 0.9968 0.0158
vn -0.0302 0.9910 0.1305
vn -0.0304 0.9994 0.0149
vn 0.0306 0.9910 -0.1305
vn -0.0284 0.9705 -0.2396
vn 0.0272 0.9235 -0.3825
vn -0.0240 0.8771 -0.4797
vn 0.0222 0.7932 -0.6086
vn -0.0192 0.7244 -0.6892
vn 0.0176 0.6087 -0.7932
vn -0.0152 0.5219 -0.8529
vn 0.0140 0.3826 -0.9238
vn -0.0000 0.3303 -0.9439
vn -0.0000 0.1305 -0.9914
vn -0.0121 0.5077 0.8614
vn 0.0140 0.3826 0.9238
vn -0.0000 0.3303 0.9439
vn -0.0000 0.5468 0.8373
vn -0.0000 0.7356 0.6774
vn -0.0000 0.8794 0.4760
vn -0.0000 0.9694 0.2455
vn -0.0000 0.9694 -0.2455
vn -0.0000 0.8794 -0.4760
vn -0.0000 0.7356 -0.6774
vn -0.0000 0.5468 -0.8373
vn -0.0000 0.1379 0.9904
vn -0.0291 0.0218 0.9993
vn -0.0000 0.1589 0.9873
vn -0.0000 0.2732 0.9620
vn -0.0000 -0.1564 0.9877
vn -0.0000 -0.4368 0.8996
vn -0.0036 -0.4540 0.8910
vn -0.0000 -0.5723 0.8201
vn -0.0041 -0.4368 -0.8996
vn -0.0000 -0.4540 -0.8910
vn -0.0000 -0.1564 -0.9877
vn -0.0000 -0.5722 0.8201
vn -0.0000 -0.8910 0.4540
vn -0.0000 -0.9877 0.1564
vn -0.0000 -0.9877 -0.1564
vn -0.0000 -0.8910 -0.4540
vn -0.0000 -0.5722 -0.8201
vn -0.0000 -0.5721 -0.8201
vn -0.0000 0.2732 -0.9620
vn -0.0000 0.1169 -0.9931
vn -0.0044 0.1379 -0.9904
vn -0.0000 0.2527 -0.9675
s 0
f 1//1 2//1 3//1
f 3//1 2//1 4//1
f 3//1 4//1 5//1
f 4//1 6//1 5//1
f 5//1 6//1 7//1
f 5//1 7//1 8//1
f 8//1 7//1 9//1
f 8//1 9//1 10//1
f 10//1 9//1 11//1
f 10//1 11//1 12//1
f 13//1 14//1 15//1
f 15//1 14//1 16//1
f 15//1 16//1 17//1
f 17//1 16//1 18//1
f 17//1 18//1 19//1
f 20//1 21//1 22//1
f 22//1 21//1 23//1
f 22//1 23//1 24//1
f 24//1 23//1 25//1
f 24//1 25//1 1//1
f 1//1 25//1 26//1
f 1//1 26//1 2//1
f 18//1 27//1 19//1
f 19//1 27//1 28//1
f 19//1 28//1 29//1
f 29//1 28//1 30//1
f 29//1 30//1 20//1
f 20//1 30//1 31//1
f 20//1 31//1 21//1
f 11//1 32//1 12//1
f 12//1 32//1 33//1
f 12//1 33//1 34//1
f 34//1 33//1 35//1
f 34//1 35//1 13//1
f 13//1 35//1 36//1
f 13//1 36//1 14//1
f 19//2 37//2 17//2
f 17//3 37//3 38//3
f 17//3 38//3 15//3
f 15//4 38//4 39//4
f 15//4 39//4 13//4
f 13//5 39//5 40//5
f 13//5 40//5 34//5
f 34//6 40//6 41//6
f 34//6 41//6 12//6
f 12//7 41//7 42//7
f 12//7 42//7 10//7
f 10//8 42//8 43//8
f 10//8 43//8 8//8
f 8//9 43//9 44//9
f 8//9 44//9 5//9
f 5//10 44//10 45//10
f 5//10 45//10 3//10
f 3//11 45//11 46//11
f 3//11 46//11 1//11
f 1//12 46//12 47//12
f 1//12 47//12 24//12
f 24//13 47//13 48//13
f 24//13 48//13 22//13
f 22//14 48//14 49//14
f 22//14 49//14 20//14
f 20//15 49//15 50//15
f 20//15 50//15 29//15
f 29//16 50//16 51//16
f 29//16 51//16 19//16
f 19//2 51//2 37//2
f 28//17 27//17 52//17
f 52//17 53//17 28//17
f 28//18 53//18 54//18
f 28//18 54//18 30//18
f 54//18 55//18 30//18
f 30//19 55//19 56//19
f 30//19 56//19 31//19
f 56//20 57//20 31//20
f 31//21 57//21 58//21
f 31//21 58//21 21//21
f 58//22 59//22 21//22
f 21//23 59//23 60//23
f 21//23 60//23 23//23
f 60//24 61//24 23//24
f 23//25 61//25 62//25
f 23//25 62//25 25//25
f 62//25 63//25 25//25
f 25//26 63//26 64//26
f 25//27 64//27 26//27
f 64//28 65//28 26//28
f 26//29 65//29 66//29
f 26//29 66//29 2//29
f 66//29 67//29 2//29
f 2//30 67//30 68//30
f 2//30 68//30 4//30
f 68//30 69//30 4//30
f 4//31 69//31 70//31
f 4//31 70//31 6//31
f 70//31 71//31 6//31
f 6//32 71//32 72//32
f 6//32 72//32 7//32
f 72//32 73//32 7//32
f 7//33 73//33 74//33
f 7//33 74//33 9//33
f 74//33 75//33 9//33
f 9//34 75//34 76//34
f 9//35 76//35 11//35
f 76//34 77//34 11//34
f 11//36 77//36 78//36
f 11//36 78//36 32//36
f 78//37 79//37 32//37
f 32//38 79//38 80//38
f 32//38 80//38 33//38
f 80//38 81//38 33//38
f 33//39 81//39 82//39
f 33//39 82//39 35//39
f 82//39 83//39 35//39
f 35//40 83//40 84//40
f 35//40 84//40 36//40
f 84//40 85//40 36//40
f 36//41 85//41 86//41
f 36//42 86//42 14//42
f 87//43 88//43 18//43
f 18//44 88//44 89//44
f 18//45 89//45 27//45
f 27//44 89//44 90//44
f 27//46 90//46 52//46
f 86//41 91//41 14//41
f 14//47 91//47 92//47
f 14//47 92//47 16//47
f 16//47 92//47 93//47
f 16//48 93//48 18//48
f 18//49 93//49 94//49
f 18//50 94//50 87//50
f 50//51 95//51 51//51
f 51//51 95//51 96//51
f 51//51 96//51 37//51
f 37//51 96//51 97//51
f 37//51 97//51 38//51
f 47//51 98//51 48//51
f 48//51 98//51 99//51
f 48//51 99//51 49//51
f 49//51 99//51 100//51
f 49//51 100//51 50//51
f 50//51 100//51 101//51
f 50//51 101//51 95//51
f 44//51 102//51 45//51
f 45//51 102//51 103//51
f 45//51 103//51 46//51
f 46//51 103//51 104//51
f 46//51 104//51 47//51
f 47//51 104//51 105//51
f 47//51 105//51 98//51
f 41//51 106//51 42//51
f 42//51 106//51 107//51
f 42//51 107//51 43//51
f 43//51 107//51 108//51
f 43//51 108//51 44//51
f 44//51 108//51 109//51
f 44//51 109//51 102//51
f 97//51 110//51 38//51
f 38//51 110//51 111//51
f 38//51 111//51 39//51
f 39//51 111//51 112//51
f 39//51 112//51 40//51
f 40//51 112//51 113//51
f 40//51 113//51 41//51
f 41//51 113//51 114//51
f 41//51 114//51 106//51
f 60//52 115//52 61//52
f 61//53 115//53 116//53
f 61//54 116//54 62//54
f 62//55 116//55 117//55
f 62//56 117//56 63//56
f 63//57 117//57 118//57
f 63//58 118//58 64//58
f 64//59 118//59 119//59
f 64//60 119//60 65//60
f 89//61 120//61 90//61
f 90//62 120//62 121//62
f 90//63 121//63 52//63
f 52//64 121//64 122//64
f 52//65 122//65 53//65
f 53//66 122//66 123//66
f 53//67 123//67 54//67
f 54//68 123//68 124//68
f 54//69 124//69 55//69
f 55//70 124//70 125//70
f 55//71 125//71 56//71
f 56//72 125//72 126//72
f 56//73 126//73 57//73
f 57//74 126//74 127//74
f 57//75 127//75 58//75
f 58//76 127//76 128//76
f 58//77 128//77 59//77
f 59//78 128//78 129//78
f 59//79 129//79 60//79
f 60//80 129//80 130//80
f 60//80 130//80 115//80
f 92//81 131//81 93//81
f 93//82 131//82 132//82
f 93//83 132//83 94//83
f 94//84 132//84 133//84
f 94//85 133//85 87//85
f 87//86 133//86 134//86
f 87//87 134//87 88//87
f 88//87 134//87 135//87
f 88//88 135//88 89//88
f 89//89 135//89 136//89
f 89//89 136//89 120//89
f 78//90 137//90 79//90
f 79//91 137//91 138//91
f 79//92 138//92 80//92
f 80//93 138//93 139//93
f 80//94 139//94 81//94
f 81//95 139//95 140//95
f 81//96 140//96 82//96
f 82//97 140//97 141//97
f 82//98 141//98 83//98
f 83//99 141//99 142//99
f 83//100 142//100 84//100
f 84//101 142//101 143//101
f 84//102 143//102 85//102
f 85//103 143//103 144//103
f 85//104 144//104 86//104
f 86//105 144//105 145//105
f 86//106 145//106 91//106
f 91//107 145//107 146//107
f 91//108 146//108 92//108
f 92//109 146//109 147//109
f 92//109 147//109 131//109
f 74//110 148//110 75//110
f 75//111 148//111 149//111
f 75//112 149//112 76//112
f 76//113 149//113 150//113
f 76//114 150//114 77//114
f 77//115 150//115 151//115
f 77//116 151//116 78//116
f 78//117 151//117 152//117
f 78//117 152//117 137//117
f 119//118 153//118 65//118
f 65//119 153//119 154//119
f 65//120 154//120 66//120
f 66//121 154//121 155//121
f 66//122 155//122 67//122
f 67//123 155//123 156//123
f 67//124 156//124 68//124
f 68//125 156//125 157//125
f 68//126 157//126 69//126
f 69//127 157//127 158//127
f 69//128 158//128 70//128
f 70//129 158//129 159//129
f 70//130 159//130 71//130
f 71//131 159//131 160//131
f 71//132 160//132 72//132
f 72//133 160//133 161//133
f 72//134 161//134 73//134
f 73//135 161//135 162//135
f 73//136 162//136 74//136
f 74//137 162//137 163//137
f 74//137 163//137 148//137
f 164//138 96//138 165//138
f 165//139 96//139 95//139
f 165//140 95//140 166//140
f 167//141 168//141 101//141
f 101//142 168//142 169//142
f 101//143 169//143 95//143
f 95//144 169//144 170//144
f 95//144 170//144 166//144
f 167//145 101//145 171//145
f 171//146 101//146 100//146
f 171//147 100//147 172//147
f 172//147 100//147 173//147
f 173//148 100//148 174//148
f 173//149 174//149 175//149
f 175//149 174//149 176//149
f 176//150 174//150 98//150
f 176//151 98//151 177//151
f 177//151 98//151 178//151
f 178//152 98//152 105//152
f 178//153 105//153 179//153
f 103//154 180//154 104//154
f 104//155 180//155 181//155
f 182//156 179//156 183//156
f 183//157 179//157 105//157
f 183//158 105//158 184//158
f 184//159 105//159 104//159
f 184//160 104//160 185//160
f 185//161 104//161 181//161
f 186//162 187//162 102//162
f 102//163 187//163 103//163
f 103//164 187//164 188//164
f 103//165 188//165 189//165
f 189//166 190//166 103//166
f 103//167 190//167 191//167
f 103//168 191//168 180//168
f 192//169 193//169 109//169
f 109//170 193//170 194//170
f 109//171 194//171 195//171
f 195//171 196//171 109//171
f 109//172 196//172 197//172
f 109//173 197//173 102//173
f 102//162 197//162 198//162
f 102//162 198//162 186//162
f 192//169 109//169 199//169
f 199//174 109//174 108//174
f 199//175 108//175 200//175
f 201//176 202//176 107//176
f 107//177 202//177 203//177
f 107//178 203//178 108//178
f 108//179 203//179 204//179
f 108//179 204//179 200//179
f 201//176 107//176 205//176
f 205//180 107//180 106//180
f 205//181 106//181 206//181
f 206//181 106//181 207//181
f 207//182 106//182 208//182
f 207//183 208//183 209//183
f 209//183 208//183 210//183
f 210//184 208//184 113//184
f 210//185 113//185 211//185
f 211//185 113//185 212//185
f 212//186 113//186 112//186
f 212//187 112//187 213//187
f 110//188 214//188 111//188
f 111//189 214//189 215//189
f 216//190 213//190 217//190
f 217//191 213//191 112//191
f 217//192 112//192 218//192
f 218//193 112//193 111//193
f 218//194 111//194 219//194
f 219//195 111//195 215//195
f 220//196 221//196 97//196
f 97//197 221//197 110//197
f 110//198 221//198 222//198
f 110//199 222//199 223//199
f 223//200 224//200 110//200
f 110//201 224//201 225//201
f 110//202 225//202 214//202
f 164//138 226//138 96//138
f 96//203 226//203 227//203
f 96//204 227//204 228//204
f 228//205 229//205 96//205
f 96//206 229//206 230//206
f 96//207 230//207 97//207
f 97//196 230//196 231//196
f 97//196 231//196 220//196
f 232//208 233//208 234//208
f 234//209 233//209 235//209
f 234//210 235//210 236//210
f 236//211 235//211 237//211
f 236//212 237//212 238//212
f 238//213 237//213 239//213
f 233//209 240//209 235//209
f 235//214 240//214 241//214
f 235//211 241//211 237//211
f 237//215 241//215 242//215
f 237//216 242//216 239//216
f 239//217 242//217 243//217
f 239//218 243//218 121//218
f 121//219 243//219 122//219
f 244//220 245//220 246//220
f 246//221 245//221 247//221
f 246//222 247//222 248//222
f 248//223 247//223 249//223
f 248//224 249//224 250//224
f 250//225 249//225 251//225
f 252//226 253//226 254//226
f 254//227 253//227 255//227
f 254//228 255//228 256//228
f 256//229 255//229 257//229
f 256//230 257//230 258//230
f 258//231 257//231 259//231
f 258//232 259//232 127//232
f 127//233 259//233 128//233
f 260//234 261//234 262//234
f 262//235 261//235 263//235
f 262//236 263//236 264//236
f 264//237 263//237 265//237
f 264//238 265//238 266//238
f 266//239 265//239 267//239
f 261//240 268//240 263//240
f 263//241 268//241 269//241
f 263//242 269//242 265//242
f 265//243 269//243 270//243
f 265//244 270//244 267//244
f 267//245 270//245 271//245
f 267//246 271//246 116//246
f 116//247 271//247 117//247
f 272//248 273//248 274//248
f 274//249 273//249 275//249
f 274//250 275//250 276//250
f 276//251 275//251 277//251
f 276//252 277//252 278//252
f 278//253 277//253 279//253
f 273//254 280//254 275//254
f 275//255 280//255 281//255
f 275//256 281//256 277//256
f 277//257 281//257 282//257
f 277//258 282//258 279//258
f 279//259 282//259 283//259
f 279//260 283//260 154//260
f 154//261 283//261 155//261
f 284//262 285//262 286//262
f 286//263 285//263 287//263
f 286//264 287//264 288//264
f 288//265 287//265 289//265
f 288//266 289//266 290//266
f 290//267 289//267 291//267
f 292//268 293//268 294//268
f 294//269 293//269 295//269
f 294//270 295//270 296//270
f 296//271 295//271 297//271
f 296//272 297//272 298//272
f 298//273 297//273 299//273
f 298//274 299//274 160//274
f 160//275 299//275 161//275
f 300//276 301//276 302//276
f 302//277 301//277 303//277
f 302//278 303//278 304//278
f 304//279 303//279 305//279
f 304//280 305//280 306//280
f 306//281 305//281 307//281
f 301//282 308//282 303//282
f 303//283 308//283 309//283
f 303//284 309//284 305//284
f 305//285 309//285 310//285
f 305//281 310//281 307//281
f 307//286 310//286 311//286
f 307//287 311//287 149//287
f 149//288 311//288 150//288
f 312//289 313//289 314//289
f 314//290 313//290 315//290
f 314//291 315//291 316//291
f 316//292 315//292 317//292
f 316//293 317//293 318//293
f 318//294 317//294 319//294
f 313//295 320//295 315//295
f 315//296 320//296 321//296
f 315//297 321//297 317//297
f 317//298 321//298 322//298
f 317//294 322//294 319//294
f 319//299 322//299 323//299
f 319//300 323//300 138//300
f 138//301 323//301 139//301
f 324//302 325//302 326//302
f 326//303 325//303 327//303
f 326//304 327//304 328//304
f 328//305 327//305 329//305
f 328//306 329//306 330//306
f 330//307 329//307 331//307
f 332//308 333//308 334//308
f 334//309 333//309 335//309
f 334//310 335//310 336//310
f 336//311 335//311 337//311
f 336//312 337//312 338//312
f 338//313 337//313 339//313
f 338//314 339//314 144//314
f 144//315 339//315 145//315
f 340//316 341//316 342//316
f 342//317 341//317 343//317
f 342//318 343//318 344//318
f 344//319 343//319 345//319
f 344//320 345//320 346//320
f 346//321 345//321 347//321
f 341//317 348//317 343//317
f 343//322 348//322 349//322
f 343//323 349//323 345//323
f 345//324 349//324 350//324
f 345//325 350//325 347//325
f 347//326 350//326 351//326
f 347//327 351//327 132//327
f 132//328 351//328 133//328
f 240//214 244//214 241//214
f 241//329 244//329 246//329
f 241//330 246//330 242//330
f 242//331 246//331 248//331
f 242//217 248//217 243//217
f 243//332 248//332 250//332
f 243//333 250//333 122//333
f 126//334 125//334 251//334
f 251//335 125//335 124//335
f 251//335 124//335 250//335
f 250//336 124//336 123//336
f 250//333 123//333 122//333
f 245//221 252//221 247//221
f 247//337 252//337 254//337
f 247//338 254//338 249//338
f 249//339 254//339 256//339
f 249//340 256//340 251//340
f 251//341 256//341 258//341
f 251//334 258//334 126//334
f 126//342 258//342 127//342
f 253//343 260//343 255//343
f 255//234 260//234 262//234
f 255//229 262//229 257//229
f 257//344 262//344 264//344
f 257//345 264//345 259//345
f 259//346 264//346 266//346
f 259//347 266//347 128//347
f 116//348 115//348 267//348
f 267//349 115//349 130//349
f 267//350 130//350 266//350
f 266//350 130//350 129//350
f 266//351 129//351 128//351
f 268//352 272//352 269//352
f 269//248 272//248 274//248
f 269//353 274//353 270//353
f 270//354 274//354 276//354
f 270//355 276//355 271//355
f 271//356 276//356 278//356
f 271//357 278//357 117//357
f 154//260 153//260 279//260
f 279//358 153//358 119//358
f 279//359 119//359 278//359
f 278//359 119//359 118//359
f 278//360 118//360 117//360
f 280//255 284//255 281//255
f 281//262 284//262 286//262
f 281//361 286//361 282//361
f 282//362 286//362 288//362
f 282//363 288//363 283//363
f 283//364 288//364 290//364
f 283//365 290//365 155//365
f 159//366 158//366 291//366
f 291//367 158//367 157//367
f 291//367 157//367 290//367
f 290//368 157//368 156//368
f 290//261 156//261 155//261
f 285//369 292//369 287//369
f 287//268 292//268 294//268
f 287//265 294//265 289//265
f 289//370 294//370 296//370
f 289//267 296//267 291//267
f 291//272 296//272 298//272
f 291//366 298//366 159//366
f 159//371 298//371 160//371
f 293//269 300//269 295//269
f 295//276 300//276 302//276
f 295//372 302//372 297//372
f 297//278 302//278 304//278
f 297//373 304//373 299//373
f 299//374 304//374 306//374
f 299//375 306//375 161//375
f 149//376 148//376 307//376
f 307//377 148//377 163//377
f 307//378 163//378 306//378
f 306//379 163//379 162//379
f 306//275 162//275 161//275
f 308//283 312//283 309//283
f 309//380 312//380 314//380
f 309//381 314//381 310//381
f 310//382 314//382 316//382
f 310//286 316//286 311//286
f 311//383 316//383 318//383
f 311//384 318//384 150//384
f 138//385 137//385 319//385
f 319//386 137//386 152//386
f 319//387 152//387 318//387
f 318//386 152//386 151//386
f 318//388 151//388 150//388
f 320//389 324//389 321//389
f 321//390 324//390 326//390
f 321//391 326//391 322//391
f 322//392 326//392 328//392
f 322//393 328//393 323//393
f 323//394 328//394 330//394
f 323//395 330//395 139//395
f 143//396 142//396 331//396
f 331//397 142//397 141//397
f 331//398 141//398 330//398
f 330//399 141//399 140//399
f 330//400 140//400 139//400
f 325//303 332//303 327//303
f 327//308 332//308 334//308
f 327//401 334//401 329//401
f 329//310 334//310 336//310
f 329//402 336//402 331//402
f 331//403 336//403 338//403
f 331//404 338//404 143//404
f 143//405 338//405 144//405
f 333//406 340//406 335//406
f 335//407 340//407 342//407
f 335//408 342//408 337//408
f 337//409 342//409 344//409
f 337//313 344//313 339//313
f 339//410 344//410 346//410
f 339//411 346//411 145//411
f 132//412 131//412 347//412
f 347//413 131//413 147//413
f 347//414 147//414 346//414
f 346//413 147//413 146//413
f 346//415 146//415 145//415
f 121//416 120//416 239//416
f 239//417 120//417 136//417
f 239//417 136//417 238//417
f 238//417 136//417 135//417
f 238//418 135//418 134//418
f 134//419 133//419 238//419
f 238//420 133//420 351//420
f 238//212 351//212 236//212
f 236//421 351//421 350//421
f 236//210 350//210 234//210
f 234//422 350//422 349//422
f 234//423 349//423 232//423
f 232//322 349//322 348//322
f 352//51 353//51 354//51
f 352//51 354//51 355//51
f 355//51 354//51 356//51
f 355//51 356//51 357//51
f 357//51 356//51 358//51
f 357//51 358//51 359//51
f 359//51 358//51 360//51
f 359//51 360//51 361//51
f 361//51 360//51 362//51
f 361//51 362//51 363//51
f 363//51 362//51 364//51
f 363//51 364//51 365//51
f 365//51 364//51 366//51
f 365//51 366//51 367//51
f 367//51 366//51 368//51
f 367//51 368//51 369//51
f 169//424 168//424 352//424
f 172//424 173//424 352//424
f 352//425 173//425 175//425
f 352//426 175//426 353//426
f 353//427 175//427 176//427
f 353//424 176//424 177//424
f 168//424 167//424 352//424
f 352//424 167//424 171//424
f 352//427 171//427 172//427
f 177//427 178//427 353//427
f 353//424 178//424 179//424
f 353//428 179//428 182//428
f 370//424 165//424 371//424
f 371//427 165//427 166//427
f 371//424 166//424 372//424
f 372//424 166//424 352//424
f 352//424 166//424 170//424
f 352//428 170//428 169//428
f 373//424 374//424 185//424
f 185//429 374//429 375//429
f 185//424 375//424 184//424
f 184//424 375//424 353//424
f 184//424 353//424 183//424
f 183//424 353//424 182//424
f 194//430 376//430 195//430
f 195//431 376//431 377//431
f 195//432 377//432 378//432
f 194//433 193//433 376//433
f 376//434 193//434 192//434
f 376//435 192//435 199//435
f 379//436 380//436 197//436
f 197//437 380//437 381//437
f 197//438 381//438 198//438
f 198//439 381//439 382//439
f 198//440 382//440 186//440
f 378//441 383//441 195//441
f 195//442 383//442 379//442
f 195//443 379//443 196//443
f 196//444 379//444 197//444
f 190//445 189//445 384//445
f 384//446 189//446 188//446
f 384//447 188//447 385//447
f 385//448 188//448 187//448
f 385//449 187//449 386//449
f 386//450 187//450 186//450
f 386//439 186//439 387//439
f 387//439 186//439 382//439
f 373//451 185//451 181//451
f 181//452 180//452 373//452
f 373//452 180//452 191//452
f 373//453 191//453 388//453
f 388//454 191//454 190//454
f 388//455 190//455 389//455
f 389//456 190//456 384//456
f 390//51 391//51 392//51
f 390//51 392//51 393//51
f 393//51 392//51 394//51
f 393//51 394//51 395//51
f 395//51 394//51 396//51
f 395//51 396//51 397//51
f 397//51 396//51 398//51
f 397//51 398//51 399//51
f 399//51 398//51 400//51
f 399//51 400//51 401//51
f 401//51 400//51 402//51
f 401//51 402//51 403//51
f 403//51 402//51 404//51
f 403//51 404//51 405//51
f 405//51 404//51 406//51
f 405//51 406//51 407//51
f 203//457 202//457 390//457
f 206//457 207//457 390//457
f 390//458 207//458 209//458
f 390//457 209//457 391//457
f 391//459 209//459 210//459
f 391//457 210//457 211//457
f 202//460 201//460 390//460
f 390//457 201//457 205//457
f 390//461 205//461 206//461
f 211//460 212//460 391//460
f 391//457 212//457 213//457
f 391//460 213//460 216//460
f 376//457 199//457 408//457
f 408//462 199//462 200//462
f 408//457 200//457 409//457
f 409//457 200//457 390//457
f 390//457 200//457 204//457
f 390//460 204//460 203//460
f 410//457 411//457 219//457
f 219//462 411//462 412//462
f 219//457 412//457 218//457
f 218//457 412//457 391//457
f 218//457 391//457 217//457
f 217//457 391//457 216//457
f 227//463 370//463 228//463
f 228//464 370//464 413//464
f 228//465 413//465 414//465
f 227//466 226//466 370//466
f 370//467 226//467 164//467
f 370//468 164//468 165//468
f 415//469 416//469 230//469
f 230//470 416//470 417//470
f 230//471 417//471 231//471
f 231//472 417//472 418//472
f 231//473 418//473 220//473
f 414//474 419//474 228//474
f 228//475 419//475 415//475
f 228//476 415//476 229//476
f 229//477 415//477 230//477
f 224//478 223//478 420//478
f 420//479 223//479 222//479
f 420//480 222//480 421//480
f 421//481 222//481 221//481
f 421//482 221//482 422//482
f 422//483 221//483 220//483
f 422//472 220//472 423//472
f 423//472 220//472 418//472
f 410//484 219//484 215//484
f 215//485 214//485 410//485
f 410//486 214//486 225//486
f 410//487 225//487 424//487
f 424//488 225//488 224//488
f 424//489 224//489 425//489
f 425//490 224//490 420//490
f 280//1 426//1 284//1
f 284//1 426//1 427//1
f 284//1 427//1 285//1
f 285//1 427//1 428//1
f 285//1 428//1 292//1
f 292//1 428//1 429//1
f 292//1 429//1 293//1
f 429//1 430//1 293//1
f 293//1 430//1 431//1
f 293//1 431//1 300//1
f 300//1 431//1 432//1
f 300//1 432//1 301//1
f 301//1 432//1 433//1
f 301//1 433//1 308//1
f 261//1 434//1 268//1
f 268//1 434//1 435//1
f 268//1 435//1 272//1
f 272//1 435//1 436//1
f 272//1 436//1 273//1
f 273//1 436//1 437//1
f 273//1 437//1 280//1
f 280//1 437//1 438//1
f 280//1 438//1 426//1
f 245//1 439//1 252//1
f 252//1 439//1 440//1
f 252//1 440//1 253//1
f 253//1 440//1 441//1
f 253//1 441//1 260//1
f 260//1 441//1 442//1
f 260//1 442//1 261//1
f 261//1 442//1 443//1
f 261//1 443//1 434//1
f 340//1 444//1 341//1
f 341//1 444//1 445//1
f 341//1 445//1 348//1
f 348//1 445//1 446//1
f 348//1 446//1 232//1
f 232//1 446//1 447//1
f 232//1 447//1 233//1
f 324//1 448//1 325//1
f 325//1 448//1 449//1
f 325//1 449//1 332//1
f 332//1 449//1 450//1
f 332//1 450//1 333//1
f 333//1 450//1 451//1
f 333//1 451//1 340//1
f 340//1 451//1 452//1
f 340//1 452//1 444//1
f 433//1 453//1 308//1
f 308//1 453//1 454//1
f 308//1 454//1 312//1
f 312//1 454//1 455//1
f 312//1 455//1 313//1
f 313//1 455//1 456//1
f 313//1 456//1 320//1
f 320//1 456//1 457//1
f 320//1 457//1 324//1
f 324//1 457//1 458//1
f 324//1 458//1 448//1
f 447//1 459//1 233//1
f 233//1 459//1 460//1
f 233//1 460//1 240//1
f 240//1 460//1 461//1
f 240//1 461//1 244//1
f 244//1 461//1 462//1
f 244//1 462//1 245//1
f 245//1 462//1 463//1
f 245//1 463//1 439//1
f 372//491 352//491 355//491
f 409//492 390//492 393//492
f 387//493 382//493 433//493
f 433//494 382//494 381//494
f 433//495 381//495 453//495
f 453//496 381//496 380//496
f 453//497 380//497 379//497
f 379//497 383//497 453//497
f 453//498 383//498 378//498
f 453//499 378//499 377//499
f 409//500 454//500 408//500
f 408//501 454//501 453//501
f 408//502 453//502 376//502
f 376//503 453//503 377//503
f 374//504 373//504 432//504
f 432//505 373//505 388//505
f 432//506 388//506 389//506
f 389//507 384//507 432//507
f 432//507 384//507 385//507
f 432//508 385//508 433//508
f 433//509 385//509 386//509
f 433//494 386//494 387//494
f 423//510 418//510 462//510
f 462//511 418//511 417//511
f 462//512 417//512 463//512
f 463//513 417//513 416//513
f 463//514 416//514 415//514
f 415//514 419//514 463//514
f 463//515 419//515 414//515
f 463//516 414//516 413//516
f 372//517 439//517 371//517
f 371//518 439//518 463//518
f 371//519 463//519 370//519
f 370//520 463//520 413//520
f 411//521 410//521 461//521
f 461//522 410//522 424//522
f 461//523 424//523 425//523
f 425//524 420//524 461//524
f 461//524 420//524 421//524
f 461//525 421//525 462//525
f 462//526 421//526 422//526
f 462//511 422//511 423//511
f 372//527 355//527 439//527
f 439//528 355//528 357//528
f 439//528 357//528 440//528
f 440//529 357//529 359//529
f 440//529 359//529 441//529
f 441//530 359//530 361//530
f 441//530 361//530 442//530
f 442//531 361//531 363//531
f 442//531 363//531 443//531
f 443//532 363//532 365//532
f 443//532 365//532 434//532
f 434//533 365//533 367//533
f 434//533 367//533 435//533
f 435//534 367//534 369//534
f 435//534 369//534 436//534
f 436//535 369//535 368//535
f 436//535 368//535 437//535
f 437//536 368//536 366//536
f 437//536 366//536 438//536
f 438//537 366//537 364//537
f 438//537 364//537 426//537
f 426//538 364//538 362//538
f 426//538 362//538 427//538
f 427//539 362//539 360//539
f 427//539 360//539 428//539
f 428//540 360//540 358//540
f 428//540 358//540 429//540
f 429//541 358//541 356//541
f 429//541 356//541 430//541
f 430//542 356//542 354//542
f 430//542 354//542 431//542
f 431//543 354//543 353//543
f 431//544 353//544 432//544
f 432//545 353//545 375//545
f 432//546 375//546 374//546
f 409//547 393//547 454//547
f 454//548 393//548 395//548
f 454//548 395//548 455//548
f 455//549 395//549 397//549
f 455//550 397//550 456//550
f 456//551 397//551 399//551
f 456//551 399//551 457//551
f 457//552 399//552 401//552
f 457//552 401//552 458//552
f 458//553 401//553 403//553
f 458//553 403//553 448//553
f 448//554 403//554 405//554
f 448//554 405//554 449//554
f 449//555 405//555 407//555
f 449//555 407//555 450//555
f 450//556 407//556 406//556
f 450//556 406//556 451//556
f 451//557 406//557 404//557
f 451//557 404//557 452//557
f 452//558 404//558 402//558
f 452//558 402//558 444//558
f 444//559 402//559 400//559
f 444//559 400//559 445//559
f 445//560 400//560 398//560
f 445//560 398//560 446//560
f 446//561 398//561 396//561
f 446//561 396//561 447//561
f 447//562 396//562 394//562
f 447//563 394//563 459//563
f 459//564 394//564 392//564
f 459//564 392//564 460//564
f 460//565 392//565 391//565
f 460//566 391//566 461//566
f 461//567 391//567 412//567
f 461//567 412//567 411//567
f 464//1 465//1 466//1
f 467//1 468//1 469//1
f 470//1 471//1 472//1
f 472//1 471//1 466//1
f 472//1 466//1 473//1
f 473//1 466//1 474//1
f 473//1 474//1 475//1
f 476//1 477//1 478//1
f 479//1 480//1 481//1
f 481//1 480//1 469//1
f 481//1 469//1 482//1
f 482//1 469//1 483//1
f 482//1 483//1 484//1
f 485//1 464//1 486//1
f 486//1 464//1 466//1
f 486//1 466//1 487//1
f 487//1 466//1 471//1
f 477//1 476//1 488//1
f 488//1 476//1 489//1
f 488//1 489//1 490//1
f 491//1 492//1 483//1
f 493//1 467//1 494//1
f 494//1 467//1 469//1
f 494//1 469//1 495//1
f 495//1 469//1 480//1
f 496//1 497//1 489//1
f 489//1 497//1 498//1
f 489//1 498//1 490//1
f 490//1 498//1 499//1
f 490//1 499//1 500//1
f 500//1 499//1 501//1
f 500//1 501//1 502//1
f 502//1 501//1 503//1
f 502//1 503//1 504//1
f 492//1 505//1 483//1
f 483//1 505//1 506//1
f 483//1 506//1 489//1
f 489//1 506//1 507//1
f 489//1 507//1 496//1
f 478//1 508//1 476//1
f 476//1 508//1 509//1
f 476//1 509//1 466//1
f 509//1 510//1 466//1
f 466//1 510//1 511//1
f 466//1 511//1 474//1
f 474//1 511//1 512//1
f 474//1 512//1 469//1
f 469//1 512//1 513//1
f 469//1 513//1 483//1
f 483//1 513//1 502//1
f 483//1 502//1 491//1
f 491//1 502//1 504//1
f 514//568 515//568 489//568
f 489//568 515//568 483//568
f 515//535 516//535 483//535
f 483//535 516//535 484//535
f 516//569 517//569 484//569
f 484//569 517//569 482//569
f 517//570 518//570 482//570
f 482//570 518//570 481//570
f 518//571 519//571 481//571
f 481//571 519//571 479//571
f 519//572 520//572 479//572
f 479//572 520//572 480//572
f 520//573 521//573 480//573
f 480//573 521//573 495//573
f 521//574 522//574 495//574
f 495//574 522//574 494//574
f 522//575 523//575 494//575
f 494//575 523//575 493//575
f 523//576 524//576 493//576
f 493//576 524//576 467//576
f 524//577 525//577 467//577
f 467//577 525//577 468//577
f 525//578 526//578 468//578
f 468//578 526//578 469//578
f 526//579 527//579 469//579
f 469//579 527//579 474//579
f 527//568 528//568 474//568
f 474//568 528//568 475//568
f 528//580 529//580 475//580
f 475//580 529//580 473//580
f 529//581 530//581 473//581
f 473//581 530//581 472//581
f 530//582 531//582 472//582
f 472//582 531//582 470//582
f 531//583 532//583 470//583
f 470//583 532//583 471//583
f 532//584 533//584 471//584
f 471//584 533//584 487//584
f 533//585 534//585 487//585
f 487//585 534//585 486//585
f 534//586 535//586 486//586
f 486//586 535//586 485//586
f 535//587 536//587 485//587
f 485//587 536//587 464//587
f 536//588 537//588 464//588
f 464//588 537//588 465//588
f 537//589 538//589 465//589
f 465//589 538//589 466//589
f 538//590 539//590 466//590
f 466//590 539//590 476//590
f 539//535 514//535 476//535
f 476//535 514//535 489//535
f 540//591 506//591 541//591
f 541//592 506//592 505//592
f 541//592 505//592 542//592
f 542//593 505//593 492//593
f 542//593 492//593 543//593
f 543//594 492//594 491//594
f 543//594 491//594 544//594
f 544//595 491//595 504//595
f 544//595 504//595 545//595
f 545//596 504//596 503//596
f 545//596 503//596 546//596
f 546//597 503//597 501//597
f 546//597 501//597 547//597
f 547//598 501//598 499//598
f 547//598 499//598 548//598
f 548//599 499//599 498//599
f 548//599 498//599 549//599
f 549//600 498//600 497//600
f 549//600 497//600 550//600
f 550//601 497//601 496//601
f 550//601 496//601 551//601
f 551//602 496//602 507//602
f 551//602 507//602 540//602
f 540//591 507//591 506//591
f 552//591 500//591 553//591
f 553//592 500//592 502//592
f 553//592 502//592 554//592
f 554//593 502//593 513//593
f 554//593 513//593 555//593
f 555//594 513//594 512//594
f 555//594 512//594 556//594
f 556//595 512//595 511//595
f 556//595 511//595 557//595
f 557//596 511//596 510//596
f 557//596 510//596 558//596
f 558//597 510//597 509//597
f 558//597 509//597 559//597
f 559//598 509//598 508//598
f 559//598 508//598 560//598
f 560//599 508//599 478//599
f 560//599 478//599 561//599
f 561//600 478//600 477//600
f 561//600 477//600 562//600
f 562//601 477//601 488//601
f 562//601 488//601 563//601
f 563//602 488//602 490//602
f 563//602 490//602 552//602
f 552//591 490//591 500//591
f 529//51 528//51 527//51
f 534//51 533//51 532//51
f 535//51 534//51 536//51
f 536//51 534//51 538//51
f 536//51 538//51 537//51
f 534//51 532//51 538//51
f 538//51 532//51 531//51
f 538//51 531//51 530//51
f 524//51 523//51 522//51
f 526//51 520//51 519//51
f 521//51 520//51 522//51
f 522//51 520//51 526//51
f 522//51 526//51 524//51
f 524//51 526//51 525//51
f 516//51 515//51 517//51
f 517//51 515//51 526//51
f 517//51 526//51 518//51
f 518//51 526//51 519//51
f 552//51 553//51 544//51
f 544//51 553//51 554//51
f 544//51 554//51 555//51
f 539//51 561//51 562//51
f 556//51 557//51 538//51
f 544//51 545//51 552//51
f 552//51 545//51 546//51
f 552//51 546//51 563//51
f 563//51 546//51 547//51
f 563//51 547//51 562//51
f 562//51 547//51 548//51
f 562//51 548//51 539//51
f 539//51 548//51 549//51
f 539//51 549//51 514//51
f 514//51 549//51 550//51
f 514//51 550//51 551//51
f 551//51 540//51 514//51
f 514//51 540//51 541//51
f 514//51 541//51 515//51
f 515//51 541//51 542//51
f 515//51 542//51 543//51
f 557//51 558//51 538//51
f 538//51 558//51 559//51
f 538//51 559//51 539//51
f 539//51 559//51 560//51
f 539//51 560//51 561//51
f 543//51 544//51 515//51
f 515//51 544//51 555//51
f 515//51 555//51 526//51
f 526//51 555//51 556//51
f 526//51 556//51 527//51
f 527//51 556//51 538//51
f 527//51 538//51 529//51
f 529//51 538//51 530//51
f 564//598 565//598 566//598
f 566//597 565//597 567//597
f 566//597 567//597 568//597
f 568//596 567//596 569//596
f 568//596 569//596 570//596
f 570//595 569//595 571//595
f 570//595 571//595 572//595
f 572//594 571//594 573//594
f 572//594 573//594 574//594
f 574//593 573//593 575//593
f 574//593 575//593 576//593
f 576//592 575//592 577//592
f 576//592 577//592 578//592
f 578//591 577//591 579//591
f 578//591 579//591 580//591
f 580//602 579//602 581//602
f 580//602 581//602 582//602
f 582//601 581//601 583//601
f 582//601 583//601 584//601
f 584//600 583//600 585//600
f 584//600 585//600 586//600
f 586//599 585//599 587//599
f 586//599 587//599 564//599
f 564//598 587//598 565//598
f 588//598 589//598 590//598
f 590//597 589//597 591//597
f 590//597 591//597 592//597
f 592//596 591//596 593//596
f 592//596 593//596 594//596
f 594//595 593//595 595//595
f 594//595 595//595 596//595
f 596//594 595//594 597//594
f 596//594 597//594 598//594
f 598//593 597//593 599//593
f 598//593 599//593 600//593
f 600//592 599//592 601//592
f 600//592 601//592 602//592
f 602//591 601//591 603//591
f 602//591 603//591 604//591
f 604//602 603//602 605//602
f 604//602 605//602 606//602
f 606//601 605//601 607//601
f 606//601 607//601 608//601
f 608//600 607//600 609//600
f 608//600 609//600 610//600
f 610//599 609//599 611//599
f 610//599 611//599 588//599
f 588//598 611//598 589//598
f 612//591 613//591 614//591
f 614//592 613//592 615//592
f 614//592 615//592 616//592
f 616//593 615//593 617//593
f 616//593 617//593 618//593
f 618//594 617//594 619//594
f 618//594 619//594 620//594
f 620//595 619//595 621//595
f 620//595 621//595 622//595
f 622//596 621//596 623//596
f 622//596 623//596 624//596
f 624//597 623//597 625//597
f 624//597 625//597 626//597
f 626//598 625//598 627//598
f 626//598 627//598 628//598
f 628//599 627//599 629//599
f 628//599 629//599 630//599
f 630//600 629//600 631//600
f 630//600 631//600 632//600
f 632//601 631//601 633//601
f 632//601 633//601 634//601
f 634//602 633//602 635//602
f 634//602 635//602 612//602
f 612//591 635//591 613//591
f 636//51 637//51 589//51
f 589//51 637//51 638//51
f 589//51 638//51 591//51
f 591//51 638//51 639//51
f 591//51 639//51 593//51
f 593//51 639//51 640//51
f 593//51 640//51 595//51
f 595//51 640//51 641//51
f 595//51 641//51 597//51
f 597//51 641//51 642//51
f 597//51 642//51 599//51
f 599//51 642//51 643//51
f 599//51 643//51 601//51
f 601//51 643//51 644//51
f 601//51 644//51 603//51
f 603//51 644//51 645//51
f 603//51 645//51 605//51
f 605//51 645//51 646//51
f 605//51 646//51 607//51
f 607//51 646//51 647//51
f 607//51 647//51 609//51
f 609//51 647//51 648//51
f 609//51 648//51 611//51
f 611//51 648//51 636//51
f 611//51 636//51 589//51
f 649//603 650//603 651//603
f 652//604 650//604 649//604
f 649//605 653//605 654//605
f 655//606 653//606 649//606
f 651//607 655//607 649//607
f 649//608 656//608 657//608
f 658//609 656//609 649//609
f 654//610 658//610 649//610
f 649//611 659//611 660//611
f 661//612 659//612 649//612
f 657//613 661//613 649//613
f 660//614 652//614 649//614
f 662//603 663//603 664//603
f 665//604 663//604 662//604
f 662//605 666//605 667//605
f 668//606 666//606 662//606
f 664//607 668//607 662//607
f 662//608 669//608 670//608
f 671//609 669//609 662//609
f 667//610 671//610 662//610
f 662//611 672//611 673//611
f 674//612 672//612 662//612
f 670//613 674//613 662//613
f 673//614 665//614 662//614
f 675//51 676//51 565//51
f 565//51 676//51 677//51
f 565//51 677//51 567//51
f 567//51 677//51 678//51
f 567//51 678//51 569//51
f 569//51 678//51 679//51
f 569//51 679//51 571//51
f 571//51 679//51 680//51
f 571//51 680//51 573//51
f 573//51 680//51 681//51
f 573//51 681//51 575//51
f 575//51 681//51 682//51
f 575//51 682//51 577//51
f 577//51 682//51 683//51
f 577//51 683//51 579//51
f 579//51 683//51 684//51
f 579//51 684//51 581//51
f 581//51 684//51 685//51
f 581//51 685//51 583//51
f 583//51 685//51 686//51
f 583//51 686//51 585//51
f 585//51 686//51 687//51
f 585//51 687//51 587//51
f 587//51 687//51 675//51
f 587//51 675//51 565//51
f 564//1 688//1 586//1
f 586//1 688//1 689//1
f 586//1 689//1 584//1
f 584//1 689//1 690//1
f 584//1 690//1 582//1
f 582//1 690//1 691//1
f 582//1 691//1 580//1
f 580//1 691//1 692//1
f 580//1 692//1 578//1
f 572//1 693//1 570//1
f 570//1 693//1 694//1
f 570//1 694//1 568//1
f 568//1 694//1 695//1
f 568//1 695//1 566//1
f 566//1 695//1 696//1
f 566//1 696//1 564//1
f 564//1 696//1 697//1
f 564//1 697//1 688//1
f 692//1 698//1 578//1
f 578//1 698//1 699//1
f 578//1 699//1 576//1
f 576//1 699//1 700//1
f 576//1 700//1 574//1
f 574//1 700//1 701//1
f 574//1 701//1 572//1
f 572//1 701//1 702//1
f 572//1 702//1 693//1
f 588//1 703//1 610//1
f 610//1 703//1 704//1
f 610//1 704//1 608//1
f 608//1 704//1 705//1
f 608//1 705//1 606//1
f 606//1 705//1 706//1
f 606//1 706//1 604//1
f 604//1 706//1 707//1
f 604//1 707//1 602//1
f 596//1 708//1 594//1
f 594//1 708//1 709//1
f 594//1 709//1 592//1
f 592//1 709//1 710//1
f 592//1 710//1 590//1
f 590//1 710//1 711//1
f 590//1 711//1 588//1
f 588//1 711//1 712//1
f 588//1 712//1 703//1
f 707//1 713//1 602//1
f 602//1 713//1 714//1
f 602//1 714//1 600//1
f 600//1 714//1 715//1
f 600//1 715//1 598//1
f 598//1 715//1 716//1
f 598//1 716//1 596//1
f 596//1 716//1 717//1
f 596//1 717//1 708//1
f 718//1 719//1 633//1
f 633//1 719//1 720//1
f 633//1 720//1 635//1
f 635//1 720//1 721//1
f 635//1 721//1 613//1
f 613//1 721//1 722//1
f 613//1 722//1 615//1
f 633//1 631//1 718//1
f 718//1 631//1 629//1
f 718//1 629//1 723//1
f 723//1 629//1 627//1
f 722//1 724//1 615//1
f 615//1 724//1 725//1
f 615//1 725//1 617//1
f 617//1 725//1 726//1
f 617//1 726//1 619//1
f 619//1 726//1 727//1
f 619//1 727//1 621//1
f 621//1 727//1 728//1
f 621//1 728//1 623//1
f 623//1 728//1 729//1
f 623//1 729//1 625//1
f 625//1 729//1 730//1
f 625//1 730//1 627//1
f 627//1 730//1 731//1
f 627//1 731//1 723//1
f 732//51 733//51 626//51
f 626//51 733//51 734//51
f 626//51 734//51 624//51
f 624//51 734//51 735//51
f 624//51 735//51 622//51
f 622//51 735//51 736//51
f 622//51 736//51 620//51
f 620//51 736//51 737//51
f 620//51 737//51 618//51
f 618//51 737//51 738//51
f 618//51 738//51 616//51
f 616//51 738//51 739//51
f 616//51 739//51 614//51
f 614//51 739//51 740//51
f 614//51 740//51 612//51
f 612//51 740//51 741//51
f 612//51 741//51 634//51
f 634//51 741//51 742//51
f 634//51 742//51 632//51
f 632//51 742//51 743//51
f 632//51 743//51 630//51
f 630//51 743//51 744//51
f 630//51 744//51 628//51
f 628//51 744//51 732//51
f 628//51 732//51 626//51
f 745//615 644//615 746//615
f 746//616 644//616 643//616
f 746//616 643//616 747//616
f 747//617 643//617 642//617
f 747//617 642//617 748//617
f 748//618 642//618 641//618
f 748//618 641//618 749//618
f 749//619 641//619 640//619
f 749//619 640//619 750//619
f 750//620 640//620 639//620
f 750//620 639//620 751//620
f 751//621 639//621 638//621
f 751//621 638//621 752//621
f 752//568 638//568 637//568
f 752//568 637//568 753//568
f 753//622 637//622 636//622
f 753//622 636//622 754//622
f 754//623 636//623 648//623
f 754//623 648//623 755//623
f 755//624 648//624 647//624
f 755//624 647//624 756//624
f 756//625 647//625 646//625
f 756//625 646//625 757//625
f 757//626 646//626 645//626
f 757//626 645//626 745//626
f 745//615 645//615 644//615
f 660//598 758//598 652//598
f 652//597 758//597 759//597
f 652//597 759//597 650//597
f 650//596 759//596 760//596
f 650//596 760//596 651//596
f 651//595 760//595 761//595
f 651//595 761//595 655//595
f 655//594 761//594 762//594
f 655//594 762//594 653//594
f 653//593 762//593 763//593
f 653//593 763//593 654//593
f 654//592 763//592 764//592
f 654//592 764//592 658//592
f 658//591 764//591 765//591
f 658//591 765//591 656//591
f 656//602 765//602 766//602
f 656//602 766//602 657//602
f 657//601 766//601 767//601
f 657//601 767//601 661//601
f 661//600 767//600 768//600
f 661//600 768//600 659//600
f 659//599 768//599 769//599
f 659//599 769//599 660//599
f 660//598 769//598 758//598
f 673//598 770//598 665//598
f 665//597 770//597 771//597
f 665//597 771//597 663//597
f 663//596 771//596 772//596
f 663//596 772//596 664//596
f 664//595 772//595 773//595
f 664//595 773//595 668//595
f 668//594 773//594 774//594
f 668//594 774//594 666//594
f 666//593 774//593 775//593
f 666//593 775//593 667//593
f 667//592 775//592 776//592
f 667//592 776//592 671//592
f 671//591 776//591 777//591
f 671//591 777//591 669//591
f 669//602 777//602 778//602
f 669//602 778//602 670//602
f 670//601 778//601 779//601
f 670//601 779//601 674//601
f 674//600 779//600 780//600
f 674//600 780//600 672//600
f 672//599 780//599 781//599
f 672//599 781//599 673//599
f 673//598 781//598 770//598
f 782//10 783//10 784//10
f 784//10 783//10 785//10
f 786//601 787//601 788//601
f 786//601 788//601 789//601
f 789//602 788//602 790//602
f 789//602 790//602 791//602
f 791//591 790//591 782//591
f 791//591 782//591 784//591
f 792//556 793//556 786//556
f 786//556 793//556 787//556
f 794//598 795//598 796//598
f 794//598 796//598 797//598
f 797//599 796//599 798//599
f 797//599 798//599 799//599
f 799//600 798//600 793//600
f 799//600 793//600 792//600
f 794//568 800//568 795//568
f 795//568 800//568 801//568
f 802//615 683//615 803//615
f 803//616 683//616 682//616
f 803//616 682//616 804//616
f 804//617 682//617 681//617
f 804//617 681//617 805//617
f 805//618 681//618 680//618
f 805//618 680//618 806//618
f 806//619 680//619 679//619
f 806//619 679//619 807//619
f 807//620 679//620 678//620
f 807//620 678//620 808//620
f 808//621 678//621 677//621
f 808//621 677//621 809//621
f 809//568 677//568 676//568
f 809//568 676//568 810//568
f 810//622 676//622 675//622
f 810//622 675//622 811//622
f 811//623 675//623 687//623
f 811//623 687//623 812//623
f 812//624 687//624 686//624
f 812//624 686//624 813//624
f 813//625 686//625 685//625
f 813//625 685//625 814//625
f 814//626 685//626 684//626
f 814//626 684//626 802//626
f 802//615 684//615 683//615
f 815//627 690//627 816//627
f 816//628 690//628 689//628
f 816//629 689//629 817//629
f 817//630 689//630 818//630
f 818//631 689//631 688//631
f 818//632 688//632 819//632
f 819//633 688//633 697//633
f 819//634 697//634 820//634
f 820//634 697//634 821//634
f 821//635 697//635 696//635
f 821//636 696//636 822//636
f 822//636 696//636 823//636
f 823//637 696//637 695//637
f 823//638 695//638 824//638
f 824//638 695//638 825//638
f 825//639 695//639 694//639
f 825//640 694//640 826//640
f 826//640 694//640 827//640
f 827//641 694//641 693//641
f 827//642 693//642 828//642
f 828//643 693//643 829//643
f 829//644 693//644 702//644
f 829//645 702//645 830//645
f 830//645 702//645 831//645
f 831//646 702//646 701//646
f 831//647 701//647 832//647
f 832//647 701//647 833//647
f 833//648 701//648 700//648
f 833//649 700//649 834//649
f 834//649 700//649 835//649
f 835//650 700//650 699//650
f 835//651 699//651 836//651
f 692//652 837//652 698//652
f 698//653 837//653 838//653
f 698//654 838//654 699//654
f 699//655 838//655 839//655
f 699//651 839//651 836//651
f 691//656 840//656 692//656
f 692//657 840//657 841//657
f 692//657 841//657 837//657
f 815//658 842//658 690//658
f 690//658 842//658 843//658
f 690//659 843//659 691//659
f 691//660 843//660 844//660
f 691//660 844//660 840//660
f 845//627 705//627 846//627
f 846//628 705//628 704//628
f 846//629 704//629 847//629
f 847//630 704//630 848//630
f 848//631 704//631 703//631
f 848//632 703//632 849//632
f 849//633 703//633 712//633
f 849//634 712//634 850//634
f 850//634 712//634 851//634
f 851//635 712//635 711//635
f 851//636 711//636 852//636
f 852//636 711//636 853//636
f 853//637 711//637 710//637
f 853//638 710//638 854//638
f 854//638 710//638 855//638
f 855//639 710//639 709//639
f 855//640 709//640 856//640
f 856//640 709//640 857//640
f 857//641 709//641 708//641
f 857//642 708//642 858//642
f 858//643 708//643 859//643
f 859//644 708//644 717//644
f 859//645 717//645 860//645
f 860//645 717//645 861//645
f 861//646 717//646 716//646
f 861//647 716//647 862//647
f 862//647 716//647 863//647
f 863//648 716//648 715//648
f 863//649 715//649 864//649
f 864//649 715//649 865//649
f 865//650 715//650 714//650
f 865//651 714//651 866//651
f 707//652 867//652 713//652
f 713//653 867//653 868//653
f 713//654 868//654 714//654
f 714//655 868//655 869//655
f 714//651 869//651 866//651
f 706//656 870//656 707//656
f 707//657 870//657 871//657
f 707//657 871//657 867//657
f 845//658 872//658 705//658
f 705//658 872//658 873//658
f 705//659 873//659 706//659
f 706//660 873//660 874//660
f 706//660 874//660 870//660
f 875//661 876//661 877//661
f 875//661 877//661 878//661
f 878//662 877//662 879//662
f 878//662 879//662 880//662
f 880//663 879//663 881//663
f 880//663 881//663 882//663
f 882//664 881//664 883//664
f 882//664 883//664 884//664
f 883//535 885//535 884//535
f 884//535 885//535 886//535
f 886//665 885//665 887//665
f 886//665 887//665 888//665
f 888//666 887//666 889//666
f 888//666 889//666 890//666
f 890//667 889//667 891//667
f 890//667 891//667 892//667
f 892//668 891//668 893//668
f 892//668 893//668 894//668
f 895//600 718//600 723//600
f 895//600 723//600 896//600
f 896//599 723//599 731//599
f 896//599 731//599 897//599
f 897//598 731//598 730//598
f 897//598 730//598 898//598
f 898//597 730//597 729//597
f 898//597 729//597 899//597
f 899//596 729//596 728//596
f 899//596 728//596 900//596
f 900//595 728//595 727//595
f 900//595 727//595 901//595
f 901//535 727//535 902//535
f 902//535 727//535 726//535
f 902//594 726//594 725//594
f 902//594 725//594 903//594
f 903//593 725//593 724//593
f 903//593 724//593 904//593
f 904//592 724//592 722//592
f 904//592 722//592 905//592
f 905//591 722//591 721//591
f 905//591 721//591 906//591
f 906//602 721//602 720//602
f 906//602 720//602 907//602
f 907//601 720//601 719//601
f 907//601 719//601 908//601
f 908//556 719//556 895//556
f 895//556 719//556 718//556
f 909//669 910//669 911//669
f 912//670 913//670 914//670
f 911//669 915//669 912//669
f 912//669 915//669 916//669
f 911//670 912//670 909//670
f 909//669 912//669 914//669
f 909//670 914//670 917//670
f 918//670 919//670 920//670
f 916//670 921//670 912//670
f 912//670 921//670 922//670
f 912//670 922//670 923//670
f 924//670 925//670 926//670
f 923//669 918//669 912//669
f 912//670 918//670 920//670
f 912//669 920//669 926//669
f 926//670 920//670 927//670
f 926//670 927//670 924//670
f 928//615 740//615 929//615
f 929//616 740//616 739//616
f 929//616 739//616 930//616
f 930//617 739//617 738//617
f 930//617 738//617 931//617
f 931//618 738//618 737//618
f 931//618 737//618 932//618
f 932//619 737//619 736//619
f 932//619 736//619 933//619
f 933//620 736//620 735//620
f 933//620 735//620 934//620
f 934//621 735//621 734//621
f 934//621 734//621 935//621
f 935//568 734//568 733//568
f 935//568 733//568 936//568
f 936//622 733//622 732//622
f 936//622 732//622 937//622
f 937//623 732//623 744//623
f 937//623 744//623 938//623
f 938//624 744//624 743//624
f 938//624 743//624 939//624
f 939//625 743//625 742//625
f 939//625 742//625 940//625
f 940//626 742//626 741//626
f 940//626 741//626 928//626
f 928//615 741//615 740//615
f 941//556 942//556 943//556
f 943//556 942//556 944//556
f 945//671 946//671 947//671
f 947//672 948//672 945//672
f 945//673 948//673 949//673
f 945//674 949//674 950//674
f 950//675 949//675 951//675
f 950//676 951//676 952//676
f 750//51 953//51 749//51
f 749//51 953//51 954//51
f 749//51 954//51 748//51
f 750//51 751//51 953//51
f 953//51 751//51 752//51
f 953//51 752//51 955//51
f 955//51 752//51 753//51
f 753//51 754//51 955//51
f 955//51 754//51 755//51
f 955//51 755//51 956//51
f 956//51 755//51 756//51
f 956//51 756//51 757//51
f 757//51 745//51 956//51
f 956//51 745//51 746//51
f 956//51 746//51 954//51
f 954//51 746//51 747//51
f 954//51 747//51 748//51
f 957//1 958//1 794//1
f 794//1 958//1 959//1
f 794//1 959//1 800//1
f 785//1 960//1 784//1
f 784//1 960//1 961//1
f 784//1 961//1 962//1
f 963//1 792//1 962//1
f 962//1 792//1 786//1
f 962//1 786//1 784//1
f 784//1 786//1 789//1
f 784//1 789//1 791//1
f 797//1 799//1 794//1
f 794//1 799//1 792//1
f 794//1 792//1 957//1
f 957//1 792//1 963//1
f 964//51 758//51 965//51
f 965//51 758//51 769//51
f 769//51 768//51 965//51
f 965//51 768//51 767//51
f 965//51 767//51 966//51
f 966//51 767//51 766//51
f 966//51 766//51 765//51
f 967//51 966//51 776//51
f 779//51 778//51 966//51
f 966//51 778//51 777//51
f 966//51 777//51 776//51
f 968//51 969//51 763//51
f 776//51 775//51 967//51
f 967//51 775//51 774//51
f 967//51 774//51 970//51
f 970//51 774//51 969//51
f 774//51 773//51 969//51
f 969//51 773//51 772//51
f 969//51 772//51 763//51
f 763//51 772//51 771//51
f 763//51 771//51 764//51
f 764//51 771//51 770//51
f 764//51 770//51 765//51
f 765//51 770//51 781//51
f 765//51 781//51 966//51
f 966//51 781//51 780//51
f 966//51 780//51 779//51
f 971//51 972//51 761//51
f 761//51 972//51 973//51
f 761//51 973//51 762//51
f 762//51 973//51 974//51
f 762//51 974//51 763//51
f 763//51 974//51 975//51
f 763//51 975//51 968//51
f 971//51 761//51 976//51
f 976//51 761//51 760//51
f 976//51 760//51 964//51
f 964//51 760//51 759//51
f 964//51 759//51 758//51
f 977//677 967//677 978//677
f 978//678 967//678 970//678
f 978//679 970//679 979//679
f 979//679 970//679 980//679
f 980//680 970//680 969//680
f 980//681 969//681 981//681
f 981//682 969//682 982//682
f 982//683 969//683 968//683
f 982//684 968//684 983//684
f 983//684 968//684 984//684
f 984//685 968//685 975//685
f 984//686 975//686 985//686
f 985//686 975//686 986//686
f 986//687 975//687 974//687
f 986//688 974//688 987//688
f 987//689 974//689 988//689
f 988//690 974//690 973//690
f 988//691 973//691 989//691
f 989//691 973//691 990//691
f 990//692 973//692 972//692
f 990//693 972//693 991//693
f 991//693 972//693 992//693
f 992//694 972//694 971//694
f 992//695 971//695 993//695
f 993//696 971//696 994//696
f 994//697 971//697 976//697
f 994//698 976//698 995//698
f 995//698 976//698 996//698
f 996//699 976//699 964//699
f 996//700 964//700 997//700
f 998//1 999//1 893//1
f 876//1 1000//1 1001//1
f 788//1 879//1 790//1
f 790//1 879//1 877//1
f 790//1 877//1 782//1
f 782//1 877//1 876//1
f 782//1 876//1 783//1
f 783//1 876//1 1001//1
f 796//1 889//1 798//1
f 798//1 889//1 887//1
f 798//1 887//1 793//1
f 793//1 887//1 885//1
f 793//1 885//1 787//1
f 787//1 885//1 883//1
f 787//1 883//1 788//1
f 788//1 883//1 881//1
f 788//1 881//1 879//1
f 801//1 998//1 795//1
f 795//1 998//1 893//1
f 795//1 893//1 796//1
f 796//1 893//1 891//1
f 796//1 891//1 889//1
f 807//51 1002//51 806//51
f 806//51 1002//51 1003//51
f 806//51 1003//51 805//51
f 807//51 808//51 1002//51
f 1002//51 808//51 809//51
f 1002//51 809//51 1004//51
f 1004//51 809//51 810//51
f 810//51 811//51 1004//51
f 1004//51 811//51 812//51
f 1004//51 812//51 1005//51
f 1005//51 812//51 813//51
f 1005//51 813//51 814//51
f 814//51 802//51 1005//51
f 1005//51 802//51 803//51
f 1005//51 803//51 1003//51
f 1003//51 803//51 804//51
f 1003//51 804//51 805//51
f 955//535 956//535 966//535
f 966//535 956//535 1006//535
f 966//535 1006//535 965//535
f 965//535 1006//535 1007//535
f 965//535 1007//535 1005//535
f 1005//535 1007//535 1004//535
f 856//701 857//701 1008//701
f 857//702 858//702 1008//702
f 1008//701 858//701 859//701
f 1008//701 859//701 1009//701
f 816//701 817//701 1007//701
f 847//701 848//701 831//701
f 831//702 848//702 849//702
f 849//701 850//701 831//701
f 831//701 850//701 851//701
f 831//701 851//701 852//701
f 859//701 860//701 1009//701
f 1009//701 860//701 861//701
f 1009//701 861//701 862//701
f 824//701 825//701 1008//701
f 843//702 842//702 1007//702
f 1007//701 842//701 815//701
f 1007//701 815//701 816//701
f 817//701 818//701 1007//701
f 1007//701 818//701 819//701
f 1007//701 819//701 820//701
f 825//701 826//701 1008//701
f 1008//701 826//701 827//701
f 1008//701 827//701 828//701
f 828//701 829//701 1008//701
f 1008//701 829//701 830//701
f 1008//701 830//701 831//701
f 852//701 853//701 831//701
f 831//701 853//701 854//701
f 831//701 854//701 1008//701
f 1008//701 854//701 855//701
f 1008//701 855//701 856//701
f 831//702 832//702 847//702
f 847//701 832//701 833//701
f 847//701 833//701 834//701
f 837//701 841//701 1006//701
f 1006//701 841//701 840//701
f 1006//701 840//701 1007//701
f 1007//701 840//701 844//701
f 1007//701 844//701 843//701
f 862//701 863//701 1009//701
f 1009//701 863//701 864//701
f 1009//701 864//701 865//701
f 867//701 871//701 1006//701
f 1006//701 871//701 870//701
f 1006//701 870//701 874//701
f 820//701 821//701 1007//701
f 1007//701 821//701 822//701
f 1007//701 822//701 1008//701
f 1008//703 822//703 823//703
f 1008//701 823//701 824//701
f 865//701 866//701 1009//701
f 1009//701 866//701 869//701
f 1009//701 869//701 1006//701
f 1006//701 869//701 868//701
f 1006//701 868//701 867//701
f 834//701 835//701 847//701
f 847//701 835//701 836//701
f 847//701 836//701 839//701
f 874//701 873//701 1006//701
f 1006//701 873//701 872//701
f 1006//701 872//701 845//701
f 837//701 1006//701 838//701
f 838//701 1006//701 845//701
f 838//703 845//703 839//703
f 839//702 845//702 846//702
f 839//703 846//703 847//703
f 1008//670 988//670 989//670
f 981//670 982//670 1009//670
f 1009//704 982//704 983//704
f 1009//670 983//670 984//670
f 984//705 985//705 1009//705
f 1009//669 985//669 986//669
f 1009//670 986//670 1008//670
f 1008//706 986//706 987//706
f 1008//670 987//670 988//670
f 989//669 990//669 1008//669
f 1008//669 990//669 991//669
f 1008//670 991//670 992//670
f 978//669 979//669 1009//669
f 1009//670 979//670 980//670
f 1009//670 980//670 981//670
f 992//669 993//669 1008//669
f 1008//670 993//670 994//670
f 1008//670 994//670 995//670
f 947//670 946//670 1009//670
f 1009//670 946//670 977//670
f 1009//670 977//670 978//670
f 1010//670 1011//670 997//670
f 997//670 1011//670 1008//670
f 997//670 1008//670 996//670
f 996//669 1008//669 995//669
f 1011//707 1010//707 1012//707
f 1012//708 1010//708 1013//708
f 1012//709 1013//709 1014//709
f 1015//710 1016//710 1013//710
f 1013//711 1016//711 1017//711
f 1013//712 1017//712 1014//712
f 1018//556 1019//556 1020//556
f 1020//556 1019//556 1021//556
f 890//1 892//1 907//1
f 898//1 878//1 897//1
f 897//1 878//1 896//1
f 950//1 952//1 894//1
f 894//1 952//1 1022//1
f 894//1 1022//1 892//1
f 907//1 892//1 906//1
f 906//1 892//1 1022//1
f 906//1 1022//1 905//1
f 905//1 1022//1 1023//1
f 905//1 1023//1 904//1
f 904//1 1023//1 913//1
f 904//1 913//1 903//1
f 1016//1 1015//1 1024//1
f 1024//1 1015//1 875//1
f 878//1 880//1 896//1
f 896//1 880//1 882//1
f 896//1 882//1 895//1
f 895//1 882//1 884//1
f 895//1 884//1 908//1
f 908//1 884//1 886//1
f 908//1 886//1 907//1
f 907//1 886//1 888//1
f 907//1 888//1 890//1
f 875//1 878//1 1024//1
f 1024//1 878//1 898//1
f 1024//1 898//1 1025//1
f 1025//1 898//1 899//1
f 1025//1 899//1 912//1
f 899//1 900//1 912//1
f 912//1 900//1 901//1
f 912//1 901//1 913//1
f 913//1 901//1 902//1
f 913//1 902//1 903//1
f 1022//713 433//713 1026//713
f 921//714 916//714 1027//714
f 1028//715 909//715 1029//715
f 1029//716 909//716 917//716
f 1027//717 916//717 1030//717
f 916//718 915//718 1030//718
f 1030//719 915//719 911//719
f 1030//720 911//720 1028//720
f 1028//721 911//721 910//721
f 1028//722 910//722 909//722
f 921//723 1027//723 922//723
f 922//724 1027//724 1031//724
f 922//725 1031//725 923//725
f 923//726 1031//726 1032//726
f 923//727 1032//727 918//727
f 918//727 1032//727 919//727
f 919//728 1032//728 1033//728
f 919//729 1033//729 920//729
f 920//729 1033//729 927//729
f 927//730 1033//730 1034//730
f 927//731 1034//731 924//731
f 924//731 1034//731 925//731
f 925//732 1034//732 1035//732
f 925//733 1035//733 926//733
f 926//733 1035//733 912//733
f 912//734 1035//734 1036//734
f 912//735 1036//735 1025//735
f 1025//736 1036//736 462//736
f 1025//736 462//736 1024//736
f 917//737 914//737 1029//737
f 1029//737 914//737 913//737
f 1029//738 913//738 1026//738
f 1026//739 913//739 1023//739
f 1026//713 1023//713 1022//713
f 942//51 941//51 433//51
f 433//51 941//51 1027//51
f 1026//51 433//51 1029//51
f 1029//51 433//51 1027//51
f 1029//51 1027//51 1028//51
f 1028//51 1027//51 1030//51
f 1020//51 936//51 1037//51
f 1037//51 936//51 937//51
f 1037//51 937//51 1038//51
f 1038//51 937//51 938//51
f 1038//51 938//51 1039//51
f 1039//51 938//51 1040//51
f 1040//51 938//51 939//51
f 1040//51 939//51 1041//51
f 1035//51 934//51 935//51
f 1041//51 939//51 1042//51
f 1042//51 939//51 940//51
f 1042//51 940//51 1043//51
f 1043//51 940//51 1044//51
f 1044//51 940//51 928//51
f 1044//51 928//51 941//51
f 941//51 928//51 929//51
f 941//51 929//51 1027//51
f 1020//51 1021//51 936//51
f 936//51 1021//51 462//51
f 936//51 462//51 935//51
f 935//51 462//51 1036//51
f 935//51 1036//51 1035//51
f 1035//51 1034//51 934//51
f 934//51 1034//51 1033//51
f 934//51 1033//51 933//51
f 933//51 1033//51 1032//51
f 933//51 1032//51 932//51
f 932//51 1032//51 1031//51
f 932//51 1031//51 931//51
f 931//51 1031//51 1027//51
f 931//51 1027//51 930//51
f 930//51 1027//51 929//51
f 1018//740 1020//740 1037//740
f 1018//740 1037//740 1045//740
f 1045//741 1037//741 1038//741
f 1045//741 1038//741 1046//741
f 1046//742 1038//742 1039//742
f 1046//742 1039//742 1047//742
f 1047//743 1039//743 1040//743
f 1047//743 1040//743 1048//743
f 1048//556 1040//556 1041//556
f 1048//556 1041//556 1049//556
f 1049//744 1041//744 1042//744
f 1049//744 1042//744 1050//744
f 1050//745 1042//745 1043//745
f 1050//745 1043//745 1051//745
f 1051//746 1043//746 1044//746
f 1051//746 1044//746 1052//746
f 1052//747 1044//747 941//747
f 1052//747 941//747 943//747
f 433//568 1022//568 942//568
f 942//568 1022//568 952//568
f 942//568 952//568 944//568
f 944//568 952//568 1053//568
f 1054//748 1053//748 952//748
f 952//749 951//749 1054//749
f 1054//750 951//750 949//750
f 1054//750 949//750 948//750
f 1055//751 948//751 1056//751
f 1056//751 948//751 947//751
f 1056//751 947//751 1009//751
f 1057//568 1056//568 954//568
f 954//568 1056//568 1009//568
f 954//568 1009//568 956//568
f 956//568 1009//568 1006//568
f 953//535 1058//535 954//535
f 954//535 1058//535 1057//535
f 950//10 894//10 893//10
f 953//10 955//10 966//10
f 999//10 1059//10 1058//10
f 977//10 946//10 967//10
f 967//10 946//10 945//10
f 945//10 950//10 967//10
f 967//10 950//10 893//10
f 967//10 893//10 966//10
f 966//10 893//10 999//10
f 966//10 999//10 953//10
f 953//10 999//10 1058//10
f 1060//752 1061//752 1000//752
f 1000//752 1061//752 1001//752
f 1001//753 1061//753 783//753
f 783//754 1061//754 1062//754
f 783//755 1062//755 785//755
f 998//756 801//756 1063//756
f 1063//757 1064//757 998//757
f 998//758 1064//758 1059//758
f 998//758 1059//758 999//758
f 785//759 1062//759 960//759
f 960//596 1062//596 1065//596
f 960//596 1065//596 961//596
f 961//760 1065//760 1066//760
f 961//760 1066//760 962//760
f 962//761 1066//761 1067//761
f 962//761 1067//761 963//761
f 963//762 1067//762 1068//762
f 963//762 1068//762 957//762
f 957//763 1068//763 1069//763
f 957//763 1069//763 958//763
f 958//593 1069//593 1063//593
f 958//593 1063//593 959//593
f 959//764 1063//764 801//764
f 959//765 801//765 800//765
f 1070//568 1060//568 1003//568
f 1003//568 1060//568 1000//568
f 1003//568 1000//568 1005//568
f 1015//568 1013//568 964//568
f 964//568 1013//568 1010//568
f 964//568 1010//568 997//568
f 875//568 1015//568 876//568
f 876//568 1015//568 964//568
f 876//568 964//568 1000//568
f 1000//568 964//568 965//568
f 1000//568 965//568 1005//568
f 1070//535 1003//535 1071//535
f 1071//535 1003//535 1002//535
f 1004//10 1007//10 1002//10
f 1002//10 1007//10 1008//10
f 1002//10 1008//10 1071//10
f 1071//10 1008//10 1072//10
f 1012//766 1073//766 1011//766
f 1011//766 1073//766 1074//766
f 1011//766 1074//766 1008//766
f 1016//767 1075//767 1017//767
f 1017//768 1075//768 1073//768
f 1017//769 1073//769 1014//769
f 1014//769 1073//769 1012//769
f 1019//10 1076//10 1021//10
f 1021//10 1076//10 1016//10
f 1021//10 1016//10 462//10
f 462//10 1016//10 1024//10
f 1077//51 1078//51 1079//51
f 1070//51 1071//51 1060//51
f 1060//51 1071//51 1072//51
f 1060//51 1072//51 1061//51
f 1061//51 1072//51 1080//51
f 1057//51 1058//51 1056//51
f 1056//51 1058//51 1059//51
f 1056//51 1059//51 1081//51
f 1082//51 1077//51 1068//51
f 1068//51 1077//51 1079//51
f 1068//51 1079//51 1069//51
f 1069//51 1079//51 1083//51
f 1069//51 1083//51 1063//51
f 1063//51 1083//51 1081//51
f 1063//51 1081//51 1064//51
f 1064//51 1081//51 1059//51
f 1084//51 1085//51 1066//51
f 1066//51 1085//51 1086//51
f 1066//51 1086//51 1067//51
f 1067//51 1086//51 1087//51
f 1067//51 1087//51 1068//51
f 1068//51 1087//51 1088//51
f 1068//51 1088//51 1082//51
f 1089//51 1066//51 1090//51
f 1090//51 1066//51 1065//51
f 1090//51 1065//51 1080//51
f 1080//51 1065//51 1062//51
f 1080//51 1062//51 1061//51
f 1089//51 1091//51 1066//51
f 1066//51 1091//51 1092//51
f 1066//51 1092//51 1084//51
